kernel,source,source_token,standalone_c,fixture_scalar_types,fixture_shape_macros,operation_summary,reviewed_semantic_family,current_match,current_match_scope,current_implementation_class,current_implementation_detail,counts_as_library_reuse,linalg_ops,residual_loops,closest_library,closest_api,relationship,whole_kernel_coverage,semantic_constraints,rank_layout_constraints,required_compiler_work,confidence,priority,notes,evidence_url,alternative_libraries,current_backend_support,compiler_gap_class
aten_adaptive_avg_pool2d_backward_cpu,aten/src/ATen/native/cpu/AdaptiveAvgPoolKernel.cpp,adapative_avg_pool2d_backward_kernel_impl,issues/aten_c_kernels/aten_adaptive_avg_pool2d_backward_cpu.c,float,B=1; C=2; I0=6; O0=3; I1=7; O1=3,adaptive_pooling: adapative_avg_pool2d_backward_kernel_impl,adaptive_pooling,memset_zero_1D_f32,PARTIAL_STAGE_ONLY,CUDA_RUNTIME_PRIMITIVE,CUDA copy or memset runtime primitive,yes,1,5,cuDNN,regular Resample/pooling,SUBSET_WITH_CONSTRAINTS,only divisible regular-window cases,adaptive bin boundaries generally vary by output index; max indices/ties must match,only cases reducible to a fixed window and stride,finish raising residual loops; then prove regular-window specialization; otherwise no one-call library route,HIGH,LOW,,https://docs.nvidia.com/deeplearning/cudnn/latest/index.html,NPP for compatible 2D image cases; implicit-GEMM via cuBLAS/CUTLASS for convolution,RELATED_CUDNN_WRAPPERS_PRESENT_NEED_GENERALIZATION,RAISING_THEN_LIBRARY_LOWERING
aten_adaptive_avg_pool2d_cpu,aten/src/ATen/native/cpu/AdaptiveAvgPoolKernel.cpp,adaptive_avg_pool2d_kernel_impl,issues/aten_c_kernels/aten_adaptive_avg_pool2d_cpu.c,float,B=1; C=2; I0=6; O0=3; I1=7; O1=3,adaptive_pooling: adaptive_avg_pool2d_kernel_impl,adaptive_pooling,,NONE,NO_IMPLEMENTATION,no emitted launch,no,1,5,cuDNN,regular Resample/pooling,SUBSET_WITH_CONSTRAINTS,only divisible regular-window cases,adaptive bin boundaries generally vary by output index; max indices/ties must match,only cases reducible to a fixed window and stride,finish raising residual loops; then prove regular-window specialization; otherwise no one-call library route,HIGH,LOW,,https://docs.nvidia.com/deeplearning/cudnn/latest/index.html,NPP for compatible 2D image cases; implicit-GEMM via cuBLAS/CUTLASS for convolution,RELATED_CUDNN_WRAPPERS_PRESENT_NEED_GENERALIZATION,RAISING_THEN_LIBRARY_LOWERING
aten_adaptive_avg_pool3d_backward_cpu,aten/src/ATen/native/cpu/AdaptiveAvgPoolKernel.cpp,adapative_avg_pool3d_backward_kernel_impl,issues/aten_c_kernels/aten_adaptive_avg_pool3d_backward_cpu.c,float,B=1; C=2; I0=6; O0=3; I1=7; O1=3; I2=8; O2=3,adaptive_pooling: adapative_avg_pool3d_backward_kernel_impl,adaptive_pooling,memset_zero_1D_f32,PARTIAL_STAGE_ONLY,CUDA_RUNTIME_PRIMITIVE,CUDA copy or memset runtime primitive,yes,1,7,cuDNN,regular Resample/pooling,SUBSET_WITH_CONSTRAINTS,only divisible regular-window cases,adaptive bin boundaries generally vary by output index; max indices/ties must match,only cases reducible to a fixed window and stride,finish raising residual loops; then prove regular-window specialization; otherwise no one-call library route,HIGH,LOW,,https://docs.nvidia.com/deeplearning/cudnn/latest/index.html,NPP for compatible 2D image cases; implicit-GEMM via cuBLAS/CUTLASS for convolution,RELATED_CUDNN_WRAPPERS_PRESENT_NEED_GENERALIZATION,RAISING_THEN_LIBRARY_LOWERING
aten_adaptive_avg_pool3d_cpu,aten/src/ATen/native/cpu/AdaptiveAvgPoolKernel.cpp,adaptive_avg_pool3d_kernel_impl,issues/aten_c_kernels/aten_adaptive_avg_pool3d_cpu.c,float,B=1; C=2; I0=6; O0=3; I1=7; O1=3; I2=8; O2=3,adaptive_pooling: adaptive_avg_pool3d_kernel_impl,adaptive_pooling,,NONE,NO_IMPLEMENTATION,no emitted launch,no,0,7,cuDNN,regular Resample/pooling,SUBSET_WITH_CONSTRAINTS,only divisible regular-window cases,adaptive bin boundaries generally vary by output index; max indices/ties must match,only cases reducible to a fixed window and stride,finish raising residual loops; then prove regular-window specialization; otherwise no one-call library route,HIGH,LOW,,https://docs.nvidia.com/deeplearning/cudnn/latest/index.html,NPP for compatible 2D image cases; implicit-GEMM via cuBLAS/CUTLASS for convolution,RELATED_CUDNN_WRAPPERS_PRESENT_NEED_GENERALIZATION,RAISING_THEN_LIBRARY_LOWERING
aten_adaptive_max_pool1d_cpu,aten/src/ATen/native/Pooling.cpp,adaptive_max_pool1d,issues/aten_c_kernels/aten_adaptive_max_pool1d_cpu.c,float/int,C=4; I=32; O=7,adaptive_pooling: adaptive_max_pool1d,adaptive_pooling,,NONE,NO_IMPLEMENTATION,no emitted launch,no,0,3,cuDNN,regular Resample/pooling,SUBSET_WITH_CONSTRAINTS,only divisible regular-window cases,adaptive bin boundaries generally vary by output index; max indices/ties must match,only cases reducible to a fixed window and stride,finish raising residual loops; then prove regular-window specialization; otherwise no one-call library route,HIGH,LOW,,https://docs.nvidia.com/deeplearning/cudnn/latest/index.html,NPP for compatible 2D image cases; implicit-GEMM via cuBLAS/CUTLASS for convolution,RELATED_CUDNN_WRAPPERS_PRESENT_NEED_GENERALIZATION,RAISING_THEN_LIBRARY_LOWERING
aten_adaptive_max_pool2d_backward_cpu,aten/src/ATen/native/cpu/AdaptiveMaxPoolKernel.cpp,adaptive_max_pool2d_backward_kernel_impl,issues/aten_c_kernels/aten_adaptive_max_pool2d_backward_cpu.c,float/int,B=1; C=2; I0=6; O0=3; I1=7; O1=3,adaptive_pooling: adaptive_max_pool2d_backward_kernel_impl,adaptive_pooling,memset_zero_1D_f32,PARTIAL_STAGE_ONLY,CUDA_RUNTIME_PRIMITIVE,CUDA copy or memset runtime primitive,yes,1,3,cuDNN,regular Resample/pooling,SUBSET_WITH_CONSTRAINTS,only divisible regular-window cases,adaptive bin boundaries generally vary by output index; max indices/ties must match,only cases reducible to a fixed window and stride,finish raising residual loops; then prove regular-window specialization; otherwise no one-call library route,HIGH,LOW,,https://docs.nvidia.com/deeplearning/cudnn/latest/index.html,NPP for compatible 2D image cases; implicit-GEMM via cuBLAS/CUTLASS for convolution,RELATED_CUDNN_WRAPPERS_PRESENT_NEED_GENERALIZATION,RAISING_THEN_LIBRARY_LOWERING
aten_adaptive_max_pool2d_cpu,aten/src/ATen/native/cpu/AdaptiveMaxPoolKernel.cpp,adaptive_max_pool2d_kernel_impl,issues/aten_c_kernels/aten_adaptive_max_pool2d_cpu.c,float/int,B=1; C=2; I0=6; O0=3; I1=7; O1=3,adaptive_pooling: adaptive_max_pool2d_kernel_impl,adaptive_pooling,,NONE,NO_IMPLEMENTATION,no emitted launch,no,0,5,cuDNN,regular Resample/pooling,SUBSET_WITH_CONSTRAINTS,only divisible regular-window cases,adaptive bin boundaries generally vary by output index; max indices/ties must match,only cases reducible to a fixed window and stride,finish raising residual loops; then prove regular-window specialization; otherwise no one-call library route,HIGH,LOW,,https://docs.nvidia.com/deeplearning/cudnn/latest/index.html,NPP for compatible 2D image cases; implicit-GEMM via cuBLAS/CUTLASS for convolution,RELATED_CUDNN_WRAPPERS_PRESENT_NEED_GENERALIZATION,RAISING_THEN_LIBRARY_LOWERING
aten_adaptive_max_pool3d_backward_cpu,aten/src/ATen/native/cpu/AdaptiveMaxPoolKernel.cpp,adaptive_max_pool3d_backward_kernel_impl,issues/aten_c_kernels/aten_adaptive_max_pool3d_backward_cpu.c,float/int,B=1; C=2; I0=6; O0=3; I1=7; O1=3; I2=8; O2=3,adaptive_pooling: adaptive_max_pool3d_backward_kernel_impl,adaptive_pooling,memset_zero_1D_f32,PARTIAL_STAGE_ONLY,CUDA_RUNTIME_PRIMITIVE,CUDA copy or memset runtime primitive,yes,1,4,cuDNN,regular Resample/pooling,SUBSET_WITH_CONSTRAINTS,only divisible regular-window cases,adaptive bin boundaries generally vary by output index; max indices/ties must match,only cases reducible to a fixed window and stride,finish raising residual loops; then prove regular-window specialization; otherwise no one-call library route,HIGH,LOW,,https://docs.nvidia.com/deeplearning/cudnn/latest/index.html,NPP for compatible 2D image cases; implicit-GEMM via cuBLAS/CUTLASS for convolution,RELATED_CUDNN_WRAPPERS_PRESENT_NEED_GENERALIZATION,RAISING_THEN_LIBRARY_LOWERING
aten_adaptive_max_pool3d_cpu,aten/src/ATen/native/cpu/AdaptiveMaxPoolKernel.cpp,adaptive_max_pool3d_kernel_impl,issues/aten_c_kernels/aten_adaptive_max_pool3d_cpu.c,float/int,B=1; C=2; I0=6; O0=3; I1=7; O1=3; I2=8; O2=3,adaptive_pooling: adaptive_max_pool3d_kernel_impl,adaptive_pooling,,NONE,NO_IMPLEMENTATION,no emitted launch,no,0,7,cuDNN,regular Resample/pooling,SUBSET_WITH_CONSTRAINTS,only divisible regular-window cases,adaptive bin boundaries generally vary by output index; max indices/ties must match,only cases reducible to a fixed window and stride,finish raising residual loops; then prove regular-window specialization; otherwise no one-call library route,HIGH,LOW,,https://docs.nvidia.com/deeplearning/cudnn/latest/index.html,NPP for compatible 2D image cases; implicit-GEMM via cuBLAS/CUTLASS for convolution,RELATED_CUDNN_WRAPPERS_PRESENT_NEED_GENERALIZATION,RAISING_THEN_LIBRARY_LOWERING
aten_adaptive_max_pool3d_legacy_backward_cpu,aten/src/ATen/native/AdaptiveMaxPooling3d.cpp,adaptive_max_pool3d_backward_out_frame,issues/aten_c_kernels/aten_adaptive_max_pool3d_legacy_backward_cpu.c,float/int,C=2; ID=8; IH=9; IW=10; OD=3; OH=4; OW=5,adaptive_pooling: adaptive_max_pool3d_backward_frame,adaptive_pooling,,NONE,NO_IMPLEMENTATION,no emitted launch,no,0,5,cuDNN,regular Resample/pooling,SUBSET_WITH_CONSTRAINTS,only divisible regular-window cases,adaptive bin boundaries generally vary by output index; max indices/ties must match,only cases reducible to a fixed window and stride,finish raising residual loops; then prove regular-window specialization; otherwise no one-call library route,HIGH,LOW,,https://docs.nvidia.com/deeplearning/cudnn/latest/index.html,NPP for compatible 2D image cases; implicit-GEMM via cuBLAS/CUTLASS for convolution,RELATED_CUDNN_WRAPPERS_PRESENT_NEED_GENERALIZATION,RAISING_THEN_LIBRARY_LOWERING
aten_adaptive_max_pool3d_legacy_cpu,aten/src/ATen/native/AdaptiveMaxPooling3d.cpp,adaptive_max_pool3d_out_frame,issues/aten_c_kernels/aten_adaptive_max_pool3d_legacy_cpu.c,float/int,C=2; ID=8; IH=9; IW=10; OD=3; OH=4; OW=5,adaptive_pooling: adaptive_max_pool3d_frame,adaptive_pooling,,NONE,NO_IMPLEMENTATION,no emitted launch,no,0,7,cuDNN,regular Resample/pooling,SUBSET_WITH_CONSTRAINTS,only divisible regular-window cases,adaptive bin boundaries generally vary by output index; max indices/ties must match,only cases reducible to a fixed window and stride,finish raising residual loops; then prove regular-window specialization; otherwise no one-call library route,HIGH,LOW,,https://docs.nvidia.com/deeplearning/cudnn/latest/index.html,NPP for compatible 2D image cases; implicit-GEMM via cuBLAS/CUTLASS for convolution,RELATED_CUDNN_WRAPPERS_PRESENT_NEED_GENERALIZATION,RAISING_THEN_LIBRARY_LOWERING
aten_airy_ai,aten/src/ATen/native/cpu/airy_ai.cpp,airy_ai_kernel,issues/aten_c_kernels/aten_airy_ai.c,float,N=4096,special_function: airy_ai_kernel,special_function,,NONE,NO_IMPLEMENTATION,no emitted launch,no,1,0,none,no public whole-tensor NVIDIA library operation,NO_PUBLIC_LIBRARY_EQUIVALENT,none,scalar CUDA math/libdevice or recurrences are not a host-callable tensor library implementation,not applicable,retain raised code or permit a generated/custom GPU kernel,HIGH,NONE,A scalar device function may exist; that is not a link-only tensor-library lowering.,,scalar CUDA math/libdevice or generated kernel (not a link-only tensor API),NO_PUBLIC_LIBRARY_BACKEND_POSSIBLE,NO_LINK_ONLY_LIBRARY_ROUTE
aten_amp_update_scale_cpu,aten/src/ATen/native/cpu/AmpGradScalerKernels.cpp,_amp_update_scale_cpu_kernel,issues/aten_c_kernels/aten_amp_update_scale_cpu.c,float/int,,scalar_state_update: _amp_update_scale_kernel,scalar_state_update,,NONE,NO_IMPLEMENTATION,no emitted launch,no,0,0,none,no defensible public-library mapping identified,NO_PUBLIC_LIBRARY_EQUIVALENT,none,operation-specific semantics exceed reviewed public APIs,not applicable,retain raised code; revisit only with new library evidence,MEDIUM,NONE,,,scalar CUDA math/libdevice or generated kernel (not a link-only tensor API),NO_PUBLIC_LIBRARY_BACKEND_POSSIBLE,NO_LINK_ONLY_LIBRARY_ROUTE
aten_arange_cpu,aten/src/ATen/native/cpu/RangeFactoriesKernel.cpp,arange_kernel,issues/aten_c_kernels/aten_arange_cpu.c,float,N=4096,tensor_initialization: arange_kernel,tensor_initialization,,NONE,NO_IMPLEMENTATION,no emitted launch,no,1,0,CUB,cudaMemcpy*/Memset or CUB building blocks,BUILDING_BLOCKS_ONLY,regular contiguous stages,"concatenation, combinations, diagonal/mask/index formulas need multiple calls or transforms",contiguous/regular pitched copies; arbitrary indexing is not memcpy,shape specialization and multi-call composition,HIGH,LOW,,https://nvidia.github.io/cccl/unstable/cub/api/device.html,cuTENSOR/cuDNN only when the indexing operation specializes to a regular affine tensor op,LIBRARY_BACKEND_ABSENT,MULTI_CALL_COMPOSITION_NOT_MATCHER_ONLY
aten_avg_pool2d_cpu,aten/src/ATen/native/cpu/AvgPoolKernel.cpp,avg_pool2d_kernel_impl,issues/aten_c_kernels/aten_avg_pool2d_cpu.c,float,B=1; C=2; I0=6; O0=(I0; I1=7; O1=(I1,pooling: avg_pool2d_kernel_impl,pooling,,NONE,NO_IMPLEMENTATION,no emitted launch,no,4,4,cuDNN,Resample forward/backward (MAXPOOL/AVGPOOL),EXACT_FIXED_CALL,whole,"padding inclusion, NaN propagation, max-index and tie behavior must match",regular fixed windows/strides/dilations in supported layouts,finish raising residual loops; then pool descriptor matcher + generic forward/backward lowering,HIGH,HIGH,,https://docs.nvidia.com/deeplearning/cudnn/latest/index.html,NPP for compatible 2D image cases; implicit-GEMM via cuBLAS/CUTLASS for convolution,RELATED_CUDNN_WRAPPERS_PRESENT_NEED_GENERALIZATION,RAISING_THEN_LIBRARY_LOWERING
aten_avg_pool3d_cpu,aten/src/ATen/native/cpu/AvgPoolKernel.cpp,avg_pool3d_kernel_impl,issues/aten_c_kernels/aten_avg_pool3d_cpu.c,float,B=1; C=2; I0=6; O0=(I0; I1=7; O1=(I1; I2=8; O2=(I2,pooling: avg_pool3d_kernel_impl,pooling,,NONE,NO_IMPLEMENTATION,no emitted launch,no,4,6,cuDNN,Resample forward/backward (MAXPOOL/AVGPOOL),EXACT_FIXED_CALL,whole,"padding inclusion, NaN propagation, max-index and tie behavior must match",regular fixed windows/strides/dilations in supported layouts,finish raising residual loops; then pool descriptor matcher + generic forward/backward lowering,HIGH,HIGH,,https://docs.nvidia.com/deeplearning/cudnn/latest/index.html,NPP for compatible 2D image cases; implicit-GEMM via cuBLAS/CUTLASS for convolution,RELATED_CUDNN_WRAPPERS_PRESENT_NEED_GENERALIZATION,RAISING_THEN_LIBRARY_LOWERING
aten_batch_norm_backward_cpu,aten/src/ATen/native/cpu/batch_norm_kernel.cpp,batch_norm_cpu_backward_kernel,issues/aten_c_kernels/aten_batch_norm_backward_cpu.c,float,B=4; C=8; S=32,normalization: batch_norm_backward_kernel,normalization,,NONE,NO_IMPLEMENTATION,no emitted launch,no,2,2,cuDNN,Batch/Layer/Group normalization graph,EXACT_GRAPH_IF_SUPPORTED,whole for supported normalization; otherwise normalization stages,"epsilon, training/inference, saved statistics, unbiased variance and backward outputs",cuDNN normalization layout/type/alignment restrictions,finish raising residual loops; then normalization semantic matcher + cuDNN graph-plan backend,HIGH,HIGH,,https://docs.nvidia.com/deeplearning/cudnn/latest/index.html,CUB segmented/device reduction; cuDNN graph; NPP flat-signal statistics,GENERAL_CUDNN_GRAPH_BACKEND_ABSENT,RAISING_THEN_LIBRARY_LOWERING
aten_batch_norm_backward_template_cpu,aten/src/ATen/native/Normalization.cpp,batch_norm_backward_cpu_template,issues/aten_c_kernels/aten_batch_norm_backward_template_cpu.c,float,N=8; C=16; H=16; W=16,normalization: batch_norm_backward_template,normalization,,NONE,NO_IMPLEMENTATION,no emitted launch,no,4,3,cuDNN,Batch/Layer/Group normalization graph,EXACT_GRAPH_IF_SUPPORTED,whole for supported normalization; otherwise normalization stages,"epsilon, training/inference, saved statistics, unbiased variance and backward outputs",cuDNN normalization layout/type/alignment restrictions,finish raising residual loops; then normalization semantic matcher + cuDNN graph-plan backend,HIGH,HIGH,,https://docs.nvidia.com/deeplearning/cudnn/latest/index.html,CUB segmented/device reduction; cuDNN graph; NPP flat-signal statistics,GENERAL_CUDNN_GRAPH_BACKEND_ABSENT,RAISING_THEN_LIBRARY_LOWERING
aten_batch_norm_collect_stats_cpu,aten/src/ATen/native/cpu/batch_norm_kernel.cpp,batch_norm_cpu_collect_stats_kernel,issues/aten_c_kernels/aten_batch_norm_collect_stats_cpu.c,float,B=4; C=8; S=32,normalization: batch_norm_collect_stats_kernel,normalization,,NONE,NO_IMPLEMENTATION,no emitted launch,no,2,1,cuDNN,Batch/Layer/Group normalization graph,SUBSET_WITH_CONSTRAINTS,whole for supported normalization; otherwise normalization stages,"epsilon, training/inference, saved statistics, unbiased variance and backward outputs",cuDNN normalization layout/type/alignment restrictions,finish raising residual loops; then normalization semantic matcher + cuDNN graph-plan backend,HIGH,HIGH,,https://docs.nvidia.com/deeplearning/cudnn/latest/index.html,CUB segmented/device reduction; cuDNN graph; NPP flat-signal statistics,GENERAL_CUDNN_GRAPH_BACKEND_ABSENT,RAISING_THEN_LIBRARY_LOWERING
aten_batch_norm_stats_cpu,aten/src/ATen/native/Normalization.cpp,batch_norm_cpu_update_stats_template,issues/aten_c_kernels/aten_batch_norm_stats_cpu.c,float,N=8; C=16; H=16; W=16,normalization: batch_norm_update_stats_template,normalization,,NONE,NO_IMPLEMENTATION,no emitted launch,no,2,1,cuDNN,Batch/Layer/Group normalization graph,SUBSET_WITH_CONSTRAINTS,whole for supported normalization; otherwise normalization stages,"epsilon, training/inference, saved statistics, unbiased variance and backward outputs",cuDNN normalization layout/type/alignment restrictions,finish raising residual loops; then normalization semantic matcher + cuDNN graph-plan backend,HIGH,HIGH,,https://docs.nvidia.com/deeplearning/cudnn/latest/index.html,CUB segmented/device reduction; cuDNN graph; NPP flat-signal statistics,GENERAL_CUDNN_GRAPH_BACKEND_ABSENT,RAISING_THEN_LIBRARY_LOWERING
aten_bernoulli_scalar_cpu,aten/src/ATen/native/cpu/DistributionKernels.cpp,bernoulli_scalar_kernel,issues/aten_c_kernels/aten_bernoulli_scalar_cpu.c,float,N=4096,random_distribution: bernoulli_scalar_kernel,random_distribution,,NONE,NO_IMPLEMENTATION,no emitted launch,no,1,0,cuRAND,uniform/normal/lognormal/Poisson/Sobol generators,SUBSET_WITH_CONSTRAINTS,random draw stage or whole distribution subset,"ATen Philox generator state, seed/offset advancement, reproducibility and exact transform must match",cuRAND output type/count/alignment; many distributions need a transform,RNG-state proof + cuRAND backend; compose unsupported transforms,HIGH,LOW,,https://docs.nvidia.com/cuda/curand/host-api-overview.html,none identified with stronger whole-kernel semantics,LIBRARY_BACKEND_ABSENT,LEGALITY_SPECIALIZATION_AND_BACKEND
aten_bernoulli_tensor_cpu,aten/src/ATen/native/cpu/DistributionKernels.cpp,bernoulli_tensor_kernel,issues/aten_c_kernels/aten_bernoulli_tensor_cpu.c,float,N=4096,random_distribution: bernoulli_tensor_kernel,random_distribution,,NONE,NO_IMPLEMENTATION,no emitted launch,no,1,0,cuRAND,uniform/normal/lognormal/Poisson/Sobol generators,SUBSET_WITH_CONSTRAINTS,random draw stage or whole distribution subset,"ATen Philox generator state, seed/offset advancement, reproducibility and exact transform must match",cuRAND output type/count/alignment; many distributions need a transform,RNG-state proof + cuRAND backend; compose unsupported transforms,HIGH,LOW,,https://docs.nvidia.com/cuda/curand/host-api-overview.html,none identified with stronger whole-kernel semantics,LIBRARY_BACKEND_ABSENT,LEGALITY_SPECIALIZATION_AND_BACKEND
aten_bessel_j0,aten/src/ATen/native/cpu/UnaryOpsKernel.cpp,bessel_j0_kernel,issues/aten_c_kernels/aten_bessel_j0.c,float,N=4096,special_function: bessel_j0_kernel,special_function,,NONE,NO_IMPLEMENTATION,no emitted launch,no,1,0,none,no public whole-tensor NVIDIA library operation,NO_PUBLIC_LIBRARY_EQUIVALENT,none,scalar CUDA math/libdevice or recurrences are not a host-callable tensor library implementation,not applicable,retain raised code or permit a generated/custom GPU kernel,HIGH,NONE,A scalar device function may exist; that is not a link-only tensor-library lowering.,,scalar CUDA math/libdevice or generated kernel (not a link-only tensor API),NO_PUBLIC_LIBRARY_BACKEND_POSSIBLE,NO_LINK_ONLY_LIBRARY_ROUTE
aten_bessel_j1,aten/src/ATen/native/cpu/UnaryOpsKernel.cpp,bessel_j1_kernel,issues/aten_c_kernels/aten_bessel_j1.c,float,N=4096,special_function: bessel_j1_kernel,special_function,,NONE,NO_IMPLEMENTATION,no emitted launch,no,1,0,none,no public whole-tensor NVIDIA library operation,NO_PUBLIC_LIBRARY_EQUIVALENT,none,scalar CUDA math/libdevice or recurrences are not a host-callable tensor library implementation,not applicable,retain raised code or permit a generated/custom GPU kernel,HIGH,NONE,A scalar device function may exist; that is not a link-only tensor-library lowering.,,scalar CUDA math/libdevice or generated kernel (not a link-only tensor API),NO_PUBLIC_LIBRARY_BACKEND_POSSIBLE,NO_LINK_ONLY_LIBRARY_ROUTE
aten_bessel_y0,aten/src/ATen/native/cpu/UnaryOpsKernel.cpp,bessel_y0_kernel,issues/aten_c_kernels/aten_bessel_y0.c,float,N=4096,special_function: bessel_y0_kernel,special_function,,NONE,NO_IMPLEMENTATION,no emitted launch,no,1,0,none,no public whole-tensor NVIDIA library operation,NO_PUBLIC_LIBRARY_EQUIVALENT,none,scalar CUDA math/libdevice or recurrences are not a host-callable tensor library implementation,not applicable,retain raised code or permit a generated/custom GPU kernel,HIGH,NONE,A scalar device function may exist; that is not a link-only tensor-library lowering.,,scalar CUDA math/libdevice or generated kernel (not a link-only tensor API),NO_PUBLIC_LIBRARY_BACKEND_POSSIBLE,NO_LINK_ONLY_LIBRARY_ROUTE
aten_bessel_y1,aten/src/ATen/native/cpu/UnaryOpsKernel.cpp,bessel_y1_kernel,issues/aten_c_kernels/aten_bessel_y1.c,float,N=4096,special_function: bessel_y1_kernel,special_function,,NONE,NO_IMPLEMENTATION,no emitted launch,no,1,0,none,no public whole-tensor NVIDIA library operation,NO_PUBLIC_LIBRARY_EQUIVALENT,none,scalar CUDA math/libdevice or recurrences are not a host-callable tensor library implementation,not applicable,retain raised code or permit a generated/custom GPU kernel,HIGH,NONE,A scalar device function may exist; that is not a link-only tensor-library lowering.,,scalar CUDA math/libdevice or generated kernel (not a link-only tensor API),NO_PUBLIC_LIBRARY_BACKEND_POSSIBLE,NO_LINK_ONLY_LIBRARY_ROUTE
aten_binary_search_strided_rightmost_cpu,aten/src/ATen/native/sparse/SparseTensorMath.cpp,binary_search_strided_rightmost,issues/aten_c_kernels/aten_binary_search_strided_rightmost_cpu.c,int,N=512; Q=128,search: binary_search_strided_rightmost,search,,NONE,NO_IMPLEMENTATION,no emitted launch,no,0,2,CUB,DeviceRadixSort/SegmentedRadixSort/Select/RLE,BUILDING_BLOCKS_ONLY,sort/search/select stages,"stable ordering, NaNs, first-index/tie policy, multidimensional axes and returned indices",contiguous keys or explicit segments; arbitrary strided axes need layout conversion,finish raising residual loops; then CUB backend + operation-specific composition,HIGH,MEDIUM,,https://nvidia.github.io/cccl/unstable/cub/api/device.html,cuTENSOR/cuDNN only when the indexing operation specializes to a regular affine tensor op,LIBRARY_BACKEND_ABSENT,RAISING_THEN_LIBRARY_LOWERING
aten_bincount_cpu,aten/src/ATen/native/SummaryOps.cpp,_bincount_cpu_template,issues/aten_c_kernels/aten_bincount_cpu.c,float/int,N=1024; B=64,weighted_bincount: _bincount_template,weighted_bincount,memset_zero_1D_f32,PARTIAL_STAGE_ONLY,CUDA_RUNTIME_PRIMITIVE,CUDA copy or memset runtime primitive,yes,1,1,CUB,DeviceRadixSort + DeviceReduceByKey + dense scatter,BUILDING_BLOCKS_ONLY,sort and key-reduction stages,keys must be in the output range; duplicate-key floating accumulation order and determinism must be permitted,contiguous int32 keys and FP32 weights/output; zero initialization of every absent bin,finish raising residual loops; then recognize the indirect scatter-add loop and lower a multi-call CUB composition,HIGH,MEDIUM,DeviceHistogram is not a legal replacement because it cannot accumulate per-sample weights,https://nvidia.github.io/cccl/unstable/cub/api/device.html,cuTENSOR/cuDNN only when the indexing operation specializes to a regular affine tensor op,LIBRARY_BACKEND_ABSENT,RAISING_THEN_LIBRARY_LOWERING
aten_binomial_transform_cpu,aten/src/ATen/native/Distributions.cpp,_s_binomial_cpu,issues/aten_c_kernels/aten_binomial_transform_cpu.c,float/int,N=1024; T=32,random_distribution: _s_binomial,random_distribution,,NONE,NO_IMPLEMENTATION,no emitted launch,no,0,2,cuRAND,uniform/normal/lognormal/Poisson/Sobol generators,SUBSET_WITH_CONSTRAINTS,random draw stage or whole distribution subset,"ATen Philox generator state, seed/offset advancement, reproducibility and exact transform must match",cuRAND output type/count/alignment; many distributions need a transform,finish raising residual loops; then RNG-state proof + cuRAND backend; compose unsupported transforms,HIGH,LOW,,https://docs.nvidia.com/cuda/curand/host-api-overview.html,none identified with stronger whole-kernel semantics,LIBRARY_BACKEND_ABSENT,RAISING_THEN_LIBRARY_LOWERING
aten_bitwise_and_i32,aten/src/ATen/native/cpu/BinaryOpsKernel.cpp,bitwise_and_kernel,issues/aten_c_kernels/aten_bitwise_and_i32.c,int,N=4096,integer_pointwise: bitwise_and_kernel,integer_pointwise,,NONE,NO_IMPLEMENTATION,no emitted launch,no,1,0,NPP,signal logical/shift primitives,SUBSET_WITH_CONSTRAINTS,whole only for flat supported integer signals,"signed shifts, overflow and scalar-vs-vector operands must agree",NPP fixed integer types and contiguous 1D signal representation,layout/type specialization + NPP wrapper; retain nonmatching cases,HIGH,LOW,,https://docs.nvidia.com/cuda/npp/,none identified with stronger whole-kernel semantics,LIBRARY_BACKEND_ABSENT,LEGALITY_SPECIALIZATION_AND_BACKEND
aten_bitwise_not_i32,aten/src/ATen/native/cpu/UnaryOpsKernel.cpp,bitwise_not_kernel,issues/aten_c_kernels/aten_bitwise_not_i32.c,int,N=4096,integer_pointwise: bitwise_not_kernel,integer_pointwise,,NONE,NO_IMPLEMENTATION,no emitted launch,no,1,0,NPP,signal logical/shift primitives,SUBSET_WITH_CONSTRAINTS,whole only for flat supported integer signals,"signed shifts, overflow and scalar-vs-vector operands must agree",NPP fixed integer types and contiguous 1D signal representation,layout/type specialization + NPP wrapper; retain nonmatching cases,HIGH,LOW,,https://docs.nvidia.com/cuda/npp/,none identified with stronger whole-kernel semantics,LIBRARY_BACKEND_ABSENT,LEGALITY_SPECIALIZATION_AND_BACKEND
aten_bitwise_or_i32,aten/src/ATen/native/cpu/BinaryOpsKernel.cpp,bitwise_or_kernel,issues/aten_c_kernels/aten_bitwise_or_i32.c,int,N=4096,integer_pointwise: bitwise_or_kernel,integer_pointwise,,NONE,NO_IMPLEMENTATION,no emitted launch,no,1,0,NPP,signal logical/shift primitives,SUBSET_WITH_CONSTRAINTS,whole only for flat supported integer signals,"signed shifts, overflow and scalar-vs-vector operands must agree",NPP fixed integer types and contiguous 1D signal representation,layout/type specialization + NPP wrapper; retain nonmatching cases,HIGH,LOW,,https://docs.nvidia.com/cuda/npp/,none identified with stronger whole-kernel semantics,LIBRARY_BACKEND_ABSENT,LEGALITY_SPECIALIZATION_AND_BACKEND
aten_bitwise_xor_i32,aten/src/ATen/native/cpu/BinaryOpsKernel.cpp,bitwise_xor_kernel,issues/aten_c_kernels/aten_bitwise_xor_i32.c,int,N=4096,integer_pointwise: bitwise_xor_kernel,integer_pointwise,,NONE,NO_IMPLEMENTATION,no emitted launch,no,1,0,NPP,signal logical/shift primitives,SUBSET_WITH_CONSTRAINTS,whole only for flat supported integer signals,"signed shifts, overflow and scalar-vs-vector operands must agree",NPP fixed integer types and contiguous 1D signal representation,layout/type specialization + NPP wrapper; retain nonmatching cases,HIGH,LOW,,https://docs.nvidia.com/cuda/npp/,none identified with stronger whole-kernel semantics,LIBRARY_BACKEND_ABSENT,LEGALITY_SPECIALIZATION_AND_BACKEND
aten_cat_sparse_cpu,aten/src/ATen/native/TensorShape.cpp,cat_sparse_impl,issues/aten_c_kernels/aten_cat_sparse_cpu.c,float/int,B=4; N=256,sparse_indexed_elementwise: cat_sparse_impl,sparse_indexed_elementwise,cutensorPermute_f32_r2_tensor,PARTIAL_STAGE_ONLY,DIRECT_VENDOR_API,public vendor API or vendor operation graph,yes,2,0,cuSPARSE,sparse descriptors plus CUB segmented/indexed primitives,BUILDING_BLOCKS_ONLY,storage and reduction stages,"implicit zeros, duplicates, segment boundaries, gradients and reduction/softmax semantics",standard sparse storage; arbitrary indexed formulas remain outside cuSPARSE,preserve current partial match and partition residual graph; then mixed cuSPARSE+CUB graph composition; not a one-call matcher,HIGH,LOW,,https://docs.nvidia.com/cuda/cusparse/index.html,CUB sort/segmented-reduce for nonstandard sparse semantics,LIBRARY_BACKEND_ABSENT,GRAPH_PARTITION_RESIDUAL_THEN_LIBRARY_LOWERING
aten_cdist_backward_cpu,aten/src/ATen/native/cpu/DistanceOpsKernel.cpp,cdist_backward_kernel_impl,issues/aten_c_kernels/aten_cdist_backward_cpu.c,float,N=16; M=12; D=32,distance: cdist_backward_kernel_impl,distance,memset_zero_2D_f32,PARTIAL_STAGE_ONLY,CUDA_RUNTIME_PRIMITIVE,CUDA copy or memset runtime primitive,yes,3,2,cuDNN,pointwise/reduction/matmul operation graph,BUILDING_BLOCKS_ONLY,arithmetic stages,"complete formula, index/label rules, state mutation, reductions and backward outputs",only graph nodes/layouts supported by cuDNN,finish raising residual loops; then extract and partition expression/stage graph; validate plan or keep raised code,HIGH,LOW,,https://docs.nvidia.com/deeplearning/cudnn/latest/index.html,none identified with stronger whole-kernel semantics,GENERAL_CUDNN_GRAPH_BACKEND_ABSENT,RAISING_THEN_LIBRARY_LOWERING
aten_cdist_cpu,aten/src/ATen/native/cpu/DistanceOpsKernel.cpp,cdist_kernel_impl,issues/aten_c_kernels/aten_cdist_cpu.c,float,N=16; M=12; D=32,distance: cdist_kernel_impl,distance,cutensorUnary_sqrt_f32,PARTIAL_STAGE_ONLY,DIRECT_VENDOR_API,public vendor API or vendor operation graph,yes,3,1,cuDNN,pointwise/reduction/matmul operation graph,BUILDING_BLOCKS_ONLY,arithmetic stages,"complete formula, index/label rules, state mutation, reductions and backward outputs",only graph nodes/layouts supported by cuDNN,finish raising residual loops; then extract and partition expression/stage graph; validate plan or keep raised code,HIGH,LOW,,https://docs.nvidia.com/deeplearning/cudnn/latest/index.html,none identified with stronger whole-kernel semantics,GENERAL_CUDNN_GRAPH_BACKEND_ABSENT,RAISING_THEN_LIBRARY_LOWERING
aten_chebyshev_polynomial_t,aten/src/ATen/native/cpu/BinaryOpsKernel.cpp,chebyshev_polynomial_t_kernel,issues/aten_c_kernels/aten_chebyshev_polynomial_t.c,float,N=4096,special_function: chebyshev_polynomial_t_kernel,special_function,,NONE,NO_IMPLEMENTATION,no emitted launch,no,1,0,none,no public whole-tensor NVIDIA library operation,NO_PUBLIC_LIBRARY_EQUIVALENT,none,scalar CUDA math/libdevice or recurrences are not a host-callable tensor library implementation,not applicable,retain raised code or permit a generated/custom GPU kernel,HIGH,NONE,A scalar device function may exist; that is not a link-only tensor-library lowering.,,scalar CUDA math/libdevice or generated kernel (not a link-only tensor API),NO_PUBLIC_LIBRARY_BACKEND_POSSIBLE,NO_LINK_ONLY_LIBRARY_ROUTE
aten_chebyshev_polynomial_u,aten/src/ATen/native/cpu/BinaryOpsKernel.cpp,chebyshev_polynomial_u_kernel,issues/aten_c_kernels/aten_chebyshev_polynomial_u.c,float,N=4096,special_function: chebyshev_polynomial_u_kernel,special_function,,NONE,NO_IMPLEMENTATION,no emitted launch,no,1,0,none,no public whole-tensor NVIDIA library operation,NO_PUBLIC_LIBRARY_EQUIVALENT,none,scalar CUDA math/libdevice or recurrences are not a host-callable tensor library implementation,not applicable,retain raised code or permit a generated/custom GPU kernel,HIGH,NONE,A scalar device function may exist; that is not a link-only tensor-library lowering.,,scalar CUDA math/libdevice or generated kernel (not a link-only tensor API),NO_PUBLIC_LIBRARY_BACKEND_POSSIBLE,NO_LINK_ONLY_LIBRARY_ROUTE
aten_chebyshev_polynomial_v,aten/src/ATen/native/cpu/BinaryOpsKernel.cpp,chebyshev_polynomial_v_kernel,issues/aten_c_kernels/aten_chebyshev_polynomial_v.c,float,N=4096,special_function: chebyshev_polynomial_v_kernel,special_function,,NONE,NO_IMPLEMENTATION,no emitted launch,no,1,0,none,no public whole-tensor NVIDIA library operation,NO_PUBLIC_LIBRARY_EQUIVALENT,none,scalar CUDA math/libdevice or recurrences are not a host-callable tensor library implementation,not applicable,retain raised code or permit a generated/custom GPU kernel,HIGH,NONE,A scalar device function may exist; that is not a link-only tensor-library lowering.,,scalar CUDA math/libdevice or generated kernel (not a link-only tensor API),NO_PUBLIC_LIBRARY_BACKEND_POSSIBLE,NO_LINK_ONLY_LIBRARY_ROUTE
aten_chebyshev_polynomial_w,aten/src/ATen/native/cpu/BinaryOpsKernel.cpp,chebyshev_polynomial_w_kernel,issues/aten_c_kernels/aten_chebyshev_polynomial_w.c,float,N=4096,special_function: chebyshev_polynomial_w_kernel,special_function,,NONE,NO_IMPLEMENTATION,no emitted launch,no,1,0,none,no public whole-tensor NVIDIA library operation,NO_PUBLIC_LIBRARY_EQUIVALENT,none,scalar CUDA math/libdevice or recurrences are not a host-callable tensor library implementation,not applicable,retain raised code or permit a generated/custom GPU kernel,HIGH,NONE,A scalar device function may exist; that is not a link-only tensor-library lowering.,,scalar CUDA math/libdevice or generated kernel (not a link-only tensor API),NO_PUBLIC_LIBRARY_BACKEND_POSSIBLE,NO_LINK_ONLY_LIBRARY_ROUTE
aten_circular_pad_cpu,aten/src/ATen/native/PadNd.cpp,_pad_circular_symint,issues/aten_c_kernels/aten_circular_pad_cpu.c,float,N=32; P=3,padding: _pad_circular_symint,padding,,NONE,NO_IMPLEMENTATION,no emitted launch,no,1,0,NPP,nppiCopy*Border,SUBSET_WITH_CONSTRAINTS,2D image constant/replicate border subset,reflection/circular rules and backward accumulation are not generally covered,NPP 2D ROI/channel/dtype layouts only,specialize compatible image cases; otherwise composition,HIGH,LOW,,https://docs.nvidia.com/cuda/npp/,none identified with stronger whole-kernel semantics,LIBRARY_BACKEND_ABSENT,LEGALITY_SPECIALIZATION_AND_BACKEND
aten_coalesce_sparse_cpu,aten/src/ATen/native/sparse/SparseTensor.cpp,_coalesce_sparse_cpu,issues/aten_c_kernels/aten_coalesce_sparse_cpu.c,float/int,N=512,sparse_format: _coalesce_sparse,sparse_format,,NONE,NO_IMPLEMENTATION,no emitted launch,no,0,1,cuSPARSE,COO/CSR conversion and sparse sorting/pruning APIs,SUBSET_WITH_CONSTRAINTS,standard conversion/sort stages,"duplicate coalescing, value reduction, block packing and requested ordering",supported sparse formats/index widths; workspace required,finish raising residual loops; then format recognizer + cuSPARSE conversion backend + residual composition,HIGH,MEDIUM,,https://docs.nvidia.com/cuda/cusparse/index.html,CUB sort/segmented-reduce for nonstandard sparse semantics,LIBRARY_BACKEND_ABSENT,RAISING_THEN_LIBRARY_LOWERING
aten_col2im_cpu,aten/src/ATen/native/Col2Im.cpp,col2im_out_cpu_template,issues/aten_c_kernels/aten_col2im_cpu.c,float,C=2; H=8; W=8; KH=3; KW=3,patch_extract_scatter: col2im_template,patch_extract_scatter,,NONE,NO_IMPLEMENTATION,no emitted launch,no,1,0,CUB,DeviceSelect or sort/reduce-by-key primitives,BUILDING_BLOCKS_ONLY,supported indexing stages,"bounds/negative indices, duplicate destinations, atomic reduction, determinism and write order",index arrays and flattened affine addressing; patch operations need index generation,indexed-op semantic matcher + collision proof or reduce-by-key composition,HIGH,MEDIUM,,https://nvidia.github.io/cccl/unstable/cub/api/device.html,cuTENSOR/cuDNN only when the indexing operation specializes to a regular affine tensor op,LIBRARY_BACKEND_ABSENT,MULTI_CALL_COMPOSITION_NOT_MATCHER_ONLY
aten_combinations_cpu,aten/src/ATen/native/Itertools.cpp,combinations,issues/aten_c_kernels/aten_combinations_cpu.c,float,N=32; K=(N*(N-1),data_movement: combinations,data_movement,,NONE,NO_IMPLEMENTATION,no emitted launch,no,0,2,CUDA Runtime,cudaMemcpy*/Memset or CUB building blocks,BUILDING_BLOCKS_ONLY,regular contiguous stages,"concatenation, combinations, diagonal/mask/index formulas need multiple calls or transforms",contiguous/regular pitched copies; arbitrary indexing is not memcpy,finish raising residual loops; then shape specialization and multi-call composition,HIGH,LOW,,https://docs.nvidia.com/cuda/cuda-runtime-api/,none identified with stronger whole-kernel semantics,LIBRARY_BACKEND_ABSENT,RAISING_THEN_LIBRARY_LOWERING
aten_constant_pad_nd_cpu,aten/src/ATen/native/PadNd.cpp,constant_pad_nd,issues/aten_c_kernels/aten_constant_pad_nd_cpu.c,float,N=32; P=3,padding: constant_pad_nd,padding,cudaCopy1D_f32_tensor,PARTIAL_STAGE_ONLY,CUDA_RUNTIME_PRIMITIVE,CUDA copy or memset runtime primitive,yes,2,0,NPP,nppiCopy*Border,SUBSET_WITH_CONSTRAINTS,2D image constant/replicate border subset,reflection/circular rules and backward accumulation are not generally covered,NPP 2D ROI/channel/dtype layouts only,preserve current partial match and partition residual graph; then specialize compatible image cases; otherwise composition,HIGH,LOW,,https://docs.nvidia.com/cuda/npp/,none identified with stronger whole-kernel semantics,LIBRARY_BACKEND_ABSENT,GRAPH_PARTITION_RESIDUAL_THEN_LIBRARY_LOWERING
aten_conv3d_columns_cpu,aten/src/ATen/native/ConvolutionMM3d.cpp,compute_columns3d,issues/aten_c_kernels/aten_conv3d_columns_cpu.c,float,C=2; D=8; H=9; W=10; K=3,patch_extract_scatter: compute_columns3d,patch_extract_scatter,,NONE,NO_IMPLEMENTATION,no emitted launch,no,1,0,CUB,DeviceSelect or sort/reduce-by-key primitives,BUILDING_BLOCKS_ONLY,supported indexing stages,"bounds/negative indices, duplicate destinations, atomic reduction, determinism and write order",index arrays and flattened affine addressing; patch operations need index generation,indexed-op semantic matcher + collision proof or reduce-by-key composition,HIGH,MEDIUM,,https://nvidia.github.io/cccl/unstable/cub/api/device.html,cuTENSOR/cuDNN only when the indexing operation specializes to a regular affine tensor op,LIBRARY_BACKEND_ABSENT,MULTI_CALL_COMPOSITION_NOT_MATCHER_ONLY
aten_copysign,aten/src/ATen/native/cpu/BinaryOpsKernel.cpp,copysign_kernel,issues/aten_c_kernels/aten_copysign.c,float,N=4096,scalar_copysign: copysign_kernel,scalar_copysign,,NONE,NO_IMPLEMENTATION,no emitted launch,no,1,0,none,no fixed public NVIDIA library call,NO_PUBLIC_LIBRARY_EQUIVALENT,none,copying a sign bit is scalar pointwise arithmetic rather than tensor data movement,not applicable,retain the Linalg computation and use conventional GPU lowering,HIGH,NONE,,,scalar CUDA math/libdevice or generated kernel (not a link-only tensor API),NO_PUBLIC_LIBRARY_BACKEND_POSSIBLE,NO_LINK_ONLY_LIBRARY_ROUTE
aten_ctc_loss_backward_cpu,aten/src/ATen/native/LossCTC.cpp,ctc_loss_backward_cpu_template,issues/aten_c_kernels/aten_ctc_loss_backward_cpu.c,float/int,T=24; B=4; C=12; L=5; S=(2*L+1),ctc_loss: ctc_loss_backward_template,ctc_loss,memset_zero_2D_f32,PARTIAL_STAGE_ONLY,CUDA_RUNTIME_PRIMITIVE,CUDA copy or memset runtime primitive,yes,2,5,cuDNN,CTC loss,SUBSET_WITH_CONSTRAINTS,fused loss/gradient only,"blank label, normalization, determinism, input lengths, gradient semantics, and elimination of the observable alpha DP table",cuDNN-supported CTC tensor layout/type/algorithm,finish raising residual loops; then fuse forward/backward and redesign the standalone ABI before adding a matcher,HIGH,LOW,,https://docs.nvidia.com/deeplearning/cudnn/latest/index.html,none identified with stronger whole-kernel semantics,RELATED_CUDNN_WRAPPERS_PRESENT_NEED_GENERALIZATION,RAISING_THEN_LIBRARY_LOWERING
aten_ctc_loss_cpu,aten/src/ATen/native/LossCTC.cpp,ctc_loss_cpu_template,issues/aten_c_kernels/aten_ctc_loss_cpu.c,float/int,T=24; B=4; C=12; L=5; S=(2*L+1),ctc_loss: ctc_loss_template,ctc_loss,"cudnnPointwiseGraph_f32,cutensorUnary_exp_f32",PARTIAL_STAGE_ONLY,DIRECT_VENDOR_API,public vendor API or vendor operation graph,yes,3,4,cuDNN,CTC loss,SUBSET_WITH_CONSTRAINTS,fused loss/gradient only,"blank label, normalization, determinism, input lengths, gradient semantics, and elimination of the observable alpha DP table",cuDNN-supported CTC tensor layout/type/algorithm,finish raising residual loops; then fuse forward/backward and redesign the standalone ABI before adding a matcher,HIGH,LOW,,https://docs.nvidia.com/deeplearning/cudnn/latest/index.html,none identified with stronger whole-kernel semantics,RELATED_CUDNN_WRAPPERS_PRESENT_NEED_GENERALIZATION,RAISING_THEN_LIBRARY_LOWERING
aten_cummax_cummin_cpu,aten/src/ATen/native/ReduceOps.cpp,cummax_cummin_helper,issues/aten_c_kernels/aten_cummax_cummin_cpu.c,float/int,R=16; N=64,indexed_extrema_scan: cummax_cummin_helper,indexed_extrema_scan,cudaCopy1D_f32_tensor,PARTIAL_STAGE_ONLY,CUDA_RUNTIME_PRIMITIVE,CUDA copy or memset runtime primitive,yes,3,0,CUB,DeviceSegmentedScan with custom value/index/NaN state,EXACT_TEMPLATE_PRIMITIVE,whole scan,"runtime max/min selector, inclusive convention, latest-index tie policy, signed zero, and ordered-comparison NaN behavior must match","contiguous rows or explicit segment offsets; state carries best value/index, validity, and whether the segment starts with NaN",preserve current partial match and partition residual graph; then structured scan recognizer + generated associative state/functor + CUB template backend,HIGH,HIGH,A plain pairwise ArgMax state is not associative under the fixture's first-element-NaN semantics,https://nvidia.github.io/cccl/unstable/cub/api/device.html,cuTENSOR/cuDNN only when the indexing operation specializes to a regular affine tensor op,LIBRARY_BACKEND_ABSENT,GRAPH_PARTITION_RESIDUAL_THEN_LIBRARY_LOWERING
aten_cumprod_backward_cpu,aten/src/ATen/native/ReduceOps.cpp,cumprod_backward,issues/aten_c_kernels/aten_cumprod_backward_cpu.c,float,N=128,cumprod_backward: cumprod_backward,cumprod_backward,memset_zero_1D_f32,PARTIAL_STAGE_ONLY,CUDA_RUNTIME_PRIMITIVE,CUDA copy or memset runtime primitive,yes,2,2,CUB,prefix/suffix DeviceScan composition,BUILDING_BLOCKS_ONLY,"prefix product, zero-count, and suffix accumulation stages","zero and multiple-zero cases, NaN/Inf propagation, floating reassociation, and mutation/aliasing must match",contiguous scan axis or explicit segmented rows; temporary prefix/suffix state is required,finish raising residual loops; then whole-algorithm recognizer + multi-call CUB scan composition + residual elementwise Linalg,HIGH,MEDIUM,The raised triple-nested derivative is not one associative scan,https://nvidia.github.io/cccl/unstable/cub/api/device.html,cuTENSOR/cuDNN only when the indexing operation specializes to a regular affine tensor op,LIBRARY_BACKEND_ABSENT,RAISING_THEN_LIBRARY_LOWERING
aten_dense_sparse_add_cpu,aten/src/ATen/native/sparse/SparseTensorMath.cpp,add_out_dense_sparse_cpu,issues/aten_c_kernels/aten_dense_sparse_add_cpu.c,float/int,R=64; C=64; N=512,sparse_indexed_elementwise: add_dense_sparse,sparse_indexed_elementwise,cudaCopy2D_f32_tensor,PARTIAL_STAGE_ONLY,CUDA_RUNTIME_PRIMITIVE,CUDA copy or memset runtime primitive,yes,1,1,cuSPARSE,sparse descriptors plus CUB segmented/indexed primitives,BUILDING_BLOCKS_ONLY,storage and reduction stages,"implicit zeros, duplicates, segment boundaries, gradients and reduction/softmax semantics",standard sparse storage; arbitrary indexed formulas remain outside cuSPARSE,finish raising residual loops; then mixed cuSPARSE+CUB graph composition; not a one-call matcher,HIGH,LOW,,https://docs.nvidia.com/cuda/cusparse/index.html,CUB sort/segmented-reduce for nonstandard sparse semantics,LIBRARY_BACKEND_ABSENT,RAISING_THEN_LIBRARY_LOWERING
aten_digamma,aten/src/ATen/native/cpu/UnaryOpsKernel.cpp,digamma_kernel,issues/aten_c_kernels/aten_digamma.c,float,N=4096,random_distribution: digamma_kernel,random_distribution,,NONE,NO_IMPLEMENTATION,no emitted launch,no,1,0,cuRAND,uniform/normal/lognormal/Poisson/Sobol generators,SUBSET_WITH_CONSTRAINTS,random draw stage or whole distribution subset,"ATen Philox generator state, seed/offset advancement, reproducibility and exact transform must match",cuRAND output type/count/alignment; many distributions need a transform,RNG-state proof + cuRAND backend; compose unsupported transforms,HIGH,LOW,,https://docs.nvidia.com/cuda/curand/host-api-overview.html,none identified with stronger whole-kernel semantics,LIBRARY_BACKEND_ABSENT,LEGALITY_SPECIALIZATION_AND_BACKEND
aten_dirichlet_transform_cpu,aten/src/ATen/native/Distributions.cpp,_s_dirichlet_cpu,issues/aten_c_kernels/aten_dirichlet_transform_cpu.c,float,R=64; C=16,random_distribution: _s_dirichlet,random_distribution,"cudnnPointwiseGraph_f32,cudnnReduceSum_f32",PARTIAL_STAGE_ONLY,DIRECT_VENDOR_API,public vendor API or vendor operation graph,yes,2,1,cuRAND,uniform/normal/lognormal/Poisson/Sobol generators,SUBSET_WITH_CONSTRAINTS,random draw stage or whole distribution subset,"ATen Philox generator state, seed/offset advancement, reproducibility and exact transform must match",cuRAND output type/count/alignment; many distributions need a transform,finish raising residual loops; then RNG-state proof + cuRAND backend; compose unsupported transforms,HIGH,LOW,,https://docs.nvidia.com/cuda/curand/host-api-overview.html,none identified with stronger whole-kernel semantics,LIBRARY_BACKEND_ABSENT,RAISING_THEN_LIBRARY_LOWERING
aten_dyn_quant_matmul_4bit_cpu,aten/src/ATen/native/cpu/int4mm_kernel.cpp,dyn_quant_matmul_4bit_kernel,issues/aten_c_kernels/aten_dyn_quant_matmul_4bit_cpu.c,float,M=32; K=64; N=48,quantized_matrix_multiply: dyn_quant_matmul_4bit_kernel,quantized_matrix_multiply,memset_zero_1D_f32,PARTIAL_STAGE_ONLY,CUDA_RUNTIME_PRIMITIVE,CUDA copy or memset runtime primitive,yes,2,1,cuBLAS,cublasLtMatmul,SUBSET_WITH_CONSTRAINTS,matmul stage,"4-bit packing, per-group scales/zero-points, dequantization and accumulator semantics",cuBLASLt-supported quantized types/layouts/alignments,finish raising residual loops; then quantized pattern + pack/layout proof + cuBLASLt backend,HIGH,HIGH,,https://docs.nvidia.com/cuda/cublas/contents.html,none identified with stronger whole-kernel semantics,RELATED_CUBLAS_WRAPPERS_PRESENT_NEED_GENERALIZATION,RAISING_THEN_LIBRARY_LOWERING
aten_dyn_quant_pack_4bit_weight_cpu,aten/src/ATen/native/cpu/int4mm_kernel.cpp,dyn_quant_pack_4bit_weight_kernel,issues/aten_c_kernels/aten_dyn_quant_pack_4bit_weight_cpu.c,float,M=32; K=64; N=48,compound_or_specialized: dyn_quant_pack_4bit_weight_kernel,compound_or_specialized,cudnnReduceMinMax_f32,PARTIAL_STAGE_ONLY,DIRECT_VENDOR_API,public vendor API or vendor operation graph,yes,1,2,none,no public whole-tensor NVIDIA library operation,NO_PUBLIC_LIBRARY_EQUIVALENT,none,scalar CUDA math/libdevice or recurrences are not a host-callable tensor library implementation,not applicable,finish raising residual loops; then retain raised code or permit a generated/custom GPU kernel,HIGH,NONE,A scalar device function may exist; that is not a link-only tensor-library lowering.,,scalar CUDA math/libdevice or generated kernel (not a link-only tensor API),NO_PUBLIC_LIBRARY_BACKEND_POSSIBLE,RAISING_THEN_LIBRARY_LOWERING
aten_eig_complex_vectors_cpu,aten/src/ATen/native/BatchLinearAlgebraKernel.cpp,linalg_eig_make_complex_eigenvectors_cpu_impl,issues/aten_c_kernels/aten_eig_complex_vectors_cpu.c,float,N=64,matrix_factorization: linalg_eig_make_complex_eigenvectors_impl,matrix_factorization,,NONE,NO_IMPLEMENTATION,no emitted launch,no,0,2,cuSOLVER,dense eig/LU/QR helper APIs,BUILDING_BLOCKS_ONLY,factorization or helper stage,the extracted helper may only reflect/unpack pivots rather than perform the factorization,cuSOLVER column-major dense layouts/types/workspaces,finish raising residual loops; then recognize enclosing factorization; helper alone is not a cuSOLVER call,HIGH,LOW,,https://docs.nvidia.com/cuda/cusolver/contents.html,none identified with stronger whole-kernel semantics,LIBRARY_BACKEND_ABSENT,RAISING_THEN_LIBRARY_LOWERING
aten_embedding,aten/src/ATen/native/Embedding.cpp,embedding,issues/aten_c_kernels/aten_embedding.c,float/int,VOCAB=64; DIM=16; TOKENS=8,indexed_data_movement: embedding,indexed_data_movement,,NONE,NO_IMPLEMENTATION,no emitted launch,no,1,0,CUB,DeviceSelect or sort/reduce-by-key primitives,BUILDING_BLOCKS_ONLY,supported indexing stages,"bounds/negative indices, duplicate destinations, atomic reduction, determinism and write order",index arrays and flattened affine addressing; patch operations need index generation,indexed-op semantic matcher + collision proof or reduce-by-key composition,HIGH,MEDIUM,,https://nvidia.github.io/cccl/unstable/cub/api/device.html,cuTENSOR/cuDNN only when the indexing operation specializes to a regular affine tensor op,LIBRARY_BACKEND_ABSENT,MULTI_CALL_COMPOSITION_NOT_MATCHER_ONLY
aten_embedding_bag_backward_max_cpu,aten/src/ATen/native/EmbeddingBag.cpp,_embedding_bag_dense_backward_cpu_max,issues/aten_c_kernels/aten_embedding_bag_backward_max_cpu.c,float/int,B=32; D=64; E=1024,indexed_scatter_reduce: _embedding_bag_dense_backward_max,indexed_scatter_reduce,memset_zero_1D_f32,PARTIAL_STAGE_ONLY,CUDA_RUNTIME_PRIMITIVE,CUDA copy or memset runtime primitive,yes,1,2,CUB,DeviceSelect or sort/reduce-by-key primitives,BUILDING_BLOCKS_ONLY,supported indexing stages,"bounds/negative indices, duplicate destinations, atomic reduction, determinism and write order",index arrays and flattened affine addressing; patch operations need index generation,finish raising residual loops; then indexed-op semantic matcher + collision proof or reduce-by-key composition,HIGH,MEDIUM,,https://nvidia.github.io/cccl/unstable/cub/api/device.html,cuTENSOR/cuDNN only when the indexing operation specializes to a regular affine tensor op,LIBRARY_BACKEND_ABSENT,RAISING_THEN_LIBRARY_LOWERING
aten_embedding_bag_backward_sum_cpu,aten/src/ATen/native/EmbeddingBag.cpp,_embedding_bag_dense_backward_cpu_sum_mean,issues/aten_c_kernels/aten_embedding_bag_backward_sum_cpu.c,float/int,B=32; L=16; E=1024; D=64,indexed_scatter_reduce: _embedding_bag_dense_backward_sum_mean,indexed_scatter_reduce,memset_zero_1D_f32,PARTIAL_STAGE_ONLY,CUDA_RUNTIME_PRIMITIVE,CUDA copy or memset runtime primitive,yes,1,3,CUB,DeviceSelect or sort/reduce-by-key primitives,BUILDING_BLOCKS_ONLY,supported indexing stages,"bounds/negative indices, duplicate destinations, atomic reduction, determinism and write order",index arrays and flattened affine addressing; patch operations need index generation,finish raising residual loops; then indexed-op semantic matcher + collision proof or reduce-by-key composition,HIGH,MEDIUM,,https://nvidia.github.io/cccl/unstable/cub/api/device.html,cuTENSOR/cuDNN only when the indexing operation specializes to a regular affine tensor op,LIBRARY_BACKEND_ABSENT,RAISING_THEN_LIBRARY_LOWERING
aten_embedding_bag_counts_uniq_cpu,aten/src/ATen/native/EmbeddingBag.cpp,compute_counts_uniq,issues/aten_c_kernels/aten_embedding_bag_counts_uniq_cpu.c,int,N=512,frequency_by_key: compute_counts_uniq,frequency_by_key,,NONE,NO_IMPLEMENTATION,no emitted launch,no,2,0,CUB,DeviceRadixSort + DeviceRunLengthEncode + lower-bound/gather composition,BUILDING_BLOCKS_ONLY,"sort, run-length count, and original-order lookup stages","full int32 key domain, stable restoration of original order, temporary storage, and aliasing",contiguous keys; no dense bounded-key assumption is available,multi-call algorithm recognizer and CUB composition backend; no single fixed-library replacement,HIGH,LOW,,https://nvidia.github.io/cccl/unstable/cub/api/device.html,cuTENSOR/cuDNN only when the indexing operation specializes to a regular affine tensor op,LIBRARY_BACKEND_ABSENT,MULTI_CALL_COMPOSITION_NOT_MATCHER_ONLY
aten_embedding_bag_max_cpu,aten/src/ATen/native/EmbeddingBag.cpp,embedding_bag_cpu_max_out,issues/aten_c_kernels/aten_embedding_bag_max_cpu.c,float/int,B=32; L=16; E=1024; D=64,indexed_segmented_max: embedding_bag_max,indexed_segmented_max,,NONE,NO_IMPLEMENTATION,no emitted launch,no,0,5,CUB,DeviceSegmentedReduce + gather transform iterator + custom max state,EXACT_TEMPLATE_PRIMITIVE,whole logical reduction,"embedding IDs must be in bounds; first-element tie/NaN behavior, signed zero, and empty bags must match","contiguous embedding rows and regular bag length/feature width, or explicit logical segment offsets",finish raising residual loops; then recognize the affine bag/feature/gather loop nest and lower a generated iterator/state,HIGH,HIGH,,https://nvidia.github.io/cccl/unstable/cub/api/device.html,cuTENSOR/cuDNN only when the indexing operation specializes to a regular affine tensor op,LIBRARY_BACKEND_ABSENT,RAISING_THEN_LIBRARY_LOWERING
aten_embedding_bag_per_sample_backward_cpu,aten/src/ATen/native/EmbeddingBag.cpp,_embedding_bag_per_sample_weights_backward_cpu_template,issues/aten_c_kernels/aten_embedding_bag_per_sample_backward_cpu.c,float/int,B=32; L=16; E=1024; D=64,indexed_gather_dot: _embedding_bag_per_sample_weights_backward_template,indexed_gather_dot,memset_zero_1D_f32,PARTIAL_STAGE_ONLY,CUDA_RUNTIME_PRIMITIVE,CUDA copy or memset runtime primitive,yes,2,1,CUB,DeviceSegmentedReduce + transform input iterator,BUILDING_BLOCKS_ONLY,whole through a configured iterator/reduction composition,"runtime embedding IDs must be in bounds; bag-to-sample association, accumulation order, and FP behavior must agree",contiguous embedding and gradient rows; segment width equals embedding dimension,finish raising residual loops; then recognize the affine gather plus inner dot reduction and lower a generated transform iterator,HIGH,MEDIUM,,https://nvidia.github.io/cccl/unstable/cub/api/device.html,cuTENSOR/cuDNN only when the indexing operation specializes to a regular affine tensor op,LIBRARY_BACKEND_ABSENT,RAISING_THEN_LIBRARY_LOWERING
aten_entr,aten/src/ATen/native/cpu/UnaryOpsKernel.cpp,entr_kernel,issues/aten_c_kernels/aten_entr.c,float,N=4096,pointwise_reduction_formula: entr_kernel,pointwise_reduction_formula,,NONE,NO_IMPLEMENTATION,no emitted launch,no,1,0,cuDNN,pointwise operations + reduction operation graph,EXACT_GRAPH_IF_SUPPORTED,whole if graph accepted,"body operations, NaN policy, reduction identity and reassociation must match",cuDNN supported modes/types/layout/alignment; fusion engines do not accept every arbitrary graph,extract expression DAG + graph legality/cost check + cuDNN plan lowering,HIGH,MEDIUM,,https://docs.nvidia.com/deeplearning/cudnn/latest/index.html,cuTENSOR for its fixed unary/binary operator subset; NPP for flat supported signals,GENERAL_CUDNN_GRAPH_BACKEND_ABSENT,SEMANTIC_MATCHER_AND_LIBRARY_BACKEND
aten_eq,aten/src/ATen/native/cpu/BinaryOpsKernel.cpp,eq_kernel,issues/aten_c_kernels/aten_eq.c,float,N=4096,pointwise: eq_kernel,pointwise,,NONE,NO_IMPLEMENTATION,no emitted launch,no,1,0,cuDNN,Pointwise operation graph,EXACT_GRAPH_IF_SUPPORTED,whole if every node is supported,"rounding mode, integer division/modulo, NaN/signed-zero and backward formula must agree",broadcastable regular strides and cuDNN-supported data types/alignment,provenance-preserving expression DAG extraction + cuDNN graph backend,HIGH,HIGH,,https://docs.nvidia.com/deeplearning/cudnn/latest/index.html,cuTENSOR for its fixed unary/binary operator subset; NPP for flat supported signals,GENERAL_CUDNN_GRAPH_BACKEND_ABSENT,SEMANTIC_MATCHER_AND_LIBRARY_BACKEND
aten_erfcx,aten/src/ATen/native/cpu/UnaryOpsKernel.cpp,erfcx_kernel,issues/aten_c_kernels/aten_erfcx.c,float,N=4096,opaque_special_function: erfcx_kernel,opaque_special_function,,NONE,NO_IMPLEMENTATION,no emitted launch,no,1,0,none,no defensible public-library mapping identified,NO_PUBLIC_LIBRARY_EQUIVALENT,none,operation-specific semantics exceed reviewed public APIs,not applicable,retain raised code; revisit only with new library evidence,MEDIUM,NONE,,,scalar CUDA math/libdevice or generated kernel (not a link-only tensor API),NO_PUBLIC_LIBRARY_BACKEND_POSSIBLE,NO_LINK_ONLY_LIBRARY_ROUTE
aten_erfinv,aten/src/ATen/native/cpu/UnaryOpsKernel.cpp,erfinv_kernel,issues/aten_c_kernels/aten_erfinv.c,float,N=4096,compound_or_specialized: erfinv_kernel,compound_or_specialized,,NONE,NO_IMPLEMENTATION,no emitted launch,no,1,0,none,no public whole-tensor NVIDIA library operation,NO_PUBLIC_LIBRARY_EQUIVALENT,none,scalar CUDA math/libdevice or recurrences are not a host-callable tensor library implementation,not applicable,retain raised code or permit a generated/custom GPU kernel,HIGH,NONE,A scalar device function may exist; that is not a link-only tensor-library lowering.,,scalar CUDA math/libdevice or generated kernel (not a link-only tensor API),NO_PUBLIC_LIBRARY_BACKEND_POSSIBLE,NO_LINK_ONLY_LIBRARY_ROUTE
aten_eye_cpu,aten/src/ATen/native/TensorFactories.cpp,eye_out_cpu,issues/aten_c_kernels/aten_eye_cpu.c,float,N=64,tensor_initialization: eye,tensor_initialization,,NONE,NO_IMPLEMENTATION,no emitted launch,no,1,0,CUB,cudaMemcpy*/Memset or CUB building blocks,BUILDING_BLOCKS_ONLY,regular contiguous stages,"concatenation, combinations, diagonal/mask/index formulas need multiple calls or transforms",contiguous/regular pitched copies; arbitrary indexing is not memcpy,shape specialization and multi-call composition,HIGH,LOW,,https://nvidia.github.io/cccl/unstable/cub/api/device.html,cuTENSOR/cuDNN only when the indexing operation specializes to a regular affine tensor op,LIBRARY_BACKEND_ABSENT,MULTI_CALL_COMPOSITION_NOT_MATCHER_ONLY
aten_fft_conjugate_symmetry_cpu,aten/src/ATen/native/SpectralOps.cpp,_fft_fill_with_conjugate_symmetry_,issues/aten_c_kernels/aten_fft_conjugate_symmetry_cpu.c,float,N=256,complex_layout: _fft_fill_with_conjugate_symmetry_,complex_layout,,NONE,NO_IMPLEMENTATION,no emitted launch,no,2,0,cuTENSOR,cutensorPermute with CONJ/IDENTITY,SUBSET_WITH_CONSTRAINTS,conjugate/permutation stage,angle/sign/conjugate-symmetry fill may contain formulas or overlapping writes,regular complex FP32/FP64 tensors and affine permutation,split pure conjugate/permutation stages; compose remaining work,HIGH,MEDIUM,,https://docs.nvidia.com/cuda/cutensor/latest/api/cutensor.html,none identified with stronger whole-kernel semantics,GENERAL_CUTENSOR_BACKEND_ABSENT_CUTENSORNET_IS_NOT_EQUIVALENT,LEGALITY_SPECIALIZATION_AND_BACKEND
aten_fftshift_cpu,aten/src/ATen/native/SpectralOps.cpp,fft_fftshift,issues/aten_c_kernels/aten_fftshift_cpu.c,float,N=256,cyclic_shift: fft_fftshift,cyclic_shift,,NONE,NO_IMPLEMENTATION,no emitted launch,no,1,0,none,no fixed public NVIDIA library call,NO_PUBLIC_LIBRARY_EQUIVALENT,none,modular wraparound indexing is not a cuTENSOR affine-mode permutation,not applicable,retain the Linalg computation and use conventional GPU lowering,HIGH,NONE,,,scalar CUDA math/libdevice or generated kernel (not a link-only tensor API),NO_PUBLIC_LIBRARY_BACKEND_POSSIBLE,NO_LINK_ONLY_LIBRARY_ROUTE
aten_fill,aten/src/ATen/native/cpu/FillKernel.cpp,fill_kernel,issues/aten_c_kernels/aten_fill.c,float,N=4096,tensor_initialization: fill_kernel,tensor_initialization,,NONE,NO_IMPLEMENTATION,no emitted launch,no,1,0,CUB,cudaMemcpy*/Memset or CUB building blocks,BUILDING_BLOCKS_ONLY,regular contiguous stages,"concatenation, combinations, diagonal/mask/index formulas need multiple calls or transforms",contiguous/regular pitched copies; arbitrary indexing is not memcpy,shape specialization and multi-call composition,HIGH,LOW,,https://nvidia.github.io/cccl/unstable/cub/api/device.html,cuTENSOR/cuDNN only when the indexing operation specializes to a regular affine tensor op,LIBRARY_BACKEND_ABSENT,MULTI_CALL_COMPOSITION_NOT_MATCHER_ONLY
aten_fill_diagonal_cpu,aten/src/ATen/native/Fill.cpp,fill_diagonal_,issues/aten_c_kernels/aten_fill_diagonal_cpu.c,float,N=32,tensor_initialization: fill_diagonal_,tensor_initialization,,NONE,NO_IMPLEMENTATION,no emitted launch,no,1,0,CUB,cudaMemcpy*/Memset or CUB building blocks,BUILDING_BLOCKS_ONLY,regular contiguous stages,"concatenation, combinations, diagonal/mask/index formulas need multiple calls or transforms",contiguous/regular pitched copies; arbitrary indexing is not memcpy,shape specialization and multi-call composition,HIGH,LOW,,https://nvidia.github.io/cccl/unstable/cub/api/device.html,cuTENSOR/cuDNN only when the indexing operation specializes to a regular affine tensor op,LIBRARY_BACKEND_ABSENT,MULTI_CALL_COMPOSITION_NOT_MATCHER_ONLY
aten_flash_attention_backward_cpu,aten/src/ATen/native/cpu/FlashAttentionKernel.cpp,flash_attention_backward_kernel_impl,issues/aten_c_kernels/aten_flash_attention_backward_cpu.c,float,B=1; H=2; Q=16; K=16; D=32,attention: flash_attention_backward_kernel_impl,attention,,NONE,NO_IMPLEMENTATION,no emitted launch,no,5,7,cuDNN,SDPA forward/backward graph,SUBSET_WITH_CONSTRAINTS,whole for supported SDPA,"mask, dropout, scale, RNG state, auxiliary statistics and backward contract must match",cuDNN SDPA head-size/layout/dtype/device restrictions,finish raising residual loops; then recognize complete attention graph + cuDNN frontend plan backend,HIGH,HIGH,,https://docs.nvidia.com/deeplearning/cudnn/latest/index.html,none identified with stronger whole-kernel semantics,GENERAL_CUDNN_GRAPH_BACKEND_ABSENT,RAISING_THEN_LIBRARY_LOWERING
aten_flash_attention_cpu,aten/src/ATen/native/cpu/FlashAttentionKernel.cpp,flash_attention_kernel_impl,issues/aten_c_kernels/aten_flash_attention_cpu.c,float,B=1; H=2; Q=16; K=16; D=32,attention: flash_attention_kernel_impl,attention,"cublasSdot,memset_zero_1D_f32",PARTIAL_STAGE_ONLY,LIBRARY_API_COMPOSITION,public vendor API or vendor operation graph; CUDA copy or memset runtime primitive,yes,4,3,cuDNN,SDPA forward/backward graph,SUBSET_WITH_CONSTRAINTS,whole for supported SDPA,"mask, dropout, scale, RNG state, auxiliary statistics and backward contract must match",cuDNN SDPA head-size/layout/dtype/device restrictions,finish raising residual loops; then recognize complete attention graph + cuDNN frontend plan backend,HIGH,HIGH,,https://docs.nvidia.com/deeplearning/cudnn/latest/index.html,none identified with stronger whole-kernel semantics,GENERAL_CUDNN_GRAPH_BACKEND_ABSENT,RAISING_THEN_LIBRARY_LOWERING
aten_flatten_indices_launch_cpu,aten/src/ATen/native/sparse/FlattenIndicesKernel.cpp,launch,issues/aten_c_kernels/aten_flatten_indices_launch_cpu.c,int,D=3; N=512,index_generation: launch,index_generation,,NONE,NO_IMPLEMENTATION,no emitted launch,no,2,0,CUB,cudaMemcpy*/Memset or CUB building blocks,BUILDING_BLOCKS_ONLY,regular contiguous stages,"concatenation, combinations, diagonal/mask/index formulas need multiple calls or transforms",contiguous/regular pitched copies; arbitrary indexing is not memcpy,shape specialization and multi-call composition,HIGH,LOW,,https://nvidia.github.io/cccl/unstable/cub/api/device.html,cuTENSOR/cuDNN only when the indexing operation specializes to a regular affine tensor op,LIBRARY_BACKEND_ABSENT,MULTI_CALL_COMPOSITION_NOT_MATCHER_ONLY
aten_flip_cpu,aten/src/ATen/native/cpu/IndexKernel.cpp,flip_kernel,issues/aten_c_kernels/aten_flip_cpu.c,float/int,R=32; K=64; S=128,reverse: flip_kernel,reverse,,NONE,NO_IMPLEMENTATION,no emitted launch,no,1,0,none,no direct reverse API,NO_PUBLIC_LIBRARY_EQUIVALENT,none,multi-axis flip order is irrelevant but views/aliasing must be legal,contiguous flattened range; arbitrary strided axes require permutation/composition,leave as residual IR,HIGH,LOW,,,scalar CUDA math/libdevice or generated kernel (not a link-only tensor API),NO_PUBLIC_LIBRARY_BACKEND_POSSIBLE,NO_LINK_ONLY_LIBRARY_ROUTE
aten_fractional_max_pool2d_backward_cpu,aten/src/ATen/native/FractionalMaxPool2d.cpp,fractional_max_pool2d_backward_out_frame,issues/aten_c_kernels/aten_fractional_max_pool2d_backward_cpu.c,float/int,B=2; C=3; IH=9; IW=10; OH=4; OW=5; KH=3; KW=3,pointwise_reduction_formula: fractional_max_pool2d_backward_frame,pointwise_reduction_formula,,NONE,NO_IMPLEMENTATION,no emitted launch,no,0,5,cuDNN,MAXPOOL Resample,BUILDING_BLOCKS_ONLY,window reduction only,sample-generated window origins and returned indices are outside cuDNN pooling,irregular per-output windows are not one cuDNN descriptor,finish raising residual loops; then multi-stage composition; not a matcher-only gap,HIGH,LOW,,https://docs.nvidia.com/deeplearning/cudnn/latest/index.html,cuTENSOR for its fixed unary/binary operator subset; NPP for flat supported signals,RELATED_CUDNN_WRAPPERS_PRESENT_NEED_GENERALIZATION,RAISING_THEN_LIBRARY_LOWERING
aten_fractional_max_pool2d_cpu,aten/src/ATen/native/FractionalMaxPool2d.cpp,fractional_max_pool2d_out_frame,issues/aten_c_kernels/aten_fractional_max_pool2d_cpu.c,float/int,B=2; C=3; IH=9; IW=10; OH=4; OW=5; KH=3; KW=3,pointwise_reduction_formula: fractional_max_pool2d_frame,pointwise_reduction_formula,cudaCopy1D_f32_tensor,PARTIAL_STAGE_ONLY,CUDA_RUNTIME_PRIMITIVE,CUDA copy or memset runtime primitive,yes,4,6,cuDNN,MAXPOOL Resample,BUILDING_BLOCKS_ONLY,window reduction only,sample-generated window origins and returned indices are outside cuDNN pooling,irregular per-output windows are not one cuDNN descriptor,finish raising residual loops; then multi-stage composition; not a matcher-only gap,HIGH,LOW,,https://docs.nvidia.com/deeplearning/cudnn/latest/index.html,cuTENSOR for its fixed unary/binary operator subset; NPP for flat supported signals,RELATED_CUDNN_WRAPPERS_PRESENT_NEED_GENERALIZATION,RAISING_THEN_LIBRARY_LOWERING
aten_fractional_max_pool3d_backward_cpu,aten/src/ATen/native/FractionalMaxPool3d.cpp,fractional_max_pool3d_backward_out_frame,issues/aten_c_kernels/aten_fractional_max_pool3d_backward_cpu.c,float/int,B=1; C=2; ID=8; IH=9; IW=10; OD=3; OH=4; OW=5; KD=2; KH=3; KW=3,pointwise_reduction_formula: fractional_max_pool3d_backward_frame,pointwise_reduction_formula,,NONE,NO_IMPLEMENTATION,no emitted launch,no,0,5,cuDNN,MAXPOOL Resample,BUILDING_BLOCKS_ONLY,window reduction only,sample-generated window origins and returned indices are outside cuDNN pooling,irregular per-output windows are not one cuDNN descriptor,finish raising residual loops; then multi-stage composition; not a matcher-only gap,HIGH,LOW,,https://docs.nvidia.com/deeplearning/cudnn/latest/index.html,cuTENSOR for its fixed unary/binary operator subset; NPP for flat supported signals,RELATED_CUDNN_WRAPPERS_PRESENT_NEED_GENERALIZATION,RAISING_THEN_LIBRARY_LOWERING
aten_fractional_max_pool3d_cpu,aten/src/ATen/native/FractionalMaxPool3d.cpp,fractional_max_pool3d_out_frame,issues/aten_c_kernels/aten_fractional_max_pool3d_cpu.c,float/int,B=1; C=2; ID=8; IH=9; IW=10; OD=3; OH=4; OW=5; KD=2; KH=3; KW=3,pointwise_reduction_formula: fractional_max_pool3d_frame,pointwise_reduction_formula,cudaCopy1D_f32_tensor,PARTIAL_STAGE_ONLY,CUDA_RUNTIME_PRIMITIVE,CUDA copy or memset runtime primitive,yes,4,7,cuDNN,MAXPOOL Resample,BUILDING_BLOCKS_ONLY,window reduction only,sample-generated window origins and returned indices are outside cuDNN pooling,irregular per-output windows are not one cuDNN descriptor,finish raising residual loops; then multi-stage composition; not a matcher-only gap,HIGH,LOW,,https://docs.nvidia.com/deeplearning/cudnn/latest/index.html,cuTENSOR for its fixed unary/binary operator subset; NPP for flat supported signals,RELATED_CUDNN_WRAPPERS_PRESENT_NEED_GENERALIZATION,RAISING_THEN_LIBRARY_LOWERING
aten_fused_adagrad_cpu,aten/src/ATen/native/cpu/FusedAdagradKernel.cpp,fused_adagrad_kernel,issues/aten_c_kernels/aten_fused_adagrad_cpu.c,float/int,N=4096,optimizer_update: fused_adagrad_kernel,optimizer_update,,NONE,NO_IMPLEMENTATION,no emitted launch,no,1,0,cuDNN,pointwise/reduction/matmul operation graph,BUILDING_BLOCKS_ONLY,arithmetic stages,"complete formula, index/label rules, state mutation, reductions and backward outputs",only graph nodes/layouts supported by cuDNN,extract and partition expression/stage graph; validate plan or keep raised code,HIGH,LOW,,https://docs.nvidia.com/deeplearning/cudnn/latest/index.html,none identified with stronger whole-kernel semantics,GENERAL_CUDNN_GRAPH_BACKEND_ABSENT,MULTI_CALL_COMPOSITION_NOT_MATCHER_ONLY
aten_fused_adam_cpu,aten/src/ATen/native/cpu/FusedAdamKernel.cpp,fused_adam_kernel,issues/aten_c_kernels/aten_fused_adam_cpu.c,float/int,N=4096,optimizer_update: fused_adam_kernel,optimizer_update,,NONE,NO_IMPLEMENTATION,no emitted launch,no,0,1,cuDNN,pointwise/reduction/matmul operation graph,BUILDING_BLOCKS_ONLY,arithmetic stages,"complete formula, index/label rules, state mutation, reductions and backward outputs",only graph nodes/layouts supported by cuDNN,finish raising residual loops; then extract and partition expression/stage graph; validate plan or keep raised code,HIGH,LOW,,https://docs.nvidia.com/deeplearning/cudnn/latest/index.html,none identified with stronger whole-kernel semantics,GENERAL_CUDNN_GRAPH_BACKEND_ABSENT,RAISING_THEN_LIBRARY_LOWERING
aten_fused_sgd_cpu,aten/src/ATen/native/cpu/FusedSGDKernel.cpp,fused_sgd_kernel,issues/aten_c_kernels/aten_fused_sgd_cpu.c,float/int,N=4096,optimizer_update: fused_sgd_kernel,optimizer_update,,NONE,NO_IMPLEMENTATION,no emitted launch,no,0,1,cuDNN,pointwise/reduction/matmul operation graph,BUILDING_BLOCKS_ONLY,arithmetic stages,"complete formula, index/label rules, state mutation, reductions and backward outputs",only graph nodes/layouts supported by cuDNN,finish raising residual loops; then extract and partition expression/stage graph; validate plan or keep raised code,HIGH,LOW,,https://docs.nvidia.com/deeplearning/cudnn/latest/index.html,none identified with stronger whole-kernel semantics,GENERAL_CUDNN_GRAPH_BACKEND_ABSENT,RAISING_THEN_LIBRARY_LOWERING
aten_gather_cpu,aten/src/ATen/native/cpu/ScatterGatherKernel.cpp,gather_cpu_kernel,issues/aten_c_kernels/aten_gather_cpu.c,float/int,R=32; K=64; S=128,indexed_data_movement: gather_kernel,indexed_data_movement,,NONE,NO_IMPLEMENTATION,no emitted launch,no,1,0,CUB,DeviceSelect or sort/reduce-by-key primitives,BUILDING_BLOCKS_ONLY,supported indexing stages,"bounds/negative indices, duplicate destinations, atomic reduction, determinism and write order",index arrays and flattened affine addressing; patch operations need index generation,indexed-op semantic matcher + collision proof or reduce-by-key composition,HIGH,MEDIUM,,https://nvidia.github.io/cccl/unstable/cub/api/device.html,cuTENSOR/cuDNN only when the indexing operation specializes to a regular affine tensor op,LIBRARY_BACKEND_ABSENT,MULTI_CALL_COMPOSITION_NOT_MATCHER_ONLY
aten_gather_expanded_index_cpu,aten/src/ATen/native/cpu/ScatterGatherKernel.cpp,gather_expanded_index_kernel,issues/aten_c_kernels/aten_gather_expanded_index_cpu.c,float/int,R=32; K=64; S=128,indexed_data_movement: gather_expanded_index_kernel,indexed_data_movement,,NONE,NO_IMPLEMENTATION,no emitted launch,no,1,0,CUB,DeviceSelect or sort/reduce-by-key primitives,BUILDING_BLOCKS_ONLY,supported indexing stages,"bounds/negative indices, duplicate destinations, atomic reduction, determinism and write order",index arrays and flattened affine addressing; patch operations need index generation,indexed-op semantic matcher + collision proof or reduce-by-key composition,HIGH,MEDIUM,,https://nvidia.github.io/cccl/unstable/cub/api/device.html,cuTENSOR/cuDNN only when the indexing operation specializes to a regular affine tensor op,LIBRARY_BACKEND_ABSENT,MULTI_CALL_COMPOSITION_NOT_MATCHER_ONLY
aten_gcd_i32,aten/src/ATen/native/cpu/BinaryOpsKernel.cpp,gcd_kernel,issues/aten_c_kernels/aten_gcd_i32.c,int,N=4096,compound_or_specialized: gcd_kernel,compound_or_specialized,,NONE,NO_IMPLEMENTATION,no emitted launch,no,1,1,none,no public whole-tensor NVIDIA library operation,NO_PUBLIC_LIBRARY_EQUIVALENT,none,scalar CUDA math/libdevice or recurrences are not a host-callable tensor library implementation,not applicable,finish raising residual loops; then retain raised code or permit a generated/custom GPU kernel,HIGH,NONE,A scalar device function may exist; that is not a link-only tensor-library lowering.,,scalar CUDA math/libdevice or generated kernel (not a link-only tensor API),NO_PUBLIC_LIBRARY_BACKEND_POSSIBLE,RAISING_THEN_LIBRARY_LOWERING
aten_ge,aten/src/ATen/native/cpu/BinaryOpsKernel.cpp,ge_kernel,issues/aten_c_kernels/aten_ge.c,float,N=4096,pointwise: ge_kernel,pointwise,,NONE,NO_IMPLEMENTATION,no emitted launch,no,1,0,cuDNN,Pointwise operation graph,EXACT_GRAPH_IF_SUPPORTED,whole if every node is supported,"rounding mode, integer division/modulo, NaN/signed-zero and backward formula must agree",broadcastable regular strides and cuDNN-supported data types/alignment,provenance-preserving expression DAG extraction + cuDNN graph backend,HIGH,HIGH,,https://docs.nvidia.com/deeplearning/cudnn/latest/index.html,cuTENSOR for its fixed unary/binary operator subset; NPP for flat supported signals,GENERAL_CUDNN_GRAPH_BACKEND_ABSENT,SEMANTIC_MATCHER_AND_LIBRARY_BACKEND
aten_grid_sampler_2d_backward_cpu,aten/src/ATen/native/cpu/GridSamplerKernel.cpp,grid_sampler_2d_backward_cpu_kernel_impl,issues/aten_c_kernels/aten_grid_sampler_2d_backward_cpu.c,float,B=1; C=3; IH=8; IW=8; OH=6; OW=6,resampling: grid_sampler_2d_backward_kernel_impl,resampling,"cudnnPointwiseGraph_f32,memset_zero_1D_f32",PARTIAL_STAGE_ONLY,LIBRARY_API_COMPOSITION,public vendor API or vendor operation graph; CUDA copy or memset runtime primitive,yes,4,4,NPP,nppiResize/nppiRemap,SUBSET_WITH_CONSTRAINTS,forward 2D image subset,"ATen grid normalization, padding mode, align_corners, antialias and backward are not generally identical",NPP 2D image channels/ROI/step and supported dtypes,finish raising residual loops; then specialize proven-compatible 2D forward cases; no generic one-call route,HIGH,LOW,,https://docs.nvidia.com/cuda/npp/,NPP for compatible 2D image cases; implicit-GEMM via cuBLAS/CUTLASS for convolution,LIBRARY_BACKEND_ABSENT,RAISING_THEN_LIBRARY_LOWERING
aten_grid_sampler_2d_cpu,aten/src/ATen/native/cpu/GridSamplerKernel.cpp,grid_sampler_2d_cpu_kernel_impl,issues/aten_c_kernels/aten_grid_sampler_2d_cpu.c,float,B=1; C=3; IH=8; IW=8; OH=6; OW=6,resampling: grid_sampler_2d_kernel_impl,resampling,,NONE,NO_IMPLEMENTATION,no emitted launch,no,1,0,NPP,nppiResize/nppiRemap,SUBSET_WITH_CONSTRAINTS,forward 2D image subset,"ATen grid normalization, padding mode, align_corners, antialias and backward are not generally identical",NPP 2D image channels/ROI/step and supported dtypes,specialize proven-compatible 2D forward cases; no generic one-call route,HIGH,LOW,,https://docs.nvidia.com/cuda/npp/,NPP for compatible 2D image cases; implicit-GEMM via cuBLAS/CUTLASS for convolution,LIBRARY_BACKEND_ABSENT,LEGALITY_SPECIALIZATION_AND_BACKEND
aten_grid_sampler_2d_fallback_cpu,aten/src/ATen/native/GridSampler.cpp,_grid_sampler_2d_cpu_fallback,issues/aten_c_kernels/aten_grid_sampler_2d_fallback_cpu.c,float/int,N=256,resampling: _grid_sampler_2d_fallback,resampling,,NONE,NO_IMPLEMENTATION,no emitted launch,no,1,0,NPP,nppiResize/nppiRemap,SUBSET_WITH_CONSTRAINTS,forward 2D image subset,"ATen grid normalization, padding mode, align_corners, antialias and backward are not generally identical",NPP 2D image channels/ROI/step and supported dtypes,specialize proven-compatible 2D forward cases; no generic one-call route,HIGH,LOW,,https://docs.nvidia.com/cuda/npp/,NPP for compatible 2D image cases; implicit-GEMM via cuBLAS/CUTLASS for convolution,LIBRARY_BACKEND_ABSENT,LEGALITY_SPECIALIZATION_AND_BACKEND
aten_grid_sampler_2d_quantized_cpu,aten/src/ATen/native/GridSampler.cpp,_grid_sampler_2d_cpu_quantized,issues/aten_c_kernels/aten_grid_sampler_2d_quantized_cpu.c,float/int,N=256,resampling: _grid_sampler_2d_quantized,resampling,,NONE,NO_IMPLEMENTATION,no emitted launch,no,1,0,NPP,nppiResize/nppiRemap,SUBSET_WITH_CONSTRAINTS,forward 2D image subset,"ATen grid normalization, padding mode, align_corners, antialias and backward are not generally identical",NPP 2D image channels/ROI/step and supported dtypes,specialize proven-compatible 2D forward cases; no generic one-call route,HIGH,LOW,,https://docs.nvidia.com/cuda/npp/,NPP for compatible 2D image cases; implicit-GEMM via cuBLAS/CUTLASS for convolution,LIBRARY_BACKEND_ABSENT,LEGALITY_SPECIALIZATION_AND_BACKEND
aten_grid_sampler_3d_backward_cpu,aten/src/ATen/native/GridSampler.cpp,grid_sampler_3d_backward_cpu_impl,issues/aten_c_kernels/aten_grid_sampler_3d_backward_cpu.c,float,B=1; C=2; ID=6; IH=7; IW=8; OD=4; OH=5; OW=6,resampling: grid_sampler_3d_backward_impl,resampling,,NONE,NO_IMPLEMENTATION,no emitted launch,no,0,8,NPP,nppiResize/nppiRemap,SUBSET_WITH_CONSTRAINTS,forward 2D image subset,"ATen grid normalization, padding mode, align_corners, antialias and backward are not generally identical",NPP 2D image channels/ROI/step and supported dtypes,finish raising residual loops; then specialize proven-compatible 2D forward cases; no generic one-call route,HIGH,LOW,,https://docs.nvidia.com/cuda/npp/,NPP for compatible 2D image cases; implicit-GEMM via cuBLAS/CUTLASS for convolution,LIBRARY_BACKEND_ABSENT,RAISING_THEN_LIBRARY_LOWERING
aten_grid_sampler_3d_cpu,aten/src/ATen/native/GridSampler.cpp,grid_sampler_3d_cpu_impl,issues/aten_c_kernels/aten_grid_sampler_3d_cpu.c,float,B=1; C=2; ID=6; IH=7; IW=8; OD=4; OH=5; OW=6,resampling: grid_sampler_3d_impl,resampling,memset_zero_2D_f32,PARTIAL_STAGE_ONLY,CUDA_RUNTIME_PRIMITIVE,CUDA copy or memset runtime primitive,yes,2,2,NPP,nppiResize/nppiRemap,SUBSET_WITH_CONSTRAINTS,forward 2D image subset,"ATen grid normalization, padding mode, align_corners, antialias and backward are not generally identical",NPP 2D image channels/ROI/step and supported dtypes,finish raising residual loops; then specialize proven-compatible 2D forward cases; no generic one-call route,HIGH,LOW,,https://docs.nvidia.com/cuda/npp/,NPP for compatible 2D image cases; implicit-GEMM via cuBLAS/CUTLASS for convolution,LIBRARY_BACKEND_ABSENT,RAISING_THEN_LIBRARY_LOWERING
aten_group_norm_backward_cpu,aten/src/ATen/native/cpu/group_norm_kernel.cpp,GroupNormBackwardKernelImpl,issues/aten_c_kernels/aten_group_norm_backward_cpu.c,float,B=4; G=4; CPG=2; S=16,normalization: GroupNormBackwardKernelImpl,normalization,,NONE,NO_IMPLEMENTATION,no emitted launch,no,4,3,cuDNN,Batch/Layer/Group normalization graph,EXACT_GRAPH_IF_SUPPORTED,whole for supported normalization; otherwise normalization stages,"epsilon, training/inference, saved statistics, unbiased variance and backward outputs",cuDNN normalization layout/type/alignment restrictions,finish raising residual loops; then normalization semantic matcher + cuDNN graph-plan backend,HIGH,HIGH,,https://docs.nvidia.com/deeplearning/cudnn/latest/index.html,CUB segmented/device reduction; cuDNN graph; NPP flat-signal statistics,GENERAL_CUDNN_GRAPH_BACKEND_ABSENT,RAISING_THEN_LIBRARY_LOWERING
aten_group_norm_cpu,aten/src/ATen/native/cpu/group_norm_kernel.cpp,GroupNormKernelImpl,issues/aten_c_kernels/aten_group_norm_cpu.c,float,B=4; G=4; CPG=2; S=16,normalization: GroupNormKernelImpl,normalization,,NONE,NO_IMPLEMENTATION,no emitted launch,no,3,2,cuDNN,Batch/Layer/Group normalization graph,EXACT_GRAPH_IF_SUPPORTED,whole for supported normalization; otherwise normalization stages,"epsilon, training/inference, saved statistics, unbiased variance and backward outputs",cuDNN normalization layout/type/alignment restrictions,finish raising residual loops; then normalization semantic matcher + cuDNN graph-plan backend,HIGH,HIGH,,https://docs.nvidia.com/deeplearning/cudnn/latest/index.html,CUB segmented/device reduction; cuDNN graph; NPP flat-signal statistics,GENERAL_CUDNN_GRAPH_BACKEND_ABSENT,RAISING_THEN_LIBRARY_LOWERING
aten_gt,aten/src/ATen/native/cpu/BinaryOpsKernel.cpp,gt_kernel,issues/aten_c_kernels/aten_gt.c,float,N=4096,pointwise: gt_kernel,pointwise,,NONE,NO_IMPLEMENTATION,no emitted launch,no,1,0,cuDNN,Pointwise operation graph,EXACT_GRAPH_IF_SUPPORTED,whole if every node is supported,"rounding mode, integer division/modulo, NaN/signed-zero and backward formula must agree",broadcastable regular strides and cuDNN-supported data types/alignment,provenance-preserving expression DAG extraction + cuDNN graph backend,HIGH,HIGH,,https://docs.nvidia.com/deeplearning/cudnn/latest/index.html,cuTENSOR for its fixed unary/binary operator subset; NPP for flat supported signals,GENERAL_CUDNN_GRAPH_BACKEND_ABSENT,SEMANTIC_MATCHER_AND_LIBRARY_BACKEND
aten_heaviside,aten/src/ATen/native/cpu/BinaryOpsKernel.cpp,heaviside_kernel,issues/aten_c_kernels/aten_heaviside.c,float,N=4096,pointwise_formula: heaviside_kernel,pointwise_formula,,NONE,NO_IMPLEMENTATION,no emitted launch,no,1,0,cuDNN,Pointwise operation graph,EXACT_GRAPH_IF_SUPPORTED,whole if every node is supported,"rounding mode, integer division/modulo, NaN/signed-zero and backward formula must agree",broadcastable regular strides and cuDNN-supported data types/alignment,provenance-preserving expression DAG extraction + cuDNN graph backend,HIGH,HIGH,,https://docs.nvidia.com/deeplearning/cudnn/latest/index.html,cuTENSOR for its fixed unary/binary operator subset; NPP for flat supported signals,GENERAL_CUDNN_GRAPH_BACKEND_ABSENT,SEMANTIC_MATCHER_AND_LIBRARY_BACKEND
aten_hermite_polynomial_h,aten/src/ATen/native/cpu/BinaryOpsKernel.cpp,hermite_polynomial_h_kernel,issues/aten_c_kernels/aten_hermite_polynomial_h.c,float,N=4096,special_function: hermite_polynomial_h_kernel,special_function,,NONE,NO_IMPLEMENTATION,no emitted launch,no,1,0,none,no public whole-tensor NVIDIA library operation,NO_PUBLIC_LIBRARY_EQUIVALENT,none,scalar CUDA math/libdevice or recurrences are not a host-callable tensor library implementation,not applicable,retain raised code or permit a generated/custom GPU kernel,HIGH,NONE,A scalar device function may exist; that is not a link-only tensor-library lowering.,,scalar CUDA math/libdevice or generated kernel (not a link-only tensor API),NO_PUBLIC_LIBRARY_BACKEND_POSSIBLE,NO_LINK_ONLY_LIBRARY_ROUTE
aten_hermite_polynomial_he,aten/src/ATen/native/cpu/BinaryOpsKernel.cpp,hermite_polynomial_he_kernel,issues/aten_c_kernels/aten_hermite_polynomial_he.c,float,N=4096,special_function: hermite_polynomial_he_kernel,special_function,,NONE,NO_IMPLEMENTATION,no emitted launch,no,1,0,none,no public whole-tensor NVIDIA library operation,NO_PUBLIC_LIBRARY_EQUIVALENT,none,scalar CUDA math/libdevice or recurrences are not a host-callable tensor library implementation,not applicable,retain raised code or permit a generated/custom GPU kernel,HIGH,NONE,A scalar device function may exist; that is not a link-only tensor-library lowering.,,scalar CUDA math/libdevice or generated kernel (not a link-only tensor API),NO_PUBLIC_LIBRARY_BACKEND_POSSIBLE,NO_LINK_ONLY_LIBRARY_ROUTE
aten_histogramdd_cpu,aten/src/ATen/native/cpu/HistogramKernel.cpp,histogramdd_kernel_impl,issues/aten_c_kernels/aten_histogramdd_cpu.c,float,N=4096; B0=16; B1=12,histogram_count: histogramdd_kernel_impl,histogram_count,memset_zero_2D_f32,PARTIAL_STAGE_ONLY,CUDA_RUNTIME_PRIMITIVE,CUDA copy or memset runtime primitive,yes,1,1,CUB,DeviceHistogram or DeviceReduce,SUBSET_WITH_CONSTRAINTS,whole for supported binning/reduction,"bin-edge inclusivity, out-of-range/NaN handling and weighted/multidimensional bins",supported sample/bin types; histogramdd may require linearized keys,finish raising residual loops; then histogram matcher + CUB backend + semantic guards,HIGH,MEDIUM,,https://nvidia.github.io/cccl/unstable/cub/api/device.html,cuTENSOR/cuDNN only when the indexing operation specializes to a regular affine tensor op,LIBRARY_BACKEND_ABSENT,RAISING_THEN_LIBRARY_LOWERING
aten_histogramdd_linear_cpu,aten/src/ATen/native/cpu/HistogramKernel.cpp,histogramdd_linear_kernel_impl,issues/aten_c_kernels/aten_histogramdd_linear_cpu.c,float/int,N=4096; B0=16; B1=12,histogram_count: histogramdd_linear_kernel_impl,histogram_count,memset_zero_1D_f32,PARTIAL_STAGE_ONLY,CUDA_RUNTIME_PRIMITIVE,CUDA copy or memset runtime primitive,yes,1,1,CUB,DeviceHistogram or DeviceReduce,SUBSET_WITH_CONSTRAINTS,whole for supported binning/reduction,"bin-edge inclusivity, out-of-range/NaN handling and weighted/multidimensional bins",supported sample/bin types; histogramdd may require linearized keys,finish raising residual loops; then histogram matcher + CUB backend + semantic guards,HIGH,MEDIUM,,https://nvidia.github.io/cccl/unstable/cub/api/device.html,cuTENSOR/cuDNN only when the indexing operation specializes to a regular affine tensor op,LIBRARY_BACKEND_ABSENT,RAISING_THEN_LIBRARY_LOWERING
aten_host_softmax_backward_cpu,aten/src/ATen/native/SoftMax.cpp,host_softmax_backward,issues/aten_c_kernels/aten_host_softmax_backward_cpu.c,float,R=32; K=64,softmax: host_softmax_backward,softmax,"cublasSdot,cudnnPointwiseGraph_f32",PARTIAL_STAGE_ONLY,DIRECT_VENDOR_API,public vendor API or vendor operation graph,yes,2,1,cuDNN,Softmax forward/backward,EXACT_FIXED_CALL,whole,"axis, log-softmax mode, scaling and NaN behavior",dense regular tensor/axis flattening,finish raising residual loops; then softmax axis matcher + general resident wrapper,HIGH,HIGH,,https://docs.nvidia.com/deeplearning/cudnn/latest/index.html,CUB segmented/device reduction; cuDNN graph; NPP flat-signal statistics,RELATED_CUDNN_WRAPPERS_PRESENT_NEED_GENERALIZATION,RAISING_THEN_LIBRARY_LOWERING
aten_host_softmax_cpu,aten/src/ATen/native/SoftMax.cpp,host_softmax,issues/aten_c_kernels/aten_host_softmax_cpu.c,float,R=32; K=64,softmax: host_softmax,softmax,cudnnSoftmaxForwardOut_tensor,PARTIAL_STAGE_ONLY,DIRECT_VENDOR_API,public vendor API or vendor operation graph,yes,3,1,cuDNN,Softmax forward/backward,EXACT_FIXED_CALL,whole,"axis, log-softmax mode, scaling and NaN behavior",dense regular tensor/axis flattening,finish raising residual loops; then softmax axis matcher + general resident wrapper,HIGH,HIGH,,https://docs.nvidia.com/deeplearning/cudnn/latest/index.html,CUB segmented/device reduction; cuDNN graph; NPP flat-signal statistics,RELATED_CUDNN_WRAPPERS_PRESENT_NEED_GENERALIZATION,RAISING_THEN_LIBRARY_LOWERING
aten_i0,aten/src/ATen/native/cpu/UnaryOpsKernel.cpp,i0_kernel,issues/aten_c_kernels/aten_i0.c,float,N=4096,special_function: i0_kernel,special_function,,NONE,NO_IMPLEMENTATION,no emitted launch,no,1,0,none,no public whole-tensor NVIDIA library operation,NO_PUBLIC_LIBRARY_EQUIVALENT,none,scalar CUDA math/libdevice or recurrences are not a host-callable tensor library implementation,not applicable,retain raised code or permit a generated/custom GPU kernel,HIGH,NONE,A scalar device function may exist; that is not a link-only tensor-library lowering.,,scalar CUDA math/libdevice or generated kernel (not a link-only tensor API),NO_PUBLIC_LIBRARY_BACKEND_POSSIBLE,NO_LINK_ONLY_LIBRARY_ROUTE
aten_i0e,aten/src/ATen/native/cpu/UnaryOpsKernel.cpp,i0e_kernel,issues/aten_c_kernels/aten_i0e.c,float,N=4096,special_function: i0e_kernel,special_function,,NONE,NO_IMPLEMENTATION,no emitted launch,no,1,0,none,no public whole-tensor NVIDIA library operation,NO_PUBLIC_LIBRARY_EQUIVALENT,none,scalar CUDA math/libdevice or recurrences are not a host-callable tensor library implementation,not applicable,retain raised code or permit a generated/custom GPU kernel,HIGH,NONE,A scalar device function may exist; that is not a link-only tensor-library lowering.,,scalar CUDA math/libdevice or generated kernel (not a link-only tensor API),NO_PUBLIC_LIBRARY_BACKEND_POSSIBLE,NO_LINK_ONLY_LIBRARY_ROUTE
aten_i1,aten/src/ATen/native/cpu/UnaryOpsKernel.cpp,i1_kernel,issues/aten_c_kernels/aten_i1.c,float,N=4096,special_function: i1_kernel,special_function,,NONE,NO_IMPLEMENTATION,no emitted launch,no,1,0,none,no public whole-tensor NVIDIA library operation,NO_PUBLIC_LIBRARY_EQUIVALENT,none,scalar CUDA math/libdevice or recurrences are not a host-callable tensor library implementation,not applicable,retain raised code or permit a generated/custom GPU kernel,HIGH,NONE,A scalar device function may exist; that is not a link-only tensor-library lowering.,,scalar CUDA math/libdevice or generated kernel (not a link-only tensor API),NO_PUBLIC_LIBRARY_BACKEND_POSSIBLE,NO_LINK_ONLY_LIBRARY_ROUTE
aten_i1e,aten/src/ATen/native/cpu/UnaryOpsKernel.cpp,i1e_kernel,issues/aten_c_kernels/aten_i1e.c,float,N=4096,special_function: i1e_kernel,special_function,,NONE,NO_IMPLEMENTATION,no emitted launch,no,1,0,none,no public whole-tensor NVIDIA library operation,NO_PUBLIC_LIBRARY_EQUIVALENT,none,scalar CUDA math/libdevice or recurrences are not a host-callable tensor library implementation,not applicable,retain raised code or permit a generated/custom GPU kernel,HIGH,NONE,A scalar device function may exist; that is not a link-only tensor-library lowering.,,scalar CUDA math/libdevice or generated kernel (not a link-only tensor API),NO_PUBLIC_LIBRARY_BACKEND_POSSIBLE,NO_LINK_ONLY_LIBRARY_ROUTE
aten_ifftshift_cpu,aten/src/ATen/native/SpectralOps.cpp,fft_ifftshift,issues/aten_c_kernels/aten_ifftshift_cpu.c,float,N=255,cyclic_shift: fft_ifftshift,cyclic_shift,,NONE,NO_IMPLEMENTATION,no emitted launch,no,1,0,none,no fixed public NVIDIA library call,NO_PUBLIC_LIBRARY_EQUIVALENT,none,modular wraparound indexing is not a cuTENSOR affine-mode permutation,not applicable,retain the Linalg computation and use conventional GPU lowering,HIGH,NONE,,,scalar CUDA math/libdevice or generated kernel (not a link-only tensor API),NO_PUBLIC_LIBRARY_BACKEND_POSSIBLE,NO_LINK_ONLY_LIBRARY_ROUTE
aten_igamma,aten/src/ATen/native/cpu/BinaryOpsKernel.cpp,igamma_kernel,issues/aten_c_kernels/aten_igamma.c,float,N=4096,random_distribution: igamma_kernel,random_distribution,,NONE,NO_IMPLEMENTATION,no emitted launch,no,1,0,cuRAND,uniform/normal/lognormal/Poisson/Sobol generators,SUBSET_WITH_CONSTRAINTS,random draw stage or whole distribution subset,"ATen Philox generator state, seed/offset advancement, reproducibility and exact transform must match",cuRAND output type/count/alignment; many distributions need a transform,RNG-state proof + cuRAND backend; compose unsupported transforms,HIGH,LOW,,https://docs.nvidia.com/cuda/curand/host-api-overview.html,none identified with stronger whole-kernel semantics,LIBRARY_BACKEND_ABSENT,LEGALITY_SPECIALIZATION_AND_BACKEND
aten_igammac,aten/src/ATen/native/cpu/BinaryOpsKernel.cpp,igammac_kernel,issues/aten_c_kernels/aten_igammac.c,float,N=4096,random_distribution: igammac_kernel,random_distribution,,NONE,NO_IMPLEMENTATION,no emitted launch,no,1,0,cuRAND,uniform/normal/lognormal/Poisson/Sobol generators,SUBSET_WITH_CONSTRAINTS,random draw stage or whole distribution subset,"ATen Philox generator state, seed/offset advancement, reproducibility and exact transform must match",cuRAND output type/count/alignment; many distributions need a transform,RNG-state proof + cuRAND backend; compose unsupported transforms,HIGH,LOW,,https://docs.nvidia.com/cuda/curand/host-api-overview.html,none identified with stronger whole-kernel semantics,LIBRARY_BACKEND_ABSENT,LEGALITY_SPECIALIZATION_AND_BACKEND
aten_index_copy_cpu,aten/src/ATen/native/cpu/IndexKernel.cpp,index_copy_kernel,issues/aten_c_kernels/aten_index_copy_cpu.c,float/int,R=32; K=64; S=128,indexed_data_movement: index_copy_kernel,indexed_data_movement,,NONE,NO_IMPLEMENTATION,no emitted launch,no,0,2,CUB,DeviceSelect or sort/reduce-by-key primitives,BUILDING_BLOCKS_ONLY,supported indexing stages,"bounds/negative indices, duplicate destinations, atomic reduction, determinism and write order",index arrays and flattened affine addressing; patch operations need index generation,finish raising residual loops; then indexed-op semantic matcher + collision proof or reduce-by-key composition,HIGH,MEDIUM,,https://nvidia.github.io/cccl/unstable/cub/api/device.html,cuTENSOR/cuDNN only when the indexing operation specializes to a regular affine tensor op,LIBRARY_BACKEND_ABSENT,RAISING_THEN_LIBRARY_LOWERING
aten_index_cpu,aten/src/ATen/native/cpu/IndexKernel.cpp,index_kernel,issues/aten_c_kernels/aten_index_cpu.c,float/int,R=32; K=64; S=128,indexed_data_movement: index_kernel,indexed_data_movement,,NONE,NO_IMPLEMENTATION,no emitted launch,no,1,0,CUB,DeviceSelect or sort/reduce-by-key primitives,BUILDING_BLOCKS_ONLY,supported indexing stages,"bounds/negative indices, duplicate destinations, atomic reduction, determinism and write order",index arrays and flattened affine addressing; patch operations need index generation,indexed-op semantic matcher + collision proof or reduce-by-key composition,HIGH,MEDIUM,,https://nvidia.github.io/cccl/unstable/cub/api/device.html,cuTENSOR/cuDNN only when the indexing operation specializes to a regular affine tensor op,LIBRARY_BACKEND_ABSENT,MULTI_CALL_COMPOSITION_NOT_MATCHER_ONLY
aten_index_fill_cpu,aten/src/ATen/native/cpu/IndexKernel.cpp,index_fill_kernel,issues/aten_c_kernels/aten_index_fill_cpu.c,float/int,R=32; K=64; S=128,indexed_data_movement: index_fill_kernel,indexed_data_movement,,NONE,NO_IMPLEMENTATION,no emitted launch,no,0,2,CUB,DeviceSelect or sort/reduce-by-key primitives,BUILDING_BLOCKS_ONLY,supported indexing stages,"bounds/negative indices, duplicate destinations, atomic reduction, determinism and write order",index arrays and flattened affine addressing; patch operations need index generation,finish raising residual loops; then indexed-op semantic matcher + collision proof or reduce-by-key composition,HIGH,MEDIUM,,https://nvidia.github.io/cccl/unstable/cub/api/device.html,cuTENSOR/cuDNN only when the indexing operation specializes to a regular affine tensor op,LIBRARY_BACKEND_ABSENT,RAISING_THEN_LIBRARY_LOWERING
aten_index_put_cpu,aten/src/ATen/native/cpu/IndexKernel.cpp,index_put_kernel,issues/aten_c_kernels/aten_index_put_cpu.c,float/int,R=32; K=64; S=128,indexed_data_movement: index_put_kernel,indexed_data_movement,,NONE,NO_IMPLEMENTATION,no emitted launch,no,0,1,CUB,DeviceSelect or sort/reduce-by-key primitives,BUILDING_BLOCKS_ONLY,supported indexing stages,"bounds/negative indices, duplicate destinations, atomic reduction, determinism and write order",index arrays and flattened affine addressing; patch operations need index generation,finish raising residual loops; then indexed-op semantic matcher + collision proof or reduce-by-key composition,HIGH,MEDIUM,,https://nvidia.github.io/cccl/unstable/cub/api/device.html,cuTENSOR/cuDNN only when the indexing operation specializes to a regular affine tensor op,LIBRARY_BACKEND_ABSENT,RAISING_THEN_LIBRARY_LOWERING
aten_index_put_impl_cpu,aten/src/ATen/native/TensorAdvancedIndexing.cpp,_index_put_impl_,issues/aten_c_kernels/aten_index_put_impl_cpu.c,float/int,N=512,indexed_data_movement: _index_put_impl_,indexed_data_movement,,NONE,NO_IMPLEMENTATION,no emitted launch,no,0,1,CUB,DeviceSelect or sort/reduce-by-key primitives,BUILDING_BLOCKS_ONLY,supported indexing stages,"bounds/negative indices, duplicate destinations, atomic reduction, determinism and write order",index arrays and flattened affine addressing; patch operations need index generation,finish raising residual loops; then indexed-op semantic matcher + collision proof or reduce-by-key composition,HIGH,MEDIUM,,https://nvidia.github.io/cccl/unstable/cub/api/device.html,cuTENSOR/cuDNN only when the indexing operation specializes to a regular affine tensor op,LIBRARY_BACKEND_ABSENT,RAISING_THEN_LIBRARY_LOWERING
aten_index_reduce_impl_cpu,aten/src/ATen/native/TensorAdvancedIndexing.cpp,index_reduce_func_impl,issues/aten_c_kernels/aten_index_reduce_impl_cpu.c,float/int,N=512; O=64,indexed_scatter_reduce: index_reduce_func_impl,indexed_scatter_reduce,memset_zero_1D_f32,PARTIAL_STAGE_ONLY,CUDA_RUNTIME_PRIMITIVE,CUDA copy or memset runtime primitive,yes,1,1,CUB,DeviceSelect or sort/reduce-by-key primitives,BUILDING_BLOCKS_ONLY,supported indexing stages,"bounds/negative indices, duplicate destinations, atomic reduction, determinism and write order",index arrays and flattened affine addressing; patch operations need index generation,finish raising residual loops; then indexed-op semantic matcher + collision proof or reduce-by-key composition,HIGH,MEDIUM,,https://nvidia.github.io/cccl/unstable/cub/api/device.html,cuTENSOR/cuDNN only when the indexing operation specializes to a regular affine tensor op,LIBRARY_BACKEND_ABSENT,RAISING_THEN_LIBRARY_LOWERING
aten_index_select_dim1_cpu,aten/src/ATen/native/TensorAdvancedIndexing.cpp,index_select_out_cpu_dim1_,issues/aten_c_kernels/aten_index_select_dim1_cpu.c,float/int,R=32; C=64; K=16,indexed_data_movement: index_select_dim1_,indexed_data_movement,,NONE,NO_IMPLEMENTATION,no emitted launch,no,1,0,CUB,DeviceSelect or sort/reduce-by-key primitives,BUILDING_BLOCKS_ONLY,supported indexing stages,"bounds/negative indices, duplicate destinations, atomic reduction, determinism and write order",index arrays and flattened affine addressing; patch operations need index generation,indexed-op semantic matcher + collision proof or reduce-by-key composition,HIGH,MEDIUM,,https://nvidia.github.io/cccl/unstable/cub/api/device.html,cuTENSOR/cuDNN only when the indexing operation specializes to a regular affine tensor op,LIBRARY_BACKEND_ABSENT,MULTI_CALL_COMPOSITION_NOT_MATCHER_ONLY
aten_index_select_out_cpu,aten/src/ATen/native/TensorAdvancedIndexing.cpp,index_select_out_cpu_,issues/aten_c_kernels/aten_index_select_out_cpu.c,float/int,R=32; C=64; K=16,indexed_data_movement: index_select_,indexed_data_movement,,NONE,NO_IMPLEMENTATION,no emitted launch,no,1,0,CUB,DeviceSelect or sort/reduce-by-key primitives,BUILDING_BLOCKS_ONLY,supported indexing stages,"bounds/negative indices, duplicate destinations, atomic reduction, determinism and write order",index arrays and flattened affine addressing; patch operations need index generation,indexed-op semantic matcher + collision proof or reduce-by-key composition,HIGH,MEDIUM,,https://nvidia.github.io/cccl/unstable/cub/api/device.html,cuTENSOR/cuDNN only when the indexing operation specializes to a regular affine tensor op,LIBRARY_BACKEND_ABSENT,MULTI_CALL_COMPOSITION_NOT_MATCHER_ONLY
aten_index_select_sparse_cpu,aten/src/ATen/native/TensorShape.cpp,index_select_sparse_cpu,issues/aten_c_kernels/aten_index_select_sparse_cpu.c,float/int,N=512; K=128,sparse_indexed_elementwise: index_select_sparse,sparse_indexed_elementwise,,NONE,NO_IMPLEMENTATION,no emitted launch,no,1,0,cuSPARSE,sparse descriptors plus CUB segmented/indexed primitives,BUILDING_BLOCKS_ONLY,storage and reduction stages,"implicit zeros, duplicates, segment boundaries, gradients and reduction/softmax semantics",standard sparse storage; arbitrary indexed formulas remain outside cuSPARSE,mixed cuSPARSE+CUB graph composition; not a one-call matcher,HIGH,LOW,,https://docs.nvidia.com/cuda/cusparse/index.html,CUB sort/segmented-reduce for nonstandard sparse semantics,LIBRARY_BACKEND_ABSENT,MULTI_CALL_COMPOSITION_NOT_MATCHER_ONLY
aten_int4pack_mm_cpu,aten/src/ATen/native/cpu/int4mm_kernel.cpp,int4pack_mm_kernel,issues/aten_c_kernels/aten_int4pack_mm_cpu.c,float,M=32; K=64; N=48,packed_weight_scaled_gemm: int4pack_mm_kernel,packed_weight_scaled_gemm,memset_zero_1D_f32,PARTIAL_STAGE_ONLY,CUDA_RUNTIME_PRIMITIVE,CUDA copy or memset runtime primitive,yes,2,1,CUTLASS,weight-only quantized GEMM template,TEMPLATE_SUPPORT_UNCERTAIN,whole only if the target architecture has an exact template,"unsigned nibble unpacking, zero-point subtraction, per-column scaling, FP accumulation order, and packed-byte interpretation must agree","FP32 A, packed two-per-byte INT4 B, FP32 output, per-column scale/zero point; target-specific layout/alignment",finish raising residual loops; then verify an exact CUTLASS weight-only instantiation before matching; otherwise retain conventional Linalg/GPU lowering,MEDIUM,LOW,The current cuBLASLt candidate is not a legal regular INT8 matmul replacement,https://docs.nvidia.com/cutlass/,none identified with stronger whole-kernel semantics,LIBRARY_BACKEND_ABSENT,RAISING_THEN_LIBRARY_LOWERING
aten_int8pack_mm_cpu,aten/src/ATen/native/cpu/int8mm_kernel.cpp,int8pack_mm_kernel,issues/aten_c_kernels/aten_int8pack_mm_cpu.c,float,M=32; K=64; N=48,mixed_dtype_scaled_gemm: int8pack_mm_kernel,mixed_dtype_scaled_gemm,memset_zero_2D_f32,PARTIAL_STAGE_ONLY,CUDA_RUNTIME_PRIMITIVE,CUDA copy or memset runtime primitive,yes,2,0,CUTLASS,mixed-input GEMM template,TEMPLATE_SUPPORT_UNCERTAIN,whole only if the target architecture has an exact template,"INT8-to-FP32 conversion, per-output-column scale placement, accumulation order, NaN/Inf, and overflow behavior must agree","FP32 A, INT8 B, FP32 output and scale vector; target-specific alignment/layout restrictions",preserve current partial match and partition residual graph; then verify an exact CUTLASS instantiation before adding a semantic matcher; otherwise retain conventional Linalg/GPU lowering,MEDIUM,LOW,cuBLASLt is not direct: its published regular-matrix table uses one shared Atype/Btype,https://docs.nvidia.com/cutlass/,none identified with stronger whole-kernel semantics,LIBRARY_BACKEND_ABSENT,GRAPH_PARTITION_RESIDUAL_THEN_LIBRARY_LOWERING
aten_isin_default_cpu,aten/src/ATen/native/cpu/TensorCompareKernel.cpp,isin_default_kernel_cpu,issues/aten_c_kernels/aten_isin_default_cpu.c,float/int,N=4096; M=257,set_membership: isin_default_kernel,set_membership,,NONE,NO_IMPLEMENTATION,no emitted launch,no,3,0,CUB,DeviceRadixSort/SegmentedRadixSort/Select/RLE,BUILDING_BLOCKS_ONLY,sort/search/select stages,"stable ordering, NaNs, first-index/tie policy, multidimensional axes and returned indices",contiguous keys or explicit segments; arbitrary strided axes need layout conversion,CUB backend + operation-specific composition,HIGH,MEDIUM,,https://nvidia.github.io/cccl/unstable/cub/api/device.html,cuTENSOR/cuDNN only when the indexing operation specializes to a regular affine tensor op,LIBRARY_BACKEND_ABSENT,MULTI_CALL_COMPOSITION_NOT_MATCHER_ONLY
aten_isneginf,aten/src/ATen/native/cpu/TensorCompareKernel.cpp,isneginf_kernel_impl,issues/aten_c_kernels/aten_isneginf.c,float,N=4096,pointwise_reduction_formula: isneginf_kernel_impl,pointwise_reduction_formula,,NONE,NO_IMPLEMENTATION,no emitted launch,no,1,0,cuDNN,pointwise operations + reduction operation graph,EXACT_GRAPH_IF_SUPPORTED,whole if graph accepted,"body operations, NaN policy, reduction identity and reassociation must match",cuDNN supported modes/types/layout/alignment; fusion engines do not accept every arbitrary graph,extract expression DAG + graph legality/cost check + cuDNN plan lowering,HIGH,MEDIUM,,https://docs.nvidia.com/deeplearning/cudnn/latest/index.html,cuTENSOR for its fixed unary/binary operator subset; NPP for flat supported signals,GENERAL_CUDNN_GRAPH_BACKEND_ABSENT,SEMANTIC_MATCHER_AND_LIBRARY_BACKEND
aten_isposinf,aten/src/ATen/native/cpu/TensorCompareKernel.cpp,isposinf_kernel_impl,issues/aten_c_kernels/aten_isposinf.c,float,N=4096,pointwise_reduction_formula: isposinf_kernel_impl,pointwise_reduction_formula,,NONE,NO_IMPLEMENTATION,no emitted launch,no,1,0,cuDNN,pointwise operations + reduction operation graph,EXACT_GRAPH_IF_SUPPORTED,whole if graph accepted,"body operations, NaN policy, reduction identity and reassociation must match",cuDNN supported modes/types/layout/alignment; fusion engines do not accept every arbitrary graph,extract expression DAG + graph legality/cost check + cuDNN plan lowering,HIGH,MEDIUM,,https://docs.nvidia.com/deeplearning/cudnn/latest/index.html,cuTENSOR for its fixed unary/binary operator subset; NPP for flat supported signals,GENERAL_CUDNN_GRAPH_BACKEND_ABSENT,SEMANTIC_MATCHER_AND_LIBRARY_BACKEND
aten_jagged_to_padded_cpu,aten/src/ATen/native/nested/NestedTensorTransformerFunctions.cpp,_jagged_to_padded_dense_forward_cpu,issues/aten_c_kernels/aten_jagged_to_padded_cpu.c,float/int,B=8; N=64,padding: _jagged_to_padded_dense_forward,padding,,NONE,NO_IMPLEMENTATION,no emitted launch,no,0,2,NPP,nppiCopy*Border,SUBSET_WITH_CONSTRAINTS,2D image constant/replicate border subset,reflection/circular rules and backward accumulation are not generally covered,NPP 2D ROI/channel/dtype layouts only,finish raising residual loops; then specialize compatible image cases; otherwise composition,HIGH,LOW,,https://docs.nvidia.com/cuda/npp/,none identified with stronger whole-kernel semantics,LIBRARY_BACKEND_ABSENT,RAISING_THEN_LIBRARY_LOWERING
aten_kaiser_window,aten/src/ATen/native/cpu/UnaryOpsKernel.cpp,kaiser_window_kernel,issues/aten_c_kernels/aten_kaiser_window.c,float,N=4096,compound_or_specialized: kaiser_window_kernel,compound_or_specialized,,NONE,NO_IMPLEMENTATION,no emitted launch,no,1,0,none,no public whole-tensor NVIDIA library operation,NO_PUBLIC_LIBRARY_EQUIVALENT,none,scalar CUDA math/libdevice or recurrences are not a host-callable tensor library implementation,not applicable,retain raised code or permit a generated/custom GPU kernel,HIGH,NONE,A scalar device function may exist; that is not a link-only tensor-library lowering.,,scalar CUDA math/libdevice or generated kernel (not a link-only tensor API),NO_PUBLIC_LIBRARY_BACKEND_POSSIBLE,NO_LINK_ONLY_LIBRARY_ROUTE
aten_kthvalue_cpu,aten/src/ATen/native/Sorting.cpp,kthvalue_out_impl_cpu,issues/aten_c_kernels/aten_kthvalue_cpu.c,float/int,R=16; N=63,ordering_selection: kthvalue_impl,ordering_selection,cudaCopy1D_f32_tensor,PARTIAL_STAGE_ONLY,CUDA_RUNTIME_PRIMITIVE,CUDA copy or memset runtime primitive,yes,1,3,CUB,DeviceRadixSort/SegmentedRadixSort/Select/RLE,BUILDING_BLOCKS_ONLY,sort/search/select stages,"stable ordering, NaNs, first-index/tie policy, multidimensional axes and returned indices",contiguous keys or explicit segments; arbitrary strided axes need layout conversion,finish raising residual loops; then CUB backend + operation-specific composition,HIGH,MEDIUM,,https://nvidia.github.io/cccl/unstable/cub/api/device.html,cuTENSOR/cuDNN only when the indexing operation specializes to a regular affine tensor op,LIBRARY_BACKEND_ABSENT,RAISING_THEN_LIBRARY_LOWERING
aten_l1_loss,aten/src/ATen/native/Loss.cpp,l1_loss,issues/aten_c_kernels/aten_l1_loss.c,float,N=256,loss: l1_loss,loss,,NONE,NO_IMPLEMENTATION,no emitted launch,no,1,0,cuDNN,pointwise/reduction/matmul operation graph,BUILDING_BLOCKS_ONLY,arithmetic stages,"complete formula, index/label rules, state mutation, reductions and backward outputs",only graph nodes/layouts supported by cuDNN,extract and partition expression/stage graph; validate plan or keep raised code,HIGH,LOW,,https://docs.nvidia.com/deeplearning/cudnn/latest/index.html,none identified with stronger whole-kernel semantics,GENERAL_CUDNN_GRAPH_BACKEND_ABSENT,MULTI_CALL_COMPOSITION_NOT_MATCHER_ONLY
aten_laguerre_polynomial_l,aten/src/ATen/native/cpu/BinaryOpsKernel.cpp,laguerre_polynomial_l_kernel,issues/aten_c_kernels/aten_laguerre_polynomial_l.c,float,N=4096,special_function: laguerre_polynomial_l_kernel,special_function,,NONE,NO_IMPLEMENTATION,no emitted launch,no,1,0,none,no public whole-tensor NVIDIA library operation,NO_PUBLIC_LIBRARY_EQUIVALENT,none,scalar CUDA math/libdevice or recurrences are not a host-callable tensor library implementation,not applicable,retain raised code or permit a generated/custom GPU kernel,HIGH,NONE,A scalar device function may exist; that is not a link-only tensor-library lowering.,,scalar CUDA math/libdevice or generated kernel (not a link-only tensor API),NO_PUBLIC_LIBRARY_BACKEND_POSSIBLE,NO_LINK_ONLY_LIBRARY_ROUTE
aten_layer_norm,aten/src/ATen/native/layer_norm.cpp,layer_norm,issues/aten_c_kernels/aten_layer_norm.c,float,N=128,normalization: layer_norm,normalization,"cudnnPointwiseGraph_f32,cudnnReduceSum_f32",PARTIAL_STAGE_ONLY,DIRECT_VENDOR_API,public vendor API or vendor operation graph,yes,3,0,cuDNN,Batch/Layer/Group normalization graph,EXACT_GRAPH_IF_SUPPORTED,whole for supported normalization; otherwise normalization stages,"epsilon, training/inference, saved statistics, unbiased variance and backward outputs",cuDNN normalization layout/type/alignment restrictions,preserve current partial match and partition residual graph; then normalization semantic matcher + cuDNN graph-plan backend,HIGH,HIGH,,https://docs.nvidia.com/deeplearning/cudnn/latest/index.html,CUB segmented/device reduction; cuDNN graph; NPP flat-signal statistics,GENERAL_CUDNN_GRAPH_BACKEND_ABSENT,GRAPH_PARTITION_RESIDUAL_THEN_LIBRARY_LOWERING
aten_layer_norm_backward_cpu,aten/src/ATen/native/cpu/layer_norm_kernel.cpp,LayerNormBackwardKernelImpl,issues/aten_c_kernels/aten_layer_norm_backward_cpu.c,float,B=16; D=64,normalization: LayerNormBackwardKernelImpl,normalization,memset_zero_1D_f32,PARTIAL_STAGE_ONLY,CUDA_RUNTIME_PRIMITIVE,CUDA copy or memset runtime primitive,yes,4,1,cuDNN,Batch/Layer/Group normalization graph,EXACT_GRAPH_IF_SUPPORTED,whole for supported normalization; otherwise normalization stages,"epsilon, training/inference, saved statistics, unbiased variance and backward outputs",cuDNN normalization layout/type/alignment restrictions,finish raising residual loops; then normalization semantic matcher + cuDNN graph-plan backend,HIGH,HIGH,,https://docs.nvidia.com/deeplearning/cudnn/latest/index.html,CUB segmented/device reduction; cuDNN graph; NPP flat-signal statistics,GENERAL_CUDNN_GRAPH_BACKEND_ABSENT,RAISING_THEN_LIBRARY_LOWERING
aten_layer_norm_cpu_backend,aten/src/ATen/native/cpu/layer_norm_kernel.cpp,LayerNormKernelImpl,issues/aten_c_kernels/aten_layer_norm_cpu_backend.c,float,B=16; D=64,normalization: LayerNormKernelImpl,normalization,cudnnReduceSum_f32,PARTIAL_STAGE_ONLY,DIRECT_VENDOR_API,public vendor API or vendor operation graph,yes,3,1,cuDNN,Batch/Layer/Group normalization graph,EXACT_GRAPH_IF_SUPPORTED,whole for supported normalization; otherwise normalization stages,"epsilon, training/inference, saved statistics, unbiased variance and backward outputs",cuDNN normalization layout/type/alignment restrictions,finish raising residual loops; then normalization semantic matcher + cuDNN graph-plan backend,HIGH,HIGH,,https://docs.nvidia.com/deeplearning/cudnn/latest/index.html,CUB segmented/device reduction; cuDNN graph; NPP flat-signal statistics,GENERAL_CUDNN_GRAPH_BACKEND_ABSENT,RAISING_THEN_LIBRARY_LOWERING
aten_lcm_i32,aten/src/ATen/native/cpu/BinaryOpsKernel.cpp,lcm_kernel,issues/aten_c_kernels/aten_lcm_i32.c,int,N=4096,compound_or_specialized: lcm_kernel,compound_or_specialized,,NONE,NO_IMPLEMENTATION,no emitted launch,no,1,1,none,no public whole-tensor NVIDIA library operation,NO_PUBLIC_LIBRARY_EQUIVALENT,none,scalar CUDA math/libdevice or recurrences are not a host-callable tensor library implementation,not applicable,finish raising residual loops; then retain raised code or permit a generated/custom GPU kernel,HIGH,NONE,A scalar device function may exist; that is not a link-only tensor-library lowering.,,scalar CUDA math/libdevice or generated kernel (not a link-only tensor API),NO_PUBLIC_LIBRARY_BACKEND_POSSIBLE,RAISING_THEN_LIBRARY_LOWERING
aten_ldexp,aten/src/ATen/native/cpu/BinaryOpsKernel.cpp,ldexp_kernel,issues/aten_c_kernels/aten_ldexp.c,float/int,N=4096,pointwise_reduction_formula: ldexp_kernel,pointwise_reduction_formula,,NONE,NO_IMPLEMENTATION,no emitted launch,no,1,0,cuDNN,pointwise operations + reduction operation graph,EXACT_GRAPH_IF_SUPPORTED,whole if graph accepted,"body operations, NaN policy, reduction identity and reassociation must match",cuDNN supported modes/types/layout/alignment; fusion engines do not accept every arbitrary graph,extract expression DAG + graph legality/cost check + cuDNN plan lowering,HIGH,MEDIUM,,https://docs.nvidia.com/deeplearning/cudnn/latest/index.html,cuTENSOR for its fixed unary/binary operator subset; NPP for flat supported signals,GENERAL_CUDNN_GRAPH_BACKEND_ABSENT,SEMANTIC_MATCHER_AND_LIBRARY_BACKEND
aten_le,aten/src/ATen/native/cpu/BinaryOpsKernel.cpp,le_kernel,issues/aten_c_kernels/aten_le.c,float,N=4096,pointwise: le_kernel,pointwise,,NONE,NO_IMPLEMENTATION,no emitted launch,no,1,0,cuDNN,Pointwise operation graph,EXACT_GRAPH_IF_SUPPORTED,whole if every node is supported,"rounding mode, integer division/modulo, NaN/signed-zero and backward formula must agree",broadcastable regular strides and cuDNN-supported data types/alignment,provenance-preserving expression DAG extraction + cuDNN graph backend,HIGH,HIGH,,https://docs.nvidia.com/deeplearning/cudnn/latest/index.html,cuTENSOR for its fixed unary/binary operator subset; NPP for flat supported signals,GENERAL_CUDNN_GRAPH_BACKEND_ABSENT,SEMANTIC_MATCHER_AND_LIBRARY_BACKEND
aten_legendre_polynomial_p,aten/src/ATen/native/cpu/BinaryOpsKernel.cpp,legendre_polynomial_p_kernel,issues/aten_c_kernels/aten_legendre_polynomial_p.c,float,N=4096,special_function: legendre_polynomial_p_kernel,special_function,,NONE,NO_IMPLEMENTATION,no emitted launch,no,1,0,none,no public whole-tensor NVIDIA library operation,NO_PUBLIC_LIBRARY_EQUIVALENT,none,scalar CUDA math/libdevice or recurrences are not a host-callable tensor library implementation,not applicable,retain raised code or permit a generated/custom GPU kernel,HIGH,NONE,A scalar device function may exist; that is not a link-only tensor-library lowering.,,scalar CUDA math/libdevice or generated kernel (not a link-only tensor API),NO_PUBLIC_LIBRARY_BACKEND_POSSIBLE,NO_LINK_ONLY_LIBRARY_ROUTE
aten_lgamma,aten/src/ATen/native/cpu/UnaryOpsKernel.cpp,lgamma_kernel,issues/aten_c_kernels/aten_lgamma.c,float,N=4096,random_distribution: lgamma_kernel,random_distribution,,NONE,NO_IMPLEMENTATION,no emitted launch,no,1,0,cuRAND,uniform/normal/lognormal/Poisson/Sobol generators,SUBSET_WITH_CONSTRAINTS,random draw stage or whole distribution subset,"ATen Philox generator state, seed/offset advancement, reproducibility and exact transform must match",cuRAND output type/count/alignment; many distributions need a transform,RNG-state proof + cuRAND backend; compose unsupported transforms,HIGH,LOW,,https://docs.nvidia.com/cuda/curand/host-api-overview.html,none identified with stronger whole-kernel semantics,LIBRARY_BACKEND_ABSENT,LEGALITY_SPECIALIZATION_AND_BACKEND
aten_linalg_powsum_cpu,aten/src/ATen/native/LinearAlgebra.cpp,linalg__powsum,issues/aten_c_kernels/aten_linalg_powsum_cpu.c,float,R=32; C=64,pointwise_reduction_formula: linalg__powsum,pointwise_reduction_formula,memset_zero_1D_f32,PARTIAL_STAGE_ONLY,CUDA_RUNTIME_PRIMITIVE,CUDA copy or memset runtime primitive,yes,2,0,cuDNN,pointwise operations + reduction operation graph,EXACT_GRAPH_IF_SUPPORTED,whole if graph accepted,"body operations, NaN policy, reduction identity and reassociation must match",cuDNN supported modes/types/layout/alignment; fusion engines do not accept every arbitrary graph,preserve current partial match and partition residual graph; then extract expression DAG + graph legality/cost check + cuDNN plan lowering,HIGH,MEDIUM,,https://docs.nvidia.com/deeplearning/cudnn/latest/index.html,cuTENSOR for its fixed unary/binary operator subset; NPP for flat supported signals,GENERAL_CUDNN_GRAPH_BACKEND_ABSENT,GRAPH_PARTITION_RESIDUAL_THEN_LIBRARY_LOWERING
aten_linspace,aten/src/ATen/native/cpu/RangeFactoriesKernel.cpp,linspace_kernel,issues/aten_c_kernels/aten_linspace.c,float,N=4096,tensor_initialization: linspace_kernel,tensor_initialization,,NONE,NO_IMPLEMENTATION,no emitted launch,no,1,0,CUB,cudaMemcpy*/Memset or CUB building blocks,BUILDING_BLOCKS_ONLY,regular contiguous stages,"concatenation, combinations, diagonal/mask/index formulas need multiple calls or transforms",contiguous/regular pitched copies; arbitrary indexing is not memcpy,shape specialization and multi-call composition,HIGH,LOW,,https://nvidia.github.io/cccl/unstable/cub/api/device.html,cuTENSOR/cuDNN only when the indexing operation specializes to a regular affine tensor op,LIBRARY_BACKEND_ABSENT,MULTI_CALL_COMPOSITION_NOT_MATCHER_ONLY
aten_log_ndtr,aten/src/ATen/native/cpu/UnaryOpsKernel.cpp,log_ndtr_kernel,issues/aten_c_kernels/aten_log_ndtr.c,float,N=4096,opaque_special_function: log_ndtr_kernel,opaque_special_function,,NONE,NO_IMPLEMENTATION,no emitted launch,no,1,0,none,no defensible public-library mapping identified,NO_PUBLIC_LIBRARY_EQUIVALENT,none,operation-specific semantics exceed reviewed public APIs,not applicable,retain raised code; revisit only with new library evidence,MEDIUM,NONE,,,scalar CUDA math/libdevice or generated kernel (not a link-only tensor API),NO_PUBLIC_LIBRARY_BACKEND_POSSIBLE,NO_LINK_ONLY_LIBRARY_ROUTE
aten_logcumsumexp_cpu,aten/src/ATen/native/cpu/ReduceOpsKernel.cpp,logcumsumexp_cpu_kernel,issues/aten_c_kernels/aten_logcumsumexp_cpu.c,float,R=32; K=64,scan: logcumsumexp_kernel,scan,,NONE,NO_IMPLEMENTATION,no emitted launch,no,1,1,CUB,DeviceScan/DeviceSegmentedScan,SUBSET_WITH_CONSTRAINTS,whole for contiguous/segmented associative scans,"axis, inclusive convention, dtype accumulation, logsumexp stability and cummax indices/ties",scan axis must be contiguous or converted to explicit segments,finish raising residual loops; then scan matcher + CUB template backend + axis specialization,HIGH,HIGH,,https://nvidia.github.io/cccl/unstable/cub/api/device.html,cuTENSOR/cuDNN only when the indexing operation specializes to a regular affine tensor op,LIBRARY_BACKEND_ABSENT,RAISING_THEN_LIBRARY_LOWERING
aten_logical_and,aten/src/ATen/native/cpu/BinaryOpsKernel.cpp,logical_and_kernel,issues/aten_c_kernels/aten_logical_and.c,float,N=4096,pointwise: logical_and_kernel,pointwise,,NONE,NO_IMPLEMENTATION,no emitted launch,no,1,0,cuDNN,Pointwise operation graph,EXACT_GRAPH_IF_SUPPORTED,whole if every node is supported,"rounding mode, integer division/modulo, NaN/signed-zero and backward formula must agree",broadcastable regular strides and cuDNN-supported data types/alignment,provenance-preserving expression DAG extraction + cuDNN graph backend,HIGH,HIGH,,https://docs.nvidia.com/deeplearning/cudnn/latest/index.html,cuTENSOR for its fixed unary/binary operator subset; NPP for flat supported signals,GENERAL_CUDNN_GRAPH_BACKEND_ABSENT,SEMANTIC_MATCHER_AND_LIBRARY_BACKEND
aten_logical_not_f32,aten/src/ATen/native/cpu/UnaryOpsKernel.cpp,logical_not_kernel,issues/aten_c_kernels/aten_logical_not_f32.c,float,N=4096,pointwise: logical_not_kernel,pointwise,,NONE,NO_IMPLEMENTATION,no emitted launch,no,1,0,cuDNN,Pointwise operation graph,EXACT_GRAPH_IF_SUPPORTED,whole if every node is supported,"rounding mode, integer division/modulo, NaN/signed-zero and backward formula must agree",broadcastable regular strides and cuDNN-supported data types/alignment,provenance-preserving expression DAG extraction + cuDNN graph backend,HIGH,HIGH,,https://docs.nvidia.com/deeplearning/cudnn/latest/index.html,cuTENSOR for its fixed unary/binary operator subset; NPP for flat supported signals,GENERAL_CUDNN_GRAPH_BACKEND_ABSENT,SEMANTIC_MATCHER_AND_LIBRARY_BACKEND
aten_logical_or,aten/src/ATen/native/cpu/BinaryOpsKernel.cpp,logical_or_kernel,issues/aten_c_kernels/aten_logical_or.c,float,N=4096,pointwise: logical_or_kernel,pointwise,,NONE,NO_IMPLEMENTATION,no emitted launch,no,1,0,cuDNN,Pointwise operation graph,EXACT_GRAPH_IF_SUPPORTED,whole if every node is supported,"rounding mode, integer division/modulo, NaN/signed-zero and backward formula must agree",broadcastable regular strides and cuDNN-supported data types/alignment,provenance-preserving expression DAG extraction + cuDNN graph backend,HIGH,HIGH,,https://docs.nvidia.com/deeplearning/cudnn/latest/index.html,cuTENSOR for its fixed unary/binary operator subset; NPP for flat supported signals,GENERAL_CUDNN_GRAPH_BACKEND_ABSENT,SEMANTIC_MATCHER_AND_LIBRARY_BACKEND
aten_logical_xor,aten/src/ATen/native/cpu/BinaryOpsKernel.cpp,logical_xor_kernel,issues/aten_c_kernels/aten_logical_xor.c,float,N=4096,pointwise: logical_xor_kernel,pointwise,,NONE,NO_IMPLEMENTATION,no emitted launch,no,1,0,cuDNN,Pointwise operation graph,EXACT_GRAPH_IF_SUPPORTED,whole if every node is supported,"rounding mode, integer division/modulo, NaN/signed-zero and backward formula must agree",broadcastable regular strides and cuDNN-supported data types/alignment,provenance-preserving expression DAG extraction + cuDNN graph backend,HIGH,HIGH,,https://docs.nvidia.com/deeplearning/cudnn/latest/index.html,cuTENSOR for its fixed unary/binary operator subset; NPP for flat supported signals,GENERAL_CUDNN_GRAPH_BACKEND_ABSENT,SEMANTIC_MATCHER_AND_LIBRARY_BACKEND
aten_logspace_cpu,aten/src/ATen/native/RangeFactories.cpp,logspace_out,issues/aten_c_kernels/aten_logspace_cpu.c,float,N=256,tensor_initialization: logspace,tensor_initialization,,NONE,NO_IMPLEMENTATION,no emitted launch,no,1,0,CUB,cudaMemcpy*/Memset or CUB building blocks,BUILDING_BLOCKS_ONLY,regular contiguous stages,"concatenation, combinations, diagonal/mask/index formulas need multiple calls or transforms",contiguous/regular pitched copies; arbitrary indexing is not memcpy,shape specialization and multi-call composition,HIGH,LOW,,https://nvidia.github.io/cccl/unstable/cub/api/device.html,cuTENSOR/cuDNN only when the indexing operation specializes to a regular affine tensor op,LIBRARY_BACKEND_ABSENT,MULTI_CALL_COMPOSITION_NOT_MATCHER_ONLY
aten_lower_bound_cpu,aten/src/ATen/native/Bucketization.cpp,cus_lower_bound,issues/aten_c_kernels/aten_lower_bound_cpu.c,float/int,N=256; M=128,search: cus_lower_bound,search,,NONE,NO_IMPLEMENTATION,no emitted launch,no,0,2,CUB,DeviceRadixSort/SegmentedRadixSort/Select/RLE,BUILDING_BLOCKS_ONLY,sort/search/select stages,"stable ordering, NaNs, first-index/tie policy, multidimensional axes and returned indices",contiguous keys or explicit segments; arbitrary strided axes need layout conversion,finish raising residual loops; then CUB backend + operation-specific composition,HIGH,MEDIUM,,https://nvidia.github.io/cccl/unstable/cub/api/device.html,cuTENSOR/cuDNN only when the indexing operation specializes to a regular affine tensor op,LIBRARY_BACKEND_ABSENT,RAISING_THEN_LIBRARY_LOWERING
aten_lshift_i32,aten/src/ATen/native/cpu/BinaryOpsKernel.cpp,lshift_kernel,issues/aten_c_kernels/aten_lshift_i32.c,int,N=4096,variable_bit_shift: lshift_kernel,variable_bit_shift,,NONE,NO_IMPLEMENTATION,no emitted launch,no,1,0,none,no fixed public NVIDIA library call,NO_PUBLIC_LIBRARY_EQUIVALENT,none,"NPP signal shifts take one constant shift value, not one value per element",not applicable,retain the Linalg computation and use conventional GPU lowering,HIGH,NONE,,,scalar CUDA math/libdevice or generated kernel (not a link-only tensor API),NO_PUBLIC_LIBRARY_BACKEND_POSSIBLE,NO_LINK_ONLY_LIBRARY_ROUTE
aten_lt,aten/src/ATen/native/cpu/BinaryOpsKernel.cpp,lt_kernel,issues/aten_c_kernels/aten_lt.c,float,N=4096,pointwise: lt_kernel,pointwise,,NONE,NO_IMPLEMENTATION,no emitted launch,no,1,0,cuDNN,Pointwise operation graph,EXACT_GRAPH_IF_SUPPORTED,whole if every node is supported,"rounding mode, integer division/modulo, NaN/signed-zero and backward formula must agree",broadcastable regular strides and cuDNN-supported data types/alignment,provenance-preserving expression DAG extraction + cuDNN graph backend,HIGH,HIGH,,https://docs.nvidia.com/deeplearning/cudnn/latest/index.html,cuTENSOR for its fixed unary/binary operator subset; NPP for flat supported signals,GENERAL_CUDNN_GRAPH_BACKEND_ABSENT,SEMANTIC_MATCHER_AND_LIBRARY_BACKEND
aten_masked_fill_cpu,aten/src/ATen/native/cpu/IndexKernel.cpp,masked_fill_kernel,issues/aten_c_kernels/aten_masked_fill_cpu.c,float/int,R=32; K=64; S=128,tensor_initialization: masked_fill_kernel,tensor_initialization,,NONE,NO_IMPLEMENTATION,no emitted launch,no,1,0,CUB,cudaMemcpy*/Memset or CUB building blocks,BUILDING_BLOCKS_ONLY,regular contiguous stages,"concatenation, combinations, diagonal/mask/index formulas need multiple calls or transforms",contiguous/regular pitched copies; arbitrary indexing is not memcpy,shape specialization and multi-call composition,HIGH,LOW,,https://nvidia.github.io/cccl/unstable/cub/api/device.html,cuTENSOR/cuDNN only when the indexing operation specializes to a regular affine tensor op,LIBRARY_BACKEND_ABSENT,MULTI_CALL_COMPOSITION_NOT_MATCHER_ONLY
aten_masked_scatter_backward_cpu,aten/src/ATen/native/TensorAdvancedIndexing.cpp,masked_scatter_backward_symint,issues/aten_c_kernels/aten_masked_scatter_backward_cpu.c,float/int,N=512,indexed_scatter_reduce: masked_scatter_backward_symint,indexed_scatter_reduce,,NONE,NO_IMPLEMENTATION,no emitted launch,no,0,1,CUB,DeviceSelect or sort/reduce-by-key primitives,BUILDING_BLOCKS_ONLY,supported indexing stages,"bounds/negative indices, duplicate destinations, atomic reduction, determinism and write order",index arrays and flattened affine addressing; patch operations need index generation,finish raising residual loops; then indexed-op semantic matcher + collision proof or reduce-by-key composition,HIGH,MEDIUM,,https://nvidia.github.io/cccl/unstable/cub/api/device.html,cuTENSOR/cuDNN only when the indexing operation specializes to a regular affine tensor op,LIBRARY_BACKEND_ABSENT,RAISING_THEN_LIBRARY_LOWERING
aten_masked_scatter_cpu,aten/src/ATen/native/cpu/IndexKernel.cpp,masked_scatter_kernel,issues/aten_c_kernels/aten_masked_scatter_cpu.c,float/int,R=32; K=64; S=128,indexed_data_movement: masked_scatter_kernel,indexed_data_movement,,NONE,NO_IMPLEMENTATION,no emitted launch,no,0,1,CUB,DeviceSelect or sort/reduce-by-key primitives,BUILDING_BLOCKS_ONLY,supported indexing stages,"bounds/negative indices, duplicate destinations, atomic reduction, determinism and write order",index arrays and flattened affine addressing; patch operations need index generation,finish raising residual loops; then indexed-op semantic matcher + collision proof or reduce-by-key composition,HIGH,MEDIUM,,https://nvidia.github.io/cccl/unstable/cub/api/device.html,cuTENSOR/cuDNN only when the indexing operation specializes to a regular affine tensor op,LIBRARY_BACKEND_ABSENT,RAISING_THEN_LIBRARY_LOWERING
aten_masked_select_cpu,aten/src/ATen/native/cpu/IndexKernel.cpp,masked_select_kernel,issues/aten_c_kernels/aten_masked_select_cpu.c,float/int,R=32; K=64; S=128,indexed_data_movement: masked_select_kernel,indexed_data_movement,,NONE,NO_IMPLEMENTATION,no emitted launch,no,0,1,CUB,DeviceSelect or sort/reduce-by-key primitives,BUILDING_BLOCKS_ONLY,supported indexing stages,"bounds/negative indices, duplicate destinations, atomic reduction, determinism and write order",index arrays and flattened affine addressing; patch operations need index generation,finish raising residual loops; then indexed-op semantic matcher + collision proof or reduce-by-key composition,HIGH,MEDIUM,,https://nvidia.github.io/cccl/unstable/cub/api/device.html,cuTENSOR/cuDNN only when the indexing operation specializes to a regular affine tensor op,LIBRARY_BACKEND_ABSENT,RAISING_THEN_LIBRARY_LOWERING
aten_masked_select_serial_cpu,aten/src/ATen/native/cpu/IndexKernel.cpp,masked_select_serial_kernel,issues/aten_c_kernels/aten_masked_select_serial_cpu.c,float/int,R=32; K=64; S=128,indexed_data_movement: masked_select_serial_kernel,indexed_data_movement,,NONE,NO_IMPLEMENTATION,no emitted launch,no,0,1,CUB,DeviceSelect or sort/reduce-by-key primitives,BUILDING_BLOCKS_ONLY,supported indexing stages,"bounds/negative indices, duplicate destinations, atomic reduction, determinism and write order",index arrays and flattened affine addressing; patch operations need index generation,finish raising residual loops; then indexed-op semantic matcher + collision proof or reduce-by-key composition,HIGH,MEDIUM,,https://nvidia.github.io/cccl/unstable/cub/api/device.html,cuTENSOR/cuDNN only when the indexing operation specializes to a regular affine tensor op,LIBRARY_BACKEND_ABSENT,RAISING_THEN_LIBRARY_LOWERING
aten_max_pool1d_cpu,aten/src/ATen/native/cpu/MaxPooling.cpp,max_pool1d_impl,issues/aten_c_kernels/aten_max_pool1d_cpu.c,float/int,B=1; C=2; I0=6; O0=(I0,pooling_with_indices: max_pool1d_impl,pooling_with_indices,cudaCopy1D_f32_tensor,PARTIAL_STAGE_ONLY,CUDA_RUNTIME_PRIMITIVE,CUDA copy or memset runtime primitive,yes,5,1,CUB,DeviceSegmentedReduce::ArgMax,SUBSET_WITH_CONSTRAINTS,whole for explicit windows,"window bounds, first-index/tie and NaN behavior must match ATen",each pooling window must be expressible by begin/end segment offsets,finish raising residual loops; then preserve the multi-output value/index reduction through debufferization; then lower to segmented ArgMax,HIGH,HIGH,cuDNN pooling returns values but not ATen's argmax-index output,https://nvidia.github.io/cccl/unstable/cub/api/device.html,cuTENSOR/cuDNN only when the indexing operation specializes to a regular affine tensor op,LIBRARY_BACKEND_ABSENT,RAISING_THEN_LIBRARY_LOWERING
aten_max_pool3d_backward_cpu,aten/src/ATen/native/cpu/MaxPoolKernel.cpp,max_pool3d_backward_kernel_impl,issues/aten_c_kernels/aten_max_pool3d_backward_cpu.c,float/int,B=1; C=2; I0=6; O0=(I0; I1=7; O1=(I1; I2=8; O2=(I2,pooling: max_pool3d_backward_kernel_impl,pooling,memset_zero_1D_f32,PARTIAL_STAGE_ONLY,CUDA_RUNTIME_PRIMITIVE,CUDA copy or memset runtime primitive,yes,1,4,cuDNN,Resample forward/backward (MAXPOOL/AVGPOOL),EXACT_FIXED_CALL,whole,"padding inclusion, NaN propagation, max-index and tie behavior must match",regular fixed windows/strides/dilations in supported layouts,finish raising residual loops; then pool descriptor matcher + generic forward/backward lowering,HIGH,HIGH,,https://docs.nvidia.com/deeplearning/cudnn/latest/index.html,NPP for compatible 2D image cases; implicit-GEMM via cuBLAS/CUTLASS for convolution,RELATED_CUDNN_WRAPPERS_PRESENT_NEED_GENERALIZATION,RAISING_THEN_LIBRARY_LOWERING
aten_max_pool3d_cpu,aten/src/ATen/native/cpu/MaxPoolKernel.cpp,max_pool3d_kernel_impl,issues/aten_c_kernels/aten_max_pool3d_cpu.c,float/int,B=1; C=2; I0=6; O0=(I0; I1=7; O1=(I1; I2=8; O2=(I2,pooling: max_pool3d_kernel_impl,pooling,cudaCopy1D_f32_tensor,PARTIAL_STAGE_ONLY,CUDA_RUNTIME_PRIMITIVE,CUDA copy or memset runtime primitive,yes,5,6,cuDNN,Resample forward/backward (MAXPOOL/AVGPOOL),EXACT_FIXED_CALL,whole,"padding inclusion, NaN propagation, max-index and tie behavior must match",regular fixed windows/strides/dilations in supported layouts,finish raising residual loops; then pool descriptor matcher + generic forward/backward lowering,HIGH,HIGH,,https://docs.nvidia.com/deeplearning/cudnn/latest/index.html,NPP for compatible 2D image cases; implicit-GEMM via cuBLAS/CUTLASS for convolution,RELATED_CUDNN_WRAPPERS_PRESENT_NEED_GENERALIZATION,RAISING_THEN_LIBRARY_LOWERING
aten_max_unpool2d_cpu,aten/src/ATen/native/cpu/MaxUnpoolKernel.cpp,max_unpool2d_kernel_impl,issues/aten_c_kernels/aten_max_unpool2d_cpu.c,float/int,C=2; N=64; O=256,indexed_scatter: max_unpool2d_kernel_impl,indexed_scatter,memset_zero_1D_f32,PARTIAL_STAGE_ONLY,CUDA_RUNTIME_PRIMITIVE,CUDA copy or memset runtime primitive,yes,1,2,CUB,DeviceSelect or sort/reduce-by-key primitives,BUILDING_BLOCKS_ONLY,supported indexing stages,"bounds/negative indices, duplicate destinations, atomic reduction, determinism and write order",index arrays and flattened affine addressing; patch operations need index generation,finish raising residual loops; then indexed-op semantic matcher + collision proof or reduce-by-key composition,HIGH,MEDIUM,,https://nvidia.github.io/cccl/unstable/cub/api/device.html,cuTENSOR/cuDNN only when the indexing operation specializes to a regular affine tensor op,LIBRARY_BACKEND_ABSENT,RAISING_THEN_LIBRARY_LOWERING
aten_max_unpool3d_cpu,aten/src/ATen/native/cpu/MaxUnpoolKernel.cpp,max_unpool3d_kernel_impl,issues/aten_c_kernels/aten_max_unpool3d_cpu.c,float/int,C=2; N=64; O=512,indexed_scatter: max_unpool3d_kernel_impl,indexed_scatter,memset_zero_1D_f32,PARTIAL_STAGE_ONLY,CUDA_RUNTIME_PRIMITIVE,CUDA copy or memset runtime primitive,yes,1,2,CUB,DeviceSelect or sort/reduce-by-key primitives,BUILDING_BLOCKS_ONLY,supported indexing stages,"bounds/negative indices, duplicate destinations, atomic reduction, determinism and write order",index arrays and flattened affine addressing; patch operations need index generation,finish raising residual loops; then indexed-op semantic matcher + collision proof or reduce-by-key composition,HIGH,MEDIUM,,https://nvidia.github.io/cccl/unstable/cub/api/device.html,cuTENSOR/cuDNN only when the indexing operation specializes to a regular affine tensor op,LIBRARY_BACKEND_ABSENT,RAISING_THEN_LIBRARY_LOWERING
aten_max_unpool_backward_cpu,aten/src/ATen/native/cpu/MaxUnpoolKernel.cpp,cpu_max_unpool_backward,issues/aten_c_kernels/aten_max_unpool_backward_cpu.c,float/int,N=512; O=2048,indexed_scatter: cpu_max_unpool_backward,indexed_scatter,,NONE,NO_IMPLEMENTATION,no emitted launch,no,1,0,CUB,DeviceSelect or sort/reduce-by-key primitives,BUILDING_BLOCKS_ONLY,supported indexing stages,"bounds/negative indices, duplicate destinations, atomic reduction, determinism and write order",index arrays and flattened affine addressing; patch operations need index generation,indexed-op semantic matcher + collision proof or reduce-by-key composition,HIGH,MEDIUM,,https://nvidia.github.io/cccl/unstable/cub/api/device.html,cuTENSOR/cuDNN only when the indexing operation specializes to a regular affine tensor op,LIBRARY_BACKEND_ABSENT,MULTI_CALL_COMPOSITION_NOT_MATCHER_ONLY
aten_median_indices_cpu,aten/src/ATen/native/Sorting.cpp,median_with_indices_impl,issues/aten_c_kernels/aten_median_indices_cpu.c,float/int,R=16; N=63,ordering_selection: median_with_indices_impl,ordering_selection,cudaCopy1D_f32_tensor,PARTIAL_STAGE_ONLY,CUDA_RUNTIME_PRIMITIVE,CUDA copy or memset runtime primitive,yes,2,3,CUB,DeviceRadixSort/SegmentedRadixSort/Select/RLE,BUILDING_BLOCKS_ONLY,sort/search/select stages,"stable ordering, NaNs, first-index/tie policy, multidimensional axes and returned indices",contiguous keys or explicit segments; arbitrary strided axes need layout conversion,finish raising residual loops; then CUB backend + operation-specific composition,HIGH,MEDIUM,,https://nvidia.github.io/cccl/unstable/cub/api/device.html,cuTENSOR/cuDNN only when the indexing operation specializes to a regular affine tensor op,LIBRARY_BACKEND_ABSENT,RAISING_THEN_LIBRARY_LOWERING
aten_mode_cpu,aten/src/ATen/native/cpu/TensorCompareKernel.cpp,mode_kernel_impl,issues/aten_c_kernels/aten_mode_cpu.c,float/int,N=64,statistical_mode: mode_kernel_impl,statistical_mode,cudaCopy1D_f32_tensor,PARTIAL_STAGE_ONLY,CUDA_RUNTIME_PRIMITIVE,CUDA copy or memset runtime primitive,yes,3,2,CUB,DeviceReduce/SegmentedReduce on value-index pairs; sort+RLE for mode,BUILDING_BLOCKS_ONLY,algorithmic stages,"ATen first-index/tie, NaN and stable-order rules need a custom pair comparator/composition",flatten/segment the requested tensor axis; strided axes may require permutation,finish raising residual loops; then CUB template backend + index-aware matcher + composition,HIGH,MEDIUM,,https://nvidia.github.io/cccl/unstable/cub/api/device.html,cuTENSOR/cuDNN only when the indexing operation specializes to a regular affine tensor op,LIBRARY_BACKEND_ABSENT,RAISING_THEN_LIBRARY_LOWERING
aten_modified_bessel_i0,aten/src/ATen/native/cpu/UnaryOpsKernel.cpp,modified_bessel_i0_kernel,issues/aten_c_kernels/aten_modified_bessel_i0.c,float,N=4096,special_function: modified_bessel_i0_kernel,special_function,,NONE,NO_IMPLEMENTATION,no emitted launch,no,1,0,none,no public whole-tensor NVIDIA library operation,NO_PUBLIC_LIBRARY_EQUIVALENT,none,scalar CUDA math/libdevice or recurrences are not a host-callable tensor library implementation,not applicable,retain raised code or permit a generated/custom GPU kernel,HIGH,NONE,A scalar device function may exist; that is not a link-only tensor-library lowering.,,scalar CUDA math/libdevice or generated kernel (not a link-only tensor API),NO_PUBLIC_LIBRARY_BACKEND_POSSIBLE,NO_LINK_ONLY_LIBRARY_ROUTE
aten_modified_bessel_i1,aten/src/ATen/native/cpu/UnaryOpsKernel.cpp,modified_bessel_i1_kernel,issues/aten_c_kernels/aten_modified_bessel_i1.c,float,N=4096,special_function: modified_bessel_i1_kernel,special_function,,NONE,NO_IMPLEMENTATION,no emitted launch,no,1,0,none,no public whole-tensor NVIDIA library operation,NO_PUBLIC_LIBRARY_EQUIVALENT,none,scalar CUDA math/libdevice or recurrences are not a host-callable tensor library implementation,not applicable,retain raised code or permit a generated/custom GPU kernel,HIGH,NONE,A scalar device function may exist; that is not a link-only tensor-library lowering.,,scalar CUDA math/libdevice or generated kernel (not a link-only tensor API),NO_PUBLIC_LIBRARY_BACKEND_POSSIBLE,NO_LINK_ONLY_LIBRARY_ROUTE
aten_modified_bessel_k0,aten/src/ATen/native/cpu/UnaryOpsKernel.cpp,modified_bessel_k0_kernel,issues/aten_c_kernels/aten_modified_bessel_k0.c,float,N=4096,special_function: modified_bessel_k0_kernel,special_function,,NONE,NO_IMPLEMENTATION,no emitted launch,no,1,0,none,no public whole-tensor NVIDIA library operation,NO_PUBLIC_LIBRARY_EQUIVALENT,none,scalar CUDA math/libdevice or recurrences are not a host-callable tensor library implementation,not applicable,retain raised code or permit a generated/custom GPU kernel,HIGH,NONE,A scalar device function may exist; that is not a link-only tensor-library lowering.,,scalar CUDA math/libdevice or generated kernel (not a link-only tensor API),NO_PUBLIC_LIBRARY_BACKEND_POSSIBLE,NO_LINK_ONLY_LIBRARY_ROUTE
aten_modified_bessel_k1,aten/src/ATen/native/cpu/UnaryOpsKernel.cpp,modified_bessel_k1_kernel,issues/aten_c_kernels/aten_modified_bessel_k1.c,float,N=4096,special_function: modified_bessel_k1_kernel,special_function,,NONE,NO_IMPLEMENTATION,no emitted launch,no,1,0,none,no public whole-tensor NVIDIA library operation,NO_PUBLIC_LIBRARY_EQUIVALENT,none,scalar CUDA math/libdevice or recurrences are not a host-callable tensor library implementation,not applicable,retain raised code or permit a generated/custom GPU kernel,HIGH,NONE,A scalar device function may exist; that is not a link-only tensor-library lowering.,,scalar CUDA math/libdevice or generated kernel (not a link-only tensor API),NO_PUBLIC_LIBRARY_BACKEND_POSSIBLE,NO_LINK_ONLY_LIBRARY_ROUTE
aten_multi_margin_loss_backward_cpu,aten/src/ATen/native/LossMultiMargin.cpp,multi_margin_loss_backward_cpu_kernel,issues/aten_c_kernels/aten_multi_margin_loss_backward_cpu.c,float/int,B=32; C=16,loss: multi_margin_loss_backward_kernel,loss,memset_zero_1D_f32,PARTIAL_STAGE_ONLY,CUDA_RUNTIME_PRIMITIVE,CUDA copy or memset runtime primitive,yes,1,2,cuDNN,pointwise/reduction/matmul operation graph,BUILDING_BLOCKS_ONLY,arithmetic stages,"complete formula, index/label rules, state mutation, reductions and backward outputs",only graph nodes/layouts supported by cuDNN,finish raising residual loops; then extract and partition expression/stage graph; validate plan or keep raised code,HIGH,LOW,,https://docs.nvidia.com/deeplearning/cudnn/latest/index.html,none identified with stronger whole-kernel semantics,GENERAL_CUDNN_GRAPH_BACKEND_ABSENT,RAISING_THEN_LIBRARY_LOWERING
aten_multi_margin_loss_cpu,aten/src/ATen/native/LossMultiMargin.cpp,multi_margin_loss_cpu_kernel,issues/aten_c_kernels/aten_multi_margin_loss_cpu.c,float/int,B=32; C=16,loss: multi_margin_loss_kernel,loss,,NONE,NO_IMPLEMENTATION,no emitted launch,no,1,1,cuDNN,pointwise/reduction/matmul operation graph,BUILDING_BLOCKS_ONLY,arithmetic stages,"complete formula, index/label rules, state mutation, reductions and backward outputs",only graph nodes/layouts supported by cuDNN,finish raising residual loops; then extract and partition expression/stage graph; validate plan or keep raised code,HIGH,LOW,,https://docs.nvidia.com/deeplearning/cudnn/latest/index.html,none identified with stronger whole-kernel semantics,GENERAL_CUDNN_GRAPH_BACKEND_ABSENT,RAISING_THEN_LIBRARY_LOWERING
aten_multilabel_margin_loss_backward_cpu,aten/src/ATen/native/LossMultiLabelMargin.cpp,multilabel_margin_loss_backward_out_frame,issues/aten_c_kernels/aten_multilabel_margin_loss_backward_cpu.c,float/int,B=16; C=16; L=4,loss: multilabel_margin_loss_backward_frame,loss,memset_zero_1D_f32,PARTIAL_STAGE_ONLY,CUDA_RUNTIME_PRIMITIVE,CUDA copy or memset runtime primitive,yes,3,3,cuDNN,pointwise/reduction/matmul operation graph,BUILDING_BLOCKS_ONLY,arithmetic stages,"complete formula, index/label rules, state mutation, reductions and backward outputs",only graph nodes/layouts supported by cuDNN,finish raising residual loops; then extract and partition expression/stage graph; validate plan or keep raised code,HIGH,LOW,,https://docs.nvidia.com/deeplearning/cudnn/latest/index.html,none identified with stronger whole-kernel semantics,GENERAL_CUDNN_GRAPH_BACKEND_ABSENT,RAISING_THEN_LIBRARY_LOWERING
aten_multilabel_margin_loss_forward_cpu,aten/src/ATen/native/LossMultiLabelMargin.cpp,multilabel_margin_loss_forward_out_frame,issues/aten_c_kernels/aten_multilabel_margin_loss_forward_cpu.c,float/int,B=16; C=16; L=4,loss: multilabel_margin_loss_forward_frame,loss,,NONE,NO_IMPLEMENTATION,no emitted launch,no,1,3,cuDNN,pointwise/reduction/matmul operation graph,BUILDING_BLOCKS_ONLY,arithmetic stages,"complete formula, index/label rules, state mutation, reductions and backward outputs",only graph nodes/layouts supported by cuDNN,finish raising residual loops; then extract and partition expression/stage graph; validate plan or keep raised code,HIGH,LOW,,https://docs.nvidia.com/deeplearning/cudnn/latest/index.html,none identified with stronger whole-kernel semantics,GENERAL_CUDNN_GRAPH_BACKEND_ABSENT,RAISING_THEN_LIBRARY_LOWERING
aten_multinomial_with_replacement_cpu,aten/src/ATen/native/cpu/MultinomialKernel.cpp,multinomial_with_replacement_kernel_impl,issues/aten_c_kernels/aten_multinomial_with_replacement_cpu.c,float/int,B=8; C=32; S=16,categorical_sampling: multinomial_with_replacement_kernel_impl,categorical_sampling,,NONE,NO_IMPLEMENTATION,no emitted launch,no,1,3,cuRAND,uniform/normal/lognormal/Poisson/Sobol generators,SUBSET_WITH_CONSTRAINTS,random draw stage or whole distribution subset,"ATen Philox generator state, seed/offset advancement, reproducibility and exact transform must match",cuRAND output type/count/alignment; many distributions need a transform,finish raising residual loops; then RNG-state proof + cuRAND backend; compose unsupported transforms,HIGH,LOW,,https://docs.nvidia.com/cuda/curand/host-api-overview.html,none identified with stronger whole-kernel semantics,LIBRARY_BACKEND_ABSENT,RAISING_THEN_LIBRARY_LOWERING
aten_nan_to_num,aten/src/ATen/native/cpu/UnaryOpsKernel.cpp,nan_to_num_kernel,issues/aten_c_kernels/aten_nan_to_num.c,float,N=4096,pointwise_formula: nan_to_num_kernel,pointwise_formula,,NONE,NO_IMPLEMENTATION,no emitted launch,no,1,0,cuDNN,Pointwise operation graph,EXACT_GRAPH_IF_SUPPORTED,whole if every node is supported,"rounding mode, integer division/modulo, NaN/signed-zero and backward formula must agree",broadcastable regular strides and cuDNN-supported data types/alignment,provenance-preserving expression DAG extraction + cuDNN graph backend,HIGH,HIGH,,https://docs.nvidia.com/deeplearning/cudnn/latest/index.html,cuTENSOR for its fixed unary/binary operator subset; NPP for flat supported signals,GENERAL_CUDNN_GRAPH_BACKEND_ABSENT,SEMANTIC_MATCHER_AND_LIBRARY_BACKEND
aten_ndtri,aten/src/ATen/native/cpu/UnaryOpsKernel.cpp,ndtri_kernel,issues/aten_c_kernels/aten_ndtri.c,float,N=4096,special_function: ndtri_kernel,special_function,,NONE,NO_IMPLEMENTATION,no emitted launch,no,1,0,none,no public whole-tensor NVIDIA library operation,NO_PUBLIC_LIBRARY_EQUIVALENT,none,scalar CUDA math/libdevice or recurrences are not a host-callable tensor library implementation,not applicable,retain raised code or permit a generated/custom GPU kernel,HIGH,NONE,A scalar device function may exist; that is not a link-only tensor-library lowering.,,scalar CUDA math/libdevice or generated kernel (not a link-only tensor API),NO_PUBLIC_LIBRARY_BACKEND_POSSIBLE,NO_LINK_ONLY_LIBRARY_ROUTE
aten_ne,aten/src/ATen/native/cpu/BinaryOpsKernel.cpp,ne_kernel,issues/aten_c_kernels/aten_ne.c,float,N=4096,pointwise: ne_kernel,pointwise,,NONE,NO_IMPLEMENTATION,no emitted launch,no,1,0,cuDNN,Pointwise operation graph,EXACT_GRAPH_IF_SUPPORTED,whole if every node is supported,"rounding mode, integer division/modulo, NaN/signed-zero and backward formula must agree",broadcastable regular strides and cuDNN-supported data types/alignment,provenance-preserving expression DAG extraction + cuDNN graph backend,HIGH,HIGH,,https://docs.nvidia.com/deeplearning/cudnn/latest/index.html,cuTENSOR for its fixed unary/binary operator subset; NPP for flat supported signals,GENERAL_CUDNN_GRAPH_BACKEND_ABSENT,SEMANTIC_MATCHER_AND_LIBRARY_BACKEND
aten_nested_from_padded_cpu,aten/src/ATen/native/nested/NestedTensorMath.cpp,nested_from_padded_generic,issues/aten_c_kernels/aten_nested_from_padded_cpu.c,float/int,B=8; P=80,padding: nested_from_padded_generic,padding,,NONE,NO_IMPLEMENTATION,no emitted launch,no,1,0,NPP,nppiCopy*Border,SUBSET_WITH_CONSTRAINTS,2D image constant/replicate border subset,reflection/circular rules and backward accumulation are not generally covered,NPP 2D ROI/channel/dtype layouts only,specialize compatible image cases; otherwise composition,HIGH,LOW,,https://docs.nvidia.com/cuda/npp/,none identified with stronger whole-kernel semantics,LIBRARY_BACKEND_ABSENT,LEGALITY_SPECIALIZATION_AND_BACKEND
aten_nested_pad_cpu,aten/src/ATen/native/nested/NestedTensorMath.cpp,pad_tensor_to_shape,issues/aten_c_kernels/aten_nested_pad_cpu.c,float,B=8; N=64; P=80,padding: pad_tensor_to_shape,padding,,NONE,NO_IMPLEMENTATION,no emitted launch,no,1,0,NPP,nppiCopy*Border,SUBSET_WITH_CONSTRAINTS,2D image constant/replicate border subset,reflection/circular rules and backward accumulation are not generally covered,NPP 2D ROI/channel/dtype layouts only,specialize compatible image cases; otherwise composition,HIGH,LOW,,https://docs.nvidia.com/cuda/npp/,none identified with stronger whole-kernel semantics,LIBRARY_BACKEND_ABSENT,LEGALITY_SPECIALIZATION_AND_BACKEND
aten_nested_select_cpu,aten/src/ATen/native/nested/NestedTensorMath.cpp,select_nested,issues/aten_c_kernels/aten_nested_select_cpu.c,float/int,B=8; N=64,arbitrary_gather: select_nested,arbitrary_gather,,NONE,NO_IMPLEMENTATION,no emitted launch,no,1,0,none,no fixed public NVIDIA library call,NO_PUBLIC_LIBRARY_EQUIVALENT,none,runtime per-row indices are not representable by memcpy or a cuTENSOR affine-mode permutation,not applicable,retain the Linalg computation and use conventional GPU lowering,HIGH,NONE,,,scalar CUDA math/libdevice or generated kernel (not a link-only tensor API),NO_PUBLIC_LIBRARY_BACKEND_POSSIBLE,NO_LINK_ONLY_LIBRARY_ROUTE
aten_nested_softmax_backward_cpu,aten/src/ATen/native/nested/NestedTensorBackward.cpp,nested_softmax_backward,issues/aten_c_kernels/aten_nested_softmax_backward_cpu.c,float,B=8; N=64,ragged_softmax: nested_softmax_backward,ragged_softmax,"cublasSdot,cudnnPointwiseGraph_f32",PARTIAL_STAGE_ONLY,DIRECT_VENDOR_API,public vendor API or vendor operation graph,yes,2,1,CUB,segmented max/sum reductions plus pointwise transforms,BUILDING_BLOCKS_ONLY,softmax stages,"ragged offsets, stable max-subtraction, empty rows, dropout RNG state and backward semantics",explicit segment offsets over contiguous values,finish raising residual loops; then CUB segmented-reduction backend + multi-stage composition,HIGH,MEDIUM,,https://nvidia.github.io/cccl/unstable/cub/api/device.html,cuTENSOR/cuDNN only when the indexing operation specializes to a regular affine tensor op,LIBRARY_BACKEND_ABSENT,RAISING_THEN_LIBRARY_LOWERING
aten_nested_softmax_cpu,aten/src/ATen/native/nested/NestedTensorMath.cpp,softmax_nested,issues/aten_c_kernels/aten_nested_softmax_cpu.c,float/int,B=8; N=64,ragged_softmax: softmax_nested,ragged_softmax,,NONE,NO_IMPLEMENTATION,no emitted launch,no,0,3,CUB,segmented max/sum reductions plus pointwise transforms,BUILDING_BLOCKS_ONLY,softmax stages,"ragged offsets, stable max-subtraction, empty rows, dropout RNG state and backward semantics",explicit segment offsets over contiguous values,finish raising residual loops; then CUB segmented-reduction backend + multi-stage composition,HIGH,MEDIUM,,https://nvidia.github.io/cccl/unstable/cub/api/device.html,cuTENSOR/cuDNN only when the indexing operation specializes to a regular affine tensor op,LIBRARY_BACKEND_ABSENT,RAISING_THEN_LIBRARY_LOWERING
aten_nested_softmax_dropout_cpu,aten/src/ATen/native/nested/NestedTensorTransformerFunctions.cpp,NestedTensor_softmax_dropout,issues/aten_c_kernels/aten_nested_softmax_dropout_cpu.c,float,B=8; N=64,ragged_softmax: NestedTensor_softmax_dropout,ragged_softmax,,NONE,NO_IMPLEMENTATION,no emitted launch,no,2,1,CUB,segmented max/sum reductions plus pointwise transforms,BUILDING_BLOCKS_ONLY,softmax stages,"ragged offsets, stable max-subtraction, empty rows, dropout RNG state and backward semantics",explicit segment offsets over contiguous values,finish raising residual loops; then CUB segmented-reduction backend + multi-stage composition,HIGH,MEDIUM,,https://nvidia.github.io/cccl/unstable/cub/api/device.html,cuTENSOR/cuDNN only when the indexing operation specializes to a regular affine tensor op,LIBRARY_BACKEND_ABSENT,RAISING_THEN_LIBRARY_LOWERING
aten_nested_to_mask_cpu,aten/src/ATen/native/nested/NestedTensorTransformerFunctions.cpp,NestedTensor_to_mask,issues/aten_c_kernels/aten_nested_to_mask_cpu.c,int,B=8; N=64,index_generation: NestedTensor_to_mask,index_generation,,NONE,NO_IMPLEMENTATION,no emitted launch,no,1,0,CUB,cudaMemcpy*/Memset or CUB building blocks,BUILDING_BLOCKS_ONLY,regular contiguous stages,"concatenation, combinations, diagonal/mask/index formulas need multiple calls or transforms",contiguous/regular pitched copies; arbitrary indexing is not memcpy,shape specialization and multi-call composition,HIGH,LOW,,https://nvidia.github.io/cccl/unstable/cub/api/device.html,cuTENSOR/cuDNN only when the indexing operation specializes to a regular affine tensor op,LIBRARY_BACKEND_ABSENT,MULTI_CALL_COMPOSITION_NOT_MATCHER_ONLY
aten_nested_to_padded_cpu,aten/src/ATen/native/nested/NestedTensorMath.cpp,NestedTensor_to_padded_tensor_generic,issues/aten_c_kernels/aten_nested_to_padded_cpu.c,float/int,B=8; P=80,padding: NestedTensor_to_padded_tensor_generic,padding,,NONE,NO_IMPLEMENTATION,no emitted launch,no,1,0,NPP,nppiCopy*Border,SUBSET_WITH_CONSTRAINTS,2D image constant/replicate border subset,reflection/circular rules and backward accumulation are not generally covered,NPP 2D ROI/channel/dtype layouts only,specialize compatible image cases; otherwise composition,HIGH,LOW,,https://docs.nvidia.com/cuda/npp/,none identified with stronger whole-kernel semantics,LIBRARY_BACKEND_ABSENT,LEGALITY_SPECIALIZATION_AND_BACKEND
aten_nested_where_cpu,aten/src/ATen/native/nested/NestedTensorUnaryOps.cpp,NestedTensor_where,issues/aten_c_kernels/aten_nested_where_cpu.c,float/int,B=8; N=64,indexed_data_movement: NestedTensor_where,indexed_data_movement,,NONE,NO_IMPLEMENTATION,no emitted launch,no,1,0,CUB,DeviceSelect or sort/reduce-by-key primitives,BUILDING_BLOCKS_ONLY,supported indexing stages,"bounds/negative indices, duplicate destinations, atomic reduction, determinism and write order",index arrays and flattened affine addressing; patch operations need index generation,indexed-op semantic matcher + collision proof or reduce-by-key composition,HIGH,MEDIUM,,https://nvidia.github.io/cccl/unstable/cub/api/device.html,cuTENSOR/cuDNN only when the indexing operation specializes to a regular affine tensor op,LIBRARY_BACKEND_ABSENT,MULTI_CALL_COMPOSITION_NOT_MATCHER_ONLY
aten_nested_where_out_cpu,aten/src/ATen/native/nested/NestedTensorUnaryOps.cpp,NestedTensor_where_out,issues/aten_c_kernels/aten_nested_where_out_cpu.c,float/int,B=8; N=64,indexed_data_movement: NestedTensor_where,indexed_data_movement,,NONE,NO_IMPLEMENTATION,no emitted launch,no,1,0,CUB,DeviceSelect or sort/reduce-by-key primitives,BUILDING_BLOCKS_ONLY,supported indexing stages,"bounds/negative indices, duplicate destinations, atomic reduction, determinism and write order",index arrays and flattened affine addressing; patch operations need index generation,indexed-op semantic matcher + collision proof or reduce-by-key composition,HIGH,MEDIUM,,https://nvidia.github.io/cccl/unstable/cub/api/device.html,cuTENSOR/cuDNN only when the indexing operation specializes to a regular affine tensor op,LIBRARY_BACKEND_ABSENT,MULTI_CALL_COMPOSITION_NOT_MATCHER_ONLY
aten_nextafter,aten/src/ATen/native/cpu/BinaryOpsKernel.cpp,nextafter_kernel,issues/aten_c_kernels/aten_nextafter.c,float,N=4096,compound_or_specialized: nextafter_kernel,compound_or_specialized,,NONE,NO_IMPLEMENTATION,no emitted launch,no,1,0,none,no public whole-tensor NVIDIA library operation,NO_PUBLIC_LIBRARY_EQUIVALENT,none,scalar CUDA math/libdevice or recurrences are not a host-callable tensor library implementation,not applicable,retain raised code or permit a generated/custom GPU kernel,HIGH,NONE,A scalar device function may exist; that is not a link-only tensor-library lowering.,,scalar CUDA math/libdevice or generated kernel (not a link-only tensor API),NO_PUBLIC_LIBRARY_BACKEND_POSSIBLE,NO_LINK_ONLY_LIBRARY_ROUTE
aten_nll_loss2d_backward_cpu,aten/src/ATen/native/LossNLL2d.cpp,nll_loss2d_backward_out_frame,issues/aten_c_kernels/aten_nll_loss2d_backward_cpu.c,float/int,B=4; C=8; H=16; W=16,loss: nll_loss2d_backward_frame,loss,,NONE,NO_IMPLEMENTATION,no emitted launch,no,0,4,cuDNN,pointwise/reduction/matmul operation graph,BUILDING_BLOCKS_ONLY,arithmetic stages,"complete formula, index/label rules, state mutation, reductions and backward outputs",only graph nodes/layouts supported by cuDNN,finish raising residual loops; then extract and partition expression/stage graph; validate plan or keep raised code,HIGH,LOW,,https://docs.nvidia.com/deeplearning/cudnn/latest/index.html,none identified with stronger whole-kernel semantics,GENERAL_CUDNN_GRAPH_BACKEND_ABSENT,RAISING_THEN_LIBRARY_LOWERING
aten_nll_loss2d_forward_cpu,aten/src/ATen/native/LossNLL2d.cpp,nll_loss2d_forward_out_frame,issues/aten_c_kernels/aten_nll_loss2d_forward_cpu.c,float/int,B=4; C=8; H=16; W=16,loss: nll_loss2d_forward_frame,loss,,NONE,NO_IMPLEMENTATION,no emitted launch,no,1,0,cuDNN,pointwise/reduction/matmul operation graph,BUILDING_BLOCKS_ONLY,arithmetic stages,"complete formula, index/label rules, state mutation, reductions and backward outputs",only graph nodes/layouts supported by cuDNN,extract and partition expression/stage graph; validate plan or keep raised code,HIGH,LOW,,https://docs.nvidia.com/deeplearning/cudnn/latest/index.html,none identified with stronger whole-kernel semantics,GENERAL_CUDNN_GRAPH_BACKEND_ABSENT,MULTI_CALL_COMPOSITION_NOT_MATCHER_ONLY
aten_nll_loss_backward_cpu,aten/src/ATen/native/LossNLL.cpp,nll_loss_backward_out_frame,issues/aten_c_kernels/aten_nll_loss_backward_cpu.c,float/int,B=32; C=16,loss: nll_loss_backward_frame,loss,memset_zero_2D_f32,PARTIAL_STAGE_ONLY,CUDA_RUNTIME_PRIMITIVE,CUDA copy or memset runtime primitive,yes,1,1,cuDNN,pointwise/reduction/matmul operation graph,BUILDING_BLOCKS_ONLY,arithmetic stages,"complete formula, index/label rules, state mutation, reductions and backward outputs",only graph nodes/layouts supported by cuDNN,finish raising residual loops; then extract and partition expression/stage graph; validate plan or keep raised code,HIGH,LOW,,https://docs.nvidia.com/deeplearning/cudnn/latest/index.html,none identified with stronger whole-kernel semantics,GENERAL_CUDNN_GRAPH_BACKEND_ABSENT,RAISING_THEN_LIBRARY_LOWERING
aten_nll_loss_forward_cpu,aten/src/ATen/native/LossNLL.cpp,nll_loss_out_frame,issues/aten_c_kernels/aten_nll_loss_forward_cpu.c,float/int,B=32; C=16,loss: nll_loss_frame,loss,,NONE,NO_IMPLEMENTATION,no emitted launch,no,0,1,cuDNN,pointwise/reduction/matmul operation graph,BUILDING_BLOCKS_ONLY,arithmetic stages,"complete formula, index/label rules, state mutation, reductions and backward outputs",only graph nodes/layouts supported by cuDNN,finish raising residual loops; then extract and partition expression/stage graph; validate plan or keep raised code,HIGH,LOW,,https://docs.nvidia.com/deeplearning/cudnn/latest/index.html,none identified with stronger whole-kernel semantics,GENERAL_CUDNN_GRAPH_BACKEND_ABSENT,RAISING_THEN_LIBRARY_LOWERING
aten_nonzero_out_cpu,aten/src/ATen/native/TensorAdvancedIndexing.cpp,nonzero_out_cpu,issues/aten_c_kernels/aten_nonzero_out_cpu.c,float/int,R=32; C=64,indexed_data_movement: nonzero,indexed_data_movement,,NONE,NO_IMPLEMENTATION,no emitted launch,no,0,2,CUB,DeviceSelect or sort/reduce-by-key primitives,BUILDING_BLOCKS_ONLY,supported indexing stages,"bounds/negative indices, duplicate destinations, atomic reduction, determinism and write order",index arrays and flattened affine addressing; patch operations need index generation,finish raising residual loops; then indexed-op semantic matcher + collision proof or reduce-by-key composition,HIGH,MEDIUM,,https://nvidia.github.io/cccl/unstable/cub/api/device.html,cuTENSOR/cuDNN only when the indexing operation specializes to a regular affine tensor op,LIBRARY_BACKEND_ABSENT,RAISING_THEN_LIBRARY_LOWERING
aten_norm_cpu,aten/src/ATen/native/cpu/ReduceOpsKernel.cpp,norm_kernel_tensor_iterator_impl,issues/aten_c_kernels/aten_norm_cpu.c,float,R=32; K=64,reduction: norm_kernel_tensor_iterator_impl,reduction,"cutensorUnary_sqrt_f32,memset_zero_1D_f32",PARTIAL_STAGE_ONLY,LIBRARY_API_COMPOSITION,public vendor API or vendor operation graph; CUDA copy or memset runtime primitive,yes,3,0,cuTENSOR,cutensorCreateReduction plus elementwise stages,BUILDING_BLOCKS_ONLY,reduction stage,variance/norm/mean scaling or nested metadata requires extra stages; reduction order may differ,regular affine tensor modes/strides and supported reduction operator,"preserve current partial match and partition residual graph; then raise stages, partition graph, and lower generic reduction descriptors",HIGH,MEDIUM,,https://docs.nvidia.com/cuda/cutensor/latest/api/cutensor.html,CUB segmented/device reduction; cuDNN graph; NPP flat-signal statistics,GENERAL_CUTENSOR_BACKEND_ABSENT_CUTENSORNET_IS_NOT_EQUIVALENT,GRAPH_PARTITION_RESIDUAL_THEN_LIBRARY_LOWERING
aten_padded_to_jagged_cpu,aten/src/ATen/native/nested/NestedTensorTransformerFunctions.cpp,_padded_dense_to_jagged_forward_cpu,issues/aten_c_kernels/aten_padded_to_jagged_cpu.c,float/int,B=8; N=64,padding: _padded_dense_to_jagged_forward,padding,,NONE,NO_IMPLEMENTATION,no emitted launch,no,0,2,NPP,nppiCopy*Border,SUBSET_WITH_CONSTRAINTS,2D image constant/replicate border subset,reflection/circular rules and backward accumulation are not generally covered,NPP 2D ROI/channel/dtype layouts only,finish raising residual loops; then specialize compatible image cases; otherwise composition,HIGH,LOW,,https://docs.nvidia.com/cuda/npp/,none identified with stronger whole-kernel semantics,LIBRARY_BACKEND_ABSENT,RAISING_THEN_LIBRARY_LOWERING
aten_pdist_backward_cpu,aten/src/ATen/native/cpu/DistanceOpsKernel.cpp,pdist_backward_kernel_impl,issues/aten_c_kernels/aten_pdist_backward_cpu.c,float,N=16; M=12; D=32,distance: pdist_backward_kernel_impl,distance,memset_zero_2D_f32,PARTIAL_STAGE_ONLY,CUDA_RUNTIME_PRIMITIVE,CUDA copy or memset runtime primitive,yes,1,6,cuDNN,pointwise/reduction/matmul operation graph,BUILDING_BLOCKS_ONLY,arithmetic stages,"complete formula, index/label rules, state mutation, reductions and backward outputs",only graph nodes/layouts supported by cuDNN,finish raising residual loops; then extract and partition expression/stage graph; validate plan or keep raised code,HIGH,LOW,,https://docs.nvidia.com/deeplearning/cudnn/latest/index.html,none identified with stronger whole-kernel semantics,GENERAL_CUDNN_GRAPH_BACKEND_ABSENT,RAISING_THEN_LIBRARY_LOWERING
aten_pdist_forward_cpu,aten/src/ATen/native/cpu/DistanceOpsKernel.cpp,pdist_forward_kernel_impl,issues/aten_c_kernels/aten_pdist_forward_cpu.c,float,N=16; M=12; D=32,distance: pdist_forward_kernel_impl,distance,,NONE,NO_IMPLEMENTATION,no emitted launch,no,1,3,cuDNN,pointwise/reduction/matmul operation graph,BUILDING_BLOCKS_ONLY,arithmetic stages,"complete formula, index/label rules, state mutation, reductions and backward outputs",only graph nodes/layouts supported by cuDNN,finish raising residual loops; then extract and partition expression/stage graph; validate plan or keep raised code,HIGH,LOW,,https://docs.nvidia.com/deeplearning/cudnn/latest/index.html,none identified with stronger whole-kernel semantics,GENERAL_CUDNN_GRAPH_BACKEND_ABSENT,RAISING_THEN_LIBRARY_LOWERING
aten_permute_sparse_coo_cpu,aten/src/ATen/native/TensorShape.cpp,permute_sparse_coo,issues/aten_c_kernels/aten_permute_sparse_coo_cpu.c,int,D=3; N=512,sparse_indexed_elementwise: permute_sparse_coo,sparse_indexed_elementwise,,NONE,NO_IMPLEMENTATION,no emitted launch,no,1,0,cuSPARSE,sparse descriptors plus CUB segmented/indexed primitives,BUILDING_BLOCKS_ONLY,storage and reduction stages,"implicit zeros, duplicates, segment boundaries, gradients and reduction/softmax semantics",standard sparse storage; arbitrary indexed formulas remain outside cuSPARSE,mixed cuSPARSE+CUB graph composition; not a one-call matcher,HIGH,LOW,,https://docs.nvidia.com/cuda/cusparse/index.html,CUB sort/segmented-reduce for nonstandard sparse semantics,LIBRARY_BACKEND_ABSENT,MULTI_CALL_COMPOSITION_NOT_MATCHER_ONLY
aten_poisson_transform_cpu,aten/src/ATen/native/Distributions.cpp,_s_poisson_cpu,issues/aten_c_kernels/aten_poisson_transform_cpu.c,float/int,N=1024; T=64,random_generation: _s_poisson,random_generation,,NONE,NO_IMPLEMENTATION,no emitted launch,no,0,2,cuRAND,uniform/normal/lognormal/Poisson/Sobol generators,SUBSET_WITH_CONSTRAINTS,random draw stage or whole distribution subset,"ATen Philox generator state, seed/offset advancement, reproducibility and exact transform must match",cuRAND output type/count/alignment; many distributions need a transform,finish raising residual loops; then RNG-state proof + cuRAND backend; compose unsupported transforms,HIGH,LOW,,https://docs.nvidia.com/cuda/curand/host-api-overview.html,none identified with stronger whole-kernel semantics,LIBRARY_BACKEND_ABSENT,RAISING_THEN_LIBRARY_LOWERING
aten_polygamma,aten/src/ATen/native/cpu/UnaryOpsKernel.cpp,polygamma_kernel,issues/aten_c_kernels/aten_polygamma.c,float/int,N=4096,random_distribution: polygamma_kernel,random_distribution,,NONE,NO_IMPLEMENTATION,no emitted launch,no,1,0,cuRAND,uniform/normal/lognormal/Poisson/Sobol generators,SUBSET_WITH_CONSTRAINTS,random draw stage or whole distribution subset,"ATen Philox generator state, seed/offset advancement, reproducibility and exact transform must match",cuRAND output type/count/alignment; many distributions need a transform,RNG-state proof + cuRAND backend; compose unsupported transforms,HIGH,LOW,,https://docs.nvidia.com/cuda/curand/host-api-overview.html,none identified with stronger whole-kernel semantics,LIBRARY_BACKEND_ABSENT,LEGALITY_SPECIALIZATION_AND_BACKEND
aten_powsum_cpu,aten/src/ATen/native/cpu/ReduceOpsKernel.cpp,powsum_kernel_tensor_iterator_impl,issues/aten_c_kernels/aten_powsum_cpu.c,float,R=32; K=64,pointwise_reduction_formula: powsum_kernel_tensor_iterator_impl,pointwise_reduction_formula,memset_zero_1D_f32,PARTIAL_STAGE_ONLY,CUDA_RUNTIME_PRIMITIVE,CUDA copy or memset runtime primitive,yes,2,0,cuDNN,pointwise operations + reduction operation graph,EXACT_GRAPH_IF_SUPPORTED,whole if graph accepted,"body operations, NaN policy, reduction identity and reassociation must match",cuDNN supported modes/types/layout/alignment; fusion engines do not accept every arbitrary graph,preserve current partial match and partition residual graph; then extract expression DAG + graph legality/cost check + cuDNN plan lowering,HIGH,MEDIUM,,https://docs.nvidia.com/deeplearning/cudnn/latest/index.html,cuTENSOR for its fixed unary/binary operator subset; NPP for flat supported signals,GENERAL_CUDNN_GRAPH_BACKEND_ABSENT,GRAPH_PARTITION_RESIDUAL_THEN_LIBRARY_LOWERING
aten_put_cpu,aten/src/ATen/native/cpu/IndexKernel.cpp,put_kernel,issues/aten_c_kernels/aten_put_cpu.c,float/int,R=32; K=64; S=128,indexed_data_movement: put_kernel,indexed_data_movement,,NONE,NO_IMPLEMENTATION,no emitted launch,no,0,1,CUB,DeviceSelect or sort/reduce-by-key primitives,BUILDING_BLOCKS_ONLY,supported indexing stages,"bounds/negative indices, duplicate destinations, atomic reduction, determinism and write order",index arrays and flattened affine addressing; patch operations need index generation,finish raising residual loops; then indexed-op semantic matcher + collision proof or reduce-by-key composition,HIGH,MEDIUM,,https://nvidia.github.io/cccl/unstable/cub/api/device.html,cuTENSOR/cuDNN only when the indexing operation specializes to a regular affine tensor op,LIBRARY_BACKEND_ABSENT,RAISING_THEN_LIBRARY_LOWERING
aten_quant_saturation_cpu,aten/src/ATen/native/QuantizedLinear.cpp,HandleWeightsSaturation,issues/aten_c_kernels/aten_quant_saturation_cpu.c,int,N=4096,pointwise_reduction_formula: HandleWeightsSaturation,pointwise_reduction_formula,,NONE,NO_IMPLEMENTATION,no emitted launch,no,1,0,cuDNN,pointwise operations + reduction operation graph,EXACT_GRAPH_IF_SUPPORTED,whole if graph accepted,"body operations, NaN policy, reduction identity and reassociation must match",cuDNN supported modes/types/layout/alignment; fusion engines do not accept every arbitrary graph,extract expression DAG + graph legality/cost check + cuDNN plan lowering,HIGH,MEDIUM,,https://docs.nvidia.com/deeplearning/cudnn/latest/index.html,cuTENSOR for its fixed unary/binary operator subset; NPP for flat supported signals,GENERAL_CUDNN_GRAPH_BACKEND_ABSENT,SEMANTIC_MATCHER_AND_LIBRARY_BACKEND
aten_quick_select_cpu,aten/src/ATen/native/Sorting.cpp,quick_select_template,issues/aten_c_kernels/aten_quick_select_cpu.c,float/int,N=127,ordering_selection: quick_select_template,ordering_selection,,NONE,NO_IMPLEMENTATION,no emitted launch,no,0,2,CUB,DeviceRadixSort/SegmentedRadixSort/Select/RLE,BUILDING_BLOCKS_ONLY,sort/search/select stages,"stable ordering, NaNs, first-index/tie policy, multidimensional axes and returned indices",contiguous keys or explicit segments; arbitrary strided axes need layout conversion,finish raising residual loops; then CUB backend + operation-specific composition,HIGH,MEDIUM,,https://nvidia.github.io/cccl/unstable/cub/api/device.html,cuTENSOR/cuDNN only when the indexing operation specializes to a regular affine tensor op,LIBRARY_BACKEND_ABSENT,RAISING_THEN_LIBRARY_LOWERING
aten_random_cpu,aten/src/ATen/native/cpu/DistributionKernels.cpp,random_kernel,issues/aten_c_kernels/aten_random_cpu.c,int,N=4096,random_distribution: random_kernel,random_distribution,,NONE,NO_IMPLEMENTATION,no emitted launch,no,1,0,cuRAND,uniform/normal/lognormal/Poisson/Sobol generators,SUBSET_WITH_CONSTRAINTS,random draw stage or whole distribution subset,"ATen Philox generator state, seed/offset advancement, reproducibility and exact transform must match",cuRAND output type/count/alignment; many distributions need a transform,RNG-state proof + cuRAND backend; compose unsupported transforms,HIGH,LOW,,https://docs.nvidia.com/cuda/curand/host-api-overview.html,none identified with stronger whole-kernel semantics,LIBRARY_BACKEND_ABSENT,LEGALITY_SPECIALIZATION_AND_BACKEND
aten_random_from_to_cpu,aten/src/ATen/native/cpu/DistributionKernels.cpp,random_from_to_kernel,issues/aten_c_kernels/aten_random_from_to_cpu.c,int,N=4096,random_distribution: random_from_to_kernel,random_distribution,,NONE,NO_IMPLEMENTATION,no emitted launch,no,1,0,cuRAND,uniform/normal/lognormal/Poisson/Sobol generators,SUBSET_WITH_CONSTRAINTS,random draw stage or whole distribution subset,"ATen Philox generator state, seed/offset advancement, reproducibility and exact transform must match",cuRAND output type/count/alignment; many distributions need a transform,RNG-state proof + cuRAND backend; compose unsupported transforms,HIGH,LOW,,https://docs.nvidia.com/cuda/curand/host-api-overview.html,none identified with stronger whole-kernel semantics,LIBRARY_BACKEND_ABSENT,LEGALITY_SPECIALIZATION_AND_BACKEND
aten_random_full_64_bits_range_cpu,aten/src/ATen/native/cpu/DistributionKernels.cpp,random_full_64_bits_range_kernel,issues/aten_c_kernels/aten_random_full_64_bits_range_cpu.c,unknown,N=4096,random_distribution: random_full_64_bits_range_kernel,random_distribution,,NONE,NO_IMPLEMENTATION,no emitted launch,no,1,0,cuRAND,uniform/normal/lognormal/Poisson/Sobol generators,SUBSET_WITH_CONSTRAINTS,random draw stage or whole distribution subset,"ATen Philox generator state, seed/offset advancement, reproducibility and exact transform must match",cuRAND output type/count/alignment; many distributions need a transform,RNG-state proof + cuRAND backend; compose unsupported transforms,HIGH,LOW,,https://docs.nvidia.com/cuda/curand/host-api-overview.html,none identified with stronger whole-kernel semantics,LIBRARY_BACKEND_ABSENT,LEGALITY_SPECIALIZATION_AND_BACKEND
aten_randperm_cpu,aten/src/ATen/native/TensorFactories.cpp,randperm_cpu,issues/aten_c_kernels/aten_randperm_cpu.c,int,N=256,random_distribution: randperm,random_distribution,,NONE,NO_IMPLEMENTATION,no emitted launch,no,1,1,cuRAND,uniform/normal/lognormal/Poisson/Sobol generators,SUBSET_WITH_CONSTRAINTS,random draw stage or whole distribution subset,"ATen Philox generator state, seed/offset advancement, reproducibility and exact transform must match",cuRAND output type/count/alignment; many distributions need a transform,finish raising residual loops; then RNG-state proof + cuRAND backend; compose unsupported transforms,HIGH,LOW,,https://docs.nvidia.com/cuda/curand/host-api-overview.html,none identified with stronger whole-kernel semantics,LIBRARY_BACKEND_ABSENT,RAISING_THEN_LIBRARY_LOWERING
aten_range_out_cpu,aten/src/ATen/native/RangeFactories.cpp,range_out,issues/aten_c_kernels/aten_range_out_cpu.c,float,N=256,tensor_initialization: range,tensor_initialization,,NONE,NO_IMPLEMENTATION,no emitted launch,no,1,0,CUB,cudaMemcpy*/Memset or CUB building blocks,BUILDING_BLOCKS_ONLY,regular contiguous stages,"concatenation, combinations, diagonal/mask/index formulas need multiple calls or transforms",contiguous/regular pitched copies; arbitrary indexing is not memcpy,shape specialization and multi-call composition,HIGH,LOW,,https://nvidia.github.io/cccl/unstable/cub/api/device.html,cuTENSOR/cuDNN only when the indexing operation specializes to a regular affine tensor op,LIBRARY_BACKEND_ABSENT,MULTI_CALL_COMPOSITION_NOT_MATCHER_ONLY
aten_reflect_conj_tri_cpu,aten/src/ATen/native/BatchLinearAlgebraKernel.cpp,apply_reflect_conj_tri_single,issues/aten_c_kernels/aten_reflect_conj_tri_cpu.c,float,N=64,matrix_factorization: apply_reflect_conj_tri_single,matrix_factorization,,NONE,NO_IMPLEMENTATION,no emitted launch,no,2,0,cuSOLVER,dense eig/LU/QR helper APIs,BUILDING_BLOCKS_ONLY,factorization or helper stage,the extracted helper may only reflect/unpack pivots rather than perform the factorization,cuSOLVER column-major dense layouts/types/workspaces,recognize enclosing factorization; helper alone is not a cuSOLVER call,HIGH,LOW,,https://docs.nvidia.com/cuda/cusolver/contents.html,none identified with stronger whole-kernel semantics,LIBRARY_BACKEND_ABSENT,MULTI_CALL_COMPOSITION_NOT_MATCHER_ONLY
aten_reflection_pad1d_backward_cpu,aten/src/ATen/native/cpu/PaddingKernel.cpp,reflection_pad1d_backward_kernel_impl,issues/aten_c_kernels/aten_reflection_pad1d_backward_cpu.c,float,B=1; C=2; I0=4; P0=2; O0=(I0+2*P0),padding: reflection_pad1d_backward_kernel_impl,padding,memset_zero_1D_f32,PARTIAL_STAGE_ONLY,CUDA_RUNTIME_PRIMITIVE,CUDA copy or memset runtime primitive,yes,1,2,NPP,nppiCopy*Border,SUBSET_WITH_CONSTRAINTS,2D image constant/replicate border subset,reflection/circular rules and backward accumulation are not generally covered,NPP 2D ROI/channel/dtype layouts only,finish raising residual loops; then specialize compatible image cases; otherwise composition,HIGH,LOW,,https://docs.nvidia.com/cuda/npp/,none identified with stronger whole-kernel semantics,LIBRARY_BACKEND_ABSENT,RAISING_THEN_LIBRARY_LOWERING
aten_reflection_pad1d_cpu,aten/src/ATen/native/cpu/PaddingKernel.cpp,reflection_pad1d_kernel_impl,issues/aten_c_kernels/aten_reflection_pad1d_cpu.c,float,B=1; C=2; I0=4; P0=2; O0=(I0+2*P0),padding: reflection_pad1d_kernel_impl,padding,,NONE,NO_IMPLEMENTATION,no emitted launch,no,1,0,NPP,nppiCopy*Border,SUBSET_WITH_CONSTRAINTS,2D image constant/replicate border subset,reflection/circular rules and backward accumulation are not generally covered,NPP 2D ROI/channel/dtype layouts only,specialize compatible image cases; otherwise composition,HIGH,LOW,,https://docs.nvidia.com/cuda/npp/,none identified with stronger whole-kernel semantics,LIBRARY_BACKEND_ABSENT,LEGALITY_SPECIALIZATION_AND_BACKEND
aten_reflection_pad2d,aten/src/ATen/native/ReflectionPad.cpp,reflection_pad2d,issues/aten_c_kernels/aten_reflection_pad2d.c,float,C=3; H=8; W=8,padding: reflection_pad2d,padding,,NONE,NO_IMPLEMENTATION,no emitted launch,no,1,0,NPP,nppiCopy*Border,SUBSET_WITH_CONSTRAINTS,2D image constant/replicate border subset,reflection/circular rules and backward accumulation are not generally covered,NPP 2D ROI/channel/dtype layouts only,specialize compatible image cases; otherwise composition,HIGH,LOW,,https://docs.nvidia.com/cuda/npp/,none identified with stronger whole-kernel semantics,LIBRARY_BACKEND_ABSENT,LEGALITY_SPECIALIZATION_AND_BACKEND
aten_reflection_pad2d_backward_cpu,aten/src/ATen/native/cpu/PaddingKernel.cpp,reflection_pad2d_backward_kernel_impl,issues/aten_c_kernels/aten_reflection_pad2d_backward_cpu.c,float,B=1; C=2; I0=4; P0=2; O0=(I0+2*P0); I1=5; P1=2; O1=(I1+2*P1),padding: reflection_pad2d_backward_kernel_impl,padding,memset_zero_1D_f32,PARTIAL_STAGE_ONLY,CUDA_RUNTIME_PRIMITIVE,CUDA copy or memset runtime primitive,yes,1,3,NPP,nppiCopy*Border,SUBSET_WITH_CONSTRAINTS,2D image constant/replicate border subset,reflection/circular rules and backward accumulation are not generally covered,NPP 2D ROI/channel/dtype layouts only,finish raising residual loops; then specialize compatible image cases; otherwise composition,HIGH,LOW,,https://docs.nvidia.com/cuda/npp/,none identified with stronger whole-kernel semantics,LIBRARY_BACKEND_ABSENT,RAISING_THEN_LIBRARY_LOWERING
aten_reflection_pad2d_cpu,aten/src/ATen/native/cpu/PaddingKernel.cpp,reflection_pad2d_kernel_impl,issues/aten_c_kernels/aten_reflection_pad2d_cpu.c,float,B=1; C=2; I0=4; P0=2; O0=(I0+2*P0); I1=5; P1=2; O1=(I1+2*P1),padding: reflection_pad2d_kernel_impl,padding,,NONE,NO_IMPLEMENTATION,no emitted launch,no,1,0,NPP,nppiCopy*Border,SUBSET_WITH_CONSTRAINTS,2D image constant/replicate border subset,reflection/circular rules and backward accumulation are not generally covered,NPP 2D ROI/channel/dtype layouts only,specialize compatible image cases; otherwise composition,HIGH,LOW,,https://docs.nvidia.com/cuda/npp/,none identified with stronger whole-kernel semantics,LIBRARY_BACKEND_ABSENT,LEGALITY_SPECIALIZATION_AND_BACKEND
aten_reflection_pad3d_backward_cpu,aten/src/ATen/native/cpu/PaddingKernel.cpp,reflection_pad3d_backward_kernel_impl,issues/aten_c_kernels/aten_reflection_pad3d_backward_cpu.c,float,B=1; C=2; I0=4; P0=2; O0=(I0+2*P0); I1=5; P1=2; O1=(I1+2*P1); I2=6; P2=2; O2=(I2+2*P2),padding: reflection_pad3d_backward_kernel_impl,padding,memset_zero_1D_f32,PARTIAL_STAGE_ONLY,CUDA_RUNTIME_PRIMITIVE,CUDA copy or memset runtime primitive,yes,1,4,NPP,nppiCopy*Border,SUBSET_WITH_CONSTRAINTS,2D image constant/replicate border subset,reflection/circular rules and backward accumulation are not generally covered,NPP 2D ROI/channel/dtype layouts only,finish raising residual loops; then specialize compatible image cases; otherwise composition,HIGH,LOW,,https://docs.nvidia.com/cuda/npp/,none identified with stronger whole-kernel semantics,LIBRARY_BACKEND_ABSENT,RAISING_THEN_LIBRARY_LOWERING
aten_reflection_pad3d_cpu,aten/src/ATen/native/cpu/PaddingKernel.cpp,reflection_pad3d_kernel_impl,issues/aten_c_kernels/aten_reflection_pad3d_cpu.c,float,B=1; C=2; I0=4; P0=2; O0=(I0+2*P0); I1=5; P1=2; O1=(I1+2*P1); I2=6; P2=2; O2=(I2+2*P2),padding: reflection_pad3d_kernel_impl,padding,,NONE,NO_IMPLEMENTATION,no emitted launch,no,1,0,NPP,nppiCopy*Border,SUBSET_WITH_CONSTRAINTS,2D image constant/replicate border subset,reflection/circular rules and backward accumulation are not generally covered,NPP 2D ROI/channel/dtype layouts only,specialize compatible image cases; otherwise composition,HIGH,LOW,,https://docs.nvidia.com/cuda/npp/,none identified with stronger whole-kernel semantics,LIBRARY_BACKEND_ABSENT,LEGALITY_SPECIALIZATION_AND_BACKEND
aten_remainder,aten/src/ATen/native/cpu/BinaryOpsKernel.cpp,remainder_kernel,issues/aten_c_kernels/aten_remainder.c,float,N=4096,pointwise: remainder_kernel,pointwise,,NONE,NO_IMPLEMENTATION,no emitted launch,no,1,0,cuDNN,Pointwise operation graph,EXACT_GRAPH_IF_SUPPORTED,whole if every node is supported,"rounding mode, integer division/modulo, NaN/signed-zero and backward formula must agree",broadcastable regular strides and cuDNN-supported data types/alignment,provenance-preserving expression DAG extraction + cuDNN graph backend,HIGH,HIGH,,https://docs.nvidia.com/deeplearning/cudnn/latest/index.html,cuTENSOR for its fixed unary/binary operator subset; NPP for flat supported signals,GENERAL_CUDNN_GRAPH_BACKEND_ABSENT,SEMANTIC_MATCHER_AND_LIBRARY_BACKEND
aten_replication_pad1d_backward_cpu,aten/src/ATen/native/cpu/PaddingKernel.cpp,replication_pad1d_backward_kernel_impl,issues/aten_c_kernels/aten_replication_pad1d_backward_cpu.c,float,B=1; C=2; I0=4; P0=2; O0=(I0+2*P0),padding: replication_pad1d_backward_kernel_impl,padding,memset_zero_1D_f32,PARTIAL_STAGE_ONLY,CUDA_RUNTIME_PRIMITIVE,CUDA copy or memset runtime primitive,yes,1,2,NPP,nppiCopy*Border,SUBSET_WITH_CONSTRAINTS,2D image constant/replicate border subset,reflection/circular rules and backward accumulation are not generally covered,NPP 2D ROI/channel/dtype layouts only,finish raising residual loops; then specialize compatible image cases; otherwise composition,HIGH,LOW,,https://docs.nvidia.com/cuda/npp/,none identified with stronger whole-kernel semantics,LIBRARY_BACKEND_ABSENT,RAISING_THEN_LIBRARY_LOWERING
aten_replication_pad1d_cpu,aten/src/ATen/native/cpu/PaddingKernel.cpp,replication_pad1d_kernel_impl,issues/aten_c_kernels/aten_replication_pad1d_cpu.c,float,B=1; C=2; I0=4; P0=2; O0=(I0+2*P0),padding: replication_pad1d_kernel_impl,padding,,NONE,NO_IMPLEMENTATION,no emitted launch,no,1,0,NPP,nppiCopy*Border,SUBSET_WITH_CONSTRAINTS,2D image constant/replicate border subset,reflection/circular rules and backward accumulation are not generally covered,NPP 2D ROI/channel/dtype layouts only,specialize compatible image cases; otherwise composition,HIGH,LOW,,https://docs.nvidia.com/cuda/npp/,none identified with stronger whole-kernel semantics,LIBRARY_BACKEND_ABSENT,LEGALITY_SPECIALIZATION_AND_BACKEND
aten_replication_pad2d,aten/src/ATen/native/ReplicationPadding.cpp,replication_pad2d,issues/aten_c_kernels/aten_replication_pad2d.c,float,C=3; H=8; W=8,padding: replication_pad2d,padding,,NONE,NO_IMPLEMENTATION,no emitted launch,no,1,0,NPP,nppiCopy*Border,SUBSET_WITH_CONSTRAINTS,2D image constant/replicate border subset,reflection/circular rules and backward accumulation are not generally covered,NPP 2D ROI/channel/dtype layouts only,specialize compatible image cases; otherwise composition,HIGH,LOW,,https://docs.nvidia.com/cuda/npp/,none identified with stronger whole-kernel semantics,LIBRARY_BACKEND_ABSENT,LEGALITY_SPECIALIZATION_AND_BACKEND
aten_replication_pad2d_backward_cpu,aten/src/ATen/native/cpu/PaddingKernel.cpp,replication_pad2d_backward_kernel_impl,issues/aten_c_kernels/aten_replication_pad2d_backward_cpu.c,float,B=1; C=2; I0=4; P0=2; O0=(I0+2*P0); I1=5; P1=2; O1=(I1+2*P1),padding: replication_pad2d_backward_kernel_impl,padding,memset_zero_1D_f32,PARTIAL_STAGE_ONLY,CUDA_RUNTIME_PRIMITIVE,CUDA copy or memset runtime primitive,yes,1,3,NPP,nppiCopy*Border,SUBSET_WITH_CONSTRAINTS,2D image constant/replicate border subset,reflection/circular rules and backward accumulation are not generally covered,NPP 2D ROI/channel/dtype layouts only,finish raising residual loops; then specialize compatible image cases; otherwise composition,HIGH,LOW,,https://docs.nvidia.com/cuda/npp/,none identified with stronger whole-kernel semantics,LIBRARY_BACKEND_ABSENT,RAISING_THEN_LIBRARY_LOWERING
aten_replication_pad2d_cpu,aten/src/ATen/native/cpu/PaddingKernel.cpp,replication_pad2d_kernel_impl,issues/aten_c_kernels/aten_replication_pad2d_cpu.c,float,B=1; C=2; I0=4; P0=2; O0=(I0+2*P0); I1=5; P1=2; O1=(I1+2*P1),padding: replication_pad2d_kernel_impl,padding,,NONE,NO_IMPLEMENTATION,no emitted launch,no,1,0,NPP,nppiCopy*Border,SUBSET_WITH_CONSTRAINTS,2D image constant/replicate border subset,reflection/circular rules and backward accumulation are not generally covered,NPP 2D ROI/channel/dtype layouts only,specialize compatible image cases; otherwise composition,HIGH,LOW,,https://docs.nvidia.com/cuda/npp/,none identified with stronger whole-kernel semantics,LIBRARY_BACKEND_ABSENT,LEGALITY_SPECIALIZATION_AND_BACKEND
aten_replication_pad3d_backward_cpu,aten/src/ATen/native/cpu/PaddingKernel.cpp,replication_pad3d_backward_kernel_impl,issues/aten_c_kernels/aten_replication_pad3d_backward_cpu.c,float,B=1; C=2; I0=4; P0=2; O0=(I0+2*P0); I1=5; P1=2; O1=(I1+2*P1); I2=6; P2=2; O2=(I2+2*P2),padding: replication_pad3d_backward_kernel_impl,padding,memset_zero_1D_f32,PARTIAL_STAGE_ONLY,CUDA_RUNTIME_PRIMITIVE,CUDA copy or memset runtime primitive,yes,1,4,NPP,nppiCopy*Border,SUBSET_WITH_CONSTRAINTS,2D image constant/replicate border subset,reflection/circular rules and backward accumulation are not generally covered,NPP 2D ROI/channel/dtype layouts only,finish raising residual loops; then specialize compatible image cases; otherwise composition,HIGH,LOW,,https://docs.nvidia.com/cuda/npp/,none identified with stronger whole-kernel semantics,LIBRARY_BACKEND_ABSENT,RAISING_THEN_LIBRARY_LOWERING
aten_replication_pad3d_cpu,aten/src/ATen/native/cpu/PaddingKernel.cpp,replication_pad3d_kernel_impl,issues/aten_c_kernels/aten_replication_pad3d_cpu.c,float,B=1; C=2; I0=4; P0=2; O0=(I0+2*P0); I1=5; P1=2; O1=(I1+2*P1); I2=6; P2=2; O2=(I2+2*P2),padding: replication_pad3d_kernel_impl,padding,,NONE,NO_IMPLEMENTATION,no emitted launch,no,1,0,NPP,nppiCopy*Border,SUBSET_WITH_CONSTRAINTS,2D image constant/replicate border subset,reflection/circular rules and backward accumulation are not generally covered,NPP 2D ROI/channel/dtype layouts only,specialize compatible image cases; otherwise composition,HIGH,LOW,,https://docs.nvidia.com/cuda/npp/,none identified with stronger whole-kernel semantics,LIBRARY_BACKEND_ABSENT,LEGALITY_SPECIALIZATION_AND_BACKEND
aten_rms_norm,aten/src/ATen/native/layer_norm.cpp,rms_norm_composite,issues/aten_c_kernels/aten_rms_norm.c,float,N=128,normalization: rms_norm_composite,normalization,cudnnPointwiseGraph_f32,PARTIAL_STAGE_ONLY,DIRECT_VENDOR_API,public vendor API or vendor operation graph,yes,2,0,cuDNN,Batch/Layer/Group normalization graph,EXACT_GRAPH_IF_SUPPORTED,whole for supported normalization; otherwise normalization stages,"epsilon, training/inference, saved statistics, unbiased variance and backward outputs",cuDNN normalization layout/type/alignment restrictions,preserve current partial match and partition residual graph; then normalization semantic matcher + cuDNN graph-plan backend,HIGH,HIGH,,https://docs.nvidia.com/deeplearning/cudnn/latest/index.html,CUB segmented/device reduction; cuDNN graph; NPP flat-signal statistics,GENERAL_CUDNN_GRAPH_BACKEND_ABSENT,GRAPH_PARTITION_RESIDUAL_THEN_LIBRARY_LOWERING
aten_rowwise_prune_cpu,aten/src/ATen/native/RowwisePrune.cpp,_rowwise_prune_helper,issues/aten_c_kernels/aten_rowwise_prune_cpu.c,float/int,R=64; C=32,rowwise_l1_threshold: _rowwise_prune_helper,rowwise_l1_threshold,memset_zero_1D_f32,PARTIAL_STAGE_ONLY,CUDA_RUNTIME_PRIMITIVE,CUDA copy or memset runtime primitive,yes,3,0,CUB,DeviceSegmentedReduce + absolute-value transform input iterator,EXACT_TEMPLATE_PRIMITIVE,row-score reduction stage,ordered absolute value and sum must preserve the intended NaN and floating-reassociation policy; threshold comparison remains ordered,"contiguous fixed-width rows, or explicit row offsets for a segmented reduction",preserve current partial match and partition residual graph; then structured reduction matcher + CUB iterator backend; retain threshold/cast as residual Linalg,HIGH,HIGH,,https://nvidia.github.io/cccl/unstable/cub/api/device.html,cuTENSOR/cuDNN only when the indexing operation specializes to a regular affine tensor op,LIBRARY_BACKEND_ABSENT,GRAPH_PARTITION_RESIDUAL_THEN_LIBRARY_LOWERING
aten_rshift_i32,aten/src/ATen/native/cpu/BinaryOpsKernel.cpp,rshift_kernel,issues/aten_c_kernels/aten_rshift_i32.c,int,N=4096,variable_bit_shift: rshift_kernel,variable_bit_shift,,NONE,NO_IMPLEMENTATION,no emitted launch,no,1,0,none,no fixed public NVIDIA library call,NO_PUBLIC_LIBRARY_EQUIVALENT,none,"NPP signal shifts take one constant shift value, not one value per element",not applicable,retain the Linalg computation and use conventional GPU lowering,HIGH,NONE,,,scalar CUDA math/libdevice or generated kernel (not a link-only tensor API),NO_PUBLIC_LIBRARY_BACKEND_POSSIBLE,NO_LINK_ONLY_LIBRARY_ROUTE
aten_sample_poisson_transform_cpu,aten/src/ATen/native/Distributions.cpp,sample_poisson,issues/aten_c_kernels/aten_sample_poisson_transform_cpu.c,float/int,N=1024,random_generation: sample_poisson,random_generation,,NONE,NO_IMPLEMENTATION,no emitted launch,no,0,2,cuRAND,uniform/normal/lognormal/Poisson/Sobol generators,SUBSET_WITH_CONSTRAINTS,random draw stage or whole distribution subset,"ATen Philox generator state, seed/offset advancement, reproducibility and exact transform must match",cuRAND output type/count/alignment; many distributions need a transform,finish raising residual loops; then RNG-state proof + cuRAND backend; compose unsupported transforms,HIGH,LOW,,https://docs.nvidia.com/cuda/curand/host-api-overview.html,none identified with stronger whole-kernel semantics,LIBRARY_BACKEND_ABSENT,RAISING_THEN_LIBRARY_LOWERING
aten_scaled_modified_bessel_k0,aten/src/ATen/native/cpu/scaled_modified_bessel_k0.cpp,scaled_modified_bessel_k0_kernel,issues/aten_c_kernels/aten_scaled_modified_bessel_k0.c,float,N=4096,special_function: scaled_modified_bessel_k0_kernel,special_function,,NONE,NO_IMPLEMENTATION,no emitted launch,no,1,0,none,no public whole-tensor NVIDIA library operation,NO_PUBLIC_LIBRARY_EQUIVALENT,none,scalar CUDA math/libdevice or recurrences are not a host-callable tensor library implementation,not applicable,retain raised code or permit a generated/custom GPU kernel,HIGH,NONE,A scalar device function may exist; that is not a link-only tensor-library lowering.,,scalar CUDA math/libdevice or generated kernel (not a link-only tensor API),NO_PUBLIC_LIBRARY_BACKEND_POSSIBLE,NO_LINK_ONLY_LIBRARY_ROUTE
aten_scaled_modified_bessel_k1,aten/src/ATen/native/cpu/scaled_modified_bessel_k1.cpp,scaled_modified_bessel_k1_kernel,issues/aten_c_kernels/aten_scaled_modified_bessel_k1.c,float,N=4096,special_function: scaled_modified_bessel_k1_kernel,special_function,,NONE,NO_IMPLEMENTATION,no emitted launch,no,1,0,none,no public whole-tensor NVIDIA library operation,NO_PUBLIC_LIBRARY_EQUIVALENT,none,scalar CUDA math/libdevice or recurrences are not a host-callable tensor library implementation,not applicable,retain raised code or permit a generated/custom GPU kernel,HIGH,NONE,A scalar device function may exist; that is not a link-only tensor-library lowering.,,scalar CUDA math/libdevice or generated kernel (not a link-only tensor API),NO_PUBLIC_LIBRARY_BACKEND_POSSIBLE,NO_LINK_ONLY_LIBRARY_ROUTE
aten_scatter_add_cpu,aten/src/ATen/native/cpu/ScatterGatherKernel.cpp,scatter_add_cpu_kernel,issues/aten_c_kernels/aten_scatter_add_cpu.c,float/int,R=32; K=64; S=128,indexed_scatter_reduce: scatter_add_kernel,indexed_scatter_reduce,,NONE,NO_IMPLEMENTATION,no emitted launch,no,0,2,CUB,DeviceSelect or sort/reduce-by-key primitives,BUILDING_BLOCKS_ONLY,supported indexing stages,"bounds/negative indices, duplicate destinations, atomic reduction, determinism and write order",index arrays and flattened affine addressing; patch operations need index generation,finish raising residual loops; then indexed-op semantic matcher + collision proof or reduce-by-key composition,HIGH,MEDIUM,,https://nvidia.github.io/cccl/unstable/cub/api/device.html,cuTENSOR/cuDNN only when the indexing operation specializes to a regular affine tensor op,LIBRARY_BACKEND_ABSENT,RAISING_THEN_LIBRARY_LOWERING
aten_scatter_add_expanded_index_cpu,aten/src/ATen/native/cpu/ScatterGatherKernel.cpp,scatter_add_expanded_index_kernel,issues/aten_c_kernels/aten_scatter_add_expanded_index_cpu.c,float/int,R=32; K=64; S=128,indexed_scatter_reduce: scatter_add_expanded_index_kernel,indexed_scatter_reduce,,NONE,NO_IMPLEMENTATION,no emitted launch,no,0,2,CUB,DeviceSelect or sort/reduce-by-key primitives,BUILDING_BLOCKS_ONLY,supported indexing stages,"bounds/negative indices, duplicate destinations, atomic reduction, determinism and write order",index arrays and flattened affine addressing; patch operations need index generation,finish raising residual loops; then indexed-op semantic matcher + collision proof or reduce-by-key composition,HIGH,MEDIUM,,https://nvidia.github.io/cccl/unstable/cub/api/device.html,cuTENSOR/cuDNN only when the indexing operation specializes to a regular affine tensor op,LIBRARY_BACKEND_ABSENT,RAISING_THEN_LIBRARY_LOWERING
aten_scatter_cpu,aten/src/ATen/native/cpu/ScatterGatherKernel.cpp,scatter_cpu_kernel,issues/aten_c_kernels/aten_scatter_cpu.c,float/int,R=32; K=64; S=128,indexed_data_movement: scatter_kernel,indexed_data_movement,,NONE,NO_IMPLEMENTATION,no emitted launch,no,0,2,CUB,DeviceSelect or sort/reduce-by-key primitives,BUILDING_BLOCKS_ONLY,supported indexing stages,"bounds/negative indices, duplicate destinations, atomic reduction, determinism and write order",index arrays and flattened affine addressing; patch operations need index generation,finish raising residual loops; then indexed-op semantic matcher + collision proof or reduce-by-key composition,HIGH,MEDIUM,,https://nvidia.github.io/cccl/unstable/cub/api/device.html,cuTENSOR/cuDNN only when the indexing operation specializes to a regular affine tensor op,LIBRARY_BACKEND_ABSENT,RAISING_THEN_LIBRARY_LOWERING
aten_scatter_fill_cpu,aten/src/ATen/native/cpu/ScatterGatherKernel.cpp,scatter_fill_cpu_kernel,issues/aten_c_kernels/aten_scatter_fill_cpu.c,float/int,R=32; K=64; S=128,indexed_data_movement: scatter_fill_kernel,indexed_data_movement,,NONE,NO_IMPLEMENTATION,no emitted launch,no,0,2,CUB,DeviceSelect or sort/reduce-by-key primitives,BUILDING_BLOCKS_ONLY,supported indexing stages,"bounds/negative indices, duplicate destinations, atomic reduction, determinism and write order",index arrays and flattened affine addressing; patch operations need index generation,finish raising residual loops; then indexed-op semantic matcher + collision proof or reduce-by-key composition,HIGH,MEDIUM,,https://nvidia.github.io/cccl/unstable/cub/api/device.html,cuTENSOR/cuDNN only when the indexing operation specializes to a regular affine tensor op,LIBRARY_BACKEND_ABSENT,RAISING_THEN_LIBRARY_LOWERING
aten_scatter_reduce_cpu,aten/src/ATen/native/cpu/ScatterGatherKernel.cpp,scatter_reduce_cpu_kernel,issues/aten_c_kernels/aten_scatter_reduce_cpu.c,float/int,R=32; K=64; S=128,indexed_scatter_reduce: scatter_reduce_kernel,indexed_scatter_reduce,,NONE,NO_IMPLEMENTATION,no emitted launch,no,0,2,CUB,DeviceSelect or sort/reduce-by-key primitives,BUILDING_BLOCKS_ONLY,supported indexing stages,"bounds/negative indices, duplicate destinations, atomic reduction, determinism and write order",index arrays and flattened affine addressing; patch operations need index generation,finish raising residual loops; then indexed-op semantic matcher + collision proof or reduce-by-key composition,HIGH,MEDIUM,,https://nvidia.github.io/cccl/unstable/cub/api/device.html,cuTENSOR/cuDNN only when the indexing operation specializes to a regular affine tensor op,LIBRARY_BACKEND_ABSENT,RAISING_THEN_LIBRARY_LOWERING
aten_scatter_reduce_expanded_index_cpu,aten/src/ATen/native/cpu/ScatterGatherKernel.cpp,scatter_reduce_expanded_index_kernel,issues/aten_c_kernels/aten_scatter_reduce_expanded_index_cpu.c,float/int,R=32; K=64; S=128,indexed_scatter_reduce: scatter_reduce_expanded_index_kernel,indexed_scatter_reduce,,NONE,NO_IMPLEMENTATION,no emitted launch,no,0,2,CUB,DeviceSelect or sort/reduce-by-key primitives,BUILDING_BLOCKS_ONLY,supported indexing stages,"bounds/negative indices, duplicate destinations, atomic reduction, determinism and write order",index arrays and flattened affine addressing; patch operations need index generation,finish raising residual loops; then indexed-op semantic matcher + collision proof or reduce-by-key composition,HIGH,MEDIUM,,https://nvidia.github.io/cccl/unstable/cub/api/device.html,cuTENSOR/cuDNN only when the indexing operation specializes to a regular affine tensor op,LIBRARY_BACKEND_ABSENT,RAISING_THEN_LIBRARY_LOWERING
aten_scatter_reduce_two_cpu,aten/src/ATen/native/cpu/ScatterGatherKernel.cpp,scatter_reduce_two_cpu_kernel,issues/aten_c_kernels/aten_scatter_reduce_two_cpu.c,float/int,R=32; K=64; S=128,indexed_scatter_reduce: scatter_reduce_two_kernel,indexed_scatter_reduce,,NONE,NO_IMPLEMENTATION,no emitted launch,no,0,2,CUB,DeviceSelect or sort/reduce-by-key primitives,BUILDING_BLOCKS_ONLY,supported indexing stages,"bounds/negative indices, duplicate destinations, atomic reduction, determinism and write order",index arrays and flattened affine addressing; patch operations need index generation,finish raising residual loops; then indexed-op semantic matcher + collision proof or reduce-by-key composition,HIGH,MEDIUM,,https://nvidia.github.io/cccl/unstable/cub/api/device.html,cuTENSOR/cuDNN only when the indexing operation specializes to a regular affine tensor op,LIBRARY_BACKEND_ABSENT,RAISING_THEN_LIBRARY_LOWERING
aten_scatter_scalar_reduce_cpu,aten/src/ATen/native/cpu/ScatterGatherKernel.cpp,scatter_scalar_reduce_cpu_kernel,issues/aten_c_kernels/aten_scatter_scalar_reduce_cpu.c,float/int,R=32; K=64; S=128,indexed_scatter_reduce: scatter_scalar_reduce_kernel,indexed_scatter_reduce,,NONE,NO_IMPLEMENTATION,no emitted launch,no,0,2,CUB,DeviceSelect or sort/reduce-by-key primitives,BUILDING_BLOCKS_ONLY,supported indexing stages,"bounds/negative indices, duplicate destinations, atomic reduction, determinism and write order",index arrays and flattened affine addressing; patch operations need index generation,finish raising residual loops; then indexed-op semantic matcher + collision proof or reduce-by-key composition,HIGH,MEDIUM,,https://nvidia.github.io/cccl/unstable/cub/api/device.html,cuTENSOR/cuDNN only when the indexing operation specializes to a regular affine tensor op,LIBRARY_BACKEND_ABSENT,RAISING_THEN_LIBRARY_LOWERING
aten_searchsorted_cpu,aten/src/ATen/native/Bucketization.cpp,searchsorted_cpu_contiguous,issues/aten_c_kernels/aten_searchsorted_cpu.c,float/int,N=256; M=128,ordering_selection: searchsorted_contiguous,ordering_selection,,NONE,NO_IMPLEMENTATION,no emitted launch,no,0,2,CUB,DeviceRadixSort/SegmentedRadixSort/Select/RLE,BUILDING_BLOCKS_ONLY,sort/search/select stages,"stable ordering, NaNs, first-index/tie policy, multidimensional axes and returned indices",contiguous keys or explicit segments; arbitrary strided axes need layout conversion,finish raising residual loops; then CUB backend + operation-specific composition,HIGH,MEDIUM,,https://nvidia.github.io/cccl/unstable/cub/api/device.html,cuTENSOR/cuDNN only when the indexing operation specializes to a regular affine tensor op,LIBRARY_BACKEND_ABSENT,RAISING_THEN_LIBRARY_LOWERING
aten_segment_reduce_lengths_backward_cpu,aten/src/ATen/native/SegmentReduce.cpp,_segment_reduce_cpu_lengths_backward_kernel1,issues/aten_c_kernels/aten_segment_reduce_lengths_backward_cpu.c,float/int,SEG=16; N=128,segmented_reduction: _segment_reduce_lengths_backward_kernel1,segmented_reduction,,NONE,NO_IMPLEMENTATION,no emitted launch,no,0,2,CUB,DeviceSegmentedReduce,SUBSET_WITH_CONSTRAINTS,whole for direct reduction primitive,"empty segments, indices/ties, scale, boundary formula and backward accumulation",explicit contiguous segments/offsets,finish raising residual loops; then CUB backend + segment/boundary extraction,HIGH,MEDIUM,,https://nvidia.github.io/cccl/unstable/cub/api/device.html,CUB segmented/device reduction; cuDNN graph; NPP flat-signal statistics,LIBRARY_BACKEND_ABSENT,RAISING_THEN_LIBRARY_LOWERING
aten_segment_reduce_lengths_cpu,aten/src/ATen/native/SegmentReduce.cpp,_segment_reduce_lengths_cpu_kernel1,issues/aten_c_kernels/aten_segment_reduce_lengths_cpu.c,float/int,SEG=16; N=128,segmented_reduction: _segment_reduce_lengths_kernel1,segmented_reduction,,NONE,NO_IMPLEMENTATION,no emitted launch,no,0,2,CUB,DeviceSegmentedReduce,SUBSET_WITH_CONSTRAINTS,whole for direct reduction primitive,"empty segments, indices/ties, scale, boundary formula and backward accumulation",explicit contiguous segments/offsets,finish raising residual loops; then CUB backend + segment/boundary extraction,HIGH,MEDIUM,,https://nvidia.github.io/cccl/unstable/cub/api/device.html,CUB segmented/device reduction; cuDNN graph; NPP flat-signal statistics,LIBRARY_BACKEND_ABSENT,RAISING_THEN_LIBRARY_LOWERING
aten_sgn_complex_scalarized,aten/src/ATen/native/cpu/UnaryOpsKernel.cpp,sgn_kernel,issues/aten_c_kernels/aten_sgn_complex_scalarized.c,float,N=4096,complex_layout: sgn_kernel,complex_layout,,NONE,NO_IMPLEMENTATION,no emitted launch,no,1,0,cuTENSOR,cutensorPermute with CONJ/IDENTITY,SUBSET_WITH_CONSTRAINTS,conjugate/permutation stage,angle/sign/conjugate-symmetry fill may contain formulas or overlapping writes,regular complex FP32/FP64 tensors and affine permutation,split pure conjugate/permutation stages; compose remaining work,HIGH,MEDIUM,,https://docs.nvidia.com/cuda/cutensor/latest/api/cutensor.html,none identified with stronger whole-kernel semantics,GENERAL_CUTENSOR_BACKEND_ABSENT_CUTENSORNET_IS_NOT_EQUIVALENT,LEGALITY_SPECIALIZATION_AND_BACKEND
aten_sign,aten/src/ATen/native/cpu/UnaryOpsKernel.cpp,sign_kernel,issues/aten_c_kernels/aten_sign.c,float,N=4096,pointwise: sign_kernel,pointwise,,NONE,NO_IMPLEMENTATION,no emitted launch,no,1,0,cuDNN,Pointwise operation graph,EXACT_GRAPH_IF_SUPPORTED,whole if every node is supported,"rounding mode, integer division/modulo, NaN/signed-zero and backward formula must agree",broadcastable regular strides and cuDNN-supported data types/alignment,provenance-preserving expression DAG extraction + cuDNN graph backend,HIGH,HIGH,,https://docs.nvidia.com/deeplearning/cudnn/latest/index.html,cuTENSOR for its fixed unary/binary operator subset; NPP for flat supported signals,GENERAL_CUDNN_GRAPH_BACKEND_ABSENT,SEMANTIC_MATCHER_AND_LIBRARY_BACKEND
aten_signbit,aten/src/ATen/native/cpu/UnaryOpsKernel.cpp,signbit_kernel,issues/aten_c_kernels/aten_signbit.c,float,N=4096,pointwise: signbit_kernel,pointwise,,NONE,NO_IMPLEMENTATION,no emitted launch,no,1,0,cuDNN,Pointwise operation graph,EXACT_GRAPH_IF_SUPPORTED,whole if every node is supported,"rounding mode, integer division/modulo, NaN/signed-zero and backward formula must agree",broadcastable regular strides and cuDNN-supported data types/alignment,provenance-preserving expression DAG extraction + cuDNN graph backend,HIGH,HIGH,,https://docs.nvidia.com/deeplearning/cudnn/latest/index.html,cuTENSOR for its fixed unary/binary operator subset; NPP for flat supported signals,GENERAL_CUDNN_GRAPH_BACKEND_ABSENT,SEMANTIC_MATCHER_AND_LIBRARY_BACKEND
aten_sinc,aten/src/ATen/native/cpu/UnaryOpsKernel.cpp,sinc_kernel,issues/aten_c_kernels/aten_sinc.c,float,N=4096,pointwise_reduction_formula: sinc_kernel,pointwise_reduction_formula,,NONE,NO_IMPLEMENTATION,no emitted launch,no,1,0,cuDNN,pointwise operations + reduction operation graph,EXACT_GRAPH_IF_SUPPORTED,whole if graph accepted,"body operations, NaN policy, reduction identity and reassociation must match",cuDNN supported modes/types/layout/alignment; fusion engines do not accept every arbitrary graph,extract expression DAG + graph legality/cost check + cuDNN plan lowering,HIGH,MEDIUM,,https://docs.nvidia.com/deeplearning/cudnn/latest/index.html,cuTENSOR for its fixed unary/binary operator subset; NPP for flat supported signals,GENERAL_CUDNN_GRAPH_BACKEND_ABSENT,SEMANTIC_MATCHER_AND_LIBRARY_BACKEND
aten_sobol_draw_cpu,aten/src/ATen/native/SobolEngineOps.cpp,_sobol_engine_draw,issues/aten_c_kernels/aten_sobol_draw_cpu.c,float,N=256; D=8,random_generation: _sobol_engine_draw,random_generation,,NONE,NO_IMPLEMENTATION,no emitted launch,no,0,3,cuRAND,uniform/normal/lognormal/Poisson/Sobol generators,SUBSET_WITH_CONSTRAINTS,random draw stage or whole distribution subset,"ATen Philox generator state, seed/offset advancement, reproducibility and exact transform must match",cuRAND output type/count/alignment; many distributions need a transform,finish raising residual loops; then RNG-state proof + cuRAND backend; compose unsupported transforms,HIGH,LOW,,https://docs.nvidia.com/cuda/curand/host-api-overview.html,none identified with stronger whole-kernel semantics,LIBRARY_BACKEND_ABSENT,RAISING_THEN_LIBRARY_LOWERING
aten_sobol_fast_forward_cpu,aten/src/ATen/native/SobolEngineOps.cpp,_sobol_engine_ff_,issues/aten_c_kernels/aten_sobol_fast_forward_cpu.c,unknown,N=256; D=8,random_generation: _sobol_engine_ff_,random_generation,,NONE,NO_IMPLEMENTATION,no emitted launch,no,1,1,cuRAND,uniform/normal/lognormal/Poisson/Sobol generators,SUBSET_WITH_CONSTRAINTS,random draw stage or whole distribution subset,"ATen Philox generator state, seed/offset advancement, reproducibility and exact transform must match",cuRAND output type/count/alignment; many distributions need a transform,finish raising residual loops; then RNG-state proof + cuRAND backend; compose unsupported transforms,HIGH,LOW,,https://docs.nvidia.com/cuda/curand/host-api-overview.html,none identified with stronger whole-kernel semantics,LIBRARY_BACKEND_ABSENT,RAISING_THEN_LIBRARY_LOWERING
aten_sobol_initialize_cpu,aten/src/ATen/native/SobolEngineOps.cpp,_sobol_engine_initialize_state_,issues/aten_c_kernels/aten_sobol_initialize_cpu.c,unknown,D=8,sobol_state_transform: _sobol_engine_initialize_state_,sobol_state_transform,,NONE,NO_IMPLEMENTATION,no emitted launch,no,1,0,none,no defensible public-library mapping identified,NO_PUBLIC_LIBRARY_EQUIVALENT,none,operation-specific semantics exceed reviewed public APIs,not applicable,retain raised code; revisit only with new library evidence,MEDIUM,NONE,,,scalar CUDA math/libdevice or generated kernel (not a link-only tensor API),NO_PUBLIC_LIBRARY_BACKEND_POSSIBLE,NO_LINK_ONLY_LIBRARY_ROUTE
aten_sobol_scramble_cpu,aten/src/ATen/native/SobolEngineOps.cpp,_sobol_engine_scramble_,issues/aten_c_kernels/aten_sobol_scramble_cpu.c,unknown,D=8,sobol_state_transform: _sobol_engine_scramble_,sobol_state_transform,,NONE,NO_IMPLEMENTATION,no emitted launch,no,1,0,none,no defensible public-library mapping identified,NO_PUBLIC_LIBRARY_EQUIVALENT,none,operation-specific semantics exceed reviewed public APIs,not applicable,retain raised code; revisit only with new library evidence,MEDIUM,NONE,,,scalar CUDA math/libdevice or generated kernel (not a link-only tensor API),NO_PUBLIC_LIBRARY_BACKEND_POSSIBLE,NO_LINK_ONLY_LIBRARY_ROUTE
aten_sort_cpu,aten/src/ATen/native/cpu/SortingKernel.cpp,sort_kernel,issues/aten_c_kernels/aten_sort_cpu.c,float/int,R=16; K=64; TOP=8,ordering_selection: sort_kernel,ordering_selection,cudaCopy2D_f32_tensor,PARTIAL_STAGE_ONLY,CUDA_RUNTIME_PRIMITIVE,CUDA copy or memset runtime primitive,yes,2,3,CUB,DeviceRadixSort/SegmentedRadixSort/Select/RLE,BUILDING_BLOCKS_ONLY,sort/search/select stages,"stable ordering, NaNs, first-index/tie policy, multidimensional axes and returned indices",contiguous keys or explicit segments; arbitrary strided axes need layout conversion,finish raising residual loops; then CUB backend + operation-specific composition,HIGH,MEDIUM,,https://nvidia.github.io/cccl/unstable/cub/api/device.html,cuTENSOR/cuDNN only when the indexing operation specializes to a regular affine tensor op,LIBRARY_BACKEND_ABSENT,RAISING_THEN_LIBRARY_LOWERING
aten_sparse_coo_softmax_backward_cpu,aten/src/ATen/native/sparse/SoftMax.cpp,cpu_sparse_coo_softmax_backward,issues/aten_c_kernels/aten_sparse_coo_softmax_backward_cpu.c,float,R=64; K=8,sparse_softmax: cpu_sparse_coo_softmax_backward,sparse_softmax,"cublasSdot,cudnnPointwiseGraph_f32",PARTIAL_STAGE_ONLY,DIRECT_VENDOR_API,public vendor API or vendor operation graph,yes,2,1,cuSPARSE,sparse descriptors plus CUB segmented/indexed primitives,BUILDING_BLOCKS_ONLY,storage and reduction stages,"implicit zeros, duplicates, segment boundaries, gradients and reduction/softmax semantics",standard sparse storage; arbitrary indexed formulas remain outside cuSPARSE,finish raising residual loops; then mixed cuSPARSE+CUB graph composition; not a one-call matcher,HIGH,LOW,,https://docs.nvidia.com/cuda/cusparse/index.html,CUB sort/segmented-reduce for nonstandard sparse semantics,LIBRARY_BACKEND_ABSENT,RAISING_THEN_LIBRARY_LOWERING
aten_sparse_coo_softmax_cpu,aten/src/ATen/native/sparse/SoftMax.cpp,cpu_sparse_coo_softmax,issues/aten_c_kernels/aten_sparse_coo_softmax_cpu.c,float,R=64; K=8,sparse_softmax: cpu_sparse_coo_softmax,sparse_softmax,,NONE,NO_IMPLEMENTATION,no emitted launch,no,2,1,cuSPARSE,sparse descriptors plus CUB segmented/indexed primitives,BUILDING_BLOCKS_ONLY,storage and reduction stages,"implicit zeros, duplicates, segment boundaries, gradients and reduction/softmax semantics",standard sparse storage; arbitrary indexed formulas remain outside cuSPARSE,finish raising residual loops; then mixed cuSPARSE+CUB graph composition; not a one-call matcher,HIGH,LOW,,https://docs.nvidia.com/cuda/cusparse/index.html,CUB sort/segmented-reduce for nonstandard sparse semantics,LIBRARY_BACKEND_ABSENT,RAISING_THEN_LIBRARY_LOWERING
aten_sparse_csr_add_dense_cpu,aten/src/ATen/native/sparse/SparseCsrTensorMath.cpp,add_out_dense_sparse_compressed_cpu,issues/aten_c_kernels/aten_sparse_csr_add_dense_cpu.c,float/int,R=64; C=64; N=512,sparse_indexed_elementwise: add_dense_sparse_compressed,sparse_indexed_elementwise,,NONE,NO_IMPLEMENTATION,no emitted launch,no,0,2,cuSPARSE,sparse descriptors plus CUB segmented/indexed primitives,BUILDING_BLOCKS_ONLY,storage and reduction stages,"implicit zeros, duplicates, segment boundaries, gradients and reduction/softmax semantics",standard sparse storage; arbitrary indexed formulas remain outside cuSPARSE,finish raising residual loops; then mixed cuSPARSE+CUB graph composition; not a one-call matcher,HIGH,LOW,,https://docs.nvidia.com/cuda/cusparse/index.html,CUB sort/segmented-reduce for nonstandard sparse semantics,LIBRARY_BACKEND_ABSENT,RAISING_THEN_LIBRARY_LOWERING
aten_sparse_csr_reduce_dim0_cpu,aten/src/ATen/native/sparse/SparseCsrTensorMath.cpp,reduce_sparse_csr_dim0_cpu_template,issues/aten_c_kernels/aten_sparse_csr_reduce_dim0_cpu.c,float/int,R=64; C=64; N=512,sparse_reduction: reduce_sparse_csr_dim0_template,sparse_reduction,memset_zero_1D_f32,PARTIAL_STAGE_ONLY,CUDA_RUNTIME_PRIMITIVE,CUDA copy or memset runtime primitive,yes,1,2,cuSPARSE,sparse descriptors plus CUB segmented/indexed primitives,BUILDING_BLOCKS_ONLY,storage and reduction stages,"implicit zeros, duplicates, segment boundaries, gradients and reduction/softmax semantics",standard sparse storage; arbitrary indexed formulas remain outside cuSPARSE,finish raising residual loops; then mixed cuSPARSE+CUB graph composition; not a one-call matcher,HIGH,LOW,,https://docs.nvidia.com/cuda/cusparse/index.html,CUB segmented/device reduction; cuDNN graph; NPP flat-signal statistics,LIBRARY_BACKEND_ABSENT,RAISING_THEN_LIBRARY_LOWERING
aten_sparse_csr_reduce_dim1_cpu,aten/src/ATen/native/sparse/SparseCsrTensorMath.cpp,reduce_sparse_csr_dim1_cpu_template,issues/aten_c_kernels/aten_sparse_csr_reduce_dim1_cpu.c,float/int,R=64; N=512,sparse_reduction: reduce_sparse_csr_dim1_template,sparse_reduction,,NONE,NO_IMPLEMENTATION,no emitted launch,no,0,2,cuSPARSE,sparse descriptors plus CUB segmented/indexed primitives,BUILDING_BLOCKS_ONLY,storage and reduction stages,"implicit zeros, duplicates, segment boundaries, gradients and reduction/softmax semantics",standard sparse storage; arbitrary indexed formulas remain outside cuSPARSE,finish raising residual loops; then mixed cuSPARSE+CUB graph composition; not a one-call matcher,HIGH,LOW,,https://docs.nvidia.com/cuda/cusparse/index.html,CUB segmented/device reduction; cuDNN graph; NPP flat-signal statistics,LIBRARY_BACKEND_ABSENT,RAISING_THEN_LIBRARY_LOWERING
aten_sparse_dense_intersection_cpu,aten/src/ATen/native/sparse/SparseTensorMath.cpp,intersection_binary_op_sparse_dense_out,issues/aten_c_kernels/aten_sparse_dense_intersection_cpu.c,float/int,R=64; C=64; N=512,sparse_indexed_elementwise: intersection_binary_op_sparse_dense,sparse_indexed_elementwise,,NONE,NO_IMPLEMENTATION,no emitted launch,no,1,0,cuSPARSE,sparse descriptors plus CUB segmented/indexed primitives,BUILDING_BLOCKS_ONLY,storage and reduction stages,"implicit zeros, duplicates, segment boundaries, gradients and reduction/softmax semantics",standard sparse storage; arbitrary indexed formulas remain outside cuSPARSE,mixed cuSPARSE+CUB graph composition; not a one-call matcher,HIGH,LOW,,https://docs.nvidia.com/cuda/cusparse/index.html,CUB sort/segmented-reduce for nonstandard sparse semantics,LIBRARY_BACKEND_ABSENT,MULTI_CALL_COMPOSITION_NOT_MATCHER_ONLY
aten_sparse_flatten_indices_cpu,aten/src/ATen/native/SparseTensorUtils.cpp,flatten_indices_by_dims,issues/aten_c_kernels/aten_sparse_flatten_indices_cpu.c,int,N=512; D=3,index_generation: flatten_indices_by_dims,index_generation,,NONE,NO_IMPLEMENTATION,no emitted launch,no,2,0,CUB,cudaMemcpy*/Memset or CUB building blocks,BUILDING_BLOCKS_ONLY,regular contiguous stages,"concatenation, combinations, diagonal/mask/index formulas need multiple calls or transforms",contiguous/regular pitched copies; arbitrary indexing is not memcpy,shape specialization and multi-call composition,HIGH,LOW,,https://nvidia.github.io/cccl/unstable/cub/api/device.html,cuTENSOR/cuDNN only when the indexing operation specializes to a regular affine tensor op,LIBRARY_BACKEND_ABSENT,MULTI_CALL_COMPOSITION_NOT_MATCHER_ONLY
aten_sparse_full_coo_indices_cpu,aten/src/ATen/native/SparseTensorUtils.cpp,full_coo_indices,issues/aten_c_kernels/aten_sparse_full_coo_indices_cpu.c,int,R=16; C=32,sparse_indexed_elementwise: full_coo_indices,sparse_indexed_elementwise,,NONE,NO_IMPLEMENTATION,no emitted launch,no,0,2,cuSPARSE,sparse descriptors plus CUB segmented/indexed primitives,BUILDING_BLOCKS_ONLY,storage and reduction stages,"implicit zeros, duplicates, segment boundaries, gradients and reduction/softmax semantics",standard sparse storage; arbitrary indexed formulas remain outside cuSPARSE,finish raising residual loops; then mixed cuSPARSE+CUB graph composition; not a one-call matcher,HIGH,LOW,,https://docs.nvidia.com/cuda/cusparse/index.html,CUB sort/segmented-reduce for nonstandard sparse semantics,LIBRARY_BACKEND_ABSENT,RAISING_THEN_LIBRARY_LOWERING
aten_sparse_matmul_maxnnz_cpu,aten/src/ATen/native/sparse/SparseMatMul.cpp,_csr_matmult_maxnnz,issues/aten_c_kernels/aten_sparse_matmul_maxnnz_cpu.c,int,R=64; N=512,sparse_indexed_elementwise: _csr_matmult_maxnnz,sparse_indexed_elementwise,,NONE,NO_IMPLEMENTATION,no emitted launch,no,0,2,cuSPARSE,sparse descriptors plus CUB segmented/indexed primitives,BUILDING_BLOCKS_ONLY,storage and reduction stages,"implicit zeros, duplicates, segment boundaries, gradients and reduction/softmax semantics",standard sparse storage; arbitrary indexed formulas remain outside cuSPARSE,finish raising residual loops; then mixed cuSPARSE+CUB graph composition; not a one-call matcher,HIGH,LOW,,https://docs.nvidia.com/cuda/cusparse/index.html,CUB sort/segmented-reduce for nonstandard sparse semantics,LIBRARY_BACKEND_ABSENT,RAISING_THEN_LIBRARY_LOWERING
aten_sparse_softmax_offsets_cpu,aten/src/ATen/native/sparse/SoftMax.cpp,get_offsets,issues/aten_c_kernels/aten_sparse_softmax_offsets_cpu.c,int,N=512; R=64,sparse_softmax: get_offsets,sparse_softmax,,NONE,NO_IMPLEMENTATION,no emitted launch,no,0,2,cuSPARSE,sparse descriptors plus CUB segmented/indexed primitives,BUILDING_BLOCKS_ONLY,storage and reduction stages,"implicit zeros, duplicates, segment boundaries, gradients and reduction/softmax semantics",standard sparse storage; arbitrary indexed formulas remain outside cuSPARSE,finish raising residual loops; then mixed cuSPARSE+CUB graph composition; not a one-call matcher,HIGH,LOW,,https://docs.nvidia.com/cuda/cusparse/index.html,CUB sort/segmented-reduce for nonstandard sparse semantics,LIBRARY_BACKEND_ABSENT,RAISING_THEN_LIBRARY_LOWERING
aten_sparse_softmax_pools_cpu,aten/src/ATen/native/sparse/SoftMax.cpp,get_pools,issues/aten_c_kernels/aten_sparse_softmax_pools_cpu.c,int,R=64,sparse_softmax: get_pools,sparse_softmax,,NONE,NO_IMPLEMENTATION,no emitted launch,no,1,0,cuSPARSE,sparse descriptors plus CUB segmented/indexed primitives,BUILDING_BLOCKS_ONLY,storage and reduction stages,"implicit zeros, duplicates, segment boundaries, gradients and reduction/softmax semantics",standard sparse storage; arbitrary indexed formulas remain outside cuSPARSE,mixed cuSPARSE+CUB graph composition; not a one-call matcher,HIGH,LOW,,https://docs.nvidia.com/cuda/cusparse/index.html,CUB sort/segmented-reduce for nonstandard sparse semantics,LIBRARY_BACKEND_ABSENT,MULTI_CALL_COMPOSITION_NOT_MATCHER_ONLY
aten_sparse_sum_backward_cpu,aten/src/ATen/native/sparse/SparseTensorMath.cpp,_sparse_sum_backward_cpu,issues/aten_c_kernels/aten_sparse_sum_backward_cpu.c,float,N=1024,scalar_fill: _sparse_sum_backward,scalar_fill,,NONE,NO_IMPLEMENTATION,no emitted launch,no,1,0,none,no fixed public NVIDIA library call,NO_PUBLIC_LIBRARY_EQUIVALENT,none,an arbitrary runtime float fill is not representable by bytewise cudaMemset,not applicable,retain the Linalg computation and use conventional GPU lowering,HIGH,NONE,,,scalar CUDA math/libdevice or generated kernel (not a link-only tensor API),NO_PUBLIC_LIBRARY_BACKEND_POSSIBLE,NO_LINK_ONLY_LIBRARY_ROUTE
aten_spdiags_cpu,aten/src/ATen/native/cpu/SparseFactories.cpp,_spdiags_kernel_cpu,issues/aten_c_kernels/aten_spdiags_cpu.c,float/int,D=5; N=16,indexed_data_movement: _spdiags_kernel,indexed_data_movement,memset_zero_2D_f32,PARTIAL_STAGE_ONLY,CUDA_RUNTIME_PRIMITIVE,CUDA copy or memset runtime primitive,yes,1,2,CUB,DeviceSelect or sort/reduce-by-key primitives,BUILDING_BLOCKS_ONLY,supported indexing stages,"bounds/negative indices, duplicate destinations, atomic reduction, determinism and write order",index arrays and flattened affine addressing; patch operations need index generation,finish raising residual loops; then indexed-op semantic matcher + collision proof or reduce-by-key composition,HIGH,MEDIUM,,https://nvidia.github.io/cccl/unstable/cub/api/device.html,cuTENSOR/cuDNN only when the indexing operation specializes to a regular affine tensor op,LIBRARY_BACKEND_ABSENT,RAISING_THEN_LIBRARY_LOWERING
aten_spherical_bessel_j0,aten/src/ATen/native/cpu/spherical_bessel_j0.cpp,spherical_bessel_j0_kernel,issues/aten_c_kernels/aten_spherical_bessel_j0.c,float,N=4096,special_function: spherical_bessel_j0_kernel,special_function,,NONE,NO_IMPLEMENTATION,no emitted launch,no,1,0,none,no public whole-tensor NVIDIA library operation,NO_PUBLIC_LIBRARY_EQUIVALENT,none,scalar CUDA math/libdevice or recurrences are not a host-callable tensor library implementation,not applicable,retain raised code or permit a generated/custom GPU kernel,HIGH,NONE,A scalar device function may exist; that is not a link-only tensor-library lowering.,,scalar CUDA math/libdevice or generated kernel (not a link-only tensor API),NO_PUBLIC_LIBRARY_BACKEND_POSSIBLE,NO_LINK_ONLY_LIBRARY_ROUTE
aten_spmm_reduce_arg_cpu,aten/src/ATen/native/cpu/SpmmReduceKernel.cpp,spmm_reduce_arg_kernel,issues/aten_c_kernels/aten_spmm_reduce_arg_cpu.c,float/int,ROWS=16; INNER=32; COLS=24; NNZ=96,sparse_linear_algebra: spmm_reduce_arg_kernel,sparse_linear_algebra,,NONE,NO_IMPLEMENTATION,no emitted launch,no,0,3,cuSPARSE,SpMV/SpMM/SpGEMM/SDDMM,SUBSET_WITH_CONSTRAINTS,whole for standardized sparse algebra,"reduction operator (usually plus-times), duplicate entries, sortedness, transpose and alpha/beta","supported COO/CSR/CSC/BSR formats, index widths, data types and layouts",finish raising residual loops; then sparse descriptor extraction + cuSPARSE generic-API backend,HIGH,HIGHEST,,https://docs.nvidia.com/cuda/cusparse/index.html,CUB sort/segmented-reduce for nonstandard sparse semantics,LIBRARY_BACKEND_ABSENT,RAISING_THEN_LIBRARY_LOWERING
aten_spmm_reduce_backward_input_arg_cpu,aten/src/ATen/native/cpu/SpmmReduceKernel.cpp,spmm_reduce_backward_input_arg_kernel,issues/aten_c_kernels/aten_spmm_reduce_backward_input_arg_cpu.c,float/int,ROWS=16; INNER=32; COLS=24; NNZ=96,sparse_linear_algebra: spmm_reduce_backward_input_arg_kernel,sparse_linear_algebra,memset_zero_1D_f32,PARTIAL_STAGE_ONLY,CUDA_RUNTIME_PRIMITIVE,CUDA copy or memset runtime primitive,yes,1,2,cuSPARSE,SpMV/SpMM/SpGEMM/SDDMM,SUBSET_WITH_CONSTRAINTS,whole for standardized sparse algebra,"reduction operator (usually plus-times), duplicate entries, sortedness, transpose and alpha/beta","supported COO/CSR/CSC/BSR formats, index widths, data types and layouts",finish raising residual loops; then sparse descriptor extraction + cuSPARSE generic-API backend,HIGH,HIGHEST,,https://docs.nvidia.com/cuda/cusparse/index.html,CUB sort/segmented-reduce for nonstandard sparse semantics,LIBRARY_BACKEND_ABSENT,RAISING_THEN_LIBRARY_LOWERING
aten_spmm_reduce_backward_input_cpu,aten/src/ATen/native/cpu/SpmmReduceKernel.cpp,spmm_reduce_backward_input_kernel,issues/aten_c_kernels/aten_spmm_reduce_backward_input_cpu.c,float/int,ROWS=16; INNER=32; COLS=24; NNZ=96,indexed_data_movement: spmm_reduce_backward_input_kernel,indexed_data_movement,,NONE,NO_IMPLEMENTATION,no emitted launch,no,1,2,CUB,DeviceSelect or sort/reduce-by-key primitives,BUILDING_BLOCKS_ONLY,supported indexing stages,"bounds/negative indices, duplicate destinations, atomic reduction, determinism and write order",index arrays and flattened affine addressing; patch operations need index generation,finish raising residual loops; then indexed-op semantic matcher + collision proof or reduce-by-key composition,HIGH,MEDIUM,,https://nvidia.github.io/cccl/unstable/cub/api/device.html,cuTENSOR/cuDNN only when the indexing operation specializes to a regular affine tensor op,LIBRARY_BACKEND_ABSENT,RAISING_THEN_LIBRARY_LOWERING
aten_spmm_reduce_backward_other_arg_cpu,aten/src/ATen/native/cpu/SpmmReduceKernel.cpp,spmm_reduce_backward_other_arg_kernel,issues/aten_c_kernels/aten_spmm_reduce_backward_other_arg_cpu.c,float/int,ROWS=16; INNER=32; COLS=24; NNZ=96,sparse_linear_algebra: spmm_reduce_backward_other_arg_kernel,sparse_linear_algebra,memset_zero_2D_f32,PARTIAL_STAGE_ONLY,CUDA_RUNTIME_PRIMITIVE,CUDA copy or memset runtime primitive,yes,1,2,cuSPARSE,SpMV/SpMM/SpGEMM/SDDMM,SUBSET_WITH_CONSTRAINTS,whole for standardized sparse algebra,"reduction operator (usually plus-times), duplicate entries, sortedness, transpose and alpha/beta","supported COO/CSR/CSC/BSR formats, index widths, data types and layouts",finish raising residual loops; then sparse descriptor extraction + cuSPARSE generic-API backend,HIGH,HIGHEST,,https://docs.nvidia.com/cuda/cusparse/index.html,CUB sort/segmented-reduce for nonstandard sparse semantics,LIBRARY_BACKEND_ABSENT,RAISING_THEN_LIBRARY_LOWERING
aten_spmm_reduce_backward_other_cpu,aten/src/ATen/native/cpu/SpmmReduceKernel.cpp,spmm_reduce_backward_other_kernel,issues/aten_c_kernels/aten_spmm_reduce_backward_other_cpu.c,float/int,ROWS=16; INNER=32; COLS=24; NNZ=96,sparse_linear_algebra: spmm_reduce_backward_other_kernel,sparse_linear_algebra,memset_zero_2D_f32,PARTIAL_STAGE_ONLY,CUDA_RUNTIME_PRIMITIVE,CUDA copy or memset runtime primitive,yes,1,3,cuSPARSE,SpMV/SpMM/SpGEMM/SDDMM,SUBSET_WITH_CONSTRAINTS,whole for standardized sparse algebra,"reduction operator (usually plus-times), duplicate entries, sortedness, transpose and alpha/beta","supported COO/CSR/CSC/BSR formats, index widths, data types and layouts",finish raising residual loops; then sparse descriptor extraction + cuSPARSE generic-API backend,HIGH,HIGHEST,,https://docs.nvidia.com/cuda/cusparse/index.html,CUB sort/segmented-reduce for nonstandard sparse semantics,LIBRARY_BACKEND_ABSENT,RAISING_THEN_LIBRARY_LOWERING
aten_spmm_reduce_cpu,aten/src/ATen/native/cpu/SpmmReduceKernel.cpp,spmm_reduce_kernel,issues/aten_c_kernels/aten_spmm_reduce_cpu.c,float/int,ROWS=16; INNER=32; COLS=24; NNZ=96,sparse_linear_algebra: spmm_reduce_kernel,sparse_linear_algebra,,NONE,NO_IMPLEMENTATION,no emitted launch,no,0,3,cuSPARSE,SpMV/SpMM/SpGEMM/SDDMM,SUBSET_WITH_CONSTRAINTS,whole for standardized sparse algebra,"reduction operator (usually plus-times), duplicate entries, sortedness, transpose and alpha/beta","supported COO/CSR/CSC/BSR formats, index widths, data types and layouts",finish raising residual loops; then sparse descriptor extraction + cuSPARSE generic-API backend,HIGH,HIGHEST,,https://docs.nvidia.com/cuda/cusparse/index.html,CUB sort/segmented-reduce for nonstandard sparse semantics,LIBRARY_BACKEND_ABSENT,RAISING_THEN_LIBRARY_LOWERING
aten_std_var_all_cpu,aten/src/ATen/native/ReduceOps.cpp,std_var_all_cpu,issues/aten_c_kernels/aten_std_var_all_cpu.c,float,N=1024,reduction: std_var_all,reduction,cudnnReduceSum_f32,PARTIAL_STAGE_ONLY,DIRECT_VENDOR_API,public vendor API or vendor operation graph,yes,2,0,cuTENSOR,cutensorCreateReduction plus elementwise stages,BUILDING_BLOCKS_ONLY,reduction stage,variance/norm/mean scaling or nested metadata requires extra stages; reduction order may differ,regular affine tensor modes/strides and supported reduction operator,"preserve current partial match and partition residual graph; then raise stages, partition graph, and lower generic reduction descriptors",HIGH,MEDIUM,,https://docs.nvidia.com/cuda/cutensor/latest/api/cutensor.html,CUB segmented/device reduction; cuDNN graph; NPP flat-signal statistics,GENERAL_CUTENSOR_BACKEND_ABSENT_CUTENSORNET_IS_NOT_EQUIVALENT,GRAPH_PARTITION_RESIDUAL_THEN_LIBRARY_LOWERING
aten_std_var_cpu,aten/src/ATen/native/cpu/ReduceOpsKernel.cpp,std_var_kernel_impl,issues/aten_c_kernels/aten_std_var_cpu.c,float/int,R=32; K=64,reduction: std_var_kernel_impl,reduction,cudnnReduceSum_f32,PARTIAL_STAGE_ONLY,DIRECT_VENDOR_API,public vendor API or vendor operation graph,yes,2,1,cuTENSOR,cutensorCreateReduction plus elementwise stages,BUILDING_BLOCKS_ONLY,reduction stage,variance/norm/mean scaling or nested metadata requires extra stages; reduction order may differ,regular affine tensor modes/strides and supported reduction operator,"finish raising residual loops; then raise stages, partition graph, and lower generic reduction descriptors",HIGH,MEDIUM,,https://docs.nvidia.com/cuda/cutensor/latest/api/cutensor.html,CUB segmented/device reduction; cuDNN graph; NPP flat-signal statistics,GENERAL_CUTENSOR_BACKEND_ABSENT_CUTENSORNET_IS_NOT_EQUIVALENT,RAISING_THEN_LIBRARY_LOWERING
aten_take_cpu,aten/src/ATen/native/cpu/IndexKernel.cpp,take_kernel,issues/aten_c_kernels/aten_take_cpu.c,float/int,R=32; K=64; S=128,indexed_data_movement: take_kernel,indexed_data_movement,,NONE,NO_IMPLEMENTATION,no emitted launch,no,1,0,CUB,DeviceSelect or sort/reduce-by-key primitives,BUILDING_BLOCKS_ONLY,supported indexing stages,"bounds/negative indices, duplicate destinations, atomic reduction, determinism and write order",index arrays and flattened affine addressing; patch operations need index generation,indexed-op semantic matcher + collision proof or reduce-by-key composition,HIGH,MEDIUM,,https://nvidia.github.io/cccl/unstable/cub/api/device.html,cuTENSOR/cuDNN only when the indexing operation specializes to a regular affine tensor op,LIBRARY_BACKEND_ABSENT,MULTI_CALL_COMPOSITION_NOT_MATCHER_ONLY
aten_topk_cpu,aten/src/ATen/native/cpu/SortingKernel.cpp,topk_kernel,issues/aten_c_kernels/aten_topk_cpu.c,float/int,R=16; K=64; TOP=8,ordering_selection: topk_kernel,ordering_selection,cudaCopy2D_f32_tensor,PARTIAL_STAGE_ONLY,CUDA_RUNTIME_PRIMITIVE,CUDA copy or memset runtime primitive,yes,4,3,CUB,DeviceRadixSort/SegmentedRadixSort/Select/RLE,BUILDING_BLOCKS_ONLY,sort/search/select stages,"stable ordering, NaNs, first-index/tie policy, multidimensional axes and returned indices",contiguous keys or explicit segments; arbitrary strided axes need layout conversion,finish raising residual loops; then CUB backend + operation-specific composition,HIGH,MEDIUM,,https://nvidia.github.io/cccl/unstable/cub/api/device.html,cuTENSOR/cuDNN only when the indexing operation specializes to a regular affine tensor op,LIBRARY_BACKEND_ABSENT,RAISING_THEN_LIBRARY_LOWERING
aten_trigamma,aten/src/ATen/native/cpu/UnaryOpsKernel.cpp,trigamma_kernel,issues/aten_c_kernels/aten_trigamma.c,float,N=4096,random_distribution: trigamma_kernel,random_distribution,,NONE,NO_IMPLEMENTATION,no emitted launch,no,1,0,cuRAND,uniform/normal/lognormal/Poisson/Sobol generators,SUBSET_WITH_CONSTRAINTS,random draw stage or whole distribution subset,"ATen Philox generator state, seed/offset advancement, reproducibility and exact transform must match",cuRAND output type/count/alignment; many distributions need a transform,RNG-state proof + cuRAND backend; compose unsupported transforms,HIGH,LOW,,https://docs.nvidia.com/cuda/curand/host-api-overview.html,none identified with stronger whole-kernel semantics,LIBRARY_BACKEND_ABSENT,LEGALITY_SPECIALIZATION_AND_BACKEND
aten_tril_indices_cpu,aten/src/ATen/native/TensorFactories.cpp,tril_indices_cpu,issues/aten_c_kernels/aten_tril_indices_cpu.c,int,N=32; K=(N*(N+1),index_generation: tril_indices,index_generation,,NONE,NO_IMPLEMENTATION,no emitted launch,no,0,2,CUB,cudaMemcpy*/Memset or CUB building blocks,BUILDING_BLOCKS_ONLY,regular contiguous stages,"concatenation, combinations, diagonal/mask/index formulas need multiple calls or transforms",contiguous/regular pitched copies; arbitrary indexing is not memcpy,finish raising residual loops; then shape specialization and multi-call composition,HIGH,LOW,,https://nvidia.github.io/cccl/unstable/cub/api/device.html,cuTENSOR/cuDNN only when the indexing operation specializes to a regular affine tensor op,LIBRARY_BACKEND_ABSENT,RAISING_THEN_LIBRARY_LOWERING
aten_triu_indices_cpu,aten/src/ATen/native/TensorFactories.cpp,triu_indices_cpu,issues/aten_c_kernels/aten_triu_indices_cpu.c,int,N=32; K=(N*(N+1),index_generation: triu_indices,index_generation,,NONE,NO_IMPLEMENTATION,no emitted launch,no,0,2,CUB,cudaMemcpy*/Memset or CUB building blocks,BUILDING_BLOCKS_ONLY,regular contiguous stages,"concatenation, combinations, diagonal/mask/index formulas need multiple calls or transforms",contiguous/regular pitched copies; arbitrary indexing is not memcpy,finish raising residual loops; then shape specialization and multi-call composition,HIGH,LOW,,https://nvidia.github.io/cccl/unstable/cub/api/device.html,cuTENSOR/cuDNN only when the indexing operation specializes to a regular affine tensor op,LIBRARY_BACKEND_ABSENT,RAISING_THEN_LIBRARY_LOWERING
aten_triu_mask_cpu,aten/src/ATen/native/Itertools.cpp,_triu_mask,issues/aten_c_kernels/aten_triu_mask_cpu.c,int,M=32; N=32,index_generation: _triu_mask,index_generation,,NONE,NO_IMPLEMENTATION,no emitted launch,no,1,0,CUB,cudaMemcpy*/Memset or CUB building blocks,BUILDING_BLOCKS_ONLY,regular contiguous stages,"concatenation, combinations, diagonal/mask/index formulas need multiple calls or transforms",contiguous/regular pitched copies; arbitrary indexing is not memcpy,shape specialization and multi-call composition,HIGH,LOW,,https://nvidia.github.io/cccl/unstable/cub/api/device.html,cuTENSOR/cuDNN only when the indexing operation specializes to a regular affine tensor op,LIBRARY_BACKEND_ABSENT,MULTI_CALL_COMPOSITION_NOT_MATCHER_ONLY
aten_triu_tril_batch_cpu,aten/src/ATen/native/TriangularOps.cpp,apply_triu_tril,issues/aten_c_kernels/aten_triu_tril_batch_cpu.c,float/int,B=4; M=32; N=24,index_generation: apply_triu_tril,index_generation,,NONE,NO_IMPLEMENTATION,no emitted launch,no,1,0,CUB,cudaMemcpy*/Memset or CUB building blocks,BUILDING_BLOCKS_ONLY,regular contiguous stages,"concatenation, combinations, diagonal/mask/index formulas need multiple calls or transforms",contiguous/regular pitched copies; arbitrary indexing is not memcpy,shape specialization and multi-call composition,HIGH,LOW,,https://nvidia.github.io/cccl/unstable/cub/api/device.html,cuTENSOR/cuDNN only when the indexing operation specializes to a regular affine tensor op,LIBRARY_BACKEND_ABSENT,MULTI_CALL_COMPOSITION_NOT_MATCHER_ONLY
aten_triu_tril_single_cpu,aten/src/ATen/native/TriangularOps.cpp,apply_triu_tril_single,issues/aten_c_kernels/aten_triu_tril_single_cpu.c,float/int,M=32; N=24,triangular_mask: apply_triu_tril_single,triangular_mask,,NONE,NO_IMPLEMENTATION,no emitted launch,no,1,0,cuDNN,pointwise/reduction/matmul operation graph,BUILDING_BLOCKS_ONLY,arithmetic stages,"complete formula, index/label rules, state mutation, reductions and backward outputs",only graph nodes/layouts supported by cuDNN,extract and partition expression/stage graph; validate plan or keep raised code,HIGH,LOW,,https://docs.nvidia.com/deeplearning/cudnn/latest/index.html,none identified with stronger whole-kernel semantics,GENERAL_CUDNN_GRAPH_BACKEND_ABSENT,MULTI_CALL_COMPOSITION_NOT_MATCHER_ONLY
aten_unfold3d_acc_cpu,aten/src/ATen/native/Unfold3d.cpp,Unfold3dAccKernelImpl,issues/aten_c_kernels/aten_unfold3d_acc_cpu.c,float,C=2; D=6; H=7; W=8; K=3,patch_extract_scatter: Unfold3dAccKernelImpl,patch_extract_scatter,,NONE,NO_IMPLEMENTATION,no emitted launch,no,1,0,CUB,DeviceSelect or sort/reduce-by-key primitives,BUILDING_BLOCKS_ONLY,supported indexing stages,"bounds/negative indices, duplicate destinations, atomic reduction, determinism and write order",index arrays and flattened affine addressing; patch operations need index generation,indexed-op semantic matcher + collision proof or reduce-by-key composition,HIGH,MEDIUM,,https://nvidia.github.io/cccl/unstable/cub/api/device.html,cuTENSOR/cuDNN only when the indexing operation specializes to a regular affine tensor op,LIBRARY_BACKEND_ABSENT,MULTI_CALL_COMPOSITION_NOT_MATCHER_ONLY
aten_unfold3d_copy_cpu,aten/src/ATen/native/Unfold3d.cpp,Unfold3dCopyKernelImpl,issues/aten_c_kernels/aten_unfold3d_copy_cpu.c,float,C=2; D=6; H=7; W=8; K=3,patch_extract_scatter: Unfold3dCopyKernelImpl,patch_extract_scatter,,NONE,NO_IMPLEMENTATION,no emitted launch,no,1,0,CUB,DeviceSelect or sort/reduce-by-key primitives,BUILDING_BLOCKS_ONLY,supported indexing stages,"bounds/negative indices, duplicate destinations, atomic reduction, determinism and write order",index arrays and flattened affine addressing; patch operations need index generation,indexed-op semantic matcher + collision proof or reduce-by-key composition,HIGH,MEDIUM,,https://nvidia.github.io/cccl/unstable/cub/api/device.html,cuTENSOR/cuDNN only when the indexing operation specializes to a regular affine tensor op,LIBRARY_BACKEND_ABSENT,MULTI_CALL_COMPOSITION_NOT_MATCHER_ONLY
aten_unfold3d_zero_acc_cpu,aten/src/ATen/native/Unfold3d.cpp,Unfold3dZeroPaddingAccKernelImpl,issues/aten_c_kernels/aten_unfold3d_zero_acc_cpu.c,float,C=2; D=8; H=9; W=10; K=3,patch_extract_scatter: Unfold3dZeroPaddingAccKernelImpl,patch_extract_scatter,,NONE,NO_IMPLEMENTATION,no emitted launch,no,0,8,CUB,DeviceSelect or sort/reduce-by-key primitives,BUILDING_BLOCKS_ONLY,supported indexing stages,"bounds/negative indices, duplicate destinations, atomic reduction, determinism and write order",index arrays and flattened affine addressing; patch operations need index generation,finish raising residual loops; then indexed-op semantic matcher + collision proof or reduce-by-key composition,HIGH,MEDIUM,,https://nvidia.github.io/cccl/unstable/cub/api/device.html,cuTENSOR/cuDNN only when the indexing operation specializes to a regular affine tensor op,LIBRARY_BACKEND_ABSENT,RAISING_THEN_LIBRARY_LOWERING
aten_unfold3d_zero_copy_cpu,aten/src/ATen/native/Unfold3d.cpp,Unfold3dZeroPaddingCopyKernelImpl,issues/aten_c_kernels/aten_unfold3d_zero_copy_cpu.c,float,C=2; D=8; H=9; W=10; K=3,patch_extract_scatter: Unfold3dZeroPaddingCopyKernelImpl,patch_extract_scatter,,NONE,NO_IMPLEMENTATION,no emitted launch,no,1,0,CUB,DeviceSelect or sort/reduce-by-key primitives,BUILDING_BLOCKS_ONLY,supported indexing stages,"bounds/negative indices, duplicate destinations, atomic reduction, determinism and write order",index arrays and flattened affine addressing; patch operations need index generation,indexed-op semantic matcher + collision proof or reduce-by-key composition,HIGH,MEDIUM,,https://nvidia.github.io/cccl/unstable/cub/api/device.html,cuTENSOR/cuDNN only when the indexing operation specializes to a regular affine tensor op,LIBRARY_BACKEND_ABSENT,MULTI_CALL_COMPOSITION_NOT_MATCHER_ONLY
aten_unfold_backward_cpu,aten/src/ATen/native/cpu/UnfoldBackwardKernel.cpp,unfold_backward_cpu_kernel,issues/aten_c_kernels/aten_unfold_backward_cpu.c,float,N=32; SIZE=64; STEP=2,patch_extract_scatter: unfold_backward_kernel,patch_extract_scatter,memset_zero_1D_f32,PARTIAL_STAGE_ONLY,CUDA_RUNTIME_PRIMITIVE,CUDA copy or memset runtime primitive,yes,2,0,CUB,DeviceSelect or sort/reduce-by-key primitives,BUILDING_BLOCKS_ONLY,supported indexing stages,"bounds/negative indices, duplicate destinations, atomic reduction, determinism and write order",index arrays and flattened affine addressing; patch operations need index generation,preserve current partial match and partition residual graph; then indexed-op semantic matcher + collision proof or reduce-by-key composition,HIGH,MEDIUM,,https://nvidia.github.io/cccl/unstable/cub/api/device.html,cuTENSOR/cuDNN only when the indexing operation specializes to a regular affine tensor op,LIBRARY_BACKEND_ABSENT,GRAPH_PARTITION_RESIDUAL_THEN_LIBRARY_LOWERING
aten_unfolded2d_acc_cpu,aten/src/ATen/native/cpu/Unfold2d.cpp,unfolded2d_acc_kernel,issues/aten_c_kernels/aten_unfolded2d_acc_cpu.c,float,C=2; H=8; W=8; KH=3; KW=3; OH=6; OW=6,patch_extract_scatter: unfolded2d_acc_kernel,patch_extract_scatter,,NONE,NO_IMPLEMENTATION,no emitted launch,no,2,0,CUB,DeviceSelect or sort/reduce-by-key primitives,BUILDING_BLOCKS_ONLY,supported indexing stages,"bounds/negative indices, duplicate destinations, atomic reduction, determinism and write order",index arrays and flattened affine addressing; patch operations need index generation,indexed-op semantic matcher + collision proof or reduce-by-key composition,HIGH,MEDIUM,,https://nvidia.github.io/cccl/unstable/cub/api/device.html,cuTENSOR/cuDNN only when the indexing operation specializes to a regular affine tensor op,LIBRARY_BACKEND_ABSENT,MULTI_CALL_COMPOSITION_NOT_MATCHER_ONLY
aten_unique_bool_cpu,aten/src/ATen/native/Unique.cpp,unique_cpu_bool_template,issues/aten_c_kernels/aten_unique_bool_cpu.c,int,N=1024,ordering_selection: unique_bool_template,ordering_selection,,NONE,NO_IMPLEMENTATION,no emitted launch,no,0,1,CUB,DeviceRadixSort/SegmentedRadixSort/Select/RLE,BUILDING_BLOCKS_ONLY,sort/search/select stages,"stable ordering, NaNs, first-index/tie policy, multidimensional axes and returned indices",contiguous keys or explicit segments; arbitrary strided axes need layout conversion,finish raising residual loops; then CUB backend + operation-specific composition,HIGH,MEDIUM,,https://nvidia.github.io/cccl/unstable/cub/api/device.html,cuTENSOR/cuDNN only when the indexing operation specializes to a regular affine tensor op,LIBRARY_BACKEND_ABSENT,RAISING_THEN_LIBRARY_LOWERING
aten_unique_consecutive_cpu,aten/src/ATen/native/Unique.cpp,unique_consecutive_cpu_template,issues/aten_c_kernels/aten_unique_consecutive_cpu.c,int,N=1024,ordering_selection: unique_consecutive_template,ordering_selection,,NONE,NO_IMPLEMENTATION,no emitted launch,no,0,1,CUB,DeviceRadixSort/SegmentedRadixSort/Select/RLE,BUILDING_BLOCKS_ONLY,sort/search/select stages,"stable ordering, NaNs, first-index/tie policy, multidimensional axes and returned indices",contiguous keys or explicit segments; arbitrary strided axes need layout conversion,finish raising residual loops; then CUB backend + operation-specific composition,HIGH,MEDIUM,,https://nvidia.github.io/cccl/unstable/cub/api/device.html,cuTENSOR/cuDNN only when the indexing operation specializes to a regular affine tensor op,LIBRARY_BACKEND_ABSENT,RAISING_THEN_LIBRARY_LOWERING
aten_unique_dim_impl_cpu,aten/src/ATen/native/Unique.cpp,_unique_dim_cpu_impl,issues/aten_c_kernels/aten_unique_dim_impl_cpu.c,float/int,R=128; C=16,ordering_selection: _unique_dim_impl,ordering_selection,,NONE,NO_IMPLEMENTATION,no emitted launch,no,3,1,CUB,DeviceRadixSort/SegmentedRadixSort/Select/RLE,BUILDING_BLOCKS_ONLY,sort/search/select stages,"stable ordering, NaNs, first-index/tie policy, multidimensional axes and returned indices",contiguous keys or explicit segments; arbitrary strided axes need layout conversion,finish raising residual loops; then CUB backend + operation-specific composition,HIGH,MEDIUM,,https://nvidia.github.io/cccl/unstable/cub/api/device.html,cuTENSOR/cuDNN only when the indexing operation specializes to a regular affine tensor op,LIBRARY_BACKEND_ABSENT,RAISING_THEN_LIBRARY_LOWERING
aten_unique_dim_template_cpu,aten/src/ATen/native/Unique.cpp,_unique_dim_cpu_template,issues/aten_c_kernels/aten_unique_dim_template_cpu.c,float/int,R=128; C=16,ordering_selection: _unique_dim_template,ordering_selection,,NONE,NO_IMPLEMENTATION,no emitted launch,no,3,1,CUB,DeviceRadixSort/SegmentedRadixSort/Select/RLE,BUILDING_BLOCKS_ONLY,sort/search/select stages,"stable ordering, NaNs, first-index/tie policy, multidimensional axes and returned indices",contiguous keys or explicit segments; arbitrary strided axes need layout conversion,finish raising residual loops; then CUB backend + operation-specific composition,HIGH,MEDIUM,,https://nvidia.github.io/cccl/unstable/cub/api/device.html,cuTENSOR/cuDNN only when the indexing operation specializes to a regular affine tensor op,LIBRARY_BACKEND_ABSENT,RAISING_THEN_LIBRARY_LOWERING
aten_unique_sorted_cpu,aten/src/ATen/native/Unique.cpp,unique_cpu_sorted_template,issues/aten_c_kernels/aten_unique_sorted_cpu.c,int,N=1024,ordering_selection: unique_sorted_template,ordering_selection,,NONE,NO_IMPLEMENTATION,no emitted launch,no,0,3,CUB,DeviceRadixSort/SegmentedRadixSort/Select/RLE,BUILDING_BLOCKS_ONLY,sort/search/select stages,"stable ordering, NaNs, first-index/tie policy, multidimensional axes and returned indices",contiguous keys or explicit segments; arbitrary strided axes need layout conversion,finish raising residual loops; then CUB backend + operation-specific composition,HIGH,MEDIUM,,https://nvidia.github.io/cccl/unstable/cub/api/device.html,cuTENSOR/cuDNN only when the indexing operation specializes to a regular affine tensor op,LIBRARY_BACKEND_ABSENT,RAISING_THEN_LIBRARY_LOWERING
aten_unpack_pivots_cpu,aten/src/ATen/native/BatchLinearAlgebraKernel.cpp,unpack_pivots_cpu_kernel,issues/aten_c_kernels/aten_unpack_pivots_cpu.c,int,N=128,matrix_factorization: unpack_pivots_kernel,matrix_factorization,,NONE,NO_IMPLEMENTATION,no emitted launch,no,1,1,cuSOLVER,dense eig/LU/QR helper APIs,BUILDING_BLOCKS_ONLY,factorization or helper stage,the extracted helper may only reflect/unpack pivots rather than perform the factorization,cuSOLVER column-major dense layouts/types/workspaces,finish raising residual loops; then recognize enclosing factorization; helper alone is not a cuSOLVER call,HIGH,LOW,,https://docs.nvidia.com/cuda/cusolver/contents.html,none identified with stronger whole-kernel semantics,LIBRARY_BACKEND_ABSENT,RAISING_THEN_LIBRARY_LOWERING
aten_unsafe_index_cpu,aten/src/ATen/native/TensorAdvancedIndexing.cpp,_unsafe_index,issues/aten_c_kernels/aten_unsafe_index_cpu.c,float/int,N=512,indexed_data_movement: _unsafe_index,indexed_data_movement,,NONE,NO_IMPLEMENTATION,no emitted launch,no,1,0,CUB,DeviceSelect or sort/reduce-by-key primitives,BUILDING_BLOCKS_ONLY,supported indexing stages,"bounds/negative indices, duplicate destinations, atomic reduction, determinism and write order",index arrays and flattened affine addressing; patch operations need index generation,indexed-op semantic matcher + collision proof or reduce-by-key composition,HIGH,MEDIUM,,https://nvidia.github.io/cccl/unstable/cub/api/device.html,cuTENSOR/cuDNN only when the indexing operation specializes to a regular affine tensor op,LIBRARY_BACKEND_ABSENT,MULTI_CALL_COMPOSITION_NOT_MATCHER_ONLY
aten_upper_bound_cpu,aten/src/ATen/native/Bucketization.cpp,cus_upper_bound,issues/aten_c_kernels/aten_upper_bound_cpu.c,float/int,N=256; M=128,search: cus_upper_bound,search,,NONE,NO_IMPLEMENTATION,no emitted launch,no,0,2,CUB,DeviceRadixSort/SegmentedRadixSort/Select/RLE,BUILDING_BLOCKS_ONLY,sort/search/select stages,"stable ordering, NaNs, first-index/tie policy, multidimensional axes and returned indices",contiguous keys or explicit segments; arbitrary strided axes need layout conversion,finish raising residual loops; then CUB backend + operation-specific composition,HIGH,MEDIUM,,https://nvidia.github.io/cccl/unstable/cub/api/device.html,cuTENSOR/cuDNN only when the indexing operation specializes to a regular affine tensor op,LIBRARY_BACKEND_ABSENT,RAISING_THEN_LIBRARY_LOWERING
aten_upsample_bicubic2d_aa_backward_cpu,aten/src/ATen/native/cpu/UpSampleKernel.cpp,upsample_bicubic2d_aa_backward_kernel_impl,issues/aten_c_kernels/aten_upsample_bicubic2d_aa_backward_cpu.c,float,B=1; C=2; I0=4; O0=7; I1=5; O1=8,resampling: upsample_bicubic2d_aa_backward_kernel_impl,resampling,memset_zero_1D_f32,PARTIAL_STAGE_ONLY,CUDA_RUNTIME_PRIMITIVE,CUDA copy or memset runtime primitive,yes,3,3,NPP,nppiResize/nppiRemap,SUBSET_WITH_CONSTRAINTS,forward 2D image subset,"ATen grid normalization, padding mode, align_corners, antialias and backward are not generally identical",NPP 2D image channels/ROI/step and supported dtypes,finish raising residual loops; then specialize proven-compatible 2D forward cases; no generic one-call route,HIGH,LOW,,https://docs.nvidia.com/cuda/npp/,NPP for compatible 2D image cases; implicit-GEMM via cuBLAS/CUTLASS for convolution,LIBRARY_BACKEND_ABSENT,RAISING_THEN_LIBRARY_LOWERING
aten_upsample_bicubic2d_aa_cpu,aten/src/ATen/native/cpu/UpSampleKernel.cpp,upsample_bicubic2d_aa_kernel_impl,issues/aten_c_kernels/aten_upsample_bicubic2d_aa_cpu.c,float,B=1; C=2; I0=4; O0=7; I1=5; O1=8,resampling: upsample_bicubic2d_aa_kernel_impl,resampling,,NONE,NO_IMPLEMENTATION,no emitted launch,no,2,3,NPP,nppiResize/nppiRemap,SUBSET_WITH_CONSTRAINTS,forward 2D image subset,"ATen grid normalization, padding mode, align_corners, antialias and backward are not generally identical",NPP 2D image channels/ROI/step and supported dtypes,finish raising residual loops; then specialize proven-compatible 2D forward cases; no generic one-call route,HIGH,LOW,,https://docs.nvidia.com/cuda/npp/,NPP for compatible 2D image cases; implicit-GEMM via cuBLAS/CUTLASS for convolution,LIBRARY_BACKEND_ABSENT,RAISING_THEN_LIBRARY_LOWERING
aten_upsample_bicubic2d_backward_cpu,aten/src/ATen/native/UpSampleBicubic2d.cpp,upsample_bicubic2d_backward_out_frame,issues/aten_c_kernels/aten_upsample_bicubic2d_backward_cpu.c,float,OH=8; OW=8; IH=5; IW=5,resampling: upsample_bicubic2d_backward_frame,resampling,memset_zero_1D_f32,PARTIAL_STAGE_ONLY,CUDA_RUNTIME_PRIMITIVE,CUDA copy or memset runtime primitive,yes,1,2,NPP,nppiResize/nppiRemap,SUBSET_WITH_CONSTRAINTS,forward 2D image subset,"ATen grid normalization, padding mode, align_corners, antialias and backward are not generally identical",NPP 2D image channels/ROI/step and supported dtypes,finish raising residual loops; then specialize proven-compatible 2D forward cases; no generic one-call route,HIGH,LOW,,https://docs.nvidia.com/cuda/npp/,NPP for compatible 2D image cases; implicit-GEMM via cuBLAS/CUTLASS for convolution,LIBRARY_BACKEND_ABSENT,RAISING_THEN_LIBRARY_LOWERING
aten_upsample_bicubic2d_cpu,aten/src/ATen/native/cpu/UpSampleKernel.cpp,upsample_bicubic2d_kernel_impl,issues/aten_c_kernels/aten_upsample_bicubic2d_cpu.c,float,B=1; C=2; I0=4; O0=7; I1=5; O1=8,resampling: upsample_bicubic2d_kernel_impl,resampling,,NONE,NO_IMPLEMENTATION,no emitted launch,no,0,5,NPP,nppiResize/nppiRemap,SUBSET_WITH_CONSTRAINTS,forward 2D image subset,"ATen grid normalization, padding mode, align_corners, antialias and backward are not generally identical",NPP 2D image channels/ROI/step and supported dtypes,finish raising residual loops; then specialize proven-compatible 2D forward cases; no generic one-call route,HIGH,LOW,,https://docs.nvidia.com/cuda/npp/,NPP for compatible 2D image cases; implicit-GEMM via cuBLAS/CUTLASS for convolution,LIBRARY_BACKEND_ABSENT,RAISING_THEN_LIBRARY_LOWERING
aten_upsample_bilinear2d_aa_backward_cpu,aten/src/ATen/native/cpu/UpSampleKernel.cpp,upsample_bilinear2d_aa_backward_kernel_impl,issues/aten_c_kernels/aten_upsample_bilinear2d_aa_backward_cpu.c,float,B=1; C=2; I0=4; O0=7; I1=5; O1=8,resampling: upsample_bilinear2d_aa_backward_kernel_impl,resampling,memset_zero_1D_f32,PARTIAL_STAGE_ONLY,CUDA_RUNTIME_PRIMITIVE,CUDA copy or memset runtime primitive,yes,3,3,cuDNN,Backend Resample forward,SUBSET_WITH_CONSTRAINTS,whole for the aligned 2x half-pixel subset,"ATen coordinate mode, edge clamp, antialias, scale and backward accumulation must match exactly",cuDNN v9 bilinear rank/layout/dtype plus integral-window and fractional-stride restrictions,finish raising residual loops; then recognize additional exactly compatible bilinear shapes; retain residual IR otherwise,HIGH,MEDIUM,,https://docs.nvidia.com/deeplearning/cudnn/latest/index.html,NPP for compatible 2D image cases; implicit-GEMM via cuBLAS/CUTLASS for convolution,RELATED_CUDNN_WRAPPERS_PRESENT_NEED_GENERALIZATION,RAISING_THEN_LIBRARY_LOWERING
aten_upsample_bilinear2d_aa_cpu,aten/src/ATen/native/cpu/UpSampleKernel.cpp,upsample_bilinear2d_aa_kernel_impl,issues/aten_c_kernels/aten_upsample_bilinear2d_aa_cpu.c,float,B=1; C=2; I0=4; O0=7; I1=5; O1=8,resampling: upsample_bilinear2d_aa_kernel_impl,resampling,,NONE,NO_IMPLEMENTATION,no emitted launch,no,2,3,cuDNN,Backend Resample forward,SUBSET_WITH_CONSTRAINTS,whole for the aligned 2x half-pixel subset,"ATen coordinate mode, edge clamp, antialias, scale and backward accumulation must match exactly",cuDNN v9 bilinear rank/layout/dtype plus integral-window and fractional-stride restrictions,finish raising residual loops; then recognize additional exactly compatible bilinear shapes; retain residual IR otherwise,HIGH,MEDIUM,,https://docs.nvidia.com/deeplearning/cudnn/latest/index.html,NPP for compatible 2D image cases; implicit-GEMM via cuBLAS/CUTLASS for convolution,RELATED_CUDNN_WRAPPERS_PRESENT_NEED_GENERALIZATION,RAISING_THEN_LIBRARY_LOWERING
aten_upsample_bilinear2d_backward_cpu,aten/src/ATen/native/cpu/UpSampleMoreKernel.cpp,upsample_bilinear2d_backward_kernel_impl,issues/aten_c_kernels/aten_upsample_bilinear2d_backward_cpu.c,float,B=1; C=2; I0=4; O0=7; I1=5; O1=8,resampling: upsample_bilinear2d_backward_kernel_impl,resampling,memset_zero_1D_f32,PARTIAL_STAGE_ONLY,CUDA_RUNTIME_PRIMITIVE,CUDA copy or memset runtime primitive,yes,1,3,cuDNN,Backend Resample forward,SUBSET_WITH_CONSTRAINTS,whole for the aligned 2x half-pixel subset,"ATen coordinate mode, edge clamp, antialias, scale and backward accumulation must match exactly",cuDNN v9 bilinear rank/layout/dtype plus integral-window and fractional-stride restrictions,finish raising residual loops; then recognize additional exactly compatible bilinear shapes; retain residual IR otherwise,HIGH,MEDIUM,,https://docs.nvidia.com/deeplearning/cudnn/latest/index.html,NPP for compatible 2D image cases; implicit-GEMM via cuBLAS/CUTLASS for convolution,RELATED_CUDNN_WRAPPERS_PRESENT_NEED_GENERALIZATION,RAISING_THEN_LIBRARY_LOWERING
aten_upsample_bilinear2d_cpu,aten/src/ATen/native/cpu/UpSampleKernel.cpp,upsample_bilinear2d_kernel_impl,issues/aten_c_kernels/aten_upsample_bilinear2d_cpu.c,float,B=1; C=2; I0=4; O0=7; I1=5; O1=8,resampling: upsample_bilinear2d_kernel_impl,resampling,,NONE,NO_IMPLEMENTATION,no emitted launch,no,1,0,cuDNN,Backend Resample forward,SUBSET_WITH_CONSTRAINTS,whole for the aligned 2x half-pixel subset,"ATen coordinate mode, edge clamp, antialias, scale and backward accumulation must match exactly",cuDNN v9 bilinear rank/layout/dtype plus integral-window and fractional-stride restrictions,recognize additional exactly compatible bilinear shapes; retain residual IR otherwise,HIGH,MEDIUM,,https://docs.nvidia.com/deeplearning/cudnn/latest/index.html,NPP for compatible 2D image cases; implicit-GEMM via cuBLAS/CUTLASS for convolution,RELATED_CUDNN_WRAPPERS_PRESENT_NEED_GENERALIZATION,LEGALITY_SPECIALIZATION_AND_BACKEND
aten_upsample_lanczos2d_aa_backward_cpu,aten/src/ATen/native/cpu/UpSampleKernel.cpp,upsample_lanczos2d_aa_backward_kernel_impl,issues/aten_c_kernels/aten_upsample_lanczos2d_aa_backward_cpu.c,float,B=1; C=2; I0=4; O0=7; I1=5; O1=8,resampling: upsample_lanczos2d_aa_backward_kernel_impl,resampling,memset_zero_1D_f32,PARTIAL_STAGE_ONLY,CUDA_RUNTIME_PRIMITIVE,CUDA copy or memset runtime primitive,yes,3,3,NPP,nppiResize/nppiRemap,SUBSET_WITH_CONSTRAINTS,forward 2D image subset,"ATen grid normalization, padding mode, align_corners, antialias and backward are not generally identical",NPP 2D image channels/ROI/step and supported dtypes,finish raising residual loops; then specialize proven-compatible 2D forward cases; no generic one-call route,HIGH,LOW,,https://docs.nvidia.com/cuda/npp/,NPP for compatible 2D image cases; implicit-GEMM via cuBLAS/CUTLASS for convolution,LIBRARY_BACKEND_ABSENT,RAISING_THEN_LIBRARY_LOWERING
aten_upsample_lanczos2d_aa_cpu,aten/src/ATen/native/cpu/UpSampleKernel.cpp,upsample_lanczos2d_aa_kernel_impl,issues/aten_c_kernels/aten_upsample_lanczos2d_aa_cpu.c,float,B=1; C=2; I0=4; O0=7; I1=5; O1=8,resampling: upsample_lanczos2d_aa_kernel_impl,resampling,,NONE,NO_IMPLEMENTATION,no emitted launch,no,2,3,NPP,nppiResize/nppiRemap,SUBSET_WITH_CONSTRAINTS,forward 2D image subset,"ATen grid normalization, padding mode, align_corners, antialias and backward are not generally identical",NPP 2D image channels/ROI/step and supported dtypes,finish raising residual loops; then specialize proven-compatible 2D forward cases; no generic one-call route,HIGH,LOW,,https://docs.nvidia.com/cuda/npp/,NPP for compatible 2D image cases; implicit-GEMM via cuBLAS/CUTLASS for convolution,LIBRARY_BACKEND_ABSENT,RAISING_THEN_LIBRARY_LOWERING
aten_upsample_linear1d_backward_cpu,aten/src/ATen/native/cpu/UpSampleMoreKernel.cpp,upsample_linear1d_backward_kernel_impl,issues/aten_c_kernels/aten_upsample_linear1d_backward_cpu.c,float,B=1; C=2; I0=4; O0=7,resampling: upsample_linear1d_backward_kernel_impl,resampling,memset_zero_1D_f32,PARTIAL_STAGE_ONLY,CUDA_RUNTIME_PRIMITIVE,CUDA copy or memset runtime primitive,yes,1,2,NPP,nppiResize,SUBSET_WITH_CONSTRAINTS,forward 2D image subset only,"ATen exact-nearest/half-pixel coordinates, layout, ROI and edge behavior must match","NPP-supported 2D image channels, ROI, step and dtype; no direct cuDNN nearest route",finish raising residual loops; then specialize proven-compatible NPP cases; keep general-rank interpolation in IR,HIGH,LOW,,https://docs.nvidia.com/cuda/npp/,NPP for compatible 2D image cases; implicit-GEMM via cuBLAS/CUTLASS for convolution,LIBRARY_BACKEND_ABSENT,RAISING_THEN_LIBRARY_LOWERING
aten_upsample_linear1d_cpu,aten/src/ATen/native/cpu/UpSampleKernel.cpp,upsample_linear1d_kernel_impl,issues/aten_c_kernels/aten_upsample_linear1d_cpu.c,float,B=1; C=2; I0=4; O0=7,resampling: upsample_linear1d_kernel_impl,resampling,,NONE,NO_IMPLEMENTATION,no emitted launch,no,1,0,NPP,nppiResize,SUBSET_WITH_CONSTRAINTS,forward 2D image subset only,"ATen exact-nearest/half-pixel coordinates, layout, ROI and edge behavior must match","NPP-supported 2D image channels, ROI, step and dtype; no direct cuDNN nearest route",specialize proven-compatible NPP cases; keep general-rank interpolation in IR,HIGH,LOW,,https://docs.nvidia.com/cuda/npp/,NPP for compatible 2D image cases; implicit-GEMM via cuBLAS/CUTLASS for convolution,LIBRARY_BACKEND_ABSENT,LEGALITY_SPECIALIZATION_AND_BACKEND
aten_upsample_nearest1d_backward_cpu,aten/src/ATen/native/cpu/UpSampleMoreKernel.cpp,upsample_nearest1d_backward_kernel_impl,issues/aten_c_kernels/aten_upsample_nearest1d_backward_cpu.c,float,B=1; C=2; I0=4; O0=7,resampling: upsample_nearest1d_backward_kernel_impl,resampling,memset_zero_1D_f32,PARTIAL_STAGE_ONLY,CUDA_RUNTIME_PRIMITIVE,CUDA copy or memset runtime primitive,yes,1,2,NPP,nppiResize,SUBSET_WITH_CONSTRAINTS,forward 2D image subset only,"ATen exact-nearest/half-pixel coordinates, layout, ROI and edge behavior must match","NPP-supported 2D image channels, ROI, step and dtype; no direct cuDNN nearest route",finish raising residual loops; then specialize proven-compatible NPP cases; keep general-rank interpolation in IR,HIGH,LOW,,https://docs.nvidia.com/cuda/npp/,NPP for compatible 2D image cases; implicit-GEMM via cuBLAS/CUTLASS for convolution,LIBRARY_BACKEND_ABSENT,RAISING_THEN_LIBRARY_LOWERING
aten_upsample_nearest1d_cpu,aten/src/ATen/native/cpu/UpSampleKernel.cpp,upsample_nearest1d_kernel_impl,issues/aten_c_kernels/aten_upsample_nearest1d_cpu.c,float,B=1; C=2; I0=4; O0=7,resampling: upsample_nearest1d_kernel_impl,resampling,,NONE,NO_IMPLEMENTATION,no emitted launch,no,1,0,NPP,nppiResize,SUBSET_WITH_CONSTRAINTS,forward 2D image subset only,"ATen exact-nearest/half-pixel coordinates, layout, ROI and edge behavior must match","NPP-supported 2D image channels, ROI, step and dtype; no direct cuDNN nearest route",specialize proven-compatible NPP cases; keep general-rank interpolation in IR,HIGH,LOW,,https://docs.nvidia.com/cuda/npp/,NPP for compatible 2D image cases; implicit-GEMM via cuBLAS/CUTLASS for convolution,LIBRARY_BACKEND_ABSENT,LEGALITY_SPECIALIZATION_AND_BACKEND
aten_upsample_nearest2d,aten/src/ATen/native/UpSampleNearest2d.cpp,upsample_nearest2d,issues/aten_c_kernels/aten_upsample_nearest2d.c,float,B=2; C=4; H=8; W=8; OH=(2; OW=(2,resampling: upsample_nearest2d,resampling,,NONE,NO_IMPLEMENTATION,no emitted launch,no,1,0,NPP,nppiResize,SUBSET_WITH_CONSTRAINTS,forward 2D image subset only,"ATen exact-nearest/half-pixel coordinates, layout, ROI and edge behavior must match","NPP-supported 2D image channels, ROI, step and dtype; no direct cuDNN nearest route",specialize proven-compatible NPP cases; keep general-rank interpolation in IR,HIGH,LOW,,https://docs.nvidia.com/cuda/npp/,NPP for compatible 2D image cases; implicit-GEMM via cuBLAS/CUTLASS for convolution,LIBRARY_BACKEND_ABSENT,LEGALITY_SPECIALIZATION_AND_BACKEND
aten_upsample_nearest2d_backward_cpu,aten/src/ATen/native/cpu/UpSampleMoreKernel.cpp,upsample_nearest2d_backward_kernel_impl,issues/aten_c_kernels/aten_upsample_nearest2d_backward_cpu.c,float,B=1; C=2; I0=4; O0=7; I1=5; O1=8,resampling: upsample_nearest2d_backward_kernel_impl,resampling,memset_zero_1D_f32,PARTIAL_STAGE_ONLY,CUDA_RUNTIME_PRIMITIVE,CUDA copy or memset runtime primitive,yes,1,3,NPP,nppiResize,SUBSET_WITH_CONSTRAINTS,forward 2D image subset only,"ATen exact-nearest/half-pixel coordinates, layout, ROI and edge behavior must match","NPP-supported 2D image channels, ROI, step and dtype; no direct cuDNN nearest route",finish raising residual loops; then specialize proven-compatible NPP cases; keep general-rank interpolation in IR,HIGH,LOW,,https://docs.nvidia.com/cuda/npp/,NPP for compatible 2D image cases; implicit-GEMM via cuBLAS/CUTLASS for convolution,LIBRARY_BACKEND_ABSENT,RAISING_THEN_LIBRARY_LOWERING
aten_upsample_nearest2d_cpu,aten/src/ATen/native/cpu/UpSampleKernel.cpp,upsample_nearest2d_kernel_impl,issues/aten_c_kernels/aten_upsample_nearest2d_cpu.c,float,B=1; C=2; I0=4; O0=7; I1=5; O1=8,resampling: upsample_nearest2d_kernel_impl,resampling,,NONE,NO_IMPLEMENTATION,no emitted launch,no,1,0,NPP,nppiResize,SUBSET_WITH_CONSTRAINTS,forward 2D image subset only,"ATen exact-nearest/half-pixel coordinates, layout, ROI and edge behavior must match","NPP-supported 2D image channels, ROI, step and dtype; no direct cuDNN nearest route",specialize proven-compatible NPP cases; keep general-rank interpolation in IR,HIGH,LOW,,https://docs.nvidia.com/cuda/npp/,NPP for compatible 2D image cases; implicit-GEMM via cuBLAS/CUTLASS for convolution,LIBRARY_BACKEND_ABSENT,LEGALITY_SPECIALIZATION_AND_BACKEND
aten_upsample_nearest3d_backward_cpu,aten/src/ATen/native/cpu/UpSampleMoreKernel.cpp,upsample_nearest3d_backward_kernel_impl,issues/aten_c_kernels/aten_upsample_nearest3d_backward_cpu.c,float,B=1; C=2; I0=4; O0=7; I1=5; O1=8; I2=6; O2=9,resampling: upsample_nearest3d_backward_kernel_impl,resampling,memset_zero_1D_f32,PARTIAL_STAGE_ONLY,CUDA_RUNTIME_PRIMITIVE,CUDA copy or memset runtime primitive,yes,1,4,NPP,nppiResize,SUBSET_WITH_CONSTRAINTS,forward 2D image subset only,"ATen exact-nearest/half-pixel coordinates, layout, ROI and edge behavior must match","NPP-supported 2D image channels, ROI, step and dtype; no direct cuDNN nearest route",finish raising residual loops; then specialize proven-compatible NPP cases; keep general-rank interpolation in IR,HIGH,LOW,,https://docs.nvidia.com/cuda/npp/,NPP for compatible 2D image cases; implicit-GEMM via cuBLAS/CUTLASS for convolution,LIBRARY_BACKEND_ABSENT,RAISING_THEN_LIBRARY_LOWERING
aten_upsample_nearest3d_cpu,aten/src/ATen/native/cpu/UpSampleKernel.cpp,upsample_nearest3d_kernel_impl,issues/aten_c_kernels/aten_upsample_nearest3d_cpu.c,float,B=1; C=2; I0=4; O0=7; I1=5; O1=8; I2=6; O2=9,resampling: upsample_nearest3d_kernel_impl,resampling,,NONE,NO_IMPLEMENTATION,no emitted launch,no,1,0,NPP,nppiResize,SUBSET_WITH_CONSTRAINTS,forward 2D image subset only,"ATen exact-nearest/half-pixel coordinates, layout, ROI and edge behavior must match","NPP-supported 2D image channels, ROI, step and dtype; no direct cuDNN nearest route",specialize proven-compatible NPP cases; keep general-rank interpolation in IR,HIGH,LOW,,https://docs.nvidia.com/cuda/npp/,NPP for compatible 2D image cases; implicit-GEMM via cuBLAS/CUTLASS for convolution,LIBRARY_BACKEND_ABSENT,LEGALITY_SPECIALIZATION_AND_BACKEND
aten_upsample_nearest_exact1d_backward_cpu,aten/src/ATen/native/cpu/UpSampleMoreKernel.cpp,_upsample_nearest_exact1d_backward_kernel_impl,issues/aten_c_kernels/aten_upsample_nearest_exact1d_backward_cpu.c,float,B=1; C=2; I0=4; O0=7,resampling: _upsample_nearest_exact1d_backward_kernel_impl,resampling,memset_zero_1D_f32,PARTIAL_STAGE_ONLY,CUDA_RUNTIME_PRIMITIVE,CUDA copy or memset runtime primitive,yes,1,2,NPP,nppiResize,SUBSET_WITH_CONSTRAINTS,forward 2D image subset only,"ATen exact-nearest/half-pixel coordinates, layout, ROI and edge behavior must match","NPP-supported 2D image channels, ROI, step and dtype; no direct cuDNN nearest route",finish raising residual loops; then specialize proven-compatible NPP cases; keep general-rank interpolation in IR,HIGH,LOW,,https://docs.nvidia.com/cuda/npp/,NPP for compatible 2D image cases; implicit-GEMM via cuBLAS/CUTLASS for convolution,LIBRARY_BACKEND_ABSENT,RAISING_THEN_LIBRARY_LOWERING
aten_upsample_nearest_exact1d_cpu,aten/src/ATen/native/cpu/UpSampleKernel.cpp,_upsample_nearest_exact1d_kernel_impl,issues/aten_c_kernels/aten_upsample_nearest_exact1d_cpu.c,float,B=1; C=2; I0=4; O0=7,resampling: _upsample_nearest_exact1d_kernel_impl,resampling,,NONE,NO_IMPLEMENTATION,no emitted launch,no,1,0,NPP,nppiResize,SUBSET_WITH_CONSTRAINTS,forward 2D image subset only,"ATen exact-nearest/half-pixel coordinates, layout, ROI and edge behavior must match","NPP-supported 2D image channels, ROI, step and dtype; no direct cuDNN nearest route",specialize proven-compatible NPP cases; keep general-rank interpolation in IR,HIGH,LOW,,https://docs.nvidia.com/cuda/npp/,NPP for compatible 2D image cases; implicit-GEMM via cuBLAS/CUTLASS for convolution,LIBRARY_BACKEND_ABSENT,LEGALITY_SPECIALIZATION_AND_BACKEND
aten_upsample_nearest_exact2d_backward_cpu,aten/src/ATen/native/cpu/UpSampleMoreKernel.cpp,_upsample_nearest_exact2d_backward_kernel_impl,issues/aten_c_kernels/aten_upsample_nearest_exact2d_backward_cpu.c,float,B=1; C=2; I0=4; O0=7; I1=5; O1=8,resampling: _upsample_nearest_exact2d_backward_kernel_impl,resampling,memset_zero_1D_f32,PARTIAL_STAGE_ONLY,CUDA_RUNTIME_PRIMITIVE,CUDA copy or memset runtime primitive,yes,1,3,NPP,nppiResize,SUBSET_WITH_CONSTRAINTS,forward 2D image subset only,"ATen exact-nearest/half-pixel coordinates, layout, ROI and edge behavior must match","NPP-supported 2D image channels, ROI, step and dtype; no direct cuDNN nearest route",finish raising residual loops; then specialize proven-compatible NPP cases; keep general-rank interpolation in IR,HIGH,LOW,,https://docs.nvidia.com/cuda/npp/,NPP for compatible 2D image cases; implicit-GEMM via cuBLAS/CUTLASS for convolution,LIBRARY_BACKEND_ABSENT,RAISING_THEN_LIBRARY_LOWERING
aten_upsample_nearest_exact2d_cpu,aten/src/ATen/native/cpu/UpSampleKernel.cpp,_upsample_nearest_exact2d_kernel_impl,issues/aten_c_kernels/aten_upsample_nearest_exact2d_cpu.c,float,B=1; C=2; I0=4; O0=7; I1=5; O1=8,resampling: _upsample_nearest_exact2d_kernel_impl,resampling,,NONE,NO_IMPLEMENTATION,no emitted launch,no,1,0,NPP,nppiResize,SUBSET_WITH_CONSTRAINTS,forward 2D image subset only,"ATen exact-nearest/half-pixel coordinates, layout, ROI and edge behavior must match","NPP-supported 2D image channels, ROI, step and dtype; no direct cuDNN nearest route",specialize proven-compatible NPP cases; keep general-rank interpolation in IR,HIGH,LOW,,https://docs.nvidia.com/cuda/npp/,NPP for compatible 2D image cases; implicit-GEMM via cuBLAS/CUTLASS for convolution,LIBRARY_BACKEND_ABSENT,LEGALITY_SPECIALIZATION_AND_BACKEND
aten_upsample_nearest_exact3d_backward_cpu,aten/src/ATen/native/cpu/UpSampleMoreKernel.cpp,_upsample_nearest_exact3d_backward_kernel_impl,issues/aten_c_kernels/aten_upsample_nearest_exact3d_backward_cpu.c,float,B=1; C=2; I0=4; O0=7; I1=5; O1=8; I2=6; O2=9,resampling: _upsample_nearest_exact3d_backward_kernel_impl,resampling,memset_zero_1D_f32,PARTIAL_STAGE_ONLY,CUDA_RUNTIME_PRIMITIVE,CUDA copy or memset runtime primitive,yes,1,4,NPP,nppiResize,SUBSET_WITH_CONSTRAINTS,forward 2D image subset only,"ATen exact-nearest/half-pixel coordinates, layout, ROI and edge behavior must match","NPP-supported 2D image channels, ROI, step and dtype; no direct cuDNN nearest route",finish raising residual loops; then specialize proven-compatible NPP cases; keep general-rank interpolation in IR,HIGH,LOW,,https://docs.nvidia.com/cuda/npp/,NPP for compatible 2D image cases; implicit-GEMM via cuBLAS/CUTLASS for convolution,LIBRARY_BACKEND_ABSENT,RAISING_THEN_LIBRARY_LOWERING
aten_upsample_nearest_exact3d_cpu,aten/src/ATen/native/cpu/UpSampleKernel.cpp,_upsample_nearest_exact3d_kernel_impl,issues/aten_c_kernels/aten_upsample_nearest_exact3d_cpu.c,float,B=1; C=2; I0=4; O0=7; I1=5; O1=8; I2=6; O2=9,resampling: _upsample_nearest_exact3d_kernel_impl,resampling,,NONE,NO_IMPLEMENTATION,no emitted launch,no,1,0,NPP,nppiResize,SUBSET_WITH_CONSTRAINTS,forward 2D image subset only,"ATen exact-nearest/half-pixel coordinates, layout, ROI and edge behavior must match","NPP-supported 2D image channels, ROI, step and dtype; no direct cuDNN nearest route",specialize proven-compatible NPP cases; keep general-rank interpolation in IR,HIGH,LOW,,https://docs.nvidia.com/cuda/npp/,NPP for compatible 2D image cases; implicit-GEMM via cuBLAS/CUTLASS for convolution,LIBRARY_BACKEND_ABSENT,LEGALITY_SPECIALIZATION_AND_BACKEND
aten_upsample_trilinear3d_backward_cpu,aten/src/ATen/native/cpu/UpSampleMoreKernel.cpp,upsample_trilinear3d_backward_kernel_impl,issues/aten_c_kernels/aten_upsample_trilinear3d_backward_cpu.c,float,B=1; C=2; I0=4; O0=7; I1=5; O1=8; I2=6; O2=9,resampling: upsample_trilinear3d_backward_kernel_impl,resampling,memset_zero_1D_f32,PARTIAL_STAGE_ONLY,CUDA_RUNTIME_PRIMITIVE,CUDA copy or memset runtime primitive,yes,1,4,NPP,nppiResize/nppiRemap,SUBSET_WITH_CONSTRAINTS,forward 2D image subset,"ATen grid normalization, padding mode, align_corners, antialias and backward are not generally identical",NPP 2D image channels/ROI/step and supported dtypes,finish raising residual loops; then specialize proven-compatible 2D forward cases; no generic one-call route,HIGH,LOW,,https://docs.nvidia.com/cuda/npp/,NPP for compatible 2D image cases; implicit-GEMM via cuBLAS/CUTLASS for convolution,LIBRARY_BACKEND_ABSENT,RAISING_THEN_LIBRARY_LOWERING
aten_upsample_trilinear3d_cpu,aten/src/ATen/native/cpu/UpSampleKernel.cpp,upsample_trilinear3d_kernel_impl,issues/aten_c_kernels/aten_upsample_trilinear3d_cpu.c,float,B=1; C=2; I0=4; O0=7; I1=5; O1=8; I2=6; O2=9,resampling: upsample_trilinear3d_kernel_impl,resampling,,NONE,NO_IMPLEMENTATION,no emitted launch,no,1,0,NPP,nppiResize/nppiRemap,SUBSET_WITH_CONSTRAINTS,forward 2D image subset,"ATen grid normalization, padding mode, align_corners, antialias and backward are not generally identical",NPP 2D image channels/ROI/step and supported dtypes,specialize proven-compatible 2D forward cases; no generic one-call route,HIGH,LOW,,https://docs.nvidia.com/cuda/npp/,NPP for compatible 2D image cases; implicit-GEMM via cuBLAS/CUTLASS for convolution,LIBRARY_BACKEND_ABSENT,LEGALITY_SPECIALIZATION_AND_BACKEND
aten_vector_norm_out_cpu,aten/src/ATen/native/LinearAlgebra.cpp,linalg_vector_norm_out,issues/aten_c_kernels/aten_vector_norm_out_cpu.c,float,R=32; C=64,reduction: linalg_vector_norm,reduction,"cutensorUnary_sqrt_f32,memset_zero_1D_f32",PARTIAL_STAGE_ONLY,LIBRARY_API_COMPOSITION,public vendor API or vendor operation graph; CUDA copy or memset runtime primitive,yes,3,0,cuTENSOR,cutensorCreateReduction plus elementwise stages,BUILDING_BLOCKS_ONLY,reduction stage,variance/norm/mean scaling or nested metadata requires extra stages; reduction order may differ,regular affine tensor modes/strides and supported reduction operator,"preserve current partial match and partition residual graph; then raise stages, partition graph, and lower generic reduction descriptors",HIGH,MEDIUM,,https://docs.nvidia.com/cuda/cutensor/latest/api/cutensor.html,CUB segmented/device reduction; cuDNN graph; NPP flat-signal statistics,GENERAL_CUTENSOR_BACKEND_ABSENT_CUTENSORNET_IS_NOT_EQUIVALENT,GRAPH_PARTITION_RESIDUAL_THEN_LIBRARY_LOWERING
aten_weight_norm_backward_cpu,aten/src/ATen/native/cpu/WeightNormKernel.cpp,weight_norm_backward_kernel,issues/aten_c_kernels/aten_weight_norm_backward_cpu.c,float,B=4; C=8; S=32,normalization: weight_norm_backward_kernel,normalization,cublasSdot,PARTIAL_STAGE_ONLY,DIRECT_VENDOR_API,public vendor API or vendor operation graph,yes,2,1,cuDNN,Batch/Layer/Group normalization graph,SUBSET_WITH_CONSTRAINTS,whole for supported normalization; otherwise normalization stages,"epsilon, training/inference, saved statistics, unbiased variance and backward outputs",cuDNN normalization layout/type/alignment restrictions,finish raising residual loops; then normalization semantic matcher + cuDNN graph-plan backend,HIGH,HIGH,,https://docs.nvidia.com/deeplearning/cudnn/latest/index.html,CUB segmented/device reduction; cuDNN graph; NPP flat-signal statistics,GENERAL_CUDNN_GRAPH_BACKEND_ABSENT,RAISING_THEN_LIBRARY_LOWERING
aten_weight_norm_cpu,aten/src/ATen/native/cpu/WeightNormKernel.cpp,weight_norm_kernel,issues/aten_c_kernels/aten_weight_norm_cpu.c,float,B=4; C=8; S=32,normalization: weight_norm_kernel,normalization,,NONE,NO_IMPLEMENTATION,no emitted launch,no,2,1,cuDNN,Batch/Layer/Group normalization graph,SUBSET_WITH_CONSTRAINTS,whole for supported normalization; otherwise normalization stages,"epsilon, training/inference, saved statistics, unbiased variance and backward outputs",cuDNN normalization layout/type/alignment restrictions,finish raising residual loops; then normalization semantic matcher + cuDNN graph-plan backend,HIGH,HIGH,,https://docs.nvidia.com/deeplearning/cudnn/latest/index.html,CUB segmented/device reduction; cuDNN graph; NPP flat-signal statistics,GENERAL_CUDNN_GRAPH_BACKEND_ABSENT,RAISING_THEN_LIBRARY_LOWERING
aten_weight_to_int4pack_cpu,aten/src/ATen/native/cpu/int4mm_kernel.cpp,weight_to_int4pack_kernel,issues/aten_c_kernels/aten_weight_to_int4pack_cpu.c,unknown,M=32; K=64; N=48,compound_or_specialized: weight_to_int4pack_kernel,compound_or_specialized,,NONE,NO_IMPLEMENTATION,no emitted launch,no,0,2,none,no public whole-tensor NVIDIA library operation,NO_PUBLIC_LIBRARY_EQUIVALENT,none,scalar CUDA math/libdevice or recurrences are not a host-callable tensor library implementation,not applicable,finish raising residual loops; then retain raised code or permit a generated/custom GPU kernel,HIGH,NONE,A scalar device function may exist; that is not a link-only tensor-library lowering.,,scalar CUDA math/libdevice or generated kernel (not a link-only tensor API),NO_PUBLIC_LIBRARY_BACKEND_POSSIBLE,RAISING_THEN_LIBRARY_LOWERING
aten_where_cpu,aten/src/ATen/native/cpu/TensorCompareKernel.cpp,where_kernel_impl,issues/aten_c_kernels/aten_where_cpu.c,float/int,N=4096,indexed_data_movement: where_kernel_impl,indexed_data_movement,,NONE,NO_IMPLEMENTATION,no emitted launch,no,1,0,CUB,DeviceSelect or sort/reduce-by-key primitives,BUILDING_BLOCKS_ONLY,supported indexing stages,"bounds/negative indices, duplicate destinations, atomic reduction, determinism and write order",index arrays and flattened affine addressing; patch operations need index generation,indexed-op semantic matcher + collision proof or reduce-by-key composition,HIGH,MEDIUM,,https://nvidia.github.io/cccl/unstable/cub/api/device.html,cuTENSOR/cuDNN only when the indexing operation specializes to a regular affine tensor op,LIBRARY_BACKEND_ABSENT,MULTI_CALL_COMPOSITION_NOT_MATCHER_ONLY
aten_xlog1py,aten/src/ATen/native/cpu/BinaryOpsKernel.cpp,xlog1py_kernel,issues/aten_c_kernels/aten_xlog1py.c,float,N=4096,pointwise_reduction_formula: xlog1py_kernel,pointwise_reduction_formula,,NONE,NO_IMPLEMENTATION,no emitted launch,no,1,0,cuDNN,pointwise operations + reduction operation graph,EXACT_GRAPH_IF_SUPPORTED,whole if graph accepted,"body operations, NaN policy, reduction identity and reassociation must match",cuDNN supported modes/types/layout/alignment; fusion engines do not accept every arbitrary graph,extract expression DAG + graph legality/cost check + cuDNN plan lowering,HIGH,MEDIUM,,https://docs.nvidia.com/deeplearning/cudnn/latest/index.html,cuTENSOR for its fixed unary/binary operator subset; NPP for flat supported signals,GENERAL_CUDNN_GRAPH_BACKEND_ABSENT,SEMANTIC_MATCHER_AND_LIBRARY_BACKEND
aten_xlogy,aten/src/ATen/native/cpu/BinaryOpsKernel.cpp,xlogy_kernel,issues/aten_c_kernels/aten_xlogy.c,float,N=4096,pointwise_reduction_formula: xlogy_kernel,pointwise_reduction_formula,,NONE,NO_IMPLEMENTATION,no emitted launch,no,1,0,cuDNN,pointwise operations + reduction operation graph,EXACT_GRAPH_IF_SUPPORTED,whole if graph accepted,"body operations, NaN policy, reduction identity and reassociation must match",cuDNN supported modes/types/layout/alignment; fusion engines do not accept every arbitrary graph,extract expression DAG + graph legality/cost check + cuDNN plan lowering,HIGH,MEDIUM,,https://docs.nvidia.com/deeplearning/cudnn/latest/index.html,cuTENSOR for its fixed unary/binary operator subset; NPP for flat supported signals,GENERAL_CUDNN_GRAPH_BACKEND_ABSENT,SEMANTIC_MATCHER_AND_LIBRARY_BACKEND
aten_zeta,aten/src/ATen/native/cpu/BinaryOpsKernel.cpp,zeta_kernel,issues/aten_c_kernels/aten_zeta.c,float,N=4096,special_function: zeta_kernel,special_function,,NONE,NO_IMPLEMENTATION,no emitted launch,no,1,0,none,no public whole-tensor NVIDIA library operation,NO_PUBLIC_LIBRARY_EQUIVALENT,none,scalar CUDA math/libdevice or recurrences are not a host-callable tensor library implementation,not applicable,retain raised code or permit a generated/custom GPU kernel,HIGH,NONE,A scalar device function may exist; that is not a link-only tensor-library lowering.,,scalar CUDA math/libdevice or generated kernel (not a link-only tensor API),NO_PUBLIC_LIBRARY_BACKEND_POSSIBLE,NO_LINK_ONLY_LIBRARY_ROUTE
