kernel,source,source_token,pipeline_status,linalg_ops,residual_loops,current_match,current_match_scope,remaining_linalg_after_match,remaining_loops_after_match,semantic_family,candidate_library,candidate_api,availability,coverage_scope,rationale,evidence_url,implementation_form,current_implementation_class,current_implementation_detail,counts_as_library_reuse,local_backend_status,compiler_gap
aten_abs,aten/src/ATen/native/cpu/UnaryOpsKernel.cpp,abs_kernel,pass,1,0,cutensorUnary_abs_f32,COMPLETE_REWRITE_CANDIDATE,0,0,pointwise,cuDNN,Pointwise graph operation,FULL_GENERIC_API,whole,cuDNN exposes a broad fixed set of unary/binary/ternary pointwise modes,https://docs.nvidia.com/deeplearning/cudnn/latest/operations/operations.html,MULTI_NODE_LIBRARY_GRAPH,DIRECT_VENDOR_API,public vendor API or vendor operation graph,yes,GENERAL_GRAPH_BACKEND_ABSENT,ALREADY_FOUND
aten_acos,aten/src/ATen/native/cpu/UnaryOpsKernel.cpp,acos_kernel,pass,1,0,cutensorUnary_acos_f32,COMPLETE_REWRITE_CANDIDATE,0,0,compound_or_specialized,,none identified,NO_DIRECT_LIBRARY_API,none,no semantically equivalent public NVIDIA tensor-library operation identified,,NONE,DIRECT_VENDOR_API,public vendor API or vendor operation graph,yes,NO_TENSOR_LIBRARY_API,ALREADY_FOUND
aten_acosh,aten/src/ATen/native/cpu/UnaryOpsKernel.cpp,acosh_kernel,pass,1,0,cutensorUnary_acosh_f32,COMPLETE_REWRITE_CANDIDATE,0,0,pointwise_reduction_formula,cuDNN,pointwise and reduction operation graph,FULL_GENERIC_API,whole,the complete formula can be assembled from documented cuDNN graph nodes,https://docs.nvidia.com/deeplearning/cudnn/latest/operations/operations.html,MULTI_NODE_LIBRARY_GRAPH,DIRECT_VENDOR_API,public vendor API or vendor operation graph,yes,GENERAL_GRAPH_BACKEND_ABSENT,ALREADY_FOUND
aten_adaptive_avg_pool2d,aten/src/ATen/native/AdaptiveAveragePooling.cpp,adaptive_avg_pool2d,pass,2,0,cudnnAvgPoolWindow_f32,COMPLETE_REWRITE_CANDIDATE,0,0,adaptive_pooling,cuDNN Resample,average/max reduction over windows,PARTIAL_API,regular_window_cases,cuDNN pooling uses fixed windows/strides; general adaptive pooling has output-dependent window boundaries,https://docs.nvidia.com/deeplearning/cudnn/latest/operations/Resampling.html,PARTIAL_STAGES,DIRECT_VENDOR_API,public vendor API or vendor operation graph,yes,API_BACKEND_ABSENT,ALREADY_FOUND
aten_adaptive_avg_pool2d_backward_cpu,aten/src/ATen/native/cpu/AdaptiveAvgPoolKernel.cpp,adapative_avg_pool2d_backward_kernel_impl,pass,1,5,memset_zero_1D_f32,PARTIAL_STAGE_ONLY,0,5,adaptive_pooling,cuDNN Resample,average/max reduction over windows,PARTIAL_API,regular_window_cases,cuDNN pooling uses fixed windows/strides; general adaptive pooling has output-dependent window boundaries,https://docs.nvidia.com/deeplearning/cudnn/latest/operations/Resampling.html,PARTIAL_STAGES,CUDA_RUNTIME_PRIMITIVE,CUDA copy or memset runtime primitive,yes,API_BACKEND_ABSENT,PARTIAL_MATCH_ONLY_RESIDUAL_IR_REMAINS
aten_adaptive_avg_pool2d_cpu,aten/src/ATen/native/cpu/AdaptiveAvgPoolKernel.cpp,adaptive_avg_pool2d_kernel_impl,pass,1,5,,NONE,1,5,adaptive_pooling,cuDNN Resample,average/max reduction over windows,PARTIAL_API,regular_window_cases,cuDNN pooling uses fixed windows/strides; general adaptive pooling has output-dependent window boundaries,https://docs.nvidia.com/deeplearning/cudnn/latest/operations/Resampling.html,PARTIAL_STAGES,NO_IMPLEMENTATION,no emitted launch,no,API_BACKEND_ABSENT,RAISING_BLOCKS_WHOLE_OP_RECOGNITION
aten_adaptive_avg_pool3d,aten/src/ATen/native/AdaptiveAveragePooling3d.cpp,adaptive_avg_pool3d,pass,2,0,cudnnAveragePool_f32_r5,COMPLETE_REWRITE_CANDIDATE,0,0,adaptive_pooling,cuDNN Resample,average/max reduction over windows,PARTIAL_API,regular_window_cases,cuDNN pooling uses fixed windows/strides; general adaptive pooling has output-dependent window boundaries,https://docs.nvidia.com/deeplearning/cudnn/latest/operations/Resampling.html,PARTIAL_STAGES,DIRECT_VENDOR_API,public vendor API or vendor operation graph,yes,API_BACKEND_ABSENT,ALREADY_FOUND
aten_adaptive_avg_pool3d_backward_cpu,aten/src/ATen/native/cpu/AdaptiveAvgPoolKernel.cpp,adapative_avg_pool3d_backward_kernel_impl,pass,1,7,memset_zero_1D_f32,PARTIAL_STAGE_ONLY,0,7,adaptive_pooling,cuDNN Resample,average/max reduction over windows,PARTIAL_API,regular_window_cases,cuDNN pooling uses fixed windows/strides; general adaptive pooling has output-dependent window boundaries,https://docs.nvidia.com/deeplearning/cudnn/latest/operations/Resampling.html,PARTIAL_STAGES,CUDA_RUNTIME_PRIMITIVE,CUDA copy or memset runtime primitive,yes,API_BACKEND_ABSENT,PARTIAL_MATCH_ONLY_RESIDUAL_IR_REMAINS
aten_adaptive_avg_pool3d_cpu,aten/src/ATen/native/cpu/AdaptiveAvgPoolKernel.cpp,adaptive_avg_pool3d_kernel_impl,pass,0,7,,NONE,0,7,adaptive_pooling,cuDNN Resample,average/max reduction over windows,PARTIAL_API,regular_window_cases,cuDNN pooling uses fixed windows/strides; general adaptive pooling has output-dependent window boundaries,https://docs.nvidia.com/deeplearning/cudnn/latest/operations/Resampling.html,PARTIAL_STAGES,NO_IMPLEMENTATION,no emitted launch,no,API_BACKEND_ABSENT,RAISING_BLOCKS_WHOLE_OP_RECOGNITION
aten_adaptive_max_pool1d_cpu,aten/src/ATen/native/Pooling.cpp,adaptive_max_pool1d,pass,0,3,,NONE,0,3,adaptive_pooling,cuDNN Resample,average/max reduction over windows,PARTIAL_API,regular_window_cases,cuDNN pooling uses fixed windows/strides; general adaptive pooling has output-dependent window boundaries,https://docs.nvidia.com/deeplearning/cudnn/latest/operations/Resampling.html,PARTIAL_STAGES,NO_IMPLEMENTATION,no emitted launch,no,API_BACKEND_ABSENT,RAISING_BLOCKS_WHOLE_OP_RECOGNITION
aten_adaptive_max_pool2d_backward_cpu,aten/src/ATen/native/cpu/AdaptiveMaxPoolKernel.cpp,adaptive_max_pool2d_backward_kernel_impl,pass,1,3,memset_zero_1D_f32,PARTIAL_STAGE_ONLY,0,3,adaptive_pooling,cuDNN Resample,average/max reduction over windows,PARTIAL_API,regular_window_cases,cuDNN pooling uses fixed windows/strides; general adaptive pooling has output-dependent window boundaries,https://docs.nvidia.com/deeplearning/cudnn/latest/operations/Resampling.html,PARTIAL_STAGES,CUDA_RUNTIME_PRIMITIVE,CUDA copy or memset runtime primitive,yes,API_BACKEND_ABSENT,PARTIAL_MATCH_ONLY_RESIDUAL_IR_REMAINS
aten_adaptive_max_pool2d_cpu,aten/src/ATen/native/cpu/AdaptiveMaxPoolKernel.cpp,adaptive_max_pool2d_kernel_impl,pass,0,5,,NONE,0,5,adaptive_pooling,cuDNN Resample,average/max reduction over windows,PARTIAL_API,regular_window_cases,cuDNN pooling uses fixed windows/strides; general adaptive pooling has output-dependent window boundaries,https://docs.nvidia.com/deeplearning/cudnn/latest/operations/Resampling.html,PARTIAL_STAGES,NO_IMPLEMENTATION,no emitted launch,no,API_BACKEND_ABSENT,RAISING_BLOCKS_WHOLE_OP_RECOGNITION
aten_adaptive_max_pool3d_backward_cpu,aten/src/ATen/native/cpu/AdaptiveMaxPoolKernel.cpp,adaptive_max_pool3d_backward_kernel_impl,pass,1,4,memset_zero_1D_f32,PARTIAL_STAGE_ONLY,0,4,adaptive_pooling,cuDNN Resample,average/max reduction over windows,PARTIAL_API,regular_window_cases,cuDNN pooling uses fixed windows/strides; general adaptive pooling has output-dependent window boundaries,https://docs.nvidia.com/deeplearning/cudnn/latest/operations/Resampling.html,PARTIAL_STAGES,CUDA_RUNTIME_PRIMITIVE,CUDA copy or memset runtime primitive,yes,API_BACKEND_ABSENT,PARTIAL_MATCH_ONLY_RESIDUAL_IR_REMAINS
aten_adaptive_max_pool3d_cpu,aten/src/ATen/native/cpu/AdaptiveMaxPoolKernel.cpp,adaptive_max_pool3d_kernel_impl,pass,0,7,,NONE,0,7,adaptive_pooling,cuDNN Resample,average/max reduction over windows,PARTIAL_API,regular_window_cases,cuDNN pooling uses fixed windows/strides; general adaptive pooling has output-dependent window boundaries,https://docs.nvidia.com/deeplearning/cudnn/latest/operations/Resampling.html,PARTIAL_STAGES,NO_IMPLEMENTATION,no emitted launch,no,API_BACKEND_ABSENT,RAISING_BLOCKS_WHOLE_OP_RECOGNITION
aten_adaptive_max_pool3d_legacy_backward_cpu,aten/src/ATen/native/AdaptiveMaxPooling3d.cpp,adaptive_max_pool3d_backward_out_frame,pass,0,5,,NONE,0,5,adaptive_pooling,cuDNN Resample,average/max reduction over windows,PARTIAL_API,regular_window_cases,cuDNN pooling uses fixed windows/strides; general adaptive pooling has output-dependent window boundaries,https://docs.nvidia.com/deeplearning/cudnn/latest/operations/Resampling.html,PARTIAL_STAGES,NO_IMPLEMENTATION,no emitted launch,no,API_BACKEND_ABSENT,RAISING_BLOCKS_WHOLE_OP_RECOGNITION
aten_adaptive_max_pool3d_legacy_cpu,aten/src/ATen/native/AdaptiveMaxPooling3d.cpp,adaptive_max_pool3d_out_frame,pass,0,7,,NONE,0,7,adaptive_pooling,cuDNN Resample,average/max reduction over windows,PARTIAL_API,regular_window_cases,cuDNN pooling uses fixed windows/strides; general adaptive pooling has output-dependent window boundaries,https://docs.nvidia.com/deeplearning/cudnn/latest/operations/Resampling.html,PARTIAL_STAGES,NO_IMPLEMENTATION,no emitted launch,no,API_BACKEND_ABSENT,RAISING_BLOCKS_WHOLE_OP_RECOGNITION
aten_add,aten/src/ATen/native/CPUBlas.cpp,void axpy,pass,1,0,cudnnAddTensor_batched,COMPLETE_REWRITE_CANDIDATE,0,0,pointwise,cuDNN,Pointwise graph operation,FULL_GENERIC_API,whole,cuDNN exposes a broad fixed set of unary/binary/ternary pointwise modes,https://docs.nvidia.com/deeplearning/cudnn/latest/operations/operations.html,MULTI_NODE_LIBRARY_GRAPH,DIRECT_VENDOR_API,public vendor API or vendor operation graph,yes,GENERAL_GRAPH_BACKEND_ABSENT,ALREADY_FOUND
aten_add_clamp,aten/src/ATen/native/cpu/BinaryOpsKernel.cpp,add_clamp_kernel,pass,1,0,cudnnPointwiseGraph_f32,COMPLETE_REWRITE_CANDIDATE,0,0,pointwise,cuDNN,Pointwise graph operation,FULL_GENERIC_API,whole,cuDNN exposes a broad fixed set of unary/binary/ternary pointwise modes,https://docs.nvidia.com/deeplearning/cudnn/latest/operations/operations.html,MULTI_NODE_LIBRARY_GRAPH,DIRECT_VENDOR_API,public vendor API or vendor operation graph,yes,GENERAL_GRAPH_BACKEND_ABSENT,ALREADY_FOUND
aten_addcdiv,aten/src/ATen/native/cpu/PointwiseOpsKernel.cpp,addcdiv_cpu,pass,1,0,cudnnPointwiseGraph_f32,COMPLETE_REWRITE_CANDIDATE,0,0,pointwise_reduction_formula,cuDNN,pointwise and reduction operation graph,FULL_GENERIC_API,whole,the complete formula can be assembled from documented cuDNN graph nodes,https://docs.nvidia.com/deeplearning/cudnn/latest/operations/operations.html,MULTI_NODE_LIBRARY_GRAPH,DIRECT_VENDOR_API,public vendor API or vendor operation graph,yes,GENERAL_GRAPH_BACKEND_ABSENT,ALREADY_FOUND
aten_addcmul,aten/src/ATen/native/cpu/PointwiseOpsKernel.cpp,addcmul_cpu,pass,1,0,cudnnPointwiseGraph_f32,COMPLETE_REWRITE_CANDIDATE,0,0,pointwise_reduction_formula,cuDNN,pointwise and reduction operation graph,FULL_GENERIC_API,whole,the complete formula can be assembled from documented cuDNN graph nodes,https://docs.nvidia.com/deeplearning/cudnn/latest/operations/operations.html,MULTI_NODE_LIBRARY_GRAPH,DIRECT_VENDOR_API,public vendor API or vendor operation graph,yes,GENERAL_GRAPH_BACKEND_ABSENT,ALREADY_FOUND
aten_addmm,aten/src/ATen/native/LinearAlgebra.cpp,static void addmm_impl_cpu_,pass,2,0,cublasDgemm,COMPLETE_REWRITE_CANDIDATE,0,0,dense_linear_algebra,cuBLAS,cuBLAS Level-1/2/3 or cuBLASLt Matmul,FULL_FIXED_API,whole,standard vector/matrix product or update,https://docs.nvidia.com/cuda/cublas/,SINGLE_FIXED_CALL,DIRECT_VENDOR_API,public vendor API or vendor operation graph,yes,SELECTED_WRAPPERS_PRESENT,ALREADY_FOUND
aten_addr_elementwise,aten/src/ATen/native/cpu/LinearAlgebraKernel.cpp,addr_kernel,pass,1,0,cudnnAddrElementwise_f32_memref,COMPLETE_REWRITE_CANDIDATE,0,0,pointwise_reduction_formula,cuDNN,pointwise and reduction operation graph,FULL_GENERIC_API,whole,the complete formula can be assembled from documented cuDNN graph nodes,https://docs.nvidia.com/deeplearning/cudnn/latest/operations/operations.html,MULTI_NODE_LIBRARY_GRAPH,DIRECT_VENDOR_API,public vendor API or vendor operation graph,yes,SELECTED_WRAPPERS_PRESENT,ALREADY_FOUND
aten_airy_ai,aten/src/ATen/native/cpu/airy_ai.cpp,airy_ai_kernel,pass,1,0,,NONE,1,0,special_function,,CUDA Math/libdevice scalar function,NO_DIRECT_LIBRARY_API,scalar_only,"a device scalar function may exist, but not a fixed tensor-library launch",,NONE,NO_IMPLEMENTATION,no emitted launch,no,NO_TENSOR_LIBRARY_API,NO_LIBRARY_MATCH_EXPECTED
aten_allany_dims_cpu,aten/src/ATen/native/ReduceOps.cpp,allany_dims_default,pass,2,0,cubSegmentedLogicalSelect_i32_memref,COMPLETE_REWRITE_CANDIDATE,0,0,boolean_reduction,CUB,DeviceSegmentedReduce with logical AND/OR,FULL_GENERIC_API,whole,the runtime flag selects an associative row-wise all or any reduction,https://nvidia.github.io/cccl/cub/api/device.html,SINGLE_CONFIGURED_PRIMITIVE,STANDARD_LIBRARY_ALGORITHM,preimplemented CUB device algorithm,yes,API_BACKEND_ABSENT,ALREADY_FOUND
aten_aminmax_allreduce_cpu,aten/src/ATen/native/cpu/ReduceAllOpsKernel.cpp,aminmax_allreduce_kernel,pass,1,0,cudnnReduceMinMax_f32,COMPLETE_REWRITE_CANDIDATE,0,0,reduction,CUB,DeviceReduce or DeviceSegmentedReduce,FULL_GENERIC_API,whole,associative tensor reduction maps to a device-wide primitive,https://nvidia.github.io/cccl/cub/api/device.html,SINGLE_CONFIGURED_PRIMITIVE,DIRECT_VENDOR_API,public vendor API or vendor operation graph,yes,API_BACKEND_ABSENT,ALREADY_FOUND
aten_aminmax_cpu,aten/src/ATen/native/cpu/TensorCompareKernel.cpp,aminmax_kernel,pass,2,0,"cudnnReduceMax_f32,cudnnReduceMin_f32",COMPLETE_REWRITE_CANDIDATE,0,0,reduction,CUB,DeviceReduce or DeviceSegmentedReduce,FULL_GENERIC_API,whole,associative tensor reduction maps to a device-wide primitive,https://nvidia.github.io/cccl/cub/api/device.html,SINGLE_CONFIGURED_PRIMITIVE,DIRECT_VENDOR_API,public vendor API or vendor operation graph,yes,API_BACKEND_ABSENT,ALREADY_FOUND
aten_amp_update_scale_cpu,aten/src/ATen/native/cpu/AmpGradScalerKernels.cpp,_amp_update_scale_cpu_kernel,pass,0,0,,NONE,0,0,scalar_state_update,,none,NO_DIRECT_LIBRARY_API,none,a two-scalar host control-flow update is not a tensor operation,,NONE,NO_IMPLEMENTATION,no emitted launch,no,NO_TENSOR_LIBRARY_API,NO_LIBRARY_MATCH_EXPECTED
aten_and_reduce_cpu,aten/src/ATen/native/cpu/ReduceOpsKernel.cpp,and_kernel_impl,pass,2,0,cubSegmentedLogicalAnd_i32_memref,COMPLETE_REWRITE_CANDIDATE,0,0,reduction,CUB,DeviceReduce or DeviceSegmentedReduce,FULL_GENERIC_API,whole,associative tensor reduction maps to a device-wide primitive,https://nvidia.github.io/cccl/cub/api/device.html,SINGLE_CONFIGURED_PRIMITIVE,STANDARD_LIBRARY_ALGORITHM,preimplemented CUB device algorithm,yes,SELECTED_WRAPPERS_PRESENT,ALREADY_FOUND
aten_angle_complex_scalarized,aten/src/ATen/native/cpu/UnaryOpsKernel.cpp,angle_kernel,pass,1,0,cudnnPointwiseGraph_f32,COMPLETE_REWRITE_CANDIDATE,0,0,complex_layout,cuTENSOR,permutation or elementwise conjugate,FULL_GENERIC_API,whole,cuTENSOR supports permutation and conjugate unary operators,https://docs.nvidia.com/cuda/cutensor/latest/api/cutensor.html,SINGLE_CONFIGURED_PRIMITIVE,DIRECT_VENDOR_API,public vendor API or vendor operation graph,yes,API_BACKEND_ABSENT,ALREADY_FOUND
aten_angle_real,aten/src/ATen/native/cpu/UnaryOpsKernel.cpp,angle_kernel,pass,1,0,cudnnPointwiseGraph_f32,COMPLETE_REWRITE_CANDIDATE,0,0,pointwise_reduction_formula,cuDNN,pointwise and reduction operation graph,FULL_GENERIC_API,whole,the complete formula can be assembled from documented cuDNN graph nodes,https://docs.nvidia.com/deeplearning/cudnn/latest/operations/operations.html,MULTI_NODE_LIBRARY_GRAPH,DIRECT_VENDOR_API,public vendor API or vendor operation graph,yes,GENERAL_GRAPH_BACKEND_ABSENT,ALREADY_FOUND
aten_arange_cpu,aten/src/ATen/native/cpu/RangeFactoriesKernel.cpp,arange_kernel,pass,1,0,,NONE,1,0,tensor_initialization,CUDA Runtime,cudaMemset for zero only,PARTIAL_API,zero_fill_stage,general fill and sequence generation have no link-only runtime call,https://docs.nvidia.com/cuda/cuda-runtime-api/,PARTIAL_STAGES,NO_IMPLEMENTATION,no emitted launch,no,API_BACKEND_ABSENT,COMPOSITION_REQUIRED_NOT_MATCHER_ONLY
aten_argmax_cpu,aten/src/ATen/native/cpu/ReduceOpsKernel.cpp,argmax_kernel_impl,pass,4,0,cubSegmentedArgMax_f32_i32_memref,COMPLETE_REWRITE_CANDIDATE,0,0,arg_reduction,CUB,DeviceSegmentedReduce ArgMax/ArgMin,FULL_GENERIC_API,whole,each row is a segment reduced to a value/index pair,https://nvidia.github.io/cccl/cub/api/device.html,SINGLE_CONFIGURED_PRIMITIVE,STANDARD_LIBRARY_ALGORITHM,preimplemented CUB device algorithm,yes,API_BACKEND_ABSENT,ALREADY_FOUND
aten_argmin_cpu,aten/src/ATen/native/cpu/ReduceOpsKernel.cpp,argmin_kernel_impl,pass,4,0,cubSegmentedArgMin_f32_i32_memref,COMPLETE_REWRITE_CANDIDATE,0,0,arg_reduction,CUB,DeviceSegmentedReduce ArgMax/ArgMin,FULL_GENERIC_API,whole,each row is a segment reduced to a value/index pair,https://nvidia.github.io/cccl/cub/api/device.html,SINGLE_CONFIGURED_PRIMITIVE,STANDARD_LIBRARY_ALGORITHM,preimplemented CUB device algorithm,yes,API_BACKEND_ABSENT,ALREADY_FOUND
aten_as_complex_cpu,aten/src/ATen/native/SpectralOps.cpp,as_complex,pass,2,0,cudaCopy1D_f32_tensor,COMPLETE_REWRITE_CANDIDATE,0,0,complex_layout,cuTENSOR,permutation or elementwise conjugate,FULL_GENERIC_API,whole,cuTENSOR supports permutation and conjugate unary operators,https://docs.nvidia.com/cuda/cutensor/latest/api/cutensor.html,SINGLE_CONFIGURED_PRIMITIVE,CUDA_RUNTIME_PRIMITIVE,CUDA copy or memset runtime primitive,yes,API_BACKEND_ABSENT,ALREADY_FOUND
aten_asin,aten/src/ATen/native/cpu/UnaryOpsKernel.cpp,asin_kernel,pass,1,0,cutensorUnary_asin_f32,COMPLETE_REWRITE_CANDIDATE,0,0,compound_or_specialized,,none identified,NO_DIRECT_LIBRARY_API,none,no semantically equivalent public NVIDIA tensor-library operation identified,,NONE,DIRECT_VENDOR_API,public vendor API or vendor operation graph,yes,NO_TENSOR_LIBRARY_API,ALREADY_FOUND
aten_asinh,aten/src/ATen/native/cpu/UnaryOpsKernel.cpp,asinh_kernel,pass,1,0,cutensorUnary_asinh_f32,COMPLETE_REWRITE_CANDIDATE,0,0,pointwise_reduction_formula,cuDNN,pointwise and reduction operation graph,FULL_GENERIC_API,whole,the complete formula can be assembled from documented cuDNN graph nodes,https://docs.nvidia.com/deeplearning/cudnn/latest/operations/operations.html,MULTI_NODE_LIBRARY_GRAPH,DIRECT_VENDOR_API,public vendor API or vendor operation graph,yes,GENERAL_GRAPH_BACKEND_ABSENT,ALREADY_FOUND
aten_atan,aten/src/ATen/native/cpu/UnaryOpsKernel.cpp,atan_kernel,pass,1,0,cutensorUnary_atan_f32,COMPLETE_REWRITE_CANDIDATE,0,0,pointwise_math,NPP,signal arithmetic/transcendental API,FULL_FIXED_API,whole,NPP provides fixed signal math routines for supported dtypes,https://docs.nvidia.com/cuda/npp/index.html,SINGLE_FIXED_CALL,DIRECT_VENDOR_API,public vendor API or vendor operation graph,yes,API_BACKEND_ABSENT,ALREADY_FOUND
aten_atan2,aten/src/ATen/native/cpu/BinaryOpsKernel.cpp,atan2_kernel,pass,1,0,cudnnPointwiseGraph_f32,COMPLETE_REWRITE_CANDIDATE,0,0,pointwise_math,NPP,signal arithmetic/transcendental API,FULL_FIXED_API,whole,NPP provides fixed signal math routines for supported dtypes,https://docs.nvidia.com/cuda/npp/index.html,SINGLE_FIXED_CALL,DIRECT_VENDOR_API,public vendor API or vendor operation graph,yes,API_BACKEND_ABSENT,ALREADY_FOUND
aten_atanh,aten/src/ATen/native/cpu/UnaryOpsKernel.cpp,atanh_kernel,pass,1,0,cutensorUnary_atanh_f32,COMPLETE_REWRITE_CANDIDATE,0,0,pointwise_reduction_formula,cuDNN,pointwise and reduction operation graph,FULL_GENERIC_API,whole,the complete formula can be assembled from documented cuDNN graph nodes,https://docs.nvidia.com/deeplearning/cudnn/latest/operations/operations.html,MULTI_NODE_LIBRARY_GRAPH,DIRECT_VENDOR_API,public vendor API or vendor operation graph,yes,GENERAL_GRAPH_BACKEND_ABSENT,ALREADY_FOUND
aten_avg_pool2d,aten/src/ATen/native/AveragePool2d.cpp,avg_pool2d,pass,2,0,cudnnAvgPoolWindow_f32,COMPLETE_REWRITE_CANDIDATE,0,0,pooling,cuDNN Resample,ResampleFwd/ResampleBwd,FULL_FIXED_API,whole,cuDNN resample directly supports regular average/max pooling,https://docs.nvidia.com/deeplearning/cudnn/latest/operations/Resampling.html,SINGLE_FIXED_CALL,DIRECT_VENDOR_API,public vendor API or vendor operation graph,yes,SELECTED_WRAPPERS_PRESENT,ALREADY_FOUND
aten_avg_pool2d_backward_cpu,aten/src/ATen/native/cpu/AvgPoolKernel.cpp,avg_pool2d_backward_kernel_impl,pass,2,0,cudnnAveragePool_f32_flat2,COMPLETE_REWRITE_CANDIDATE,0,0,pooling,cuDNN Resample,ResampleFwd/ResampleBwd,FULL_FIXED_API,whole,cuDNN resample directly supports regular average/max pooling,https://docs.nvidia.com/deeplearning/cudnn/latest/operations/Resampling.html,SINGLE_FIXED_CALL,DIRECT_VENDOR_API,public vendor API or vendor operation graph,yes,SELECTED_WRAPPERS_PRESENT,ALREADY_FOUND
aten_avg_pool2d_cpu,aten/src/ATen/native/cpu/AvgPoolKernel.cpp,avg_pool2d_kernel_impl,pass,4,4,,NONE,1,2,pooling,cuDNN Resample,ResampleFwd/ResampleBwd,FULL_FIXED_API,whole,cuDNN resample directly supports regular average/max pooling,https://docs.nvidia.com/deeplearning/cudnn/latest/operations/Resampling.html,SINGLE_FIXED_CALL,NO_IMPLEMENTATION,no emitted launch,no,SELECTED_WRAPPERS_PRESENT,RAISING_BLOCKS_WHOLE_OP_RECOGNITION
aten_avg_pool3d,aten/src/ATen/native/AveragePool3d.cpp,avg_pool3d,pass,2,0,cudnnAveragePool_f32_r5,COMPLETE_REWRITE_CANDIDATE,0,0,pooling,cuDNN Resample,ResampleFwd/ResampleBwd,FULL_FIXED_API,whole,cuDNN resample directly supports regular average/max pooling,https://docs.nvidia.com/deeplearning/cudnn/latest/operations/Resampling.html,SINGLE_FIXED_CALL,DIRECT_VENDOR_API,public vendor API or vendor operation graph,yes,SELECTED_WRAPPERS_PRESENT,ALREADY_FOUND
aten_avg_pool3d_backward_cpu,aten/src/ATen/native/cpu/AvgPoolKernel.cpp,avg_pool3d_backward_kernel_impl,pass,2,0,cudnnAveragePool_f32_flat2,COMPLETE_REWRITE_CANDIDATE,0,0,pooling,cuDNN Resample,ResampleFwd/ResampleBwd,FULL_FIXED_API,whole,cuDNN resample directly supports regular average/max pooling,https://docs.nvidia.com/deeplearning/cudnn/latest/operations/Resampling.html,SINGLE_FIXED_CALL,DIRECT_VENDOR_API,public vendor API or vendor operation graph,yes,SELECTED_WRAPPERS_PRESENT,ALREADY_FOUND
aten_avg_pool3d_cpu,aten/src/ATen/native/cpu/AvgPoolKernel.cpp,avg_pool3d_kernel_impl,pass,4,6,,NONE,1,3,pooling,cuDNN Resample,ResampleFwd/ResampleBwd,FULL_FIXED_API,whole,cuDNN resample directly supports regular average/max pooling,https://docs.nvidia.com/deeplearning/cudnn/latest/operations/Resampling.html,SINGLE_FIXED_CALL,NO_IMPLEMENTATION,no emitted launch,no,SELECTED_WRAPPERS_PRESENT,RAISING_BLOCKS_WHOLE_OP_RECOGNITION
aten_batch_norm,aten/src/ATen/native/cpu/batch_norm_kernel.cpp,batch_norm_cpu_kernel,pass,1,0,cudnnBatchNormalizationForwardInference,COMPLETE_REWRITE_CANDIDATE,0,0,normalization,cuDNN,NormalizationForward/Backward graph,FULL_GENERIC_API,whole,cuDNN normalization and graph pointwise/reduction nodes cover the operation,https://docs.nvidia.com/deeplearning/cudnn/latest/operations/operations.html,MULTI_NODE_LIBRARY_GRAPH,DIRECT_VENDOR_API,public vendor API or vendor operation graph,yes,SELECTED_WRAPPERS_PRESENT,ALREADY_FOUND
aten_batch_norm_backward_cpu,aten/src/ATen/native/cpu/batch_norm_kernel.cpp,batch_norm_cpu_backward_kernel,pass,2,2,,NONE,2,2,normalization,cuDNN,NormalizationForward/Backward graph,FULL_GENERIC_API,whole,cuDNN normalization and graph pointwise/reduction nodes cover the operation,https://docs.nvidia.com/deeplearning/cudnn/latest/operations/operations.html,MULTI_NODE_LIBRARY_GRAPH,NO_IMPLEMENTATION,no emitted launch,no,GENERAL_GRAPH_BACKEND_ABSENT,RAISING_BLOCKS_WHOLE_OP_RECOGNITION
aten_batch_norm_backward_template_cpu,aten/src/ATen/native/Normalization.cpp,batch_norm_backward_cpu_template,pass,4,3,,NONE,4,3,normalization,cuDNN,NormalizationForward/Backward graph,FULL_GENERIC_API,whole,cuDNN normalization and graph pointwise/reduction nodes cover the operation,https://docs.nvidia.com/deeplearning/cudnn/latest/operations/operations.html,MULTI_NODE_LIBRARY_GRAPH,NO_IMPLEMENTATION,no emitted launch,no,GENERAL_GRAPH_BACKEND_ABSENT,RAISING_BLOCKS_WHOLE_OP_RECOGNITION
aten_batch_norm_collect_stats_cpu,aten/src/ATen/native/cpu/batch_norm_kernel.cpp,batch_norm_cpu_collect_stats_kernel,pass,2,1,,NONE,2,1,normalization,cuDNN,NormalizationForward/Backward graph,FULL_GENERIC_API,whole,cuDNN normalization and graph pointwise/reduction nodes cover the operation,https://docs.nvidia.com/deeplearning/cudnn/latest/operations/operations.html,MULTI_NODE_LIBRARY_GRAPH,NO_IMPLEMENTATION,no emitted launch,no,GENERAL_GRAPH_BACKEND_ABSENT,RAISING_BLOCKS_WHOLE_OP_RECOGNITION
aten_batch_norm_cpu_entry,aten/src/ATen/native/Normalization.cpp,batch_norm_cpu,pass,1,0,cudnnPointwiseGraph_f32,COMPLETE_REWRITE_CANDIDATE,0,0,pointwise_reduction_formula,cuDNN,pointwise and reduction operation graph,FULL_GENERIC_API,whole,the complete formula can be assembled from documented cuDNN graph nodes,https://docs.nvidia.com/deeplearning/cudnn/latest/operations/operations.html,MULTI_NODE_LIBRARY_GRAPH,DIRECT_VENDOR_API,public vendor API or vendor operation graph,yes,GENERAL_GRAPH_BACKEND_ABSENT,ALREADY_FOUND
aten_batch_norm_stats_cpu,aten/src/ATen/native/Normalization.cpp,batch_norm_cpu_update_stats_template,pass,2,1,,NONE,2,1,normalization,cuDNN,NormalizationForward/Backward graph,FULL_GENERIC_API,whole,cuDNN normalization and graph pointwise/reduction nodes cover the operation,https://docs.nvidia.com/deeplearning/cudnn/latest/operations/operations.html,MULTI_NODE_LIBRARY_GRAPH,NO_IMPLEMENTATION,no emitted launch,no,GENERAL_GRAPH_BACKEND_ABSENT,RAISING_BLOCKS_WHOLE_OP_RECOGNITION
aten_batch_norm_transform_cpu,aten/src/ATen/native/Normalization.cpp,batch_norm_cpu_transform_input_template,pass,1,0,cudnnBatchNormalizationForwardInference,COMPLETE_REWRITE_CANDIDATE,0,0,normalization,cuDNN,NormalizationForward/Backward graph,FULL_GENERIC_API,whole,cuDNN normalization and graph pointwise/reduction nodes cover the operation,https://docs.nvidia.com/deeplearning/cudnn/latest/operations/operations.html,MULTI_NODE_LIBRARY_GRAPH,DIRECT_VENDOR_API,public vendor API or vendor operation graph,yes,GENERAL_GRAPH_BACKEND_ABSENT,ALREADY_FOUND
aten_bernoulli_scalar_cpu,aten/src/ATen/native/cpu/DistributionKernels.cpp,bernoulli_scalar_kernel,pass,1,0,,NONE,1,0,random_distribution,cuRAND,base RNG plus distribution transform,PARTIAL_API,random_draw_stage,cuRAND supplies random bits/uniform/normal draws but not this complete transform in its host API,https://docs.nvidia.com/cuda/curand/index.html,PARTIAL_STAGES,NO_IMPLEMENTATION,no emitted launch,no,API_BACKEND_ABSENT,COMPOSITION_REQUIRED_NOT_MATCHER_ONLY
aten_bernoulli_tensor_cpu,aten/src/ATen/native/cpu/DistributionKernels.cpp,bernoulli_tensor_kernel,pass,1,0,,NONE,1,0,random_distribution,cuRAND,base RNG plus distribution transform,PARTIAL_API,random_draw_stage,cuRAND supplies random bits/uniform/normal draws but not this complete transform in its host API,https://docs.nvidia.com/cuda/curand/index.html,PARTIAL_STAGES,NO_IMPLEMENTATION,no emitted launch,no,API_BACKEND_ABSENT,COMPOSITION_REQUIRED_NOT_MATCHER_ONLY
aten_bessel_j0,aten/src/ATen/native/cpu/UnaryOpsKernel.cpp,bessel_j0_kernel,pass,1,0,,NONE,1,0,special_function,,CUDA Math/libdevice scalar function,NO_DIRECT_LIBRARY_API,scalar_only,"a device scalar function may exist, but not a fixed tensor-library launch",,NONE,NO_IMPLEMENTATION,no emitted launch,no,NO_TENSOR_LIBRARY_API,NO_LIBRARY_MATCH_EXPECTED
aten_bessel_j1,aten/src/ATen/native/cpu/UnaryOpsKernel.cpp,bessel_j1_kernel,pass,1,0,,NONE,1,0,special_function,,CUDA Math/libdevice scalar function,NO_DIRECT_LIBRARY_API,scalar_only,"a device scalar function may exist, but not a fixed tensor-library launch",,NONE,NO_IMPLEMENTATION,no emitted launch,no,NO_TENSOR_LIBRARY_API,NO_LIBRARY_MATCH_EXPECTED
aten_bessel_y0,aten/src/ATen/native/cpu/UnaryOpsKernel.cpp,bessel_y0_kernel,pass,1,0,,NONE,1,0,special_function,,CUDA Math/libdevice scalar function,NO_DIRECT_LIBRARY_API,scalar_only,"a device scalar function may exist, but not a fixed tensor-library launch",,NONE,NO_IMPLEMENTATION,no emitted launch,no,NO_TENSOR_LIBRARY_API,NO_LIBRARY_MATCH_EXPECTED
aten_bessel_y1,aten/src/ATen/native/cpu/UnaryOpsKernel.cpp,bessel_y1_kernel,pass,1,0,,NONE,1,0,special_function,,CUDA Math/libdevice scalar function,NO_DIRECT_LIBRARY_API,scalar_only,"a device scalar function may exist, but not a fixed tensor-library launch",,NONE,NO_IMPLEMENTATION,no emitted launch,no,NO_TENSOR_LIBRARY_API,NO_LIBRARY_MATCH_EXPECTED
aten_bf16_dot_cpu,aten/src/ATen/native/cpu/ReducedPrecisionFloatGemvFastPathKernel.cpp,bf16_dot,pass,1,0,cublasSdot_memref,COMPLETE_REWRITE_CANDIDATE,0,0,dense_linear_algebra,cuBLAS,cuBLAS Level-1/2/3 or cuBLASLt Matmul,FULL_FIXED_API,whole,standard vector/matrix product or update,https://docs.nvidia.com/cuda/cublas/,SINGLE_FIXED_CALL,DIRECT_VENDOR_API,public vendor API or vendor operation graph,yes,SELECTED_WRAPPERS_PRESENT,ALREADY_FOUND
aten_bf16_gemv_trans_cpu,aten/src/ATen/native/cpu/ReducedPrecisionFloatGemvFastPathKernel.cpp,bf16_gemv_trans,pass,2,0,cublasSgemvTZero_memref,COMPLETE_REWRITE_CANDIDATE,0,0,dense_linear_algebra,cuBLAS,cuBLAS Level-1/2/3 or cuBLASLt Matmul,FULL_FIXED_API,whole,standard vector/matrix product or update,https://docs.nvidia.com/cuda/cublas/,SINGLE_FIXED_CALL,DIRECT_VENDOR_API,public vendor API or vendor operation graph,yes,API_BACKEND_ABSENT,ALREADY_FOUND
aten_bilinear_cpu,aten/src/ATen/native/Linear.cpp,bilinear,pass,2,0,cutensornetNetwork_f32_n3_aten,COMPLETE_REWRITE_CANDIDATE,0,0,tensor_contraction,cuTensorNet,cutensornetCreateNetworkDescriptor/ContractionOptimizer,FULL_GENERIC_API,whole,three-input Einstein network; a single binary cuTENSOR contraction is insufficient,,SINGLE_CONFIGURED_PRIMITIVE,DIRECT_VENDOR_API,public vendor API or vendor operation graph,yes,API_BACKEND_ABSENT,ALREADY_FOUND
aten_binary_cross_entropy,aten/src/ATen/native/Loss.cpp,binary_cross_entropy,pass,1,0,cudnnBinaryCrossEntropyMean_f32_memref,COMPLETE_REWRITE_CANDIDATE,0,0,cross_product,cuDNN,MUL/SUB pointwise operation graph,FULL_GENERIC_API,whole,a 3-vector cross product is six multiplies and three subtracts in one operation graph,https://docs.nvidia.com/deeplearning/cudnn/latest/operations/operations.html,MULTI_NODE_LIBRARY_GRAPH,DIRECT_VENDOR_API,public vendor API or vendor operation graph,yes,SELECTED_WRAPPERS_PRESENT,ALREADY_FOUND
aten_binary_search_strided_rightmost_cpu,aten/src/ATen/native/sparse/SparseTensorMath.cpp,binary_search_strided_rightmost,pass,0,2,,NONE,0,2,search,CUB,DeviceRadixSort building block,PARTIAL_API,sort_stage,CUB has ordering primitives but no direct vectorized binary-search call,https://nvidia.github.io/cccl/cub/api/device.html,PARTIAL_STAGES,NO_IMPLEMENTATION,no emitted launch,no,API_BACKEND_ABSENT,RAISING_BLOCKS_WHOLE_OP_RECOGNITION
aten_bincount_cpu,aten/src/ATen/native/SummaryOps.cpp,_bincount_cpu_template,pass,1,1,memset_zero_1D_f32,PARTIAL_STAGE_ONLY,0,1,weighted_bincount,CUB,DeviceRadixSort plus DeviceReduceByKey plus dense scatter,PARTIAL_API,multi_stage,this fixture accumulates floating weights by runtime integer key; DeviceHistogram only counts samples and is not a weighted histogram,https://nvidia.github.io/cccl/cub/api/device.html,PARTIAL_STAGES,CUDA_RUNTIME_PRIMITIVE,CUDA copy or memset runtime primitive,yes,API_BACKEND_ABSENT,PARTIAL_MATCH_ONLY_RESIDUAL_IR_REMAINS
aten_binomial_transform_cpu,aten/src/ATen/native/Distributions.cpp,_s_binomial_cpu,pass,0,2,,NONE,0,2,random_distribution,cuRAND,base RNG plus distribution transform,PARTIAL_API,random_draw_stage,cuRAND supplies random bits/uniform/normal draws but not this complete transform in its host API,https://docs.nvidia.com/cuda/curand/index.html,PARTIAL_STAGES,NO_IMPLEMENTATION,no emitted launch,no,API_BACKEND_ABSENT,RAISING_BLOCKS_WHOLE_OP_RECOGNITION
aten_bitwise_and_i32,aten/src/ATen/native/cpu/BinaryOpsKernel.cpp,bitwise_and_kernel,pass,1,0,,NONE,1,0,integer_pointwise,NPP,signal logical/shift API,FULL_FIXED_API,whole,NPP exposes fixed integer logical and constant-shift signal routines,https://docs.nvidia.com/cuda/npp/index.html,SINGLE_FIXED_CALL,NO_IMPLEMENTATION,no emitted launch,no,API_BACKEND_ABSENT,BACKEND_AND_MATCHER_GAP
aten_bitwise_not_i32,aten/src/ATen/native/cpu/UnaryOpsKernel.cpp,bitwise_not_kernel,pass,1,0,,NONE,1,0,integer_pointwise,NPP,signal logical/shift API,FULL_FIXED_API,whole,NPP exposes fixed integer logical and constant-shift signal routines,https://docs.nvidia.com/cuda/npp/index.html,SINGLE_FIXED_CALL,NO_IMPLEMENTATION,no emitted launch,no,API_BACKEND_ABSENT,BACKEND_AND_MATCHER_GAP
aten_bitwise_or_i32,aten/src/ATen/native/cpu/BinaryOpsKernel.cpp,bitwise_or_kernel,pass,1,0,,NONE,1,0,integer_pointwise,NPP,signal logical/shift API,FULL_FIXED_API,whole,NPP exposes fixed integer logical and constant-shift signal routines,https://docs.nvidia.com/cuda/npp/index.html,SINGLE_FIXED_CALL,NO_IMPLEMENTATION,no emitted launch,no,API_BACKEND_ABSENT,BACKEND_AND_MATCHER_GAP
aten_bitwise_xor_i32,aten/src/ATen/native/cpu/BinaryOpsKernel.cpp,bitwise_xor_kernel,pass,1,0,,NONE,1,0,integer_pointwise,NPP,signal logical/shift API,FULL_FIXED_API,whole,NPP exposes fixed integer logical and constant-shift signal routines,https://docs.nvidia.com/cuda/npp/index.html,SINGLE_FIXED_CALL,NO_IMPLEMENTATION,no emitted launch,no,API_BACKEND_ABSENT,BACKEND_AND_MATCHER_GAP
aten_blas_axpy_cpu,aten/src/ATen/native/cpu/BlasKernel.cpp,cpublas_axpy_impl,pass,1,0,cublasSaxpby,COMPLETE_REWRITE_CANDIDATE,0,0,dense_vector_update,cuBLAS,cublasAxpy/cublasScal/cublasGemv,FULL_FIXED_API,whole,the extracted loop is a standard BLAS vector update,https://docs.nvidia.com/cuda/cublas/,SINGLE_FIXED_CALL,DIRECT_VENDOR_API,public vendor API or vendor operation graph,yes,API_BACKEND_ABSENT,ALREADY_FOUND
aten_blas_copy_cpu,aten/src/ATen/native/cpu/BlasKernel.cpp,cpublas_copy_impl,pass,1,0,cudaCopy1D_f32_tensor,COMPLETE_REWRITE_CANDIDATE,0,0,data_movement,CUDA Runtime,cudaMemcpy*/cudaMemset,FULL_GENERIC_API,whole,contiguous copies are fixed runtime calls; structured concatenation needs multiple copies,https://docs.nvidia.com/cuda/cuda-runtime-api/,MULTI_NODE_LIBRARY_GRAPH,CUDA_RUNTIME_PRIMITIVE,CUDA copy or memset runtime primitive,yes,API_BACKEND_ABSENT,ALREADY_FOUND
aten_blas_dot_naive_cpu,aten/src/ATen/native/BlasKernel.cpp,dot_naive,pass,1,0,cublasSdot,COMPLETE_REWRITE_CANDIDATE,0,0,dense_linear_algebra,cuBLAS,cuBLAS Level-1/2/3 or cuBLASLt Matmul,FULL_FIXED_API,whole,standard vector/matrix product or update,https://docs.nvidia.com/cuda/cublas/,SINGLE_FIXED_CALL,DIRECT_VENDOR_API,public vendor API or vendor operation graph,yes,SELECTED_WRAPPERS_PRESENT,ALREADY_FOUND
aten_blas_gemv_generic_cpu,aten/src/ATen/native/BlasKernel.cpp,gemv,pass,2,0,"cublasSgemv,memset_zero_1D_f32",COMPLETE_REWRITE_CANDIDATE,0,0,dense_linear_algebra,cuBLAS,cuBLAS Level-1/2/3 or cuBLASLt Matmul,FULL_FIXED_API,whole,standard vector/matrix product or update,https://docs.nvidia.com/cuda/cublas/,SINGLE_FIXED_CALL,LIBRARY_API_COMPOSITION,public vendor API or vendor operation graph; CUDA copy or memset runtime primitive,yes,SELECTED_WRAPPERS_PRESENT,ALREADY_FOUND
aten_blas_scale_cpu,aten/src/ATen/native/cpu/BlasKernel.cpp,scale_,pass,1,0,cublasSscal,COMPLETE_REWRITE_CANDIDATE,0,0,dense_vector_update,cuBLAS,cublasAxpy/cublasScal/cublasGemv,FULL_FIXED_API,whole,the extracted loop is a standard BLAS vector update,https://docs.nvidia.com/cuda/cublas/,SINGLE_FIXED_CALL,DIRECT_VENDOR_API,public vendor API or vendor operation graph,yes,API_BACKEND_ABSENT,ALREADY_FOUND
aten_blas_sum_cpu,aten/src/ATen/native/cpu/BlasKernel.cpp,sum,pass,1,0,cudnnReduceSum_f32,COMPLETE_REWRITE_CANDIDATE,0,0,reduction,CUB,DeviceReduce or DeviceSegmentedReduce,FULL_GENERIC_API,whole,associative tensor reduction maps to a device-wide primitive,https://nvidia.github.io/cccl/cub/api/device.html,SINGLE_CONFIGURED_PRIMITIVE,DIRECT_VENDOR_API,public vendor API or vendor operation graph,yes,API_BACKEND_ABSENT,ALREADY_FOUND
aten_block_diag_cpu,aten/src/ATen/native/TensorShape.cpp,block_diag,pass,2,0,"cutensorPermute_f32_r3_tensor,memset_zero_2D_f32",COMPLETE_REWRITE_CANDIDATE,0,0,data_movement,CUDA Runtime,cudaMemcpy*/cudaMemset,FULL_GENERIC_API,whole,contiguous copies are fixed runtime calls; structured concatenation needs multiple copies,https://docs.nvidia.com/cuda/cuda-runtime-api/,MULTI_NODE_LIBRARY_GRAPH,LIBRARY_API_COMPOSITION,public vendor API or vendor operation graph; CUDA copy or memset runtime primitive,yes,API_BACKEND_ABSENT,ALREADY_FOUND
aten_bmm,aten/src/ATen/native/LinearAlgebra.cpp,bmm,pass,2,0,cublasSgemm_strided_batched_nn_zero,COMPLETE_REWRITE_CANDIDATE,0,0,dense_linear_algebra,cuBLAS,cuBLAS Level-1/2/3 or cuBLASLt Matmul,FULL_FIXED_API,whole,standard vector/matrix product or update,https://docs.nvidia.com/cuda/cublas/,SINGLE_FIXED_CALL,DIRECT_VENDOR_API,public vendor API or vendor operation graph,yes,API_BACKEND_ABSENT,ALREADY_FOUND
aten_cartesian_prod_cpu,aten/src/ATen/native/Itertools.cpp,cartesian_prod,pass,2,0,"cublasBroadcastAxis0_f32,cublasBroadcastAxis1_f32",COMPLETE_REWRITE_CANDIDATE,0,0,tensor_broadcast,cuBLAS,SGER outer products with vectors of ones,FULL_GENERIC_API,whole,the two outputs broadcast each input across the Cartesian grid,https://docs.nvidia.com/cuda/cublas/,SINGLE_CONFIGURED_PRIMITIVE,DIRECT_VENDOR_API,public vendor API or vendor operation graph,yes,API_BACKEND_ABSENT,ALREADY_FOUND
aten_cat_serial_cpu,aten/src/ATen/native/cpu/CatKernel.cpp,cat_serial_kernel,pass,2,0,cudaCopy2D_f32_tensor,COMPLETE_REWRITE_CANDIDATE,0,0,data_movement,CUDA Runtime,cudaMemcpy*/cudaMemset,FULL_GENERIC_API,whole,contiguous copies are fixed runtime calls; structured concatenation needs multiple copies,https://docs.nvidia.com/cuda/cuda-runtime-api/,MULTI_NODE_LIBRARY_GRAPH,CUDA_RUNTIME_PRIMITIVE,CUDA copy or memset runtime primitive,yes,API_BACKEND_ABSENT,ALREADY_FOUND
aten_cat_sparse_cpu,aten/src/ATen/native/TensorShape.cpp,cat_sparse_impl,pass,2,0,cutensorPermute_f32_r2_tensor,PARTIAL_STAGE_ONLY,1,0,sparse_indexed_elementwise,cuSPARSE,SpVec/SpMat plus generic operation,PARTIAL_API,stage,"descriptor/storage handling exists, but arbitrary indexed elementwise semantics need composition",https://docs.nvidia.com/cuda/cusparse/,PARTIAL_STAGES,DIRECT_VENDOR_API,public vendor API or vendor operation graph,yes,API_BACKEND_ABSENT,PARTIAL_MATCH_ONLY_RESIDUAL_IR_REMAINS
aten_cauchy_cpu,aten/src/ATen/native/cpu/DistributionKernels.cpp,cauchy_kernel,pass,1,0,cudnnPointwiseGraph_f32,COMPLETE_REWRITE_CANDIDATE,0,0,random_distribution,cuRAND,base RNG plus distribution transform,PARTIAL_API,random_draw_stage,cuRAND supplies random bits/uniform/normal draws but not this complete transform in its host API,https://docs.nvidia.com/cuda/curand/index.html,PARTIAL_STAGES,DIRECT_VENDOR_API,public vendor API or vendor operation graph,yes,API_BACKEND_ABSENT,ALREADY_FOUND
aten_cdist_backward_cpu,aten/src/ATen/native/cpu/DistanceOpsKernel.cpp,cdist_backward_kernel_impl,pass,3,2,memset_zero_2D_f32,PARTIAL_STAGE_ONLY,2,2,distance,cuTENSOR,contraction/reduction plus pointwise graph,PARTIAL_API,stages,dot/reduction stages exist but distance requires composition and indexing,https://docs.nvidia.com/cuda/cutensor/latest/api/cutensor.html,PARTIAL_STAGES,CUDA_RUNTIME_PRIMITIVE,CUDA copy or memset runtime primitive,yes,API_BACKEND_ABSENT,PARTIAL_MATCH_ONLY_RESIDUAL_IR_REMAINS
aten_cdist_cpu,aten/src/ATen/native/cpu/DistanceOpsKernel.cpp,cdist_kernel_impl,pass,3,1,cutensorUnary_sqrt_f32,PARTIAL_STAGE_ONLY,0,1,distance,cuTENSOR,contraction/reduction plus pointwise graph,PARTIAL_API,stages,dot/reduction stages exist but distance requires composition and indexing,https://docs.nvidia.com/cuda/cutensor/latest/api/cutensor.html,PARTIAL_STAGES,DIRECT_VENDOR_API,public vendor API or vendor operation graph,yes,API_BACKEND_ABSENT,PARTIAL_MATCH_ONLY_RESIDUAL_IR_REMAINS
aten_ceil,aten/src/ATen/native/cpu/UnaryOpsKernel.cpp,ceil_kernel,pass,1,0,cutensorUnary_ceil_f32,COMPLETE_REWRITE_CANDIDATE,0,0,pointwise,cuDNN,Pointwise graph operation,FULL_GENERIC_API,whole,cuDNN exposes a broad fixed set of unary/binary/ternary pointwise modes,https://docs.nvidia.com/deeplearning/cudnn/latest/operations/operations.html,MULTI_NODE_LIBRARY_GRAPH,DIRECT_VENDOR_API,public vendor API or vendor operation graph,yes,GENERAL_GRAPH_BACKEND_ABSENT,ALREADY_FOUND
aten_channel_shuffle,aten/src/ATen/native/ChanelShuffle.cpp,channel_shuffle,pass,1,0,cutensorPermute_f32_r5_tensor,COMPLETE_REWRITE_CANDIDATE,0,0,tensor_permutation,cuTENSOR,cutensorPermute,FULL_GENERIC_API,whole,mode permutation/broadcast covers regular affine layouts,https://docs.nvidia.com/cuda/cutensor/latest/api/cutensor.html,SINGLE_CONFIGURED_PRIMITIVE,DIRECT_VENDOR_API,public vendor API or vendor operation graph,yes,SELECTED_WRAPPERS_PRESENT,ALREADY_FOUND
aten_channel_shuffle_cpu,aten/src/ATen/native/cpu/ChannelShuffleKernel.cpp,channel_shuffle_kernel_impl,pass,1,0,cutensorPermute_f32_r4_tensor,COMPLETE_REWRITE_CANDIDATE,0,0,tensor_permutation,cuTENSOR,cutensorPermute,FULL_GENERIC_API,whole,mode permutation/broadcast covers regular affine layouts,https://docs.nvidia.com/cuda/cutensor/latest/api/cutensor.html,SINGLE_CONFIGURED_PRIMITIVE,DIRECT_VENDOR_API,public vendor API or vendor operation graph,yes,SELECTED_WRAPPERS_PRESENT,ALREADY_FOUND
aten_chebyshev_polynomial_t,aten/src/ATen/native/cpu/BinaryOpsKernel.cpp,chebyshev_polynomial_t_kernel,pass,1,0,,NONE,1,0,special_function,,CUDA Math/libdevice scalar function,NO_DIRECT_LIBRARY_API,scalar_only,"a device scalar function may exist, but not a fixed tensor-library launch",,NONE,NO_IMPLEMENTATION,no emitted launch,no,NO_TENSOR_LIBRARY_API,NO_LIBRARY_MATCH_EXPECTED
aten_chebyshev_polynomial_u,aten/src/ATen/native/cpu/BinaryOpsKernel.cpp,chebyshev_polynomial_u_kernel,pass,1,0,,NONE,1,0,special_function,,CUDA Math/libdevice scalar function,NO_DIRECT_LIBRARY_API,scalar_only,"a device scalar function may exist, but not a fixed tensor-library launch",,NONE,NO_IMPLEMENTATION,no emitted launch,no,NO_TENSOR_LIBRARY_API,NO_LIBRARY_MATCH_EXPECTED
aten_chebyshev_polynomial_v,aten/src/ATen/native/cpu/BinaryOpsKernel.cpp,chebyshev_polynomial_v_kernel,pass,1,0,,NONE,1,0,special_function,,CUDA Math/libdevice scalar function,NO_DIRECT_LIBRARY_API,scalar_only,"a device scalar function may exist, but not a fixed tensor-library launch",,NONE,NO_IMPLEMENTATION,no emitted launch,no,NO_TENSOR_LIBRARY_API,NO_LIBRARY_MATCH_EXPECTED
aten_chebyshev_polynomial_w,aten/src/ATen/native/cpu/BinaryOpsKernel.cpp,chebyshev_polynomial_w_kernel,pass,1,0,,NONE,1,0,special_function,,CUDA Math/libdevice scalar function,NO_DIRECT_LIBRARY_API,scalar_only,"a device scalar function may exist, but not a fixed tensor-library launch",,NONE,NO_IMPLEMENTATION,no emitted launch,no,NO_TENSOR_LIBRARY_API,NO_LIBRARY_MATCH_EXPECTED
aten_circular_pad_cpu,aten/src/ATen/native/PadNd.cpp,_pad_circular_symint,pass,1,0,,NONE,1,0,padding,NPP,copy-border/image geometry primitives,PARTIAL_API,mode_dependent,constant/image borders exist; circular/reflection and arbitrary rank need composition,https://docs.nvidia.com/cuda/npp/index.html,PARTIAL_STAGES,NO_IMPLEMENTATION,no emitted launch,no,API_BACKEND_ABSENT,COMPOSITION_REQUIRED_NOT_MATCHER_ONLY
aten_clamp,aten/src/ATen/native/TensorCompare.cpp,clamp,pass,1,0,cudnnPointwiseGraph_f32,COMPLETE_REWRITE_CANDIDATE,0,0,pointwise,cuDNN,Pointwise graph operation,FULL_GENERIC_API,whole,cuDNN exposes a broad fixed set of unary/binary/ternary pointwise modes,https://docs.nvidia.com/deeplearning/cudnn/latest/operations/operations.html,MULTI_NODE_LIBRARY_GRAPH,DIRECT_VENDOR_API,public vendor API or vendor operation graph,yes,GENERAL_GRAPH_BACKEND_ABSENT,ALREADY_FOUND
aten_clamp_cpu,aten/src/ATen/native/cpu/TensorCompareKernel.cpp,clamp_kernel_impl,pass,1,0,cudnnPointwiseGraph_f32,COMPLETE_REWRITE_CANDIDATE,0,0,pointwise,cuDNN,Pointwise graph operation,FULL_GENERIC_API,whole,cuDNN exposes a broad fixed set of unary/binary/ternary pointwise modes,https://docs.nvidia.com/deeplearning/cudnn/latest/operations/operations.html,MULTI_NODE_LIBRARY_GRAPH,DIRECT_VENDOR_API,public vendor API or vendor operation graph,yes,GENERAL_GRAPH_BACKEND_ABSENT,ALREADY_FOUND
aten_clamp_max_scalar_cpu,aten/src/ATen/native/cpu/TensorCompareKernel.cpp,clamp_max_scalar_kernel_impl,pass,1,0,cudnnPointwiseGraph_f32,COMPLETE_REWRITE_CANDIDATE,0,0,reduction,CUB,DeviceReduce or DeviceSegmentedReduce,FULL_GENERIC_API,whole,associative tensor reduction maps to a device-wide primitive,https://nvidia.github.io/cccl/cub/api/device.html,SINGLE_CONFIGURED_PRIMITIVE,DIRECT_VENDOR_API,public vendor API or vendor operation graph,yes,API_BACKEND_ABSENT,ALREADY_FOUND
aten_clamp_min_scalar_cpu,aten/src/ATen/native/cpu/TensorCompareKernel.cpp,clamp_min_scalar_kernel_impl,pass,1,0,cudnnPointwiseGraph_f32,COMPLETE_REWRITE_CANDIDATE,0,0,reduction,CUB,DeviceReduce or DeviceSegmentedReduce,FULL_GENERIC_API,whole,associative tensor reduction maps to a device-wide primitive,https://nvidia.github.io/cccl/cub/api/device.html,SINGLE_CONFIGURED_PRIMITIVE,DIRECT_VENDOR_API,public vendor API or vendor operation graph,yes,API_BACKEND_ABSENT,ALREADY_FOUND
aten_clamp_scalar_cpu,aten/src/ATen/native/cpu/TensorCompareKernel.cpp,clamp_scalar_kernel_impl,pass,1,0,cudnnPointwiseGraph_f32,COMPLETE_REWRITE_CANDIDATE,0,0,pointwise,cuDNN,Pointwise graph operation,FULL_GENERIC_API,whole,cuDNN exposes a broad fixed set of unary/binary/ternary pointwise modes,https://docs.nvidia.com/deeplearning/cudnn/latest/operations/operations.html,MULTI_NODE_LIBRARY_GRAPH,DIRECT_VENDOR_API,public vendor API or vendor operation graph,yes,GENERAL_GRAPH_BACKEND_ABSENT,ALREADY_FOUND
aten_coalesce_sparse_cpu,aten/src/ATen/native/sparse/SparseTensor.cpp,_coalesce_sparse_cpu,pass,0,1,,NONE,0,1,sparse_format,cuSPARSE,format conversion and sorting APIs,FULL_GENERIC_API,whole,cuSPARSE exposes sparse format conversion/sorting primitives,https://docs.nvidia.com/cuda/cusparse/,SINGLE_CONFIGURED_PRIMITIVE,NO_IMPLEMENTATION,no emitted launch,no,API_BACKEND_ABSENT,RAISING_BLOCKS_WHOLE_OP_RECOGNITION
aten_col2im_cpu,aten/src/ATen/native/Col2Im.cpp,col2im_out_cpu_template,pass,1,0,,NONE,1,0,patch_extract_scatter,cuDNN,Convolution graph operation,PARTIAL_API,containing_operation,cuDNN implements convolution but does not expose im2col/col2im as its public result,https://docs.nvidia.com/deeplearning/cudnn/latest/operations/operations.html,PARTIAL_STAGES,NO_IMPLEMENTATION,no emitted launch,no,GENERAL_GRAPH_BACKEND_ABSENT,COMPOSITION_REQUIRED_NOT_MATCHER_ONLY
aten_combinations_cpu,aten/src/ATen/native/Itertools.cpp,combinations,pass,0,2,,NONE,0,2,data_movement,CUDA Runtime,cudaMemcpy*/cudaMemset,FULL_GENERIC_API,whole,contiguous copies are fixed runtime calls; structured concatenation needs multiple copies,https://docs.nvidia.com/cuda/cuda-runtime-api/,MULTI_NODE_LIBRARY_GRAPH,NO_IMPLEMENTATION,no emitted launch,no,API_BACKEND_ABSENT,RAISING_BLOCKS_WHOLE_OP_RECOGNITION
aten_complex_scalarized,aten/src/ATen/native/cpu/ComplexKernel.cpp,complex_kernel,pass,2,0,cudaCopy1D_f32_tensor,COMPLETE_REWRITE_CANDIDATE,0,0,complex_layout,cuTENSOR,permutation or elementwise conjugate,FULL_GENERIC_API,whole,cuTENSOR supports permutation and conjugate unary operators,https://docs.nvidia.com/cuda/cutensor/latest/api/cutensor.html,SINGLE_CONFIGURED_PRIMITIVE,CUDA_RUNTIME_PRIMITIVE,CUDA copy or memset runtime primitive,yes,API_BACKEND_ABSENT,ALREADY_FOUND
aten_compressed_block_convert_cpu,aten/src/ATen/native/TensorConversions.cpp,_compressed_to_block_compressed_cpu_kernel,pass,0,2,cutensorPermute_f32_r4_tensor,COMPLETE_REWRITE_CANDIDATE,0,0,tensor_permutation,cuTENSOR,cutensorPermute,FULL_GENERIC_API,whole,the dense-to-block-major transform is a rank-4 mode permutation after a zero-copy logical reshape,https://docs.nvidia.com/cuda/cutensor/latest/api/cutensor.html,SINGLE_CONFIGURED_PRIMITIVE,DIRECT_VENDOR_API,public vendor API or vendor operation graph,yes,SELECTED_WRAPPERS_PRESENT,ALREADY_FOUND
aten_conj_complex_scalarized,aten/src/ATen/native/cpu/UnaryOpsKernel.cpp,conj_kernel,pass,2,0,"cudaCopy1D_f32_tensor,cutensorUnary_neg_f32",COMPLETE_REWRITE_CANDIDATE,0,0,complex_layout,cuTENSOR,permutation or elementwise conjugate,FULL_GENERIC_API,whole,cuTENSOR supports permutation and conjugate unary operators,https://docs.nvidia.com/cuda/cutensor/latest/api/cutensor.html,SINGLE_CONFIGURED_PRIMITIVE,LIBRARY_API_COMPOSITION,CUDA copy or memset runtime primitive; public vendor API or vendor operation graph,yes,API_BACKEND_ABSENT,ALREADY_FOUND
aten_constant_pad_nd_cpu,aten/src/ATen/native/PadNd.cpp,constant_pad_nd,pass,2,0,cudaCopy1D_f32_tensor,PARTIAL_STAGE_ONLY,1,0,padding,NPP,copy-border/image geometry primitives,PARTIAL_API,mode_dependent,constant/image borders exist; circular/reflection and arbitrary rank need composition,https://docs.nvidia.com/cuda/npp/index.html,PARTIAL_STAGES,CUDA_RUNTIME_PRIMITIVE,CUDA copy or memset runtime primitive,yes,API_BACKEND_ABSENT,PARTIAL_MATCH_ONLY_RESIDUAL_IR_REMAINS
aten_conv1d,aten/src/ATen/native/Convolution.cpp,conv1d,pass,2,0,cudnnConvolution1D_f32_bias,COMPLETE_REWRITE_CANDIDATE,0,0,convolution,cuDNN,ConvolutionFwd/BwdData/BwdFilter,FULL_FIXED_API,whole,"standard, transposed, or dilated convolution maps to cuDNN convolution descriptors",https://docs.nvidia.com/deeplearning/cudnn/latest/operations/operations.html,SINGLE_FIXED_CALL,DIRECT_VENDOR_API,public vendor API or vendor operation graph,yes,API_BACKEND_ABSENT,ALREADY_FOUND
aten_conv2d,aten/src/ATen/native/ConvolutionMM2d.cpp,slow_conv2d,pass,2,0,cudnnConvolutionFwd_batched,COMPLETE_REWRITE_CANDIDATE,0,0,convolution,cuDNN,ConvolutionFwd/BwdData/BwdFilter,FULL_FIXED_API,whole,"standard, transposed, or dilated convolution maps to cuDNN convolution descriptors",https://docs.nvidia.com/deeplearning/cudnn/latest/operations/operations.html,SINGLE_FIXED_CALL,DIRECT_VENDOR_API,public vendor API or vendor operation graph,yes,SELECTED_WRAPPERS_PRESENT,ALREADY_FOUND
aten_conv2d_columns_cpu,aten/src/ATen/native/ConvolutionMM2d.cpp,compute_columns2d,pass,1,0,cutensorPermute_f32_r5_tensor,COMPLETE_REWRITE_CANDIDATE,0,0,patch_extract_scatter,cuDNN,Convolution graph operation,PARTIAL_API,containing_operation,cuDNN implements convolution but does not expose im2col/col2im as its public result,https://docs.nvidia.com/deeplearning/cudnn/latest/operations/operations.html,PARTIAL_STAGES,DIRECT_VENDOR_API,public vendor API or vendor operation graph,yes,GENERAL_GRAPH_BACKEND_ABSENT,ALREADY_FOUND
aten_conv3d,aten/src/ATen/native/Convolution.cpp,conv3d,pass,2,0,cudnnConvolution3D_f32_bias,COMPLETE_REWRITE_CANDIDATE,0,0,convolution,cuDNN,ConvolutionFwd/BwdData/BwdFilter,FULL_FIXED_API,whole,"standard, transposed, or dilated convolution maps to cuDNN convolution descriptors",https://docs.nvidia.com/deeplearning/cudnn/latest/operations/operations.html,SINGLE_FIXED_CALL,DIRECT_VENDOR_API,public vendor API or vendor operation graph,yes,SELECTED_WRAPPERS_PRESENT,ALREADY_FOUND
aten_conv3d_columns_cpu,aten/src/ATen/native/ConvolutionMM3d.cpp,compute_columns3d,pass,1,0,,NONE,1,0,patch_extract_scatter,cuDNN,Convolution graph operation,PARTIAL_API,containing_operation,cuDNN implements convolution but does not expose im2col/col2im as its public result,https://docs.nvidia.com/deeplearning/cudnn/latest/operations/operations.html,PARTIAL_STAGES,NO_IMPLEMENTATION,no emitted launch,no,GENERAL_GRAPH_BACKEND_ABSENT,COMPOSITION_REQUIRED_NOT_MATCHER_ONLY
aten_conv_tbc_backward_cpu,aten/src/ATen/native/ConvolutionTBC.cpp,conv_tbc_backward,pass,1,0,cudnnConvolutionTBCBackward_f32_memref,COMPLETE_REWRITE_CANDIDATE,0,0,convolution,cuDNN,ConvolutionFwd/BwdData/BwdFilter,FULL_FIXED_API,whole,"standard, transposed, or dilated convolution maps to cuDNN convolution descriptors",https://docs.nvidia.com/deeplearning/cudnn/latest/operations/operations.html,SINGLE_FIXED_CALL,DIRECT_VENDOR_API,public vendor API or vendor operation graph,yes,SELECTED_WRAPPERS_PRESENT,ALREADY_FOUND
aten_conv_tbc_cpu,aten/src/ATen/native/ConvolutionTBC.cpp,conv_tbc,pass,2,0,cudnnConvolutionTBC_f32_memref,COMPLETE_REWRITE_CANDIDATE,0,0,convolution,cuDNN,ConvolutionFwd/BwdData/BwdFilter,FULL_FIXED_API,whole,"standard, transposed, or dilated convolution maps to cuDNN convolution descriptors",https://docs.nvidia.com/deeplearning/cudnn/latest/operations/operations.html,SINGLE_FIXED_CALL,DIRECT_VENDOR_API,public vendor API or vendor operation graph,yes,SELECTED_WRAPPERS_PRESENT,ALREADY_FOUND
aten_conv_transpose2d,aten/src/ATen/native/NaiveConvolutionTranspose2d.cpp,slow_conv_transpose2d,pass,2,0,cudnnConvolutionTranspose2D_f32_memref,COMPLETE_REWRITE_CANDIDATE,0,0,convolution,cuDNN,ConvolutionFwd/BwdData/BwdFilter,FULL_FIXED_API,whole,"standard, transposed, or dilated convolution maps to cuDNN convolution descriptors",https://docs.nvidia.com/deeplearning/cudnn/latest/operations/operations.html,SINGLE_FIXED_CALL,DIRECT_VENDOR_API,public vendor API or vendor operation graph,yes,SELECTED_WRAPPERS_PRESENT,ALREADY_FOUND
aten_conv_transpose3d_backward_cpu,aten/src/ATen/native/NaiveConvolutionTranspose3d.cpp,slow_conv_transpose3d_backward_out_cpu_template,pass,2,0,cudnnConvolution3D_f32,COMPLETE_REWRITE_CANDIDATE,0,0,convolution,cuDNN,ConvolutionFwd/BwdData/BwdFilter,FULL_FIXED_API,whole,"standard, transposed, or dilated convolution maps to cuDNN convolution descriptors",https://docs.nvidia.com/deeplearning/cudnn/latest/operations/operations.html,SINGLE_FIXED_CALL,DIRECT_VENDOR_API,public vendor API or vendor operation graph,yes,SELECTED_WRAPPERS_PRESENT,ALREADY_FOUND
aten_conv_transpose3d_cpu,aten/src/ATen/native/NaiveConvolutionTranspose3d.cpp,slow_conv_transpose3d_out_cpu_template,pass,1,0,cudnnConvolutionTranspose3D_f32_memref,COMPLETE_REWRITE_CANDIDATE,0,0,convolution,cuDNN,ConvolutionFwd/BwdData/BwdFilter,FULL_FIXED_API,whole,"standard, transposed, or dilated convolution maps to cuDNN convolution descriptors",https://docs.nvidia.com/deeplearning/cudnn/latest/operations/operations.html,SINGLE_FIXED_CALL,DIRECT_VENDOR_API,public vendor API or vendor operation graph,yes,SELECTED_WRAPPERS_PRESENT,ALREADY_FOUND
aten_conv_transpose3d_grad_weight_cpu,aten/src/ATen/native/NaiveConvolutionTranspose3d.cpp,slow_conv_transpose3d_acc_grad_parameters_cpu,pass,1,0,cudnnConvolutionBackwardFilter3D_f32_memref,COMPLETE_REWRITE_CANDIDATE,0,0,convolution,cuDNN,ConvolutionFwd/BwdData/BwdFilter,FULL_FIXED_API,whole,"standard, transposed, or dilated convolution maps to cuDNN convolution descriptors",https://docs.nvidia.com/deeplearning/cudnn/latest/operations/operations.html,SINGLE_FIXED_CALL,DIRECT_VENDOR_API,public vendor API or vendor operation graph,yes,SELECTED_WRAPPERS_PRESENT,ALREADY_FOUND
aten_convert_coo_to_csr_cpu,aten/src/ATen/native/TensorConversions.cpp,convert_indices_from_coo_to_csr_cpu,pass,0,2,cusparseXcoo2csr_i32_memref,COMPLETE_REWRITE_CANDIDATE,0,0,sparse_format,cuSPARSE,cusparseXcoo2csr/csr2coo or conversion APIs,FULL_FIXED_API,whole,cuSPARSE directly exposes standard sparse index/format conversions,https://docs.nvidia.com/cuda/cusparse/,SINGLE_FIXED_CALL,DIRECT_VENDOR_API,public vendor API or vendor operation graph,yes,SELECTED_WRAPPERS_PRESENT,ALREADY_FOUND
aten_convert_csr_to_coo_cpu,aten/src/ATen/native/TensorConversions.cpp,convert_indices_from_csr_to_coo_cpu,pass,0,2,cusparseXcsr2coo_i32_memref,COMPLETE_REWRITE_CANDIDATE,0,0,sparse_format,cuSPARSE,cusparseXcoo2csr/csr2coo or conversion APIs,FULL_FIXED_API,whole,cuSPARSE directly exposes standard sparse index/format conversions,https://docs.nvidia.com/cuda/cusparse/,SINGLE_FIXED_CALL,DIRECT_VENDOR_API,public vendor API or vendor operation graph,yes,SELECTED_WRAPPERS_PRESENT,ALREADY_FOUND
aten_copy_cpu,aten/src/ATen/native/cpu/CopyKernel.cpp,copy_kernel,pass,1,0,cudaCopy1D_f32_tensor,COMPLETE_REWRITE_CANDIDATE,0,0,data_movement,CUDA Runtime,cudaMemcpy*/cudaMemset,FULL_GENERIC_API,whole,contiguous copies are fixed runtime calls; structured concatenation needs multiple copies,https://docs.nvidia.com/cuda/cuda-runtime-api/,MULTI_NODE_LIBRARY_GRAPH,CUDA_RUNTIME_PRIMITIVE,CUDA copy or memset runtime primitive,yes,API_BACKEND_ABSENT,ALREADY_FOUND
aten_copy_tensor_array_cpu,aten/src/ATen/native/TensorShape.cpp,copy_tensor_array_to_out,pass,1,0,cudaCopy2D_f32_tensor,COMPLETE_REWRITE_CANDIDATE,0,0,data_movement,CUDA Runtime,cudaMemcpy*/cudaMemset,FULL_GENERIC_API,whole,contiguous copies are fixed runtime calls; structured concatenation needs multiple copies,https://docs.nvidia.com/cuda/cuda-runtime-api/,MULTI_NODE_LIBRARY_GRAPH,CUDA_RUNTIME_PRIMITIVE,CUDA copy or memset runtime primitive,yes,API_BACKEND_ABSENT,ALREADY_FOUND
aten_copysign,aten/src/ATen/native/cpu/BinaryOpsKernel.cpp,copysign_kernel,pass,1,0,,NONE,1,0,scalar_copysign,,none,NO_DIRECT_LIBRARY_API,none,"copying a sign bit is pointwise arithmetic, not tensor data movement",,NONE,NO_IMPLEMENTATION,no emitted launch,no,NO_TENSOR_LIBRARY_API,NO_LIBRARY_MATCH_EXPECTED
aten_cos,aten/src/ATen/native/cpu/UnaryOpsKernel.cpp,cos_kernel,pass,1,0,cutensorUnary_cos_f32,COMPLETE_REWRITE_CANDIDATE,0,0,pointwise_math,NPP,signal arithmetic/transcendental API,FULL_FIXED_API,whole,NPP provides fixed signal math routines for supported dtypes,https://docs.nvidia.com/cuda/npp/index.html,SINGLE_FIXED_CALL,DIRECT_VENDOR_API,public vendor API or vendor operation graph,yes,API_BACKEND_ABSENT,ALREADY_FOUND
aten_cosh,aten/src/ATen/native/cpu/UnaryOpsKernel.cpp,cosh_kernel,pass,1,0,cutensorUnary_cosh_f32,COMPLETE_REWRITE_CANDIDATE,0,0,pointwise_reduction_formula,cuDNN,pointwise and reduction operation graph,FULL_GENERIC_API,whole,the complete formula can be assembled from documented cuDNN graph nodes,https://docs.nvidia.com/deeplearning/cudnn/latest/operations/operations.html,MULTI_NODE_LIBRARY_GRAPH,DIRECT_VENDOR_API,public vendor API or vendor operation graph,yes,GENERAL_GRAPH_BACKEND_ABSENT,ALREADY_FOUND
aten_count_nonzero_cpu,aten/src/ATen/native/TensorAdvancedIndexing.cpp,count_nonzero_cpu,pass,1,0,cubCountNonzero1D_f32_tensor,COMPLETE_REWRITE_CANDIDATE,0,0,histogram_count,CUB,DeviceHistogram/DeviceReduce,FULL_GENERIC_API,whole,histogram/count operations map to device-wide primitives,https://nvidia.github.io/cccl/cub/api/device.html,SINGLE_CONFIGURED_PRIMITIVE,STANDARD_LIBRARY_ALGORITHM,preimplemented CUB device algorithm,yes,API_BACKEND_ABSENT,ALREADY_FOUND
aten_count_nonzero_impl_cpu,aten/src/ATen/native/TensorAdvancedIndexing.cpp,count_nonzero_impl,pass,2,0,cubSegmentedCountNonzero2D_f32_tensor,COMPLETE_REWRITE_CANDIDATE,0,0,histogram_count,CUB,DeviceHistogram/DeviceReduce,FULL_GENERIC_API,whole,histogram/count operations map to device-wide primitives,https://nvidia.github.io/cccl/cub/api/device.html,SINGLE_CONFIGURED_PRIMITIVE,STANDARD_LIBRARY_ALGORITHM,preimplemented CUB device algorithm,yes,SELECTED_WRAPPERS_PRESENT,ALREADY_FOUND
aten_cpu_blas_gemm_batched_cpu,aten/src/ATen/native/CPUBlas.cpp,gemm_batched_generic,pass,2,0,cublasSgemm_strided_batched_nn_zero,COMPLETE_REWRITE_CANDIDATE,0,0,dense_linear_algebra,cuBLAS,cuBLAS Level-1/2/3 or cuBLASLt Matmul,FULL_FIXED_API,whole,standard vector/matrix product or update,https://docs.nvidia.com/cuda/cublas/,SINGLE_FIXED_CALL,DIRECT_VENDOR_API,public vendor API or vendor operation graph,yes,API_BACKEND_ABSENT,ALREADY_FOUND
aten_cpu_blas_gemm_cpu,aten/src/ATen/native/CPUBlas.cpp,gemm,pass,2,0,cublasSgemm_nn_zero,COMPLETE_REWRITE_CANDIDATE,0,0,dense_linear_algebra,cuBLAS,cuBLAS Level-1/2/3 or cuBLASLt Matmul,FULL_FIXED_API,whole,standard vector/matrix product or update,https://docs.nvidia.com/cuda/cublas/,SINGLE_FIXED_CALL,DIRECT_VENDOR_API,public vendor API or vendor operation graph,yes,API_BACKEND_ABSENT,ALREADY_FOUND
aten_cpu_blas_gemm_strided_batched_cpu,aten/src/ATen/native/CPUBlas.cpp,gemm_batched_with_stride_generic,pass,2,0,cublasSgemm_strided_batched_nn_zero,COMPLETE_REWRITE_CANDIDATE,0,0,dense_linear_algebra,cuBLAS,cuBLAS Level-1/2/3 or cuBLASLt Matmul,FULL_FIXED_API,whole,standard vector/matrix product or update,https://docs.nvidia.com/cuda/cublas/,SINGLE_FIXED_CALL,DIRECT_VENDOR_API,public vendor API or vendor operation graph,yes,API_BACKEND_ABSENT,ALREADY_FOUND
aten_cross,aten/src/ATen/native/Cross.cpp,cross,pass,3,0,cudnnPointwiseGraph_f32,COMPLETE_REWRITE_CANDIDATE,0,0,cross_product,cuDNN,MUL/SUB pointwise operation graph,FULL_GENERIC_API,whole,a 3-vector cross product is six multiplies and three subtracts in one operation graph,https://docs.nvidia.com/deeplearning/cudnn/latest/operations/operations.html,MULTI_NODE_LIBRARY_GRAPH,DIRECT_VENDOR_API,public vendor API or vendor operation graph,yes,GENERAL_GRAPH_BACKEND_ABSENT,ALREADY_FOUND
aten_cross_cpu_backend,aten/src/ATen/native/cpu/CrossKernel.cpp,cross_kernel_impl,pass,3,0,cudnnPointwiseGraph_f32,COMPLETE_REWRITE_CANDIDATE,0,0,cross_product,cuDNN,MUL/SUB pointwise operation graph,FULL_GENERIC_API,whole,a 3-vector cross product is six multiplies and three subtracts in one operation graph,https://docs.nvidia.com/deeplearning/cudnn/latest/operations/operations.html,MULTI_NODE_LIBRARY_GRAPH,DIRECT_VENDOR_API,public vendor API or vendor operation graph,yes,GENERAL_GRAPH_BACKEND_ABSENT,ALREADY_FOUND
aten_ctc_loss_backward_cpu,aten/src/ATen/native/LossCTC.cpp,ctc_loss_backward_cpu_template,pass,2,5,memset_zero_2D_f32,PARTIAL_STAGE_ONLY,1,5,ctc_loss,cuDNN CTC,cudnnCTCLoss_v8,PARTIAL_API,fused_loss_and_gradient_only,"cuDNN computes costs and gradients, but the extracted forward exposes its alpha DP table and the backward consumes that table plus grad_loss",https://docs.nvidia.com/deeplearning/cudnn/backend/latest/api/cudnn-adv-library.html,PARTIAL_STAGES,CUDA_RUNTIME_PRIMITIVE,CUDA copy or memset runtime primitive,yes,API_BACKEND_ABSENT,PARTIAL_MATCH_ONLY_RESIDUAL_IR_REMAINS
aten_ctc_loss_cpu,aten/src/ATen/native/LossCTC.cpp,ctc_loss_cpu_template,pass,3,4,"cudnnPointwiseGraph_f32,cutensorUnary_exp_f32",PARTIAL_STAGE_ONLY,1,4,ctc_loss,cuDNN CTC,cudnnCTCLoss_v8,PARTIAL_API,fused_loss_and_gradient_only,"cuDNN computes costs and gradients, but the extracted forward exposes its alpha DP table and the backward consumes that table plus grad_loss",https://docs.nvidia.com/deeplearning/cudnn/backend/latest/api/cudnn-adv-library.html,PARTIAL_STAGES,DIRECT_VENDOR_API,public vendor API or vendor operation graph,yes,API_BACKEND_ABSENT,PARTIAL_MATCH_ONLY_RESIDUAL_IR_REMAINS
aten_cummax_cummin_cpu,aten/src/ATen/native/ReduceOps.cpp,cummax_cummin_helper,pass,3,0,cudaCopy1D_f32_tensor,PARTIAL_STAGE_ONLY,2,0,indexed_extrema_scan,CUB,DeviceSegmentedScan with custom value/index/NaN state,FULL_GENERIC_API,whole,an associative enriched state can preserve latest-index ties and distinguish a NaN in the first row element from later ignored NaNs,https://nvidia.github.io/cccl/cub/api/device.html,SINGLE_CONFIGURED_PRIMITIVE,CUDA_RUNTIME_PRIMITIVE,CUDA copy or memset runtime primitive,yes,API_BACKEND_ABSENT,PARTIAL_MATCH_ONLY_RESIDUAL_IR_REMAINS
aten_cumprod_backward_cpu,aten/src/ATen/native/ReduceOps.cpp,cumprod_backward,pass,2,2,memset_zero_1D_f32,PARTIAL_STAGE_ONLY,1,2,cumprod_backward,CUB,prefix/suffix DeviceScan composition plus elementwise combine,PARTIAL_API,multi_stage,the derivative is a suffix sum of products with one input omitted; correct handling of zero inputs requires multiple scans and case analysis,https://nvidia.github.io/cccl/cub/api/device.html,PARTIAL_STAGES,CUDA_RUNTIME_PRIMITIVE,CUDA copy or memset runtime primitive,yes,API_BACKEND_ABSENT,PARTIAL_MATCH_ONLY_RESIDUAL_IR_REMAINS
aten_cumprod_cpu,aten/src/ATen/native/cpu/ReduceOpsKernel.cpp,cumprod_cpu_kernel,pass,2,0,cubSegmentedInclusiveProduct2D_f32_tensor,COMPLETE_REWRITE_CANDIDATE,0,0,scan,CUB,DeviceScan or DeviceSegmentedScan,FULL_GENERIC_API,whole,device-wide inclusive/exclusive and segmented scans are implemented,https://nvidia.github.io/cccl/cub/api/device.html,SINGLE_CONFIGURED_PRIMITIVE,STANDARD_LIBRARY_ALGORITHM,preimplemented CUB device algorithm,yes,SELECTED_WRAPPERS_PRESENT,ALREADY_FOUND
aten_cumsum,aten/src/ATen/native/cpu/ReduceOpsKernel.cpp,cumsum_cpu_kernel,pass,1,0,cubInclusiveSum1D_f32_tensor,COMPLETE_REWRITE_CANDIDATE,0,0,scan,CUB,DeviceScan or DeviceSegmentedScan,FULL_GENERIC_API,whole,device-wide inclusive/exclusive and segmented scans are implemented,https://nvidia.github.io/cccl/cub/api/device.html,SINGLE_CONFIGURED_PRIMITIVE,STANDARD_LIBRARY_ALGORITHM,preimplemented CUB device algorithm,yes,SELECTED_WRAPPERS_PRESENT,ALREADY_FOUND
aten_dense_sparse_add_cpu,aten/src/ATen/native/sparse/SparseTensorMath.cpp,add_out_dense_sparse_cpu,pass,1,1,cudaCopy2D_f32_tensor,PARTIAL_STAGE_ONLY,0,1,sparse_indexed_elementwise,cuSPARSE,SpVec/SpMat plus generic operation,PARTIAL_API,stage,"descriptor/storage handling exists, but arbitrary indexed elementwise semantics need composition",https://docs.nvidia.com/cuda/cusparse/,PARTIAL_STAGES,CUDA_RUNTIME_PRIMITIVE,CUDA copy or memset runtime primitive,yes,API_BACKEND_ABSENT,PARTIAL_MATCH_ONLY_RESIDUAL_IR_REMAINS
aten_depthwise_conv3x3_cpu,aten/src/ATen/native/cpu/DepthwiseConvKernel.cpp,_convolution_depthwise3x3_winograd,pass,2,0,cudnnDepthwiseConvolution2D_f32_memref,COMPLETE_REWRITE_CANDIDATE,0,0,convolution,cuDNN,ConvolutionFwd/BwdData/BwdFilter,FULL_FIXED_API,whole,"standard, transposed, or dilated convolution maps to cuDNN convolution descriptors",https://docs.nvidia.com/deeplearning/cudnn/latest/operations/operations.html,SINGLE_FIXED_CALL,DIRECT_VENDOR_API,public vendor API or vendor operation graph,yes,SELECTED_WRAPPERS_PRESENT,ALREADY_FOUND
aten_diff_cpu,aten/src/ATen/native/ReduceOps.cpp,diff_helper,pass,1,0,cubAdjacentDifference_f32_memref,COMPLETE_REWRITE_CANDIDATE,0,0,adjacent_difference,CUB,DeviceAdjacentDifference,FULL_GENERIC_API,whole,CUB directly implements adjacent differences,https://nvidia.github.io/cccl/cub/api/device.html,SINGLE_CONFIGURED_PRIMITIVE,STANDARD_LIBRARY_ALGORITHM,preimplemented CUB device algorithm,yes,SELECTED_WRAPPERS_PRESENT,ALREADY_FOUND
aten_digamma,aten/src/ATen/native/cpu/UnaryOpsKernel.cpp,digamma_kernel,pass,1,0,,NONE,1,0,random_distribution,cuRAND,base RNG plus distribution transform,PARTIAL_API,random_draw_stage,cuRAND supplies random bits/uniform/normal draws but not this complete transform in its host API,https://docs.nvidia.com/cuda/curand/index.html,PARTIAL_STAGES,NO_IMPLEMENTATION,no emitted launch,no,API_BACKEND_ABSENT,COMPOSITION_REQUIRED_NOT_MATCHER_ONLY
aten_dilated_convolution_cpu,aten/src/ATen/native/NaiveDilatedConvolution.cpp,slow_conv_dilated_all_cpu_template,pass,2,0,cudnnConvolution2D_f32_dilated,COMPLETE_REWRITE_CANDIDATE,0,0,convolution,cuDNN,ConvolutionFwd/BwdData/BwdFilter,FULL_FIXED_API,whole,"standard, transposed, or dilated convolution maps to cuDNN convolution descriptors",https://docs.nvidia.com/deeplearning/cudnn/latest/operations/operations.html,SINGLE_FIXED_CALL,DIRECT_VENDOR_API,public vendor API or vendor operation graph,yes,SELECTED_WRAPPERS_PRESENT,ALREADY_FOUND
aten_dirichlet_grad_cpu,aten/src/ATen/native/Distributions.cpp,_dirichlet_grad_cpu,pass,1,0,cudnnPointwiseGraph_f32,COMPLETE_REWRITE_CANDIDATE,0,0,random_distribution,cuRAND,base RNG plus distribution transform,PARTIAL_API,random_draw_stage,cuRAND supplies random bits/uniform/normal draws but not this complete transform in its host API,https://docs.nvidia.com/cuda/curand/index.html,PARTIAL_STAGES,DIRECT_VENDOR_API,public vendor API or vendor operation graph,yes,API_BACKEND_ABSENT,ALREADY_FOUND
aten_dirichlet_transform_cpu,aten/src/ATen/native/Distributions.cpp,_s_dirichlet_cpu,pass,2,1,"cudnnPointwiseGraph_f32,cudnnReduceSum_f32",PARTIAL_STAGE_ONLY,0,1,random_distribution,cuRAND,base RNG plus distribution transform,PARTIAL_API,random_draw_stage,cuRAND supplies random bits/uniform/normal draws but not this complete transform in its host API,https://docs.nvidia.com/cuda/curand/index.html,PARTIAL_STAGES,DIRECT_VENDOR_API,public vendor API or vendor operation graph,yes,API_BACKEND_ABSENT,PARTIAL_MATCH_ONLY_RESIDUAL_IR_REMAINS
aten_div,aten/src/ATen/native/cpu/BinaryOpsKernel.cpp,div_true_kernel,pass,1,0,cudnnPointwiseGraph_f32,COMPLETE_REWRITE_CANDIDATE,0,0,pointwise,cuDNN,Pointwise graph operation,FULL_GENERIC_API,whole,cuDNN exposes a broad fixed set of unary/binary/ternary pointwise modes,https://docs.nvidia.com/deeplearning/cudnn/latest/operations/operations.html,MULTI_NODE_LIBRARY_GRAPH,DIRECT_VENDOR_API,public vendor API or vendor operation graph,yes,GENERAL_GRAPH_BACKEND_ABSENT,ALREADY_FOUND
aten_div_floor,aten/src/ATen/native/cpu/BinaryOpsKernel.cpp,div_floor_kernel,pass,1,0,cudnnPointwiseGraph_f32,COMPLETE_REWRITE_CANDIDATE,0,0,pointwise,cuDNN,Pointwise graph operation,FULL_GENERIC_API,whole,cuDNN exposes a broad fixed set of unary/binary/ternary pointwise modes,https://docs.nvidia.com/deeplearning/cudnn/latest/operations/operations.html,MULTI_NODE_LIBRARY_GRAPH,DIRECT_VENDOR_API,public vendor API or vendor operation graph,yes,GENERAL_GRAPH_BACKEND_ABSENT,ALREADY_FOUND
aten_div_trunc,aten/src/ATen/native/cpu/BinaryOpsKernel.cpp,div_trunc_kernel,pass,1,0,cudnnPointwiseGraph_f32,COMPLETE_REWRITE_CANDIDATE,0,0,pointwise,cuDNN,Pointwise graph operation,FULL_GENERIC_API,whole,cuDNN exposes a broad fixed set of unary/binary/ternary pointwise modes,https://docs.nvidia.com/deeplearning/cudnn/latest/operations/operations.html,MULTI_NODE_LIBRARY_GRAPH,DIRECT_VENDOR_API,public vendor API or vendor operation graph,yes,GENERAL_GRAPH_BACKEND_ABSENT,ALREADY_FOUND
aten_dot,aten/src/ATen/native/Blas.cpp,Tensor dot,pass,1,0,cublasDdot,COMPLETE_REWRITE_CANDIDATE,0,0,dense_linear_algebra,cuBLAS,cuBLAS Level-1/2/3 or cuBLASLt Matmul,FULL_FIXED_API,whole,standard vector/matrix product or update,https://docs.nvidia.com/cuda/cublas/,SINGLE_FIXED_CALL,DIRECT_VENDOR_API,public vendor API or vendor operation graph,yes,SELECTED_WRAPPERS_PRESENT,ALREADY_FOUND
aten_dropout_feature_noise_cpu,aten/src/ATen/native/Dropout.cpp,make_feature_noise,pass,1,0,cudnnFeatureMaskScale_f32_tensor,COMPLETE_REWRITE_CANDIDATE,0,0,dropout,cuDNN,Bernoulli RNG plus MUL pointwise graph,FULL_GENERIC_API,whole,cuDNN graph RNG and pointwise nodes express feature dropout,https://docs.nvidia.com/deeplearning/cudnn/latest/operations/operations.html,MULTI_NODE_LIBRARY_GRAPH,DIRECT_VENDOR_API,public vendor API or vendor operation graph,yes,GENERAL_GRAPH_BACKEND_ABSENT,ALREADY_FOUND
aten_dyn_quant_matmul_4bit_cpu,aten/src/ATen/native/cpu/int4mm_kernel.cpp,dyn_quant_matmul_4bit_kernel,pass,2,1,memset_zero_1D_f32,PARTIAL_STAGE_ONLY,1,1,quantized_matrix_multiply,cuBLAS,cuBLASLt low-bit matmul plus scale/zero-point handling,PARTIAL_API,matmul_stage,"low-bit matmul exists, but this packed layout and per-column affine dequantization need validation/composition",https://docs.nvidia.com/cuda/cublas/,PARTIAL_STAGES,CUDA_RUNTIME_PRIMITIVE,CUDA copy or memset runtime primitive,yes,API_BACKEND_ABSENT,PARTIAL_MATCH_ONLY_RESIDUAL_IR_REMAINS
aten_dyn_quant_pack_4bit_weight_cpu,aten/src/ATen/native/cpu/int4mm_kernel.cpp,dyn_quant_pack_4bit_weight_kernel,pass,1,2,cudnnReduceMinMax_f32,PARTIAL_STAGE_ONLY,0,2,compound_or_specialized,,none identified,NO_DIRECT_LIBRARY_API,none,no semantically equivalent public NVIDIA tensor-library operation identified,,NONE,DIRECT_VENDOR_API,public vendor API or vendor operation graph,yes,NO_TENSOR_LIBRARY_API,PARTIAL_MATCH_ONLY_RESIDUAL_IR_REMAINS
aten_eig_complex_vectors_cpu,aten/src/ATen/native/BatchLinearAlgebraKernel.cpp,linalg_eig_make_complex_eigenvectors_cpu_impl,pass,0,2,,NONE,0,2,matrix_factorization,cuSOLVER,cuSolverDN dense LAPACK APIs,PARTIAL_API,stage,cuSOLVER covers the factorization/solve; helper-only fixtures need composition,https://docs.nvidia.com/cuda/cusolver/contents.html,PARTIAL_STAGES,NO_IMPLEMENTATION,no emitted launch,no,API_BACKEND_ABSENT,RAISING_BLOCKS_WHOLE_OP_RECOGNITION
aten_elu,aten/src/ATen/native/cpu/Activation.cpp,elu_kernel,pass,1,0,cudnnPointwiseGraph_f32,COMPLETE_REWRITE_CANDIDATE,0,0,pointwise,cuDNN,Pointwise graph operation,FULL_GENERIC_API,whole,cuDNN exposes a broad fixed set of unary/binary/ternary pointwise modes,https://docs.nvidia.com/deeplearning/cudnn/latest/operations/operations.html,MULTI_NODE_LIBRARY_GRAPH,DIRECT_VENDOR_API,public vendor API or vendor operation graph,yes,GENERAL_GRAPH_BACKEND_ABSENT,ALREADY_FOUND
aten_elu_backward,aten/src/ATen/native/cpu/Activation.cpp,elu_backward_kernel,pass,1,0,cudnnPointwiseGraph_f32,COMPLETE_REWRITE_CANDIDATE,0,0,pointwise,cuDNN,Pointwise graph operation,FULL_GENERIC_API,whole,cuDNN exposes a broad fixed set of unary/binary/ternary pointwise modes,https://docs.nvidia.com/deeplearning/cudnn/latest/operations/operations.html,MULTI_NODE_LIBRARY_GRAPH,DIRECT_VENDOR_API,public vendor API or vendor operation graph,yes,GENERAL_GRAPH_BACKEND_ABSENT,ALREADY_FOUND
aten_embedding,aten/src/ATen/native/Embedding.cpp,embedding,pass,1,0,,NONE,1,0,indexed_data_movement,CUB,DeviceSelect/sort primitives,PARTIAL_API,stages,CUB provides building blocks but no general gather/scatter tensor call,https://nvidia.github.io/cccl/cub/api/device.html,PARTIAL_STAGES,NO_IMPLEMENTATION,no emitted launch,no,API_BACKEND_ABSENT,COMPOSITION_REQUIRED_NOT_MATCHER_ONLY
aten_embedding_bag_backward_max_cpu,aten/src/ATen/native/EmbeddingBag.cpp,_embedding_bag_dense_backward_cpu_max,pass,1,2,memset_zero_1D_f32,PARTIAL_STAGE_ONLY,0,2,indexed_scatter_reduce,CUB,DeviceRadixSort plus DeviceReduceByKey plus scatter,PARTIAL_API,multi_stage,embedding IDs select destination rows and duplicate IDs require a collision-aware scatter-add; bag boundaries do not define the reduction groups,https://nvidia.github.io/cccl/cub/api/device.html,PARTIAL_STAGES,CUDA_RUNTIME_PRIMITIVE,CUDA copy or memset runtime primitive,yes,API_BACKEND_ABSENT,PARTIAL_MATCH_ONLY_RESIDUAL_IR_REMAINS
aten_embedding_bag_backward_sum_cpu,aten/src/ATen/native/EmbeddingBag.cpp,_embedding_bag_dense_backward_cpu_sum_mean,pass,1,3,memset_zero_1D_f32,PARTIAL_STAGE_ONLY,0,3,indexed_scatter_reduce,CUB,DeviceRadixSort plus DeviceReduceByKey plus scatter,PARTIAL_API,multi_stage,embedding IDs select destination rows and duplicate IDs require a collision-aware scatter-add; bag boundaries do not define the reduction groups,https://nvidia.github.io/cccl/cub/api/device.html,PARTIAL_STAGES,CUDA_RUNTIME_PRIMITIVE,CUDA copy or memset runtime primitive,yes,API_BACKEND_ABSENT,PARTIAL_MATCH_ONLY_RESIDUAL_IR_REMAINS
aten_embedding_bag_counts_cpu,aten/src/ATen/native/EmbeddingBag.cpp,compute_counts,pass,1,1,cubHistogramEvenI32ShiftZero_memref,COMPLETE_REWRITE_CANDIDATE,0,0,histogram_count,CUB,DeviceHistogram,FULL_GENERIC_API,whole,bounded embedding IDs form a dense integer histogram,https://nvidia.github.io/cccl/cub/api/device.html,SINGLE_CONFIGURED_PRIMITIVE,STANDARD_LIBRARY_ALGORITHM,preimplemented CUB device algorithm,yes,SELECTED_WRAPPERS_PRESENT,ALREADY_FOUND
aten_embedding_bag_counts_uniq_cpu,aten/src/ATen/native/EmbeddingBag.cpp,compute_counts_uniq,pass,2,0,,NONE,2,0,frequency_by_key,CUB,DeviceRadixSort plus DeviceRunLengthEncode plus key lookup,PARTIAL_API,multi_stage,global frequency-by-key requires sorting/counting unique runs and mapping counts back to the original order; it is not a segmented reduction,https://nvidia.github.io/cccl/cub/api/device.html,PARTIAL_STAGES,NO_IMPLEMENTATION,no emitted launch,no,API_BACKEND_ABSENT,COMPOSITION_REQUIRED_NOT_MATCHER_ONLY
aten_embedding_bag_max_cpu,aten/src/ATen/native/EmbeddingBag.cpp,embedding_bag_cpu_max_out,pass,0,5,,NONE,0,5,indexed_segmented_max,CUB,DeviceSegmentedReduce with gather transform iterator and custom max state,FULL_GENERIC_API,whole,logical bag/feature segments gather embedding rows through runtime IDs; a configured iterator and state can preserve ordered comparison semantics,https://nvidia.github.io/cccl/cub/api/device.html,SINGLE_CONFIGURED_PRIMITIVE,NO_IMPLEMENTATION,no emitted launch,no,API_BACKEND_ABSENT,RAISING_BLOCKS_WHOLE_OP_RECOGNITION
aten_embedding_bag_per_sample_backward_cpu,aten/src/ATen/native/EmbeddingBag.cpp,_embedding_bag_per_sample_weights_backward_cpu_template,pass,2,1,memset_zero_1D_f32,PARTIAL_STAGE_ONLY,1,1,indexed_gather_dot,CUB,DeviceSegmentedReduce with transform input iterator,PARTIAL_API,composed_whole,each output is a dot product between one bag-gradient row and an embedding row selected by a runtime index,https://nvidia.github.io/cccl/cub/api/device.html,PARTIAL_STAGES,CUDA_RUNTIME_PRIMITIVE,CUDA copy or memset runtime primitive,yes,API_BACKEND_ABSENT,PARTIAL_MATCH_ONLY_RESIDUAL_IR_REMAINS
aten_entr,aten/src/ATen/native/cpu/UnaryOpsKernel.cpp,entr_kernel,pass,1,0,,NONE,1,0,pointwise_reduction_formula,cuDNN,pointwise and reduction operation graph,FULL_GENERIC_API,whole,the complete formula can be assembled from documented cuDNN graph nodes,https://docs.nvidia.com/deeplearning/cudnn/latest/operations/operations.html,MULTI_NODE_LIBRARY_GRAPH,NO_IMPLEMENTATION,no emitted launch,no,GENERAL_GRAPH_BACKEND_ABSENT,BACKEND_AND_MATCHER_GAP
aten_eq,aten/src/ATen/native/cpu/BinaryOpsKernel.cpp,eq_kernel,pass,1,0,,NONE,1,0,pointwise,cuDNN,relational or MIN/MAX pointwise graph operation,FULL_GENERIC_API,whole,cuDNN has fixed relational and elementwise min/max pointwise modes,https://docs.nvidia.com/deeplearning/cudnn/latest/operations/operations.html,MULTI_NODE_LIBRARY_GRAPH,NO_IMPLEMENTATION,no emitted launch,no,GENERAL_GRAPH_BACKEND_ABSENT,BACKEND_AND_MATCHER_GAP
aten_equal_cpu,aten/src/ATen/native/ReduceOps.cpp,cpu_equal,pass,1,0,cubEqualAll1D_f32_tensor,COMPLETE_REWRITE_CANDIDATE,0,0,compare_and_reduce,cuDNN,EQ pointwise plus MIN reduction graph,FULL_GENERIC_API,whole,tensor equality is elementwise comparison followed by an all reduction,https://docs.nvidia.com/deeplearning/cudnn/latest/operations/operations.html,MULTI_NODE_LIBRARY_GRAPH,STANDARD_LIBRARY_ALGORITHM,preimplemented CUB device algorithm,yes,GENERAL_GRAPH_BACKEND_ABSENT,ALREADY_FOUND
aten_erf,aten/src/ATen/native/cpu/UnaryOpsKernel.cpp,erf_kernel,pass,1,0,cudnnPointwiseGraph_f32,COMPLETE_REWRITE_CANDIDATE,0,0,pointwise,cuDNN,ERF pointwise graph operation,FULL_GENERIC_API,whole,cuDNN exposes an ERF pointwise mode,https://docs.nvidia.com/deeplearning/cudnn/latest/operations/operations.html,MULTI_NODE_LIBRARY_GRAPH,DIRECT_VENDOR_API,public vendor API or vendor operation graph,yes,GENERAL_GRAPH_BACKEND_ABSENT,ALREADY_FOUND
aten_erfc,aten/src/ATen/native/cpu/UnaryOpsKernel.cpp,erfc_kernel,pass,1,0,cudnnPointwiseGraph_f32,COMPLETE_REWRITE_CANDIDATE,0,0,pointwise_reduction_formula,cuDNN,pointwise and reduction operation graph,FULL_GENERIC_API,whole,the complete formula can be assembled from documented cuDNN graph nodes,https://docs.nvidia.com/deeplearning/cudnn/latest/operations/operations.html,MULTI_NODE_LIBRARY_GRAPH,DIRECT_VENDOR_API,public vendor API or vendor operation graph,yes,GENERAL_GRAPH_BACKEND_ABSENT,ALREADY_FOUND
aten_erfcx,aten/src/ATen/native/cpu/UnaryOpsKernel.cpp,erfcx_kernel,pass,1,0,,NONE,1,0,opaque_special_function,,none,NO_DIRECT_LIBRARY_API,none,the extraction calls an ATen scalar helper with no equivalent public NVIDIA tensor-library operation,,NONE,NO_IMPLEMENTATION,no emitted launch,no,NO_TENSOR_LIBRARY_API,NO_LIBRARY_MATCH_EXPECTED
aten_erfinv,aten/src/ATen/native/cpu/UnaryOpsKernel.cpp,erfinv_kernel,pass,1,0,,NONE,1,0,compound_or_specialized,,none identified,NO_DIRECT_LIBRARY_API,none,no semantically equivalent public NVIDIA tensor-library operation identified,,NONE,NO_IMPLEMENTATION,no emitted launch,no,NO_TENSOR_LIBRARY_API,NO_LIBRARY_MATCH_EXPECTED
aten_exp,aten/src/ATen/native/cpu/UnaryOpsKernel.cpp,exp_kernel,pass,1,0,cutensorUnary_exp_f32,COMPLETE_REWRITE_CANDIDATE,0,0,pointwise,cuDNN,Pointwise graph operation,FULL_GENERIC_API,whole,cuDNN exposes a broad fixed set of unary/binary/ternary pointwise modes,https://docs.nvidia.com/deeplearning/cudnn/latest/operations/operations.html,MULTI_NODE_LIBRARY_GRAPH,DIRECT_VENDOR_API,public vendor API or vendor operation graph,yes,GENERAL_GRAPH_BACKEND_ABSENT,ALREADY_FOUND
aten_exp2,aten/src/ATen/native/cpu/UnaryOpsKernel.cpp,exp2_kernel,pass,1,0,cudnnPointwiseGraph_f32,COMPLETE_REWRITE_CANDIDATE,0,0,pointwise,cuDNN,Pointwise graph operation,FULL_GENERIC_API,whole,cuDNN exposes a broad fixed set of unary/binary/ternary pointwise modes,https://docs.nvidia.com/deeplearning/cudnn/latest/operations/operations.html,MULTI_NODE_LIBRARY_GRAPH,DIRECT_VENDOR_API,public vendor API or vendor operation graph,yes,GENERAL_GRAPH_BACKEND_ABSENT,ALREADY_FOUND
aten_expm1,aten/src/ATen/native/cpu/UnaryOpsKernel.cpp,expm1_kernel,pass,1,0,cudnnPointwiseGraph_f32,COMPLETE_REWRITE_CANDIDATE,0,0,pointwise,cuDNN,Pointwise graph operation,FULL_GENERIC_API,whole,cuDNN exposes a broad fixed set of unary/binary/ternary pointwise modes,https://docs.nvidia.com/deeplearning/cudnn/latest/operations/operations.html,MULTI_NODE_LIBRARY_GRAPH,DIRECT_VENDOR_API,public vendor API or vendor operation graph,yes,GENERAL_GRAPH_BACKEND_ABSENT,ALREADY_FOUND
aten_exponential_cpu,aten/src/ATen/native/cpu/DistributionKernels.cpp,exponential_kernel,pass,1,0,cudnnPointwiseGraph_f32,COMPLETE_REWRITE_CANDIDATE,0,0,random_distribution,cuRAND,base RNG plus distribution transform,PARTIAL_API,random_draw_stage,cuRAND supplies random bits/uniform/normal draws but not this complete transform in its host API,https://docs.nvidia.com/cuda/curand/index.html,PARTIAL_STAGES,DIRECT_VENDOR_API,public vendor API or vendor operation graph,yes,API_BACKEND_ABSENT,ALREADY_FOUND
aten_eye_cpu,aten/src/ATen/native/TensorFactories.cpp,eye_out_cpu,pass,1,0,,NONE,1,0,tensor_initialization,CUDA Runtime,cudaMemset for zero only,PARTIAL_API,zero_fill_stage,general fill and sequence generation have no link-only runtime call,https://docs.nvidia.com/cuda/cuda-runtime-api/,PARTIAL_STAGES,NO_IMPLEMENTATION,no emitted launch,no,API_BACKEND_ABSENT,COMPOSITION_REQUIRED_NOT_MATCHER_ONLY
aten_fast_cat_dim0_cpu,aten/src/ATen/native/TensorShape.cpp,fastCatOutDim0,pass,1,0,cutensorPermute_f32_r2_tensor,COMPLETE_REWRITE_CANDIDATE,0,0,data_movement,CUDA Runtime,cudaMemcpy*/cudaMemset,FULL_GENERIC_API,whole,contiguous copies are fixed runtime calls; structured concatenation needs multiple copies,https://docs.nvidia.com/cuda/cuda-runtime-api/,MULTI_NODE_LIBRARY_GRAPH,DIRECT_VENDOR_API,public vendor API or vendor operation graph,yes,API_BACKEND_ABSENT,ALREADY_FOUND
aten_fft_conjugate_symmetry_cpu,aten/src/ATen/native/SpectralOps.cpp,_fft_fill_with_conjugate_symmetry_,pass,2,0,,NONE,2,0,complex_layout,,,NO_DIRECT_LIBRARY_API,none,this symmetry-fill helper has no link-only NVIDIA tensor-library call,,NONE,NO_IMPLEMENTATION,no emitted launch,no,NO_TENSOR_LIBRARY_API,NO_LIBRARY_MATCH_EXPECTED
aten_fftshift_cpu,aten/src/ATen/native/SpectralOps.cpp,fft_fftshift,pass,1,0,,NONE,1,0,cyclic_shift,,none,NO_DIRECT_LIBRARY_API,none,a wraparound cyclic shift is not a cuTENSOR mode permutation,,NONE,NO_IMPLEMENTATION,no emitted launch,no,NO_TENSOR_LIBRARY_API,NO_LIBRARY_MATCH_EXPECTED
aten_fill,aten/src/ATen/native/cpu/FillKernel.cpp,fill_kernel,pass,1,0,,NONE,1,0,tensor_initialization,CUDA Runtime,cudaMemset for zero only,PARTIAL_API,zero_fill_stage,general fill and sequence generation have no link-only runtime call,https://docs.nvidia.com/cuda/cuda-runtime-api/,PARTIAL_STAGES,NO_IMPLEMENTATION,no emitted launch,no,API_BACKEND_ABSENT,COMPOSITION_REQUIRED_NOT_MATCHER_ONLY
aten_fill_diagonal_cpu,aten/src/ATen/native/Fill.cpp,fill_diagonal_,pass,1,0,,NONE,1,0,tensor_initialization,CUDA Runtime,cudaMemset for zero only,PARTIAL_API,zero_fill_stage,general fill and sequence generation have no link-only runtime call,https://docs.nvidia.com/cuda/cuda-runtime-api/,PARTIAL_STAGES,NO_IMPLEMENTATION,no emitted launch,no,API_BACKEND_ABSENT,COMPOSITION_REQUIRED_NOT_MATCHER_ONLY
aten_flash_attention_backward_cpu,aten/src/ATen/native/cpu/FlashAttentionKernel.cpp,flash_attention_backward_kernel_impl,pass,5,7,,NONE,5,7,attention,cuDNN,Fused Flash Attention graph,FULL_FIXED_API,whole,cuDNN frontend exposes attention forward/backward graphs,https://docs.nvidia.com/deeplearning/cudnn/latest/operations/operations.html,SINGLE_FIXED_CALL,NO_IMPLEMENTATION,no emitted launch,no,GENERAL_GRAPH_BACKEND_ABSENT,RAISING_BLOCKS_WHOLE_OP_RECOGNITION
aten_flash_attention_cpu,aten/src/ATen/native/cpu/FlashAttentionKernel.cpp,flash_attention_kernel_impl,pass,4,3,"cublasSdot,memset_zero_1D_f32",PARTIAL_STAGE_ONLY,2,3,attention,cuDNN,Fused Flash Attention graph,FULL_FIXED_API,whole,cuDNN frontend exposes attention forward/backward graphs,https://docs.nvidia.com/deeplearning/cudnn/latest/operations/operations.html,SINGLE_FIXED_CALL,LIBRARY_API_COMPOSITION,public vendor API or vendor operation graph; CUDA copy or memset runtime primitive,yes,GENERAL_GRAPH_BACKEND_ABSENT,PARTIAL_MATCH_ONLY_RESIDUAL_IR_REMAINS
aten_flatten_indices_launch_cpu,aten/src/ATen/native/sparse/FlattenIndicesKernel.cpp,launch,pass,2,0,,NONE,2,0,index_generation,cuDNN,GEN_INDEX plus arithmetic/comparison graph,FULL_GENERIC_API,whole,cuDNN can generate coordinates and form masks or flattened indices in an operation graph,https://docs.nvidia.com/deeplearning/cudnn/latest/operations/operations.html,MULTI_NODE_LIBRARY_GRAPH,NO_IMPLEMENTATION,no emitted launch,no,GENERAL_GRAPH_BACKEND_ABSENT,BACKEND_AND_MATCHER_GAP
aten_flatten_nd_linear_cpu,aten/src/ATen/native/Linear.cpp,_flatten_nd_linear,pass,2,0,cublasSgemm_strided_batched_broadcast_rhs,COMPLETE_REWRITE_CANDIDATE,0,0,dense_vector_update,cuBLAS,cublasAxpy/cublasScal/cublasGemv,FULL_FIXED_API,whole,the extracted loop is a standard BLAS vector update,https://docs.nvidia.com/cuda/cublas/,SINGLE_FIXED_CALL,DIRECT_VENDOR_API,public vendor API or vendor operation graph,yes,API_BACKEND_ABSENT,ALREADY_FOUND
aten_flip_cpu,aten/src/ATen/native/cpu/IndexKernel.cpp,flip_kernel,pass,1,0,,NONE,1,0,reverse,,,NO_DIRECT_LIBRARY_API,none,no link-only NVIDIA tensor-library reverse call exists,,NONE,NO_IMPLEMENTATION,no emitted launch,no,NO_TENSOR_LIBRARY_API,NO_LIBRARY_MATCH_EXPECTED
aten_flip_tensor_transform_cpu,aten/src/ATen/native/TensorTransformations.cpp,flip,pass,1,0,cutensorPermute_f32_r2_tensor,COMPLETE_REWRITE_CANDIDATE,0,0,reverse,,,NO_DIRECT_LIBRARY_API,none,no link-only NVIDIA tensor-library reverse call exists,,NONE,DIRECT_VENDOR_API,public vendor API or vendor operation graph,yes,NO_TENSOR_LIBRARY_API,ALREADY_FOUND
aten_floor,aten/src/ATen/native/cpu/UnaryOpsKernel.cpp,floor_kernel,pass,1,0,cutensorUnary_floor_f32,COMPLETE_REWRITE_CANDIDATE,0,0,pointwise,cuDNN,Pointwise graph operation,FULL_GENERIC_API,whole,cuDNN exposes a broad fixed set of unary/binary/ternary pointwise modes,https://docs.nvidia.com/deeplearning/cudnn/latest/operations/operations.html,MULTI_NODE_LIBRARY_GRAPH,DIRECT_VENDOR_API,public vendor API or vendor operation graph,yes,GENERAL_GRAPH_BACKEND_ABSENT,ALREADY_FOUND
aten_fmax,aten/src/ATen/native/cpu/BinaryOpsKernel.cpp,fmax_kernel,pass,1,0,cudnnPointwiseGraph_f32,COMPLETE_REWRITE_CANDIDATE,0,0,pointwise,cuDNN,relational or MIN/MAX pointwise graph operation,FULL_GENERIC_API,whole,cuDNN has fixed relational and elementwise min/max pointwise modes,https://docs.nvidia.com/deeplearning/cudnn/latest/operations/operations.html,MULTI_NODE_LIBRARY_GRAPH,DIRECT_VENDOR_API,public vendor API or vendor operation graph,yes,GENERAL_GRAPH_BACKEND_ABSENT,ALREADY_FOUND
aten_fmin,aten/src/ATen/native/cpu/BinaryOpsKernel.cpp,fmin_kernel,pass,1,0,cudnnPointwiseGraph_f32,COMPLETE_REWRITE_CANDIDATE,0,0,pointwise,cuDNN,relational or MIN/MAX pointwise graph operation,FULL_GENERIC_API,whole,cuDNN has fixed relational and elementwise min/max pointwise modes,https://docs.nvidia.com/deeplearning/cudnn/latest/operations/operations.html,MULTI_NODE_LIBRARY_GRAPH,DIRECT_VENDOR_API,public vendor API or vendor operation graph,yes,GENERAL_GRAPH_BACKEND_ABSENT,ALREADY_FOUND
aten_fmod,aten/src/ATen/native/cpu/BinaryOpsKernel.cpp,fmod_kernel,pass,1,0,cudnnPointwiseGraph_f32,COMPLETE_REWRITE_CANDIDATE,0,0,pointwise,cuDNN,Pointwise graph operation,FULL_GENERIC_API,whole,cuDNN exposes a broad fixed set of unary/binary/ternary pointwise modes,https://docs.nvidia.com/deeplearning/cudnn/latest/operations/operations.html,MULTI_NODE_LIBRARY_GRAPH,DIRECT_VENDOR_API,public vendor API or vendor operation graph,yes,GENERAL_GRAPH_BACKEND_ABSENT,ALREADY_FOUND
aten_fp16_dot_cpu,aten/src/ATen/native/cpu/ReducedPrecisionFloatGemvFastPathKernel.cpp,fp16_dot,pass,1,0,cublasSdot,COMPLETE_REWRITE_CANDIDATE,0,0,dense_linear_algebra,cuBLAS,cuBLAS Level-1/2/3 or cuBLASLt Matmul,FULL_FIXED_API,whole,standard vector/matrix product or update,https://docs.nvidia.com/cuda/cublas/,SINGLE_FIXED_CALL,DIRECT_VENDOR_API,public vendor API or vendor operation graph,yes,SELECTED_WRAPPERS_PRESENT,ALREADY_FOUND
aten_fp16_gemv_f16arith_cpu,aten/src/ATen/native/BlasKernel.cpp,fp16_gemv_notrans_fp16_arith,pass,2,0,"cublasSgemv,memset_zero_1D_f32",COMPLETE_REWRITE_CANDIDATE,0,0,dense_linear_algebra,cuBLAS,cuBLAS Level-1/2/3 or cuBLASLt Matmul,FULL_FIXED_API,whole,standard vector/matrix product or update,https://docs.nvidia.com/cuda/cublas/,SINGLE_FIXED_CALL,LIBRARY_API_COMPOSITION,public vendor API or vendor operation graph; CUDA copy or memset runtime primitive,yes,API_BACKEND_ABSENT,ALREADY_FOUND
aten_fp16_gemv_f32arith_cpu,aten/src/ATen/native/BlasKernel.cpp,fp16_gemv_notrans_fp32_arith,pass,2,0,"cublasSgemv,memset_zero_1D_f32",COMPLETE_REWRITE_CANDIDATE,0,0,dense_linear_algebra,cuBLAS,cuBLAS Level-1/2/3 or cuBLASLt Matmul,FULL_FIXED_API,whole,standard vector/matrix product or update,https://docs.nvidia.com/cuda/cublas/,SINGLE_FIXED_CALL,LIBRARY_API_COMPOSITION,public vendor API or vendor operation graph; CUDA copy or memset runtime primitive,yes,API_BACKEND_ABSENT,ALREADY_FOUND
aten_fp16_gemv_notrans_cpu,aten/src/ATen/native/BlasKernel.cpp,fp16_gemv_notrans,pass,2,0,"cublasSgemv,memset_zero_1D_f32",COMPLETE_REWRITE_CANDIDATE,0,0,dense_linear_algebra,cuBLAS,cuBLAS Level-1/2/3 or cuBLASLt Matmul,FULL_FIXED_API,whole,standard vector/matrix product or update,https://docs.nvidia.com/cuda/cublas/,SINGLE_FIXED_CALL,LIBRARY_API_COMPOSITION,public vendor API or vendor operation graph; CUDA copy or memset runtime primitive,yes,API_BACKEND_ABSENT,ALREADY_FOUND
aten_fp16_gemv_trans_cpu,aten/src/ATen/native/cpu/ReducedPrecisionFloatGemvFastPathKernel.cpp,fp16_gemv_trans,pass,2,0,"cublasSgemv_T,memset_zero_1D_f32",COMPLETE_REWRITE_CANDIDATE,0,0,dense_linear_algebra,cuBLAS,cuBLAS Level-1/2/3 or cuBLASLt Matmul,FULL_FIXED_API,whole,standard vector/matrix product or update,https://docs.nvidia.com/cuda/cublas/,SINGLE_FIXED_CALL,LIBRARY_API_COMPOSITION,public vendor API or vendor operation graph; CUDA copy or memset runtime primitive,yes,API_BACKEND_ABSENT,ALREADY_FOUND
aten_frac,aten/src/ATen/native/cpu/UnaryOpsKernel.cpp,frac_kernel,pass,1,0,cudnnPointwiseGraph_f32,COMPLETE_REWRITE_CANDIDATE,0,0,pointwise_reduction_formula,cuDNN,pointwise and reduction operation graph,FULL_GENERIC_API,whole,the complete formula can be assembled from documented cuDNN graph nodes,https://docs.nvidia.com/deeplearning/cudnn/latest/operations/operations.html,MULTI_NODE_LIBRARY_GRAPH,DIRECT_VENDOR_API,public vendor API or vendor operation graph,yes,GENERAL_GRAPH_BACKEND_ABSENT,ALREADY_FOUND
aten_fractional_max_pool2d_backward_cpu,aten/src/ATen/native/FractionalMaxPool2d.cpp,fractional_max_pool2d_backward_out_frame,pass,0,5,,NONE,0,5,pointwise_reduction_formula,cuDNN,pointwise and reduction operation graph,FULL_GENERIC_API,whole,the complete formula can be assembled from documented cuDNN graph nodes,https://docs.nvidia.com/deeplearning/cudnn/latest/operations/operations.html,MULTI_NODE_LIBRARY_GRAPH,NO_IMPLEMENTATION,no emitted launch,no,GENERAL_GRAPH_BACKEND_ABSENT,RAISING_BLOCKS_WHOLE_OP_RECOGNITION
aten_fractional_max_pool2d_cpu,aten/src/ATen/native/FractionalMaxPool2d.cpp,fractional_max_pool2d_out_frame,pass,4,6,cudaCopy1D_f32_tensor,PARTIAL_STAGE_ONLY,1,3,pointwise_reduction_formula,cuDNN,pointwise and reduction operation graph,FULL_GENERIC_API,whole,the complete formula can be assembled from documented cuDNN graph nodes,https://docs.nvidia.com/deeplearning/cudnn/latest/operations/operations.html,MULTI_NODE_LIBRARY_GRAPH,CUDA_RUNTIME_PRIMITIVE,CUDA copy or memset runtime primitive,yes,GENERAL_GRAPH_BACKEND_ABSENT,PARTIAL_MATCH_ONLY_RESIDUAL_IR_REMAINS
aten_fractional_max_pool3d_backward_cpu,aten/src/ATen/native/FractionalMaxPool3d.cpp,fractional_max_pool3d_backward_out_frame,pass,0,5,,NONE,0,5,pointwise_reduction_formula,cuDNN,pointwise and reduction operation graph,FULL_GENERIC_API,whole,the complete formula can be assembled from documented cuDNN graph nodes,https://docs.nvidia.com/deeplearning/cudnn/latest/operations/operations.html,MULTI_NODE_LIBRARY_GRAPH,NO_IMPLEMENTATION,no emitted launch,no,GENERAL_GRAPH_BACKEND_ABSENT,RAISING_BLOCKS_WHOLE_OP_RECOGNITION
aten_fractional_max_pool3d_cpu,aten/src/ATen/native/FractionalMaxPool3d.cpp,fractional_max_pool3d_out_frame,pass,4,7,cudaCopy1D_f32_tensor,PARTIAL_STAGE_ONLY,1,3,pointwise_reduction_formula,cuDNN,pointwise and reduction operation graph,FULL_GENERIC_API,whole,the complete formula can be assembled from documented cuDNN graph nodes,https://docs.nvidia.com/deeplearning/cudnn/latest/operations/operations.html,MULTI_NODE_LIBRARY_GRAPH,CUDA_RUNTIME_PRIMITIVE,CUDA copy or memset runtime primitive,yes,GENERAL_GRAPH_BACKEND_ABSENT,PARTIAL_MATCH_ONLY_RESIDUAL_IR_REMAINS
aten_fused_adagrad_cpu,aten/src/ATen/native/cpu/FusedAdagradKernel.cpp,fused_adagrad_kernel,pass,1,0,,NONE,1,0,optimizer_update,cuDNN,pointwise/reduction operation graph,PARTIAL_API,update_stages,"the arithmetic stages are graph-expressible, but optimizer state/step semantics require composition",https://docs.nvidia.com/deeplearning/cudnn/latest/operations/operations.html,PARTIAL_STAGES,NO_IMPLEMENTATION,no emitted launch,no,GENERAL_GRAPH_BACKEND_ABSENT,COMPOSITION_REQUIRED_NOT_MATCHER_ONLY
aten_fused_adam_cpu,aten/src/ATen/native/cpu/FusedAdamKernel.cpp,fused_adam_kernel,pass,0,1,,NONE,0,1,optimizer_update,cuDNN,pointwise/reduction operation graph,PARTIAL_API,update_stages,"the arithmetic stages are graph-expressible, but optimizer state/step semantics require composition",https://docs.nvidia.com/deeplearning/cudnn/latest/operations/operations.html,PARTIAL_STAGES,NO_IMPLEMENTATION,no emitted launch,no,GENERAL_GRAPH_BACKEND_ABSENT,RAISING_BLOCKS_WHOLE_OP_RECOGNITION
aten_fused_sgd_cpu,aten/src/ATen/native/cpu/FusedSGDKernel.cpp,fused_sgd_kernel,pass,0,1,,NONE,0,1,optimizer_update,cuDNN,pointwise/reduction operation graph,PARTIAL_API,update_stages,"the arithmetic stages are graph-expressible, but optimizer state/step semantics require composition",https://docs.nvidia.com/deeplearning/cudnn/latest/operations/operations.html,PARTIAL_STAGES,NO_IMPLEMENTATION,no emitted launch,no,GENERAL_GRAPH_BACKEND_ABSENT,RAISING_BLOCKS_WHOLE_OP_RECOGNITION
aten_gamma_transform_cpu,aten/src/ATen/native/Distributions.cpp,_s_gamma_cpu,pass,1,0,cudnnPointwiseGraph_f32,COMPLETE_REWRITE_CANDIDATE,0,0,random_distribution,cuRAND,base RNG plus distribution transform,PARTIAL_API,random_draw_stage,cuRAND supplies random bits/uniform/normal draws but not this complete transform in its host API,https://docs.nvidia.com/cuda/curand/index.html,PARTIAL_STAGES,DIRECT_VENDOR_API,public vendor API or vendor operation graph,yes,API_BACKEND_ABSENT,ALREADY_FOUND
aten_gather_cpu,aten/src/ATen/native/cpu/ScatterGatherKernel.cpp,gather_cpu_kernel,pass,1,0,,NONE,1,0,indexed_data_movement,CUB,DeviceSelect/sort building blocks,PARTIAL_API,selection_or_sort_stage,CUB does not expose a complete arbitrary gather/scatter tensor call,https://nvidia.github.io/cccl/cub/api/device.html,PARTIAL_STAGES,NO_IMPLEMENTATION,no emitted launch,no,API_BACKEND_ABSENT,COMPOSITION_REQUIRED_NOT_MATCHER_ONLY
aten_gather_expanded_index_cpu,aten/src/ATen/native/cpu/ScatterGatherKernel.cpp,gather_expanded_index_kernel,pass,1,0,,NONE,1,0,indexed_data_movement,CUB,DeviceSelect/sort building blocks,PARTIAL_API,selection_or_sort_stage,CUB does not expose a complete arbitrary gather/scatter tensor call,https://nvidia.github.io/cccl/cub/api/device.html,PARTIAL_STAGES,NO_IMPLEMENTATION,no emitted launch,no,API_BACKEND_ABSENT,COMPOSITION_REQUIRED_NOT_MATCHER_ONLY
aten_gcd_i32,aten/src/ATen/native/cpu/BinaryOpsKernel.cpp,gcd_kernel,pass,1,1,,NONE,1,1,compound_or_specialized,,none identified,NO_DIRECT_LIBRARY_API,none,no semantically equivalent public NVIDIA tensor-library operation identified,,NONE,NO_IMPLEMENTATION,no emitted launch,no,NO_TENSOR_LIBRARY_API,RAISING_BLOCKS_WHOLE_OP_RECOGNITION
aten_ge,aten/src/ATen/native/cpu/BinaryOpsKernel.cpp,ge_kernel,pass,1,0,,NONE,1,0,pointwise,cuDNN,relational or MIN/MAX pointwise graph operation,FULL_GENERIC_API,whole,cuDNN has fixed relational and elementwise min/max pointwise modes,https://docs.nvidia.com/deeplearning/cudnn/latest/operations/operations.html,MULTI_NODE_LIBRARY_GRAPH,NO_IMPLEMENTATION,no emitted launch,no,GENERAL_GRAPH_BACKEND_ABSENT,BACKEND_AND_MATCHER_GAP
aten_gelu,aten/src/ATen/native/Activation.cpp,gelu,pass,1,0,cudnnPointwiseGraph_f32,COMPLETE_REWRITE_CANDIDATE,0,0,pointwise,cuDNN,Pointwise graph operation,FULL_GENERIC_API,whole,cuDNN exposes a broad fixed set of unary/binary/ternary pointwise modes,https://docs.nvidia.com/deeplearning/cudnn/latest/operations/operations.html,MULTI_NODE_LIBRARY_GRAPH,DIRECT_VENDOR_API,public vendor API or vendor operation graph,yes,GENERAL_GRAPH_BACKEND_ABSENT,ALREADY_FOUND
aten_gelu_backward_cpu_exact,aten/src/ATen/native/cpu/Activation.cpp,GeluBackwardKernelImpl,pass,1,0,cudnnPointwiseGraph_f32,COMPLETE_REWRITE_CANDIDATE,0,0,pointwise,cuDNN,Pointwise graph operation,FULL_GENERIC_API,whole,cuDNN exposes a broad fixed set of unary/binary/ternary pointwise modes,https://docs.nvidia.com/deeplearning/cudnn/latest/operations/operations.html,MULTI_NODE_LIBRARY_GRAPH,DIRECT_VENDOR_API,public vendor API or vendor operation graph,yes,GENERAL_GRAPH_BACKEND_ABSENT,ALREADY_FOUND
aten_gelu_backward_cpu_tanh,aten/src/ATen/native/cpu/Activation.cpp,GeluBackwardKernelImpl,pass,1,0,cudnnPointwiseGraph_f32,COMPLETE_REWRITE_CANDIDATE,0,0,pointwise,cuDNN,Pointwise graph operation,FULL_GENERIC_API,whole,cuDNN exposes a broad fixed set of unary/binary/ternary pointwise modes,https://docs.nvidia.com/deeplearning/cudnn/latest/operations/operations.html,MULTI_NODE_LIBRARY_GRAPH,DIRECT_VENDOR_API,public vendor API or vendor operation graph,yes,GENERAL_GRAPH_BACKEND_ABSENT,ALREADY_FOUND
aten_gelu_cpu_exact,aten/src/ATen/native/cpu/Activation.cpp,GeluKernelImpl,pass,1,0,cudnnPointwiseGraph_f32,COMPLETE_REWRITE_CANDIDATE,0,0,pointwise,cuDNN,Pointwise graph operation,FULL_GENERIC_API,whole,cuDNN exposes a broad fixed set of unary/binary/ternary pointwise modes,https://docs.nvidia.com/deeplearning/cudnn/latest/operations/operations.html,MULTI_NODE_LIBRARY_GRAPH,DIRECT_VENDOR_API,public vendor API or vendor operation graph,yes,GENERAL_GRAPH_BACKEND_ABSENT,ALREADY_FOUND
aten_gelu_cpu_tanh,aten/src/ATen/native/cpu/Activation.cpp,GeluKernelImpl,pass,1,0,cudnnPointwiseGraph_f32,COMPLETE_REWRITE_CANDIDATE,0,0,pointwise,cuDNN,Pointwise graph operation,FULL_GENERIC_API,whole,cuDNN exposes a broad fixed set of unary/binary/ternary pointwise modes,https://docs.nvidia.com/deeplearning/cudnn/latest/operations/operations.html,MULTI_NODE_LIBRARY_GRAPH,DIRECT_VENDOR_API,public vendor API or vendor operation graph,yes,GENERAL_GRAPH_BACKEND_ABSENT,ALREADY_FOUND
aten_gemm_notrans_cpu,aten/src/ATen/native/cpu/BlasKernel.cpp,gemm_notrans_,pass,1,0,cublasSgemm_nn,COMPLETE_REWRITE_CANDIDATE,0,0,dense_linear_algebra,cuBLAS,cuBLAS Level-1/2/3 or cuBLASLt Matmul,FULL_FIXED_API,whole,standard vector/matrix product or update,https://docs.nvidia.com/cuda/cublas/,SINGLE_FIXED_CALL,DIRECT_VENDOR_API,public vendor API or vendor operation graph,yes,API_BACKEND_ABSENT,ALREADY_FOUND
aten_gemm_transa_cpu,aten/src/ATen/native/cpu/BlasKernel.cpp,gemm_transa_,pass,1,0,cublasSgemm_tn,COMPLETE_REWRITE_CANDIDATE,0,0,dense_linear_algebra,cuBLAS,cuBLAS Level-1/2/3 or cuBLASLt Matmul,FULL_FIXED_API,whole,standard vector/matrix product or update,https://docs.nvidia.com/cuda/cublas/,SINGLE_FIXED_CALL,DIRECT_VENDOR_API,public vendor API or vendor operation graph,yes,API_BACKEND_ABSENT,ALREADY_FOUND
aten_gemm_transab_cpu,aten/src/ATen/native/cpu/BlasKernel.cpp,gemm_transab_,pass,1,0,cublasSgemm_tt,COMPLETE_REWRITE_CANDIDATE,0,0,dense_linear_algebra,cuBLAS,cuBLAS Level-1/2/3 or cuBLASLt Matmul,FULL_FIXED_API,whole,standard vector/matrix product or update,https://docs.nvidia.com/cuda/cublas/,SINGLE_FIXED_CALL,DIRECT_VENDOR_API,public vendor API or vendor operation graph,yes,API_BACKEND_ABSENT,ALREADY_FOUND
aten_gemm_transb_cpu,aten/src/ATen/native/cpu/BlasKernel.cpp,gemm_transb_impl,pass,1,0,cublasSgemm_nt,COMPLETE_REWRITE_CANDIDATE,0,0,dense_linear_algebra,cuBLAS,cuBLAS Level-1/2/3 or cuBLASLt Matmul,FULL_FIXED_API,whole,standard vector/matrix product or update,https://docs.nvidia.com/cuda/cublas/,SINGLE_FIXED_CALL,DIRECT_VENDOR_API,public vendor API or vendor operation graph,yes,API_BACKEND_ABSENT,ALREADY_FOUND
aten_geometric_cpu,aten/src/ATen/native/cpu/DistributionKernels.cpp,geometric_kernel,pass,1,0,cudnnPointwiseGraph_f32,COMPLETE_REWRITE_CANDIDATE,0,0,random_distribution,cuRAND,base RNG plus distribution transform,PARTIAL_API,random_draw_stage,cuRAND supplies random bits/uniform/normal draws but not this complete transform in its host API,https://docs.nvidia.com/cuda/curand/index.html,PARTIAL_STAGES,DIRECT_VENDOR_API,public vendor API or vendor operation graph,yes,API_BACKEND_ABSENT,ALREADY_FOUND
aten_glu,aten/src/ATen/native/cpu/Activation.cpp,glu_kernel,pass,1,0,cudnnPointwiseGraph_f32,COMPLETE_REWRITE_CANDIDATE,0,0,pointwise_reduction_formula,cuDNN,pointwise and reduction operation graph,FULL_GENERIC_API,whole,the complete formula can be assembled from documented cuDNN graph nodes,https://docs.nvidia.com/deeplearning/cudnn/latest/operations/operations.html,MULTI_NODE_LIBRARY_GRAPH,DIRECT_VENDOR_API,public vendor API or vendor operation graph,yes,GENERAL_GRAPH_BACKEND_ABSENT,ALREADY_FOUND
aten_glu_backward,aten/src/ATen/native/cpu/Activation.cpp,glu_backward_kernel,pass,1,0,cudnnPointwiseGraph_f32,COMPLETE_REWRITE_CANDIDATE,0,0,pointwise_reduction_formula,cuDNN,pointwise and reduction operation graph,FULL_GENERIC_API,whole,the complete formula can be assembled from documented cuDNN graph nodes,https://docs.nvidia.com/deeplearning/cudnn/latest/operations/operations.html,MULTI_NODE_LIBRARY_GRAPH,DIRECT_VENDOR_API,public vendor API or vendor operation graph,yes,GENERAL_GRAPH_BACKEND_ABSENT,ALREADY_FOUND
aten_glu_jvp,aten/src/ATen/native/cpu/Activation.cpp,glu_jvp_kernel,pass,1,0,cudnnPointwiseGraph_f32,COMPLETE_REWRITE_CANDIDATE,0,0,pointwise_reduction_formula,cuDNN,pointwise and reduction operation graph,FULL_GENERIC_API,whole,the complete formula can be assembled from documented cuDNN graph nodes,https://docs.nvidia.com/deeplearning/cudnn/latest/operations/operations.html,MULTI_NODE_LIBRARY_GRAPH,DIRECT_VENDOR_API,public vendor API or vendor operation graph,yes,GENERAL_GRAPH_BACKEND_ABSENT,ALREADY_FOUND
aten_gradient_cpu,aten/src/ATen/native/ReduceOps.cpp,gradient_helper,pass,1,0,cudnnPointwiseGraph_f32,COMPLETE_REWRITE_CANDIDATE,0,0,finite_difference,CUB,DeviceAdjacentDifference plus boundary transform,PARTIAL_API,interior_and_boundary_stages,"the adjacent-difference primitive covers a stage, while centered and boundary formulas require composition",https://nvidia.github.io/cccl/cub/api/device.html,PARTIAL_STAGES,DIRECT_VENDOR_API,public vendor API or vendor operation graph,yes,API_BACKEND_ABSENT,ALREADY_FOUND
aten_gradient_float_cpu,aten/src/ATen/native/ReduceOps.cpp,gradient_helper_float,pass,1,0,cudnnPointwiseGraph_f32,COMPLETE_REWRITE_CANDIDATE,0,0,finite_difference,CUB,DeviceAdjacentDifference plus boundary transform,PARTIAL_API,interior_and_boundary_stages,"the adjacent-difference primitive covers a stage, while centered and boundary formulas require composition",https://nvidia.github.io/cccl/cub/api/device.html,PARTIAL_STAGES,DIRECT_VENDOR_API,public vendor API or vendor operation graph,yes,API_BACKEND_ABSENT,ALREADY_FOUND
aten_grid_sampler_2d_backward_cpu,aten/src/ATen/native/cpu/GridSamplerKernel.cpp,grid_sampler_2d_backward_cpu_kernel_impl,pass,4,4,"cudnnPointwiseGraph_f32,memset_zero_1D_f32",PARTIAL_STAGE_ONLY,0,4,resampling,NPP,nppiResize/nppiRemap,PARTIAL_API,whole_or_forward_stage,"NPP provides 2D resize/remap interpolation, but does not expose the matching backward operator",https://docs.nvidia.com/cuda/npp/index.html,PARTIAL_STAGES,LIBRARY_API_COMPOSITION,public vendor API or vendor operation graph; CUDA copy or memset runtime primitive,yes,API_BACKEND_ABSENT,PARTIAL_MATCH_ONLY_RESIDUAL_IR_REMAINS
aten_grid_sampler_2d_cpu,aten/src/ATen/native/cpu/GridSamplerKernel.cpp,grid_sampler_2d_cpu_kernel_impl,pass,1,0,,NONE,1,0,resampling,NPP,nppiResize/nppiRemap,FULL_GENERIC_API,whole_or_forward_stage,"NPP provides 2D resize/remap interpolation, but does not expose the matching backward operator",https://docs.nvidia.com/cuda/npp/index.html,SINGLE_CONFIGURED_PRIMITIVE,NO_IMPLEMENTATION,no emitted launch,no,API_BACKEND_ABSENT,BACKEND_AND_MATCHER_GAP
aten_grid_sampler_2d_fallback_cpu,aten/src/ATen/native/GridSampler.cpp,_grid_sampler_2d_cpu_fallback,pass,1,0,,NONE,1,0,resampling,NPP,nppiResize/nppiRemap,FULL_GENERIC_API,whole_or_forward_stage,"NPP provides 2D resize/remap interpolation, but does not expose the matching backward operator",https://docs.nvidia.com/cuda/npp/index.html,SINGLE_CONFIGURED_PRIMITIVE,NO_IMPLEMENTATION,no emitted launch,no,API_BACKEND_ABSENT,BACKEND_AND_MATCHER_GAP
aten_grid_sampler_2d_quantized_cpu,aten/src/ATen/native/GridSampler.cpp,_grid_sampler_2d_cpu_quantized,pass,1,0,,NONE,1,0,resampling,NPP,nppiResize/nppiRemap,FULL_GENERIC_API,whole_or_forward_stage,"NPP provides 2D resize/remap interpolation, but does not expose the matching backward operator",https://docs.nvidia.com/cuda/npp/index.html,SINGLE_CONFIGURED_PRIMITIVE,NO_IMPLEMENTATION,no emitted launch,no,API_BACKEND_ABSENT,BACKEND_AND_MATCHER_GAP
aten_grid_sampler_3d_backward_cpu,aten/src/ATen/native/GridSampler.cpp,grid_sampler_3d_backward_cpu_impl,pass,0,8,,NONE,0,8,resampling,NPP,nppiResize/nppiRemap,PARTIAL_API,whole_or_forward_stage,"NPP provides 2D resize/remap interpolation, but does not expose the matching backward operator",https://docs.nvidia.com/cuda/npp/index.html,PARTIAL_STAGES,NO_IMPLEMENTATION,no emitted launch,no,API_BACKEND_ABSENT,RAISING_BLOCKS_WHOLE_OP_RECOGNITION
aten_grid_sampler_3d_cpu,aten/src/ATen/native/GridSampler.cpp,grid_sampler_3d_cpu_impl,pass,2,2,memset_zero_2D_f32,PARTIAL_STAGE_ONLY,1,2,resampling,NPP,nppiResize/nppiRemap,FULL_GENERIC_API,whole_or_forward_stage,"NPP provides 2D resize/remap interpolation, but does not expose the matching backward operator",https://docs.nvidia.com/cuda/npp/index.html,SINGLE_CONFIGURED_PRIMITIVE,CUDA_RUNTIME_PRIMITIVE,CUDA copy or memset runtime primitive,yes,API_BACKEND_ABSENT,PARTIAL_MATCH_ONLY_RESIDUAL_IR_REMAINS
aten_group_norm_backward_cpu,aten/src/ATen/native/cpu/group_norm_kernel.cpp,GroupNormBackwardKernelImpl,pass,4,3,,NONE,4,3,normalization,cuDNN,NormalizationForward/Backward graph,FULL_GENERIC_API,whole,cuDNN normalization and graph pointwise/reduction nodes cover the operation,https://docs.nvidia.com/deeplearning/cudnn/latest/operations/operations.html,MULTI_NODE_LIBRARY_GRAPH,NO_IMPLEMENTATION,no emitted launch,no,GENERAL_GRAPH_BACKEND_ABSENT,RAISING_BLOCKS_WHOLE_OP_RECOGNITION
aten_group_norm_cpu,aten/src/ATen/native/cpu/group_norm_kernel.cpp,GroupNormKernelImpl,pass,3,2,,NONE,3,2,normalization,cuDNN,NormalizationForward/Backward graph,FULL_GENERIC_API,whole,cuDNN normalization and graph pointwise/reduction nodes cover the operation,https://docs.nvidia.com/deeplearning/cudnn/latest/operations/operations.html,MULTI_NODE_LIBRARY_GRAPH,NO_IMPLEMENTATION,no emitted launch,no,GENERAL_GRAPH_BACKEND_ABSENT,RAISING_BLOCKS_WHOLE_OP_RECOGNITION
aten_gt,aten/src/ATen/native/cpu/BinaryOpsKernel.cpp,gt_kernel,pass,1,0,,NONE,1,0,pointwise,cuDNN,relational or MIN/MAX pointwise graph operation,FULL_GENERIC_API,whole,cuDNN has fixed relational and elementwise min/max pointwise modes,https://docs.nvidia.com/deeplearning/cudnn/latest/operations/operations.html,MULTI_NODE_LIBRARY_GRAPH,NO_IMPLEMENTATION,no emitted launch,no,GENERAL_GRAPH_BACKEND_ABSENT,BACKEND_AND_MATCHER_GAP
aten_hardshrink,aten/src/ATen/native/cpu/Activation.cpp,hardshrink_kernel,pass,1,0,cudnnPointwiseGraph_f32,COMPLETE_REWRITE_CANDIDATE,0,0,pointwise_formula,cuDNN,multi-node pointwise graph,FULL_GENERIC_API,whole,"the formula is composed entirely from supported arithmetic, comparison, selection, and activation nodes",https://docs.nvidia.com/deeplearning/cudnn/latest/operations/operations.html,MULTI_NODE_LIBRARY_GRAPH,DIRECT_VENDOR_API,public vendor API or vendor operation graph,yes,GENERAL_GRAPH_BACKEND_ABSENT,ALREADY_FOUND
aten_hardsigmoid,aten/src/ATen/native/cpu/Activation.cpp,hardsigmoid_kernel,pass,1,0,cudnnPointwiseGraph_f32,COMPLETE_REWRITE_CANDIDATE,0,0,pointwise_reduction_formula,cuDNN,pointwise and reduction operation graph,FULL_GENERIC_API,whole,the complete formula can be assembled from documented cuDNN graph nodes,https://docs.nvidia.com/deeplearning/cudnn/latest/operations/operations.html,MULTI_NODE_LIBRARY_GRAPH,DIRECT_VENDOR_API,public vendor API or vendor operation graph,yes,GENERAL_GRAPH_BACKEND_ABSENT,ALREADY_FOUND
aten_hardsigmoid_backward,aten/src/ATen/native/cpu/Activation.cpp,hardsigmoid_backward_kernel,pass,1,0,cudnnPointwiseGraph_f32,COMPLETE_REWRITE_CANDIDATE,0,0,pointwise_reduction_formula,cuDNN,pointwise and reduction operation graph,FULL_GENERIC_API,whole,the complete formula can be assembled from documented cuDNN graph nodes,https://docs.nvidia.com/deeplearning/cudnn/latest/operations/operations.html,MULTI_NODE_LIBRARY_GRAPH,DIRECT_VENDOR_API,public vendor API or vendor operation graph,yes,GENERAL_GRAPH_BACKEND_ABSENT,ALREADY_FOUND
aten_hardswish,aten/src/ATen/native/cpu/Activation.cpp,hardswish_kernel,pass,1,0,cudnnPointwiseGraph_f32,COMPLETE_REWRITE_CANDIDATE,0,0,pointwise_reduction_formula,cuDNN,pointwise and reduction operation graph,FULL_GENERIC_API,whole,the complete formula can be assembled from documented cuDNN graph nodes,https://docs.nvidia.com/deeplearning/cudnn/latest/operations/operations.html,MULTI_NODE_LIBRARY_GRAPH,DIRECT_VENDOR_API,public vendor API or vendor operation graph,yes,GENERAL_GRAPH_BACKEND_ABSENT,ALREADY_FOUND
aten_hardswish_backward,aten/src/ATen/native/cpu/Activation.cpp,hardswish_backward_kernel,pass,1,0,cudnnPointwiseGraph_f32,COMPLETE_REWRITE_CANDIDATE,0,0,pointwise_reduction_formula,cuDNN,pointwise and reduction operation graph,FULL_GENERIC_API,whole,the complete formula can be assembled from documented cuDNN graph nodes,https://docs.nvidia.com/deeplearning/cudnn/latest/operations/operations.html,MULTI_NODE_LIBRARY_GRAPH,DIRECT_VENDOR_API,public vendor API or vendor operation graph,yes,GENERAL_GRAPH_BACKEND_ABSENT,ALREADY_FOUND
aten_hardtanh,aten/src/ATen/native/Activation.cpp,Tensor hardtanh,pass,1,0,cudnnPointwiseGraph_f32,COMPLETE_REWRITE_CANDIDATE,0,0,pointwise_reduction_formula,cuDNN,pointwise and reduction operation graph,FULL_GENERIC_API,whole,the complete formula can be assembled from documented cuDNN graph nodes,https://docs.nvidia.com/deeplearning/cudnn/latest/operations/operations.html,MULTI_NODE_LIBRARY_GRAPH,DIRECT_VENDOR_API,public vendor API or vendor operation graph,yes,GENERAL_GRAPH_BACKEND_ABSENT,ALREADY_FOUND
aten_hardtanh_backward,aten/src/ATen/native/cpu/Activation.cpp,hardtanh_backward_kernel,pass,1,0,cudnnPointwiseGraph_f32,COMPLETE_REWRITE_CANDIDATE,0,0,pointwise_reduction_formula,cuDNN,pointwise and reduction operation graph,FULL_GENERIC_API,whole,the complete formula can be assembled from documented cuDNN graph nodes,https://docs.nvidia.com/deeplearning/cudnn/latest/operations/operations.html,MULTI_NODE_LIBRARY_GRAPH,DIRECT_VENDOR_API,public vendor API or vendor operation graph,yes,GENERAL_GRAPH_BACKEND_ABSENT,ALREADY_FOUND
aten_heaviside,aten/src/ATen/native/cpu/BinaryOpsKernel.cpp,heaviside_kernel,pass,1,0,,NONE,1,0,pointwise_formula,cuDNN,multi-node pointwise graph,FULL_GENERIC_API,whole,"the formula is composed entirely from supported arithmetic, comparison, selection, and activation nodes",https://docs.nvidia.com/deeplearning/cudnn/latest/operations/operations.html,MULTI_NODE_LIBRARY_GRAPH,NO_IMPLEMENTATION,no emitted launch,no,GENERAL_GRAPH_BACKEND_ABSENT,BACKEND_AND_MATCHER_GAP
aten_hermite_polynomial_h,aten/src/ATen/native/cpu/BinaryOpsKernel.cpp,hermite_polynomial_h_kernel,pass,1,0,,NONE,1,0,special_function,,CUDA Math/libdevice scalar function,NO_DIRECT_LIBRARY_API,scalar_only,"a device scalar function may exist, but not a fixed tensor-library launch",,NONE,NO_IMPLEMENTATION,no emitted launch,no,NO_TENSOR_LIBRARY_API,NO_LIBRARY_MATCH_EXPECTED
aten_hermite_polynomial_he,aten/src/ATen/native/cpu/BinaryOpsKernel.cpp,hermite_polynomial_he_kernel,pass,1,0,,NONE,1,0,special_function,,CUDA Math/libdevice scalar function,NO_DIRECT_LIBRARY_API,scalar_only,"a device scalar function may exist, but not a fixed tensor-library launch",,NONE,NO_IMPLEMENTATION,no emitted launch,no,NO_TENSOR_LIBRARY_API,NO_LIBRARY_MATCH_EXPECTED
aten_histogram_select_outer_bin_edges_cpu,aten/src/ATen/native/cpu/HistogramKernel.cpp,histogram_select_outer_bin_edges_impl,pass,1,0,cudnnReduceMinMax_f32,COMPLETE_REWRITE_CANDIDATE,0,0,histogram_count,CUB,DeviceHistogram,FULL_GENERIC_API,whole,the extracted binning operation maps to a device histogram primitive,https://nvidia.github.io/cccl/cub/api/device.html,SINGLE_CONFIGURED_PRIMITIVE,DIRECT_VENDOR_API,public vendor API or vendor operation graph,yes,API_BACKEND_ABSENT,ALREADY_FOUND
aten_histogramdd_cpu,aten/src/ATen/native/cpu/HistogramKernel.cpp,histogramdd_kernel_impl,pass,1,1,memset_zero_2D_f32,PARTIAL_STAGE_ONLY,0,1,histogram_count,CUB,DeviceHistogram,FULL_GENERIC_API,whole,the extracted binning operation maps to a device histogram primitive,https://nvidia.github.io/cccl/cub/api/device.html,SINGLE_CONFIGURED_PRIMITIVE,CUDA_RUNTIME_PRIMITIVE,CUDA copy or memset runtime primitive,yes,API_BACKEND_ABSENT,PARTIAL_MATCH_ONLY_RESIDUAL_IR_REMAINS
aten_histogramdd_linear_cpu,aten/src/ATen/native/cpu/HistogramKernel.cpp,histogramdd_linear_kernel_impl,pass,1,1,memset_zero_1D_f32,PARTIAL_STAGE_ONLY,0,1,histogram_count,CUB,DeviceHistogram,FULL_GENERIC_API,whole,the extracted binning operation maps to a device histogram primitive,https://nvidia.github.io/cccl/cub/api/device.html,SINGLE_CONFIGURED_PRIMITIVE,CUDA_RUNTIME_PRIMITIVE,CUDA copy or memset runtime primitive,yes,API_BACKEND_ABSENT,PARTIAL_MATCH_ONLY_RESIDUAL_IR_REMAINS
aten_host_softmax_backward_cpu,aten/src/ATen/native/SoftMax.cpp,host_softmax_backward,pass,2,1,"cublasSdot,cudnnPointwiseGraph_f32",PARTIAL_STAGE_ONLY,0,1,softmax,cuDNN,Softmax or pointwise+reduction graph,FULL_FIXED_API,whole,dense softmax is fixed-function; sparse/nested forms require layout composition,https://docs.nvidia.com/deeplearning/cudnn/latest/operations/operations.html,SINGLE_FIXED_CALL,DIRECT_VENDOR_API,public vendor API or vendor operation graph,yes,GENERAL_GRAPH_BACKEND_ABSENT,PARTIAL_MATCH_ONLY_RESIDUAL_IR_REMAINS
aten_host_softmax_cpu,aten/src/ATen/native/SoftMax.cpp,host_softmax,pass,3,1,cudnnSoftmaxForwardOut_tensor,PARTIAL_STAGE_ONLY,0,1,softmax,cuDNN,Softmax or pointwise+reduction graph,FULL_FIXED_API,whole,dense softmax is fixed-function; sparse/nested forms require layout composition,https://docs.nvidia.com/deeplearning/cudnn/latest/operations/operations.html,SINGLE_FIXED_CALL,DIRECT_VENDOR_API,public vendor API or vendor operation graph,yes,GENERAL_GRAPH_BACKEND_ABSENT,PARTIAL_MATCH_ONLY_RESIDUAL_IR_REMAINS
aten_hspmm_cpu,aten/src/ATen/native/sparse/SparseTensorMath.cpp,hspmm_out_sparse_cpu,pass,1,2,cusparseSpMM_COO_f32_memref,COMPLETE_REWRITE_CANDIDATE,0,0,sparse_linear_algebra,cuSPARSE,cusparseSpMV/SpMM/SpGEMM/SDDMM,FULL_FIXED_API,whole,standard sparse-dense or sparse-sparse linear algebra,https://docs.nvidia.com/cuda/cusparse/,SINGLE_FIXED_CALL,DIRECT_VENDOR_API,public vendor API or vendor operation graph,yes,SELECTED_WRAPPERS_PRESENT,ALREADY_FOUND
aten_huber_backward,aten/src/ATen/native/cpu/PointwiseOpsKernel.cpp,huber_backward_cpu_kernel,pass,1,0,cudnnPointwiseGraph_f32,COMPLETE_REWRITE_CANDIDATE,0,0,pointwise_formula,cuDNN,multi-node pointwise graph,FULL_GENERIC_API,whole,"the formula is composed entirely from supported arithmetic, comparison, selection, and activation nodes",https://docs.nvidia.com/deeplearning/cudnn/latest/operations/operations.html,MULTI_NODE_LIBRARY_GRAPH,DIRECT_VENDOR_API,public vendor API or vendor operation graph,yes,GENERAL_GRAPH_BACKEND_ABSENT,ALREADY_FOUND
aten_huber_elementwise,aten/src/ATen/native/cpu/BinaryOpsKernel.cpp,huber_kernel,pass,1,0,cudnnPointwiseGraph_f32,COMPLETE_REWRITE_CANDIDATE,0,0,pointwise_formula,cuDNN,multi-node pointwise graph,FULL_GENERIC_API,whole,"the formula is composed entirely from supported arithmetic, comparison, selection, and activation nodes",https://docs.nvidia.com/deeplearning/cudnn/latest/operations/operations.html,MULTI_NODE_LIBRARY_GRAPH,DIRECT_VENDOR_API,public vendor API or vendor operation graph,yes,GENERAL_GRAPH_BACKEND_ABSENT,ALREADY_FOUND
aten_hypot,aten/src/ATen/native/cpu/BinaryOpsKernel.cpp,hypot_kernel,pass,1,0,cudnnPointwiseGraph_f32,COMPLETE_REWRITE_CANDIDATE,0,0,pointwise_reduction_formula,cuDNN,pointwise and reduction operation graph,FULL_GENERIC_API,whole,the complete formula can be assembled from documented cuDNN graph nodes,https://docs.nvidia.com/deeplearning/cudnn/latest/operations/operations.html,MULTI_NODE_LIBRARY_GRAPH,DIRECT_VENDOR_API,public vendor API or vendor operation graph,yes,GENERAL_GRAPH_BACKEND_ABSENT,ALREADY_FOUND
aten_i0,aten/src/ATen/native/cpu/UnaryOpsKernel.cpp,i0_kernel,pass,1,0,,NONE,1,0,special_function,,CUDA Math/libdevice scalar function,NO_DIRECT_LIBRARY_API,scalar_only,"a device scalar function may exist, but not a fixed tensor-library launch",,NONE,NO_IMPLEMENTATION,no emitted launch,no,NO_TENSOR_LIBRARY_API,NO_LIBRARY_MATCH_EXPECTED
aten_i0e,aten/src/ATen/native/cpu/UnaryOpsKernel.cpp,i0e_kernel,pass,1,0,,NONE,1,0,special_function,,CUDA Math/libdevice scalar function,NO_DIRECT_LIBRARY_API,scalar_only,"a device scalar function may exist, but not a fixed tensor-library launch",,NONE,NO_IMPLEMENTATION,no emitted launch,no,NO_TENSOR_LIBRARY_API,NO_LIBRARY_MATCH_EXPECTED
aten_i1,aten/src/ATen/native/cpu/UnaryOpsKernel.cpp,i1_kernel,pass,1,0,,NONE,1,0,special_function,,CUDA Math/libdevice scalar function,NO_DIRECT_LIBRARY_API,scalar_only,"a device scalar function may exist, but not a fixed tensor-library launch",,NONE,NO_IMPLEMENTATION,no emitted launch,no,NO_TENSOR_LIBRARY_API,NO_LIBRARY_MATCH_EXPECTED
aten_i1e,aten/src/ATen/native/cpu/UnaryOpsKernel.cpp,i1e_kernel,pass,1,0,,NONE,1,0,special_function,,CUDA Math/libdevice scalar function,NO_DIRECT_LIBRARY_API,scalar_only,"a device scalar function may exist, but not a fixed tensor-library launch",,NONE,NO_IMPLEMENTATION,no emitted launch,no,NO_TENSOR_LIBRARY_API,NO_LIBRARY_MATCH_EXPECTED
aten_ifftshift_cpu,aten/src/ATen/native/SpectralOps.cpp,fft_ifftshift,pass,1,0,,NONE,1,0,cyclic_shift,,none,NO_DIRECT_LIBRARY_API,none,a wraparound cyclic shift is not a cuTENSOR mode permutation,,NONE,NO_IMPLEMENTATION,no emitted launch,no,NO_TENSOR_LIBRARY_API,NO_LIBRARY_MATCH_EXPECTED
aten_igamma,aten/src/ATen/native/cpu/BinaryOpsKernel.cpp,igamma_kernel,pass,1,0,,NONE,1,0,random_distribution,cuRAND,base RNG plus distribution transform,PARTIAL_API,random_draw_stage,cuRAND supplies random bits/uniform/normal draws but not this complete transform in its host API,https://docs.nvidia.com/cuda/curand/index.html,PARTIAL_STAGES,NO_IMPLEMENTATION,no emitted launch,no,API_BACKEND_ABSENT,COMPOSITION_REQUIRED_NOT_MATCHER_ONLY
aten_igammac,aten/src/ATen/native/cpu/BinaryOpsKernel.cpp,igammac_kernel,pass,1,0,,NONE,1,0,random_distribution,cuRAND,base RNG plus distribution transform,PARTIAL_API,random_draw_stage,cuRAND supplies random bits/uniform/normal draws but not this complete transform in its host API,https://docs.nvidia.com/cuda/curand/index.html,PARTIAL_STAGES,NO_IMPLEMENTATION,no emitted launch,no,API_BACKEND_ABSENT,COMPOSITION_REQUIRED_NOT_MATCHER_ONLY
aten_im2col,aten/src/ATen/native/Im2Col.cpp,im2col,pass,1,0,cutensorPermute_f32_r6_tensor,COMPLETE_REWRITE_CANDIDATE,0,0,patch_extract_scatter,cuDNN,Convolution graph operation,PARTIAL_API,containing_operation,cuDNN implements convolution but does not expose im2col/col2im as its public result,https://docs.nvidia.com/deeplearning/cudnn/latest/operations/operations.html,PARTIAL_STAGES,DIRECT_VENDOR_API,public vendor API or vendor operation graph,yes,GENERAL_GRAPH_BACKEND_ABSENT,ALREADY_FOUND
aten_index_copy_cpu,aten/src/ATen/native/cpu/IndexKernel.cpp,index_copy_kernel,pass,0,2,,NONE,0,2,indexed_data_movement,CUB,DeviceSelect/sort building blocks,PARTIAL_API,selection_or_sort_stage,CUB does not expose a complete arbitrary gather/scatter tensor call,https://nvidia.github.io/cccl/cub/api/device.html,PARTIAL_STAGES,NO_IMPLEMENTATION,no emitted launch,no,API_BACKEND_ABSENT,RAISING_BLOCKS_WHOLE_OP_RECOGNITION
aten_index_cpu,aten/src/ATen/native/cpu/IndexKernel.cpp,index_kernel,pass,1,0,,NONE,1,0,indexed_data_movement,CUB,DeviceSelect/sort building blocks,PARTIAL_API,selection_or_sort_stage,CUB does not expose a complete arbitrary gather/scatter tensor call,https://nvidia.github.io/cccl/cub/api/device.html,PARTIAL_STAGES,NO_IMPLEMENTATION,no emitted launch,no,API_BACKEND_ABSENT,COMPOSITION_REQUIRED_NOT_MATCHER_ONLY
aten_index_fill_cpu,aten/src/ATen/native/cpu/IndexKernel.cpp,index_fill_kernel,pass,0,2,,NONE,0,2,indexed_data_movement,CUB,DeviceSelect/sort building blocks,PARTIAL_API,selection_or_sort_stage,CUB does not expose a complete arbitrary gather/scatter tensor call,https://nvidia.github.io/cccl/cub/api/device.html,PARTIAL_STAGES,NO_IMPLEMENTATION,no emitted launch,no,API_BACKEND_ABSENT,RAISING_BLOCKS_WHOLE_OP_RECOGNITION
aten_index_put_cpu,aten/src/ATen/native/cpu/IndexKernel.cpp,index_put_kernel,pass,0,1,,NONE,0,1,indexed_data_movement,CUB,DeviceSelect/sort primitives,PARTIAL_API,stages,CUB provides building blocks but no general gather/scatter tensor call,https://nvidia.github.io/cccl/cub/api/device.html,PARTIAL_STAGES,NO_IMPLEMENTATION,no emitted launch,no,API_BACKEND_ABSENT,RAISING_BLOCKS_WHOLE_OP_RECOGNITION
aten_index_put_impl_cpu,aten/src/ATen/native/TensorAdvancedIndexing.cpp,_index_put_impl_,pass,0,1,,NONE,0,1,indexed_data_movement,CUB,DeviceSelect/sort building blocks,PARTIAL_API,selection_or_sort_stage,CUB does not expose a complete arbitrary gather/scatter tensor call,https://nvidia.github.io/cccl/cub/api/device.html,PARTIAL_STAGES,NO_IMPLEMENTATION,no emitted launch,no,API_BACKEND_ABSENT,RAISING_BLOCKS_WHOLE_OP_RECOGNITION
aten_index_reduce_impl_cpu,aten/src/ATen/native/TensorAdvancedIndexing.cpp,index_reduce_func_impl,pass,1,1,memset_zero_1D_f32,PARTIAL_STAGE_ONLY,0,1,indexed_scatter_reduce,CUB,sort/reduce-by-key plus scatter,PARTIAL_API,stages,collision-aware scatter needs ordering/reduction composition,https://nvidia.github.io/cccl/cub/api/device.html,PARTIAL_STAGES,CUDA_RUNTIME_PRIMITIVE,CUDA copy or memset runtime primitive,yes,API_BACKEND_ABSENT,PARTIAL_MATCH_ONLY_RESIDUAL_IR_REMAINS
aten_index_select_dim1_cpu,aten/src/ATen/native/TensorAdvancedIndexing.cpp,index_select_out_cpu_dim1_,pass,1,0,,NONE,1,0,indexed_data_movement,CUB,DeviceSelect/sort building blocks,PARTIAL_API,selection_or_sort_stage,CUB does not expose a complete arbitrary gather/scatter tensor call,https://nvidia.github.io/cccl/cub/api/device.html,PARTIAL_STAGES,NO_IMPLEMENTATION,no emitted launch,no,API_BACKEND_ABSENT,COMPOSITION_REQUIRED_NOT_MATCHER_ONLY
aten_index_select_out_cpu,aten/src/ATen/native/TensorAdvancedIndexing.cpp,index_select_out_cpu_,pass,1,0,,NONE,1,0,indexed_data_movement,CUB,DeviceSelect/sort building blocks,PARTIAL_API,selection_or_sort_stage,CUB does not expose a complete arbitrary gather/scatter tensor call,https://nvidia.github.io/cccl/cub/api/device.html,PARTIAL_STAGES,NO_IMPLEMENTATION,no emitted launch,no,API_BACKEND_ABSENT,COMPOSITION_REQUIRED_NOT_MATCHER_ONLY
aten_index_select_sparse_cpu,aten/src/ATen/native/TensorShape.cpp,index_select_sparse_cpu,pass,1,0,,NONE,1,0,sparse_indexed_elementwise,cuSPARSE,SpVec/SpMat plus generic operation,PARTIAL_API,stage,"descriptor/storage handling exists, but arbitrary indexed elementwise semantics need composition",https://docs.nvidia.com/cuda/cusparse/,PARTIAL_STAGES,NO_IMPLEMENTATION,no emitted launch,no,API_BACKEND_ABSENT,COMPOSITION_REQUIRED_NOT_MATCHER_ONLY
aten_int4pack_mm_cpu,aten/src/ATen/native/cpu/int4mm_kernel.cpp,int4pack_mm_kernel,pass,2,1,memset_zero_1D_f32,PARTIAL_STAGE_ONLY,1,1,packed_weight_scaled_gemm,CUTLASS,weight-only quantized GEMM template (architecture support must be verified),PARTIAL_API,whole_if_supported,"the fixture unpacks unsigned 4-bit nibbles, subtracts a per-column zero point, scales them, and multiplies by FP32 activations; this is not a regular cuBLASLt INT8 matmul",https://docs.nvidia.com/cutlass/,PARTIAL_STAGES,CUDA_RUNTIME_PRIMITIVE,CUDA copy or memset runtime primitive,yes,API_BACKEND_ABSENT,PARTIAL_MATCH_ONLY_RESIDUAL_IR_REMAINS
aten_int8pack_mm_cpu,aten/src/ATen/native/cpu/int8mm_kernel.cpp,int8pack_mm_kernel,pass,2,0,memset_zero_2D_f32,PARTIAL_STAGE_ONLY,1,0,mixed_dtype_scaled_gemm,CUTLASS,mixed-input GEMM template (architecture support must be verified),PARTIAL_API,whole_if_supported,the fixture multiplies FP32 activations by INT8 weights converted to FP32 and applies a per-output-column scale; cuBLASLt's regular datatype table requires A and B to share one Atype/Btype,https://docs.nvidia.com/cutlass/,PARTIAL_STAGES,CUDA_RUNTIME_PRIMITIVE,CUDA copy or memset runtime primitive,yes,API_BACKEND_ABSENT,PARTIAL_MATCH_ONLY_RESIDUAL_IR_REMAINS
aten_int_mm_out_cpu,aten/src/ATen/native/LinearAlgebra.cpp,_int_mm_out_cpu,pass,2,0,cublasGemmEx_i8_i32_tensor,COMPLETE_REWRITE_CANDIDATE,0,0,dense_linear_algebra,cuBLAS,cuBLAS Level-1/2/3 or cuBLASLt Matmul,FULL_FIXED_API,whole,standard vector/matrix product or update,https://docs.nvidia.com/cuda/cublas/,SINGLE_FIXED_CALL,DIRECT_VENDOR_API,public vendor API or vendor operation graph,yes,API_BACKEND_ABSENT,ALREADY_FOUND
aten_isin_default_cpu,aten/src/ATen/native/cpu/TensorCompareKernel.cpp,isin_default_kernel_cpu,pass,3,0,,NONE,3,0,set_membership,CUB,DeviceRadixSort building block,PARTIAL_API,sort_stage,CUB sorts the values but provides no complete membership-search call,https://nvidia.github.io/cccl/cub/api/device.html,PARTIAL_STAGES,NO_IMPLEMENTATION,no emitted launch,no,API_BACKEND_ABSENT,COMPOSITION_REQUIRED_NOT_MATCHER_ONLY
aten_isneginf,aten/src/ATen/native/cpu/TensorCompareKernel.cpp,isneginf_kernel_impl,pass,1,0,,NONE,1,0,pointwise_reduction_formula,cuDNN,pointwise and reduction operation graph,FULL_GENERIC_API,whole,the complete formula can be assembled from documented cuDNN graph nodes,https://docs.nvidia.com/deeplearning/cudnn/latest/operations/operations.html,MULTI_NODE_LIBRARY_GRAPH,NO_IMPLEMENTATION,no emitted launch,no,GENERAL_GRAPH_BACKEND_ABSENT,BACKEND_AND_MATCHER_GAP
aten_isposinf,aten/src/ATen/native/cpu/TensorCompareKernel.cpp,isposinf_kernel_impl,pass,1,0,,NONE,1,0,pointwise_reduction_formula,cuDNN,pointwise and reduction operation graph,FULL_GENERIC_API,whole,the complete formula can be assembled from documented cuDNN graph nodes,https://docs.nvidia.com/deeplearning/cudnn/latest/operations/operations.html,MULTI_NODE_LIBRARY_GRAPH,NO_IMPLEMENTATION,no emitted launch,no,GENERAL_GRAPH_BACKEND_ABSENT,BACKEND_AND_MATCHER_GAP
aten_jagged_to_padded_cpu,aten/src/ATen/native/nested/NestedTensorTransformerFunctions.cpp,_jagged_to_padded_dense_forward_cpu,pass,0,2,,NONE,0,2,padding,NPP,copy-border/image geometry primitives,PARTIAL_API,mode_dependent,constant/image borders exist; circular/reflection and arbitrary rank need composition,https://docs.nvidia.com/cuda/npp/index.html,PARTIAL_STAGES,NO_IMPLEMENTATION,no emitted launch,no,API_BACKEND_ABSENT,RAISING_BLOCKS_WHOLE_OP_RECOGNITION
aten_joint_scaling_cpu,aten/src/ATen/native/ScaledBlas.cpp,get_joint_scaling,pass,2,0,cublasJointMaxAbsProduct_f32_memref,COMPLETE_REWRITE_CANDIDATE,0,0,joint_maxabs_product,cuBLAS,two cublasIsamax calls plus scalar product,FULL_GENERIC_API,whole,two independent maximum-absolute reductions feed a scalar multiply,https://docs.nvidia.com/cuda/cublas/,MULTI_NODE_LIBRARY_GRAPH,DIRECT_VENDOR_API,public vendor API or vendor operation graph,yes,SELECTED_WRAPPERS_PRESENT,ALREADY_FOUND
aten_kaiser_window,aten/src/ATen/native/cpu/UnaryOpsKernel.cpp,kaiser_window_kernel,pass,1,0,,NONE,1,0,compound_or_specialized,,none identified,NO_DIRECT_LIBRARY_API,none,no semantically equivalent public NVIDIA tensor-library operation identified,,NONE,NO_IMPLEMENTATION,no emitted launch,no,NO_TENSOR_LIBRARY_API,NO_LIBRARY_MATCH_EXPECTED
aten_kron_impl_cpu,aten/src/ATen/native/LinearAlgebra.cpp,KronImpl,pass,1,0,cutensorKroneckerProduct2D_f32_memref,COMPLETE_REWRITE_CANDIDATE,0,0,tensor_product,cuTENSOR,cutensorCreateElementwiseTrinary,FULL_GENERIC_API,whole,broadcast multiply with explicit input/output modes and strides,https://docs.nvidia.com/cuda/cutensor/latest/api/cutensor.html,SINGLE_CONFIGURED_PRIMITIVE,DIRECT_VENDOR_API,public vendor API or vendor operation graph,yes,SELECTED_WRAPPERS_PRESENT,ALREADY_FOUND
aten_kron_out_cpu,aten/src/ATen/native/LinearAlgebra.cpp,kron_out,pass,1,0,cutensorKroneckerProduct2D_f32_memref,COMPLETE_REWRITE_CANDIDATE,0,0,tensor_product,cuTENSOR,cutensorCreateElementwiseTrinary,FULL_GENERIC_API,whole,broadcast multiply with explicit input/output modes and strides,https://docs.nvidia.com/cuda/cutensor/latest/api/cutensor.html,SINGLE_CONFIGURED_PRIMITIVE,DIRECT_VENDOR_API,public vendor API or vendor operation graph,yes,SELECTED_WRAPPERS_PRESENT,ALREADY_FOUND
aten_kthvalue_cpu,aten/src/ATen/native/Sorting.cpp,kthvalue_out_impl_cpu,pass,1,3,cudaCopy1D_f32_tensor,PARTIAL_STAGE_ONLY,0,3,ordering_selection,CUB,DeviceRadixSort/MergeSort/TopK/Select/RunLengthEncode,FULL_GENERIC_API,whole,CUB provides device-wide ordering and selection primitives,https://nvidia.github.io/cccl/cub/api/device.html,SINGLE_CONFIGURED_PRIMITIVE,CUDA_RUNTIME_PRIMITIVE,CUDA copy or memset runtime primitive,yes,API_BACKEND_ABSENT,PARTIAL_MATCH_ONLY_RESIDUAL_IR_REMAINS
aten_l1_loss,aten/src/ATen/native/Loss.cpp,l1_loss,pass,1,0,,NONE,1,0,loss,cuDNN,pointwise+reduction graph,PARTIAL_API,stages,primitive nodes exist but there is no matching single public loss operation,https://docs.nvidia.com/deeplearning/cudnn/latest/operations/operations.html,PARTIAL_STAGES,NO_IMPLEMENTATION,no emitted launch,no,GENERAL_GRAPH_BACKEND_ABSENT,COMPOSITION_REQUIRED_NOT_MATCHER_ONLY
aten_laguerre_polynomial_l,aten/src/ATen/native/cpu/BinaryOpsKernel.cpp,laguerre_polynomial_l_kernel,pass,1,0,,NONE,1,0,special_function,,CUDA Math/libdevice scalar function,NO_DIRECT_LIBRARY_API,scalar_only,"a device scalar function may exist, but not a fixed tensor-library launch",,NONE,NO_IMPLEMENTATION,no emitted launch,no,NO_TENSOR_LIBRARY_API,NO_LIBRARY_MATCH_EXPECTED
aten_layer_norm,aten/src/ATen/native/layer_norm.cpp,layer_norm,pass,3,0,"cudnnPointwiseGraph_f32,cudnnReduceSum_f32",PARTIAL_STAGE_ONLY,1,0,normalization,cuDNN,NormalizationForward/Backward graph,FULL_GENERIC_API,whole,cuDNN normalization and graph pointwise/reduction nodes cover the operation,https://docs.nvidia.com/deeplearning/cudnn/latest/operations/operations.html,MULTI_NODE_LIBRARY_GRAPH,DIRECT_VENDOR_API,public vendor API or vendor operation graph,yes,GENERAL_GRAPH_BACKEND_ABSENT,PARTIAL_MATCH_ONLY_RESIDUAL_IR_REMAINS
aten_layer_norm_backward_cpu,aten/src/ATen/native/cpu/layer_norm_kernel.cpp,LayerNormBackwardKernelImpl,pass,4,1,memset_zero_1D_f32,PARTIAL_STAGE_ONLY,2,1,normalization,cuDNN,NormalizationForward/Backward graph,FULL_GENERIC_API,whole,cuDNN normalization and graph pointwise/reduction nodes cover the operation,https://docs.nvidia.com/deeplearning/cudnn/latest/operations/operations.html,MULTI_NODE_LIBRARY_GRAPH,CUDA_RUNTIME_PRIMITIVE,CUDA copy or memset runtime primitive,yes,GENERAL_GRAPH_BACKEND_ABSENT,PARTIAL_MATCH_ONLY_RESIDUAL_IR_REMAINS
aten_layer_norm_cpu_backend,aten/src/ATen/native/cpu/layer_norm_kernel.cpp,LayerNormKernelImpl,pass,3,1,cudnnReduceSum_f32,PARTIAL_STAGE_ONLY,2,1,normalization,cuDNN,NormalizationForward/Backward graph,FULL_GENERIC_API,whole,cuDNN normalization and graph pointwise/reduction nodes cover the operation,https://docs.nvidia.com/deeplearning/cudnn/latest/operations/operations.html,MULTI_NODE_LIBRARY_GRAPH,DIRECT_VENDOR_API,public vendor API or vendor operation graph,yes,GENERAL_GRAPH_BACKEND_ABSENT,PARTIAL_MATCH_ONLY_RESIDUAL_IR_REMAINS
aten_lcm_i32,aten/src/ATen/native/cpu/BinaryOpsKernel.cpp,lcm_kernel,pass,1,1,,NONE,1,1,compound_or_specialized,,none identified,NO_DIRECT_LIBRARY_API,none,no semantically equivalent public NVIDIA tensor-library operation identified,,NONE,NO_IMPLEMENTATION,no emitted launch,no,NO_TENSOR_LIBRARY_API,RAISING_BLOCKS_WHOLE_OP_RECOGNITION
aten_ldexp,aten/src/ATen/native/cpu/BinaryOpsKernel.cpp,ldexp_kernel,pass,1,0,,NONE,1,0,pointwise_reduction_formula,cuDNN,pointwise and reduction operation graph,FULL_GENERIC_API,whole,the complete formula can be assembled from documented cuDNN graph nodes,https://docs.nvidia.com/deeplearning/cudnn/latest/operations/operations.html,MULTI_NODE_LIBRARY_GRAPH,NO_IMPLEMENTATION,no emitted launch,no,GENERAL_GRAPH_BACKEND_ABSENT,BACKEND_AND_MATCHER_GAP
aten_le,aten/src/ATen/native/cpu/BinaryOpsKernel.cpp,le_kernel,pass,1,0,,NONE,1,0,pointwise,cuDNN,relational or MIN/MAX pointwise graph operation,FULL_GENERIC_API,whole,cuDNN has fixed relational and elementwise min/max pointwise modes,https://docs.nvidia.com/deeplearning/cudnn/latest/operations/operations.html,MULTI_NODE_LIBRARY_GRAPH,NO_IMPLEMENTATION,no emitted launch,no,GENERAL_GRAPH_BACKEND_ABSENT,BACKEND_AND_MATCHER_GAP
aten_leaky_relu,aten/src/ATen/native/cpu/Activation.cpp,leaky_relu_kernel,pass,1,0,cudnnPointwiseGraph_f32,COMPLETE_REWRITE_CANDIDATE,0,0,pointwise,cuDNN,Pointwise graph operation,FULL_GENERIC_API,whole,cuDNN exposes a broad fixed set of unary/binary/ternary pointwise modes,https://docs.nvidia.com/deeplearning/cudnn/latest/operations/operations.html,MULTI_NODE_LIBRARY_GRAPH,DIRECT_VENDOR_API,public vendor API or vendor operation graph,yes,GENERAL_GRAPH_BACKEND_ABSENT,ALREADY_FOUND
aten_legendre_polynomial_p,aten/src/ATen/native/cpu/BinaryOpsKernel.cpp,legendre_polynomial_p_kernel,pass,1,0,,NONE,1,0,special_function,,CUDA Math/libdevice scalar function,NO_DIRECT_LIBRARY_API,scalar_only,"a device scalar function may exist, but not a fixed tensor-library launch",,NONE,NO_IMPLEMENTATION,no emitted launch,no,NO_TENSOR_LIBRARY_API,NO_LIBRARY_MATCH_EXPECTED
aten_lerp,aten/src/ATen/native/cpu/LerpKernel.cpp,lerp_kernel,pass,1,0,cudnnPointwiseGraph_f32,COMPLETE_REWRITE_CANDIDATE,0,0,pointwise,cuDNN,Pointwise graph operation,FULL_GENERIC_API,whole,cuDNN exposes a broad fixed set of unary/binary/ternary pointwise modes,https://docs.nvidia.com/deeplearning/cudnn/latest/operations/operations.html,MULTI_NODE_LIBRARY_GRAPH,DIRECT_VENDOR_API,public vendor API or vendor operation graph,yes,GENERAL_GRAPH_BACKEND_ABSENT,ALREADY_FOUND
aten_lerp_scalar,aten/src/ATen/native/cpu/LerpKernel.cpp,lerp_kernel_scalar,pass,1,0,cudnnPointwiseGraph_f32,COMPLETE_REWRITE_CANDIDATE,0,0,pointwise,cuDNN,Pointwise graph operation,FULL_GENERIC_API,whole,cuDNN exposes a broad fixed set of unary/binary/ternary pointwise modes,https://docs.nvidia.com/deeplearning/cudnn/latest/operations/operations.html,MULTI_NODE_LIBRARY_GRAPH,DIRECT_VENDOR_API,public vendor API or vendor operation graph,yes,GENERAL_GRAPH_BACKEND_ABSENT,ALREADY_FOUND
aten_lerp_scalar_cpu,aten/src/ATen/native/cpu/LerpKernel.cpp,lerp_scalar_kernel,pass,1,0,cudnnPointwiseGraph_f32,COMPLETE_REWRITE_CANDIDATE,0,0,pointwise,cuDNN,Pointwise graph operation,FULL_GENERIC_API,whole,cuDNN exposes a broad fixed set of unary/binary/ternary pointwise modes,https://docs.nvidia.com/deeplearning/cudnn/latest/operations/operations.html,MULTI_NODE_LIBRARY_GRAPH,DIRECT_VENDOR_API,public vendor API or vendor operation graph,yes,GENERAL_GRAPH_BACKEND_ABSENT,ALREADY_FOUND
aten_lerp_tensor_cpu,aten/src/ATen/native/cpu/LerpKernel.cpp,lerp_tensor_kernel,pass,1,0,cudnnPointwiseGraph_f32,COMPLETE_REWRITE_CANDIDATE,0,0,pointwise,cuDNN,Pointwise graph operation,FULL_GENERIC_API,whole,cuDNN exposes a broad fixed set of unary/binary/ternary pointwise modes,https://docs.nvidia.com/deeplearning/cudnn/latest/operations/operations.html,MULTI_NODE_LIBRARY_GRAPH,DIRECT_VENDOR_API,public vendor API or vendor operation graph,yes,GENERAL_GRAPH_BACKEND_ABSENT,ALREADY_FOUND
aten_lgamma,aten/src/ATen/native/cpu/UnaryOpsKernel.cpp,lgamma_kernel,pass,1,0,,NONE,1,0,random_distribution,cuRAND,base RNG plus distribution transform,PARTIAL_API,random_draw_stage,cuRAND supplies random bits/uniform/normal draws but not this complete transform in its host API,https://docs.nvidia.com/cuda/curand/index.html,PARTIAL_STAGES,NO_IMPLEMENTATION,no emitted launch,no,API_BACKEND_ABSENT,COMPOSITION_REQUIRED_NOT_MATCHER_ONLY
aten_linalg_powsum_cpu,aten/src/ATen/native/LinearAlgebra.cpp,linalg__powsum,pass,2,0,memset_zero_1D_f32,PARTIAL_STAGE_ONLY,1,0,pointwise_reduction_formula,cuDNN,pointwise and reduction operation graph,FULL_GENERIC_API,whole,the complete formula can be assembled from documented cuDNN graph nodes,https://docs.nvidia.com/deeplearning/cudnn/latest/operations/operations.html,MULTI_NODE_LIBRARY_GRAPH,CUDA_RUNTIME_PRIMITIVE,CUDA copy or memset runtime primitive,yes,GENERAL_GRAPH_BACKEND_ABSENT,PARTIAL_MATCH_ONLY_RESIDUAL_IR_REMAINS
aten_linear_combination_cpu,aten/src/ATen/native/cpu/FunctionOfAMatrixUtilsKernel.cpp,_compute_linear_combination_cpu_kernel,pass,3,0,"cublasSgemv_T,cudaCopy1D_f32_tensor,memset_zero_1D_f32",COMPLETE_REWRITE_CANDIDATE,0,0,dense_vector_update,cuBLAS,cublasAxpy/cublasScal/cublasGemv,FULL_FIXED_API,whole,the extracted loop is a standard BLAS vector update,https://docs.nvidia.com/cuda/cublas/,SINGLE_FIXED_CALL,LIBRARY_API_COMPOSITION,public vendor API or vendor operation graph; CUDA copy or memset runtime primitive,yes,SELECTED_WRAPPERS_PRESENT,ALREADY_FOUND
aten_linspace,aten/src/ATen/native/cpu/RangeFactoriesKernel.cpp,linspace_kernel,pass,1,0,,NONE,1,0,tensor_initialization,CUDA Runtime,cudaMemset for zero only,PARTIAL_API,zero_fill_stage,general fill and sequence generation have no link-only runtime call,https://docs.nvidia.com/cuda/cuda-runtime-api/,PARTIAL_STAGES,NO_IMPLEMENTATION,no emitted launch,no,API_BACKEND_ABSENT,COMPOSITION_REQUIRED_NOT_MATCHER_ONLY
aten_log,aten/src/ATen/native/cpu/UnaryOpsKernel.cpp,log_kernel,pass,1,0,cutensorUnary_log_f32,COMPLETE_REWRITE_CANDIDATE,0,0,pointwise,cuDNN,Pointwise graph operation,FULL_GENERIC_API,whole,cuDNN exposes a broad fixed set of unary/binary/ternary pointwise modes,https://docs.nvidia.com/deeplearning/cudnn/latest/operations/operations.html,MULTI_NODE_LIBRARY_GRAPH,DIRECT_VENDOR_API,public vendor API or vendor operation graph,yes,GENERAL_GRAPH_BACKEND_ABSENT,ALREADY_FOUND
aten_log10,aten/src/ATen/native/cpu/UnaryOpsKernel.cpp,log10_kernel,pass,1,0,cudnnPointwiseGraph_f32,COMPLETE_REWRITE_CANDIDATE,0,0,pointwise,cuDNN,Pointwise graph operation,FULL_GENERIC_API,whole,cuDNN exposes a broad fixed set of unary/binary/ternary pointwise modes,https://docs.nvidia.com/deeplearning/cudnn/latest/operations/operations.html,MULTI_NODE_LIBRARY_GRAPH,DIRECT_VENDOR_API,public vendor API or vendor operation graph,yes,GENERAL_GRAPH_BACKEND_ABSENT,ALREADY_FOUND
aten_log1p,aten/src/ATen/native/cpu/UnaryOpsKernel.cpp,log1p_kernel,pass,1,0,cudnnPointwiseGraph_f32,COMPLETE_REWRITE_CANDIDATE,0,0,pointwise,cuDNN,Pointwise graph operation,FULL_GENERIC_API,whole,cuDNN exposes a broad fixed set of unary/binary/ternary pointwise modes,https://docs.nvidia.com/deeplearning/cudnn/latest/operations/operations.html,MULTI_NODE_LIBRARY_GRAPH,DIRECT_VENDOR_API,public vendor API or vendor operation graph,yes,GENERAL_GRAPH_BACKEND_ABSENT,ALREADY_FOUND
aten_log2,aten/src/ATen/native/cpu/UnaryOpsKernel.cpp,log2_kernel,pass,1,0,cudnnPointwiseGraph_f32,COMPLETE_REWRITE_CANDIDATE,0,0,pointwise,cuDNN,Pointwise graph operation,FULL_GENERIC_API,whole,cuDNN exposes a broad fixed set of unary/binary/ternary pointwise modes,https://docs.nvidia.com/deeplearning/cudnn/latest/operations/operations.html,MULTI_NODE_LIBRARY_GRAPH,DIRECT_VENDOR_API,public vendor API or vendor operation graph,yes,GENERAL_GRAPH_BACKEND_ABSENT,ALREADY_FOUND
aten_log_ndtr,aten/src/ATen/native/cpu/UnaryOpsKernel.cpp,log_ndtr_kernel,pass,1,0,,NONE,1,0,opaque_special_function,,none,NO_DIRECT_LIBRARY_API,none,the extraction calls an ATen scalar helper with no equivalent public NVIDIA tensor-library operation,,NONE,NO_IMPLEMENTATION,no emitted launch,no,NO_TENSOR_LIBRARY_API,NO_LIBRARY_MATCH_EXPECTED
aten_log_normal_cpu,aten/src/ATen/native/cpu/DistributionKernels.cpp,log_normal_kernel,pass,1,0,cudnnPointwiseGraph_f32,COMPLETE_REWRITE_CANDIDATE,0,0,random_generation,cuRAND,host/device generation APIs,FULL_FIXED_API,whole,"cuRAND directly provides uniform, normal, log-normal, Poisson, and Sobol generation",https://docs.nvidia.com/cuda/curand/index.html,SINGLE_FIXED_CALL,DIRECT_VENDOR_API,public vendor API or vendor operation graph,yes,API_BACKEND_ABSENT,ALREADY_FOUND
aten_log_sigmoid_backward_cpu,aten/src/ATen/native/cpu/Activation.cpp,log_sigmoid_backward_cpu_kernel,pass,1,0,cudnnPointwiseGraph_f32,COMPLETE_REWRITE_CANDIDATE,0,0,pointwise,cuDNN,Pointwise graph operation,FULL_GENERIC_API,whole,cuDNN exposes a broad fixed set of unary/binary/ternary pointwise modes,https://docs.nvidia.com/deeplearning/cudnn/latest/operations/operations.html,MULTI_NODE_LIBRARY_GRAPH,DIRECT_VENDOR_API,public vendor API or vendor operation graph,yes,GENERAL_GRAPH_BACKEND_ABSENT,ALREADY_FOUND
aten_log_sigmoid_cpu,aten/src/ATen/native/cpu/Activation.cpp,log_sigmoid_cpu_kernel,pass,1,0,cudnnLogSigmoid_f32_memref,COMPLETE_REWRITE_CANDIDATE,0,0,pointwise,cuDNN,Pointwise graph operation,FULL_GENERIC_API,whole,cuDNN exposes a broad fixed set of unary/binary/ternary pointwise modes,https://docs.nvidia.com/deeplearning/cudnn/latest/operations/operations.html,MULTI_NODE_LIBRARY_GRAPH,DIRECT_VENDOR_API,public vendor API or vendor operation graph,yes,SELECTED_WRAPPERS_PRESENT,ALREADY_FOUND
aten_logaddexp,aten/src/ATen/native/cpu/BinaryOpsKernel.cpp,logaddexp_kernel,pass,1,0,cudnnPointwiseGraph_f32,COMPLETE_REWRITE_CANDIDATE,0,0,pointwise_reduction_formula,cuDNN,pointwise and reduction operation graph,FULL_GENERIC_API,whole,the complete formula can be assembled from documented cuDNN graph nodes,https://docs.nvidia.com/deeplearning/cudnn/latest/operations/operations.html,MULTI_NODE_LIBRARY_GRAPH,DIRECT_VENDOR_API,public vendor API or vendor operation graph,yes,GENERAL_GRAPH_BACKEND_ABSENT,ALREADY_FOUND
aten_logaddexp2,aten/src/ATen/native/cpu/BinaryOpsKernel.cpp,logaddexp2_kernel,pass,1,0,cudnnPointwiseGraph_f32,COMPLETE_REWRITE_CANDIDATE,0,0,pointwise_reduction_formula,cuDNN,pointwise and reduction operation graph,FULL_GENERIC_API,whole,the complete formula can be assembled from documented cuDNN graph nodes,https://docs.nvidia.com/deeplearning/cudnn/latest/operations/operations.html,MULTI_NODE_LIBRARY_GRAPH,DIRECT_VENDOR_API,public vendor API or vendor operation graph,yes,GENERAL_GRAPH_BACKEND_ABSENT,ALREADY_FOUND
aten_logcumsumexp_cpu,aten/src/ATen/native/cpu/ReduceOpsKernel.cpp,logcumsumexp_cpu_kernel,pass,1,1,,NONE,1,1,scan,CUB,DeviceScan or DeviceSegmentedScan,FULL_GENERIC_API,whole,device-wide inclusive/exclusive and segmented scans are implemented,https://nvidia.github.io/cccl/cub/api/device.html,SINGLE_CONFIGURED_PRIMITIVE,NO_IMPLEMENTATION,no emitted launch,no,SELECTED_WRAPPERS_PRESENT,RAISING_BLOCKS_WHOLE_OP_RECOGNITION
aten_logical_and,aten/src/ATen/native/cpu/BinaryOpsKernel.cpp,logical_and_kernel,pass,1,0,,NONE,1,0,pointwise,cuDNN,Pointwise graph operation,FULL_GENERIC_API,whole,cuDNN exposes a broad fixed set of unary/binary/ternary pointwise modes,https://docs.nvidia.com/deeplearning/cudnn/latest/operations/operations.html,MULTI_NODE_LIBRARY_GRAPH,NO_IMPLEMENTATION,no emitted launch,no,GENERAL_GRAPH_BACKEND_ABSENT,BACKEND_AND_MATCHER_GAP
aten_logical_not_f32,aten/src/ATen/native/cpu/UnaryOpsKernel.cpp,logical_not_kernel,pass,1,0,,NONE,1,0,pointwise,cuDNN,Pointwise graph operation,FULL_GENERIC_API,whole,cuDNN exposes a broad fixed set of unary/binary/ternary pointwise modes,https://docs.nvidia.com/deeplearning/cudnn/latest/operations/operations.html,MULTI_NODE_LIBRARY_GRAPH,NO_IMPLEMENTATION,no emitted launch,no,GENERAL_GRAPH_BACKEND_ABSENT,BACKEND_AND_MATCHER_GAP
aten_logical_or,aten/src/ATen/native/cpu/BinaryOpsKernel.cpp,logical_or_kernel,pass,1,0,,NONE,1,0,pointwise,cuDNN,Pointwise graph operation,FULL_GENERIC_API,whole,cuDNN exposes a broad fixed set of unary/binary/ternary pointwise modes,https://docs.nvidia.com/deeplearning/cudnn/latest/operations/operations.html,MULTI_NODE_LIBRARY_GRAPH,NO_IMPLEMENTATION,no emitted launch,no,GENERAL_GRAPH_BACKEND_ABSENT,BACKEND_AND_MATCHER_GAP
aten_logical_xor,aten/src/ATen/native/cpu/BinaryOpsKernel.cpp,logical_xor_kernel,pass,1,0,,NONE,1,0,pointwise,cuDNN,Pointwise graph operation,FULL_GENERIC_API,whole,cuDNN exposes a broad fixed set of unary/binary/ternary pointwise modes,https://docs.nvidia.com/deeplearning/cudnn/latest/operations/operations.html,MULTI_NODE_LIBRARY_GRAPH,NO_IMPLEMENTATION,no emitted launch,no,GENERAL_GRAPH_BACKEND_ABSENT,BACKEND_AND_MATCHER_GAP
aten_logit,aten/src/ATen/native/cpu/UnaryOpsKernel.cpp,logit_kernel,pass,1,0,cudnnPointwiseGraph_f32,COMPLETE_REWRITE_CANDIDATE,0,0,pointwise_reduction_formula,cuDNN,pointwise and reduction operation graph,FULL_GENERIC_API,whole,the complete formula can be assembled from documented cuDNN graph nodes,https://docs.nvidia.com/deeplearning/cudnn/latest/operations/operations.html,MULTI_NODE_LIBRARY_GRAPH,DIRECT_VENDOR_API,public vendor API or vendor operation graph,yes,GENERAL_GRAPH_BACKEND_ABSENT,ALREADY_FOUND
aten_logit_backward,aten/src/ATen/native/cpu/BinaryOpsKernel.cpp,logit_backward_kernel,pass,1,0,cudnnPointwiseGraph_f32,COMPLETE_REWRITE_CANDIDATE,0,0,pointwise_reduction_formula,cuDNN,pointwise and reduction operation graph,FULL_GENERIC_API,whole,the complete formula can be assembled from documented cuDNN graph nodes,https://docs.nvidia.com/deeplearning/cudnn/latest/operations/operations.html,MULTI_NODE_LIBRARY_GRAPH,DIRECT_VENDOR_API,public vendor API or vendor operation graph,yes,GENERAL_GRAPH_BACKEND_ABSENT,ALREADY_FOUND
aten_logspace_cpu,aten/src/ATen/native/RangeFactories.cpp,logspace_out,pass,1,0,,NONE,1,0,tensor_initialization,CUDA Runtime,cudaMemset for zero only,PARTIAL_API,zero_fill_stage,general fill and sequence generation have no link-only runtime call,https://docs.nvidia.com/cuda/cuda-runtime-api/,PARTIAL_STAGES,NO_IMPLEMENTATION,no emitted launch,no,API_BACKEND_ABSENT,COMPOSITION_REQUIRED_NOT_MATCHER_ONLY
aten_lower_bound_cpu,aten/src/ATen/native/Bucketization.cpp,cus_lower_bound,pass,0,2,,NONE,0,2,search,CUB,DeviceRadixSort building block,PARTIAL_API,sort_stage,CUB has ordering primitives but no direct vectorized binary-search call,https://nvidia.github.io/cccl/cub/api/device.html,PARTIAL_STAGES,NO_IMPLEMENTATION,no emitted launch,no,API_BACKEND_ABSENT,RAISING_BLOCKS_WHOLE_OP_RECOGNITION
aten_lshift_i32,aten/src/ATen/native/cpu/BinaryOpsKernel.cpp,lshift_kernel,pass,1,0,,NONE,1,0,variable_bit_shift,,none,NO_DIRECT_LIBRARY_API,none,"NPP exposes constant-shift signal calls, but this fixture supplies a distinct shift count for every element",,NONE,NO_IMPLEMENTATION,no emitted launch,no,NO_TENSOR_LIBRARY_API,NO_LIBRARY_MATCH_EXPECTED
aten_lt,aten/src/ATen/native/cpu/BinaryOpsKernel.cpp,lt_kernel,pass,1,0,,NONE,1,0,pointwise,cuDNN,relational or MIN/MAX pointwise graph operation,FULL_GENERIC_API,whole,cuDNN has fixed relational and elementwise min/max pointwise modes,https://docs.nvidia.com/deeplearning/cudnn/latest/operations/operations.html,MULTI_NODE_LIBRARY_GRAPH,NO_IMPLEMENTATION,no emitted launch,no,GENERAL_GRAPH_BACKEND_ABSENT,BACKEND_AND_MATCHER_GAP
aten_masked_fill_cpu,aten/src/ATen/native/cpu/IndexKernel.cpp,masked_fill_kernel,pass,1,0,,NONE,1,0,tensor_initialization,CUDA Runtime,cudaMemset for zero only,PARTIAL_API,zero_fill_stage,general fill and sequence generation have no link-only runtime call,https://docs.nvidia.com/cuda/cuda-runtime-api/,PARTIAL_STAGES,NO_IMPLEMENTATION,no emitted launch,no,API_BACKEND_ABSENT,COMPOSITION_REQUIRED_NOT_MATCHER_ONLY
aten_masked_scale,aten/src/ATen/native/cpu/AmpGradScalerKernels.cpp,_amp_foreach_non_finite_check_and_unscale_cpu_kernel,pass,1,0,cudnnPointwiseGraph_f32,COMPLETE_REWRITE_CANDIDATE,0,0,pointwise_formula,cuDNN,multi-node pointwise graph,FULL_GENERIC_API,whole,"the formula is composed entirely from supported arithmetic, comparison, selection, and activation nodes",https://docs.nvidia.com/deeplearning/cudnn/latest/operations/operations.html,MULTI_NODE_LIBRARY_GRAPH,DIRECT_VENDOR_API,public vendor API or vendor operation graph,yes,GENERAL_GRAPH_BACKEND_ABSENT,ALREADY_FOUND
aten_masked_scatter_backward_cpu,aten/src/ATen/native/TensorAdvancedIndexing.cpp,masked_scatter_backward_symint,pass,0,1,,NONE,0,1,indexed_scatter_reduce,CUB,sort/reduce-by-key plus scatter,PARTIAL_API,stages,collision-aware scatter needs ordering/reduction composition,https://nvidia.github.io/cccl/cub/api/device.html,PARTIAL_STAGES,NO_IMPLEMENTATION,no emitted launch,no,API_BACKEND_ABSENT,RAISING_BLOCKS_WHOLE_OP_RECOGNITION
aten_masked_scatter_cpu,aten/src/ATen/native/cpu/IndexKernel.cpp,masked_scatter_kernel,pass,0,1,,NONE,0,1,indexed_data_movement,CUB,DeviceSelect/sort building blocks,PARTIAL_API,selection_or_sort_stage,CUB does not expose a complete arbitrary gather/scatter tensor call,https://nvidia.github.io/cccl/cub/api/device.html,PARTIAL_STAGES,NO_IMPLEMENTATION,no emitted launch,no,API_BACKEND_ABSENT,RAISING_BLOCKS_WHOLE_OP_RECOGNITION
aten_masked_select_cpu,aten/src/ATen/native/cpu/IndexKernel.cpp,masked_select_kernel,pass,0,1,,NONE,0,1,indexed_data_movement,CUB,DeviceSelect/sort building blocks,PARTIAL_API,selection_or_sort_stage,CUB does not expose a complete arbitrary gather/scatter tensor call,https://nvidia.github.io/cccl/cub/api/device.html,PARTIAL_STAGES,NO_IMPLEMENTATION,no emitted launch,no,API_BACKEND_ABSENT,RAISING_BLOCKS_WHOLE_OP_RECOGNITION
aten_masked_select_serial_cpu,aten/src/ATen/native/cpu/IndexKernel.cpp,masked_select_serial_kernel,pass,0,1,,NONE,0,1,indexed_data_movement,CUB,DeviceSelect/sort building blocks,PARTIAL_API,selection_or_sort_stage,CUB does not expose a complete arbitrary gather/scatter tensor call,https://nvidia.github.io/cccl/cub/api/device.html,PARTIAL_STAGES,NO_IMPLEMENTATION,no emitted launch,no,API_BACKEND_ABSENT,RAISING_BLOCKS_WHOLE_OP_RECOGNITION
aten_max_all_cpu,aten/src/ATen/native/cpu/ReduceAllOpsKernel.cpp,max_all_kernel_impl,pass,1,0,cudnnReduceMax_f32,COMPLETE_REWRITE_CANDIDATE,0,0,reduction,CUB,DeviceReduce or DeviceSegmentedReduce,FULL_GENERIC_API,whole,associative tensor reduction maps to a device-wide primitive,https://nvidia.github.io/cccl/cub/api/device.html,SINGLE_CONFIGURED_PRIMITIVE,DIRECT_VENDOR_API,public vendor API or vendor operation graph,yes,API_BACKEND_ABSENT,ALREADY_FOUND
aten_max_pool1d_cpu,aten/src/ATen/native/cpu/MaxPooling.cpp,max_pool1d_impl,pass,5,1,cudaCopy1D_f32_tensor,PARTIAL_STAGE_ONLY,1,1,pooling_with_indices,CUB,DeviceSegmentedReduce::ArgMax,PARTIAL_API,window_reduction,the fixture returns both pooled values and ATen indices; cuDNN pooling does not expose that index output,https://nvidia.github.io/cccl/cub/api/device.html,PARTIAL_STAGES,CUDA_RUNTIME_PRIMITIVE,CUDA copy or memset runtime primitive,yes,API_BACKEND_ABSENT,PARTIAL_MATCH_ONLY_RESIDUAL_IR_REMAINS
aten_max_pool2d,aten/src/ATen/native/cpu/MaxPoolKernel.cpp,max_pool2d,pass,2,0,cudnnMaxPoolFwd_batched,COMPLETE_REWRITE_CANDIDATE,0,0,pooling,cuDNN Resample,ResampleFwd/ResampleBwd,FULL_FIXED_API,whole,cuDNN resample directly supports regular average/max pooling,https://docs.nvidia.com/deeplearning/cudnn/latest/operations/Resampling.html,SINGLE_FIXED_CALL,DIRECT_VENDOR_API,public vendor API or vendor operation graph,yes,SELECTED_WRAPPERS_PRESENT,ALREADY_FOUND
aten_max_pool3d_backward_cpu,aten/src/ATen/native/cpu/MaxPoolKernel.cpp,max_pool3d_backward_kernel_impl,pass,1,4,memset_zero_1D_f32,PARTIAL_STAGE_ONLY,0,4,pooling,cuDNN Resample,ResampleFwd/ResampleBwd,FULL_FIXED_API,whole,cuDNN resample directly supports regular average/max pooling,https://docs.nvidia.com/deeplearning/cudnn/latest/operations/Resampling.html,SINGLE_FIXED_CALL,CUDA_RUNTIME_PRIMITIVE,CUDA copy or memset runtime primitive,yes,SELECTED_WRAPPERS_PRESENT,PARTIAL_MATCH_ONLY_RESIDUAL_IR_REMAINS
aten_max_pool3d_cpu,aten/src/ATen/native/cpu/MaxPoolKernel.cpp,max_pool3d_kernel_impl,pass,5,6,cudaCopy1D_f32_tensor,PARTIAL_STAGE_ONLY,1,3,pooling,cuDNN Resample,ResampleFwd/ResampleBwd,FULL_FIXED_API,whole,cuDNN resample directly supports regular average/max pooling,https://docs.nvidia.com/deeplearning/cudnn/latest/operations/Resampling.html,SINGLE_FIXED_CALL,CUDA_RUNTIME_PRIMITIVE,CUDA copy or memset runtime primitive,yes,SELECTED_WRAPPERS_PRESENT,PARTIAL_MATCH_ONLY_RESIDUAL_IR_REMAINS
aten_max_reduce_cpu,aten/src/ATen/native/cpu/TensorCompareKernel.cpp,max_kernel_impl,pass,1,0,cudnnReduceMax_f32,COMPLETE_REWRITE_CANDIDATE,0,0,reduction,CUB,DeviceReduce or DeviceSegmentedReduce,FULL_GENERIC_API,whole,associative tensor reduction maps to a device-wide primitive,https://nvidia.github.io/cccl/cub/api/device.html,SINGLE_CONFIGURED_PRIMITIVE,DIRECT_VENDOR_API,public vendor API or vendor operation graph,yes,API_BACKEND_ABSENT,ALREADY_FOUND
aten_max_unpool2d_cpu,aten/src/ATen/native/cpu/MaxUnpoolKernel.cpp,max_unpool2d_kernel_impl,pass,1,2,memset_zero_1D_f32,PARTIAL_STAGE_ONLY,0,2,indexed_scatter,CUDA Runtime,cudaMemset plus residual scatter,PARTIAL_API,initialization_stage,zero-fill is available but indexed scatter has no link-only library call,https://docs.nvidia.com/cuda/cuda-runtime-api/,PARTIAL_STAGES,CUDA_RUNTIME_PRIMITIVE,CUDA copy or memset runtime primitive,yes,API_BACKEND_ABSENT,PARTIAL_MATCH_ONLY_RESIDUAL_IR_REMAINS
aten_max_unpool3d_cpu,aten/src/ATen/native/cpu/MaxUnpoolKernel.cpp,max_unpool3d_kernel_impl,pass,1,2,memset_zero_1D_f32,PARTIAL_STAGE_ONLY,0,2,indexed_scatter,CUDA Runtime,cudaMemset plus residual scatter,PARTIAL_API,initialization_stage,zero-fill is available but indexed scatter has no link-only library call,https://docs.nvidia.com/cuda/cuda-runtime-api/,PARTIAL_STAGES,CUDA_RUNTIME_PRIMITIVE,CUDA copy or memset runtime primitive,yes,API_BACKEND_ABSENT,PARTIAL_MATCH_ONLY_RESIDUAL_IR_REMAINS
aten_max_unpool_backward_cpu,aten/src/ATen/native/cpu/MaxUnpoolKernel.cpp,cpu_max_unpool_backward,pass,1,0,,NONE,1,0,indexed_scatter,CUDA Runtime,cudaMemset plus residual scatter,PARTIAL_API,initialization_stage,zero-fill is available but indexed scatter has no link-only library call,https://docs.nvidia.com/cuda/cuda-runtime-api/,PARTIAL_STAGES,NO_IMPLEMENTATION,no emitted launch,no,API_BACKEND_ABSENT,COMPOSITION_REQUIRED_NOT_MATCHER_ONLY
aten_max_values_cpu,aten/src/ATen/native/cpu/ReduceOpsKernel.cpp,max_values_kernel_impl,pass,2,0,cubSegmentedMax_f32_memref,COMPLETE_REWRITE_CANDIDATE,0,0,reduction,CUB,DeviceReduce or DeviceSegmentedReduce,FULL_GENERIC_API,whole,associative tensor reduction maps to a device-wide primitive,https://nvidia.github.io/cccl/cub/api/device.html,SINGLE_CONFIGURED_PRIMITIVE,STANDARD_LIBRARY_ALGORITHM,preimplemented CUB device algorithm,yes,API_BACKEND_ABSENT,ALREADY_FOUND
aten_maximum,aten/src/ATen/native/cpu/BinaryOpsKernel.cpp,maximum_kernel,pass,1,0,cudnnPointwiseGraph_f32,COMPLETE_REWRITE_CANDIDATE,0,0,pointwise,cuDNN,Pointwise graph operation,FULL_GENERIC_API,whole,cuDNN exposes a broad fixed set of unary/binary/ternary pointwise modes,https://docs.nvidia.com/deeplearning/cudnn/latest/operations/operations.html,MULTI_NODE_LIBRARY_GRAPH,DIRECT_VENDOR_API,public vendor API or vendor operation graph,yes,GENERAL_GRAPH_BACKEND_ABSENT,ALREADY_FOUND
aten_mean,aten/src/ATen/native/ReduceOps.cpp,mean,pass,1,0,cudnnReduceSum_f64,COMPLETE_REWRITE_CANDIDATE,0,0,reduction,NPP,signal statistics/norm APIs,FULL_FIXED_API,whole,"NPP exposes mean, standard deviation, norm, dot, min/max, and sum operations",https://docs.nvidia.com/cuda/npp/index.html,SINGLE_FIXED_CALL,DIRECT_VENDOR_API,public vendor API or vendor operation graph,yes,API_BACKEND_ABSENT,ALREADY_FOUND
aten_median_indices_cpu,aten/src/ATen/native/Sorting.cpp,median_with_indices_impl,pass,2,3,cudaCopy1D_f32_tensor,PARTIAL_STAGE_ONLY,1,3,ordering_selection,CUB,DeviceRadixSort/MergeSort/TopK/Select/RunLengthEncode,FULL_GENERIC_API,whole,CUB provides device-wide ordering and selection primitives,https://nvidia.github.io/cccl/cub/api/device.html,SINGLE_CONFIGURED_PRIMITIVE,CUDA_RUNTIME_PRIMITIVE,CUDA copy or memset runtime primitive,yes,API_BACKEND_ABSENT,PARTIAL_MATCH_ONLY_RESIDUAL_IR_REMAINS
aten_min_all_cpu,aten/src/ATen/native/cpu/ReduceAllOpsKernel.cpp,min_all_kernel_impl,pass,1,0,cudnnReduceMin_f32,COMPLETE_REWRITE_CANDIDATE,0,0,reduction,CUB,DeviceReduce or DeviceSegmentedReduce,FULL_GENERIC_API,whole,associative tensor reduction maps to a device-wide primitive,https://nvidia.github.io/cccl/cub/api/device.html,SINGLE_CONFIGURED_PRIMITIVE,DIRECT_VENDOR_API,public vendor API or vendor operation graph,yes,API_BACKEND_ABSENT,ALREADY_FOUND
aten_min_reduce_cpu,aten/src/ATen/native/cpu/TensorCompareKernel.cpp,min_kernel_impl,pass,1,0,cudnnReduceMin_f32,COMPLETE_REWRITE_CANDIDATE,0,0,reduction,CUB,DeviceReduce or DeviceSegmentedReduce,FULL_GENERIC_API,whole,associative tensor reduction maps to a device-wide primitive,https://nvidia.github.io/cccl/cub/api/device.html,SINGLE_CONFIGURED_PRIMITIVE,DIRECT_VENDOR_API,public vendor API or vendor operation graph,yes,API_BACKEND_ABSENT,ALREADY_FOUND
aten_min_values_cpu,aten/src/ATen/native/cpu/ReduceOpsKernel.cpp,min_values_kernel_impl,pass,2,0,cubSegmentedMin_f32_memref,COMPLETE_REWRITE_CANDIDATE,0,0,reduction,CUB,DeviceReduce or DeviceSegmentedReduce,FULL_GENERIC_API,whole,associative tensor reduction maps to a device-wide primitive,https://nvidia.github.io/cccl/cub/api/device.html,SINGLE_CONFIGURED_PRIMITIVE,STANDARD_LIBRARY_ALGORITHM,preimplemented CUB device algorithm,yes,API_BACKEND_ABSENT,ALREADY_FOUND
aten_minimum,aten/src/ATen/native/cpu/BinaryOpsKernel.cpp,minimum_kernel,pass,1,0,cudnnPointwiseGraph_f32,COMPLETE_REWRITE_CANDIDATE,0,0,pointwise,cuDNN,Pointwise graph operation,FULL_GENERIC_API,whole,cuDNN exposes a broad fixed set of unary/binary/ternary pointwise modes,https://docs.nvidia.com/deeplearning/cudnn/latest/operations/operations.html,MULTI_NODE_LIBRARY_GRAPH,DIRECT_VENDOR_API,public vendor API or vendor operation graph,yes,GENERAL_GRAPH_BACKEND_ABSENT,ALREADY_FOUND
aten_mish,aten/src/ATen/native/cpu/Activation.cpp,mish_kernel,pass,1,0,cutensorUnary_mish_f32,COMPLETE_REWRITE_CANDIDATE,0,0,pointwise_formula,cuDNN,multi-node pointwise graph,FULL_GENERIC_API,whole,"the formula is composed entirely from supported arithmetic, comparison, selection, and activation nodes",https://docs.nvidia.com/deeplearning/cudnn/latest/operations/operations.html,MULTI_NODE_LIBRARY_GRAPH,DIRECT_VENDOR_API,public vendor API or vendor operation graph,yes,GENERAL_GRAPH_BACKEND_ABSENT,ALREADY_FOUND
aten_mish_backward,aten/src/ATen/native/cpu/Activation.cpp,mish_backward_kernel,pass,1,0,cudnnPointwiseGraph_f32,COMPLETE_REWRITE_CANDIDATE,0,0,pointwise_formula,cuDNN,multi-node pointwise graph,FULL_GENERIC_API,whole,"the formula is composed entirely from supported arithmetic, comparison, selection, and activation nodes",https://docs.nvidia.com/deeplearning/cudnn/latest/operations/operations.html,MULTI_NODE_LIBRARY_GRAPH,DIRECT_VENDOR_API,public vendor API or vendor operation graph,yes,GENERAL_GRAPH_BACKEND_ABSENT,ALREADY_FOUND
aten_mm,aten/src/ATen/native/LinearAlgebra.cpp,TORCH_IMPL_FUNC(mm_out_cpu),pass,2,0,"cublasDgemm_simple,memset_zero_2D",COMPLETE_REWRITE_CANDIDATE,0,0,dense_linear_algebra,cuBLAS,cuBLAS Level-1/2/3 or cuBLASLt Matmul,FULL_FIXED_API,whole,standard vector/matrix product or update,https://docs.nvidia.com/cuda/cublas/,SINGLE_FIXED_CALL,LIBRARY_API_COMPOSITION,public vendor API or vendor operation graph; CUDA copy or memset runtime primitive,yes,SELECTED_WRAPPERS_PRESENT,ALREADY_FOUND
aten_mode_cpu,aten/src/ATen/native/cpu/TensorCompareKernel.cpp,mode_kernel_impl,pass,3,2,cudaCopy1D_f32_tensor,PARTIAL_STAGE_ONLY,2,2,statistical_mode,CUB,DeviceRadixSort plus DeviceRunLengthEncode/Reduce,PARTIAL_API,sort_and_count_stages,CUB supplies the sort and run counting stages but not one mode call with ATen tie/index semantics,https://nvidia.github.io/cccl/cub/api/device.html,PARTIAL_STAGES,CUDA_RUNTIME_PRIMITIVE,CUDA copy or memset runtime primitive,yes,API_BACKEND_ABSENT,PARTIAL_MATCH_ONLY_RESIDUAL_IR_REMAINS
aten_modified_bessel_i0,aten/src/ATen/native/cpu/UnaryOpsKernel.cpp,modified_bessel_i0_kernel,pass,1,0,,NONE,1,0,special_function,,CUDA Math/libdevice scalar function,NO_DIRECT_LIBRARY_API,scalar_only,"a device scalar function may exist, but not a fixed tensor-library launch",,NONE,NO_IMPLEMENTATION,no emitted launch,no,NO_TENSOR_LIBRARY_API,NO_LIBRARY_MATCH_EXPECTED
aten_modified_bessel_i1,aten/src/ATen/native/cpu/UnaryOpsKernel.cpp,modified_bessel_i1_kernel,pass,1,0,,NONE,1,0,special_function,,CUDA Math/libdevice scalar function,NO_DIRECT_LIBRARY_API,scalar_only,"a device scalar function may exist, but not a fixed tensor-library launch",,NONE,NO_IMPLEMENTATION,no emitted launch,no,NO_TENSOR_LIBRARY_API,NO_LIBRARY_MATCH_EXPECTED
aten_modified_bessel_k0,aten/src/ATen/native/cpu/UnaryOpsKernel.cpp,modified_bessel_k0_kernel,pass,1,0,,NONE,1,0,special_function,,CUDA Math/libdevice scalar function,NO_DIRECT_LIBRARY_API,scalar_only,"a device scalar function may exist, but not a fixed tensor-library launch",,NONE,NO_IMPLEMENTATION,no emitted launch,no,NO_TENSOR_LIBRARY_API,NO_LIBRARY_MATCH_EXPECTED
aten_modified_bessel_k1,aten/src/ATen/native/cpu/UnaryOpsKernel.cpp,modified_bessel_k1_kernel,pass,1,0,,NONE,1,0,special_function,,CUDA Math/libdevice scalar function,NO_DIRECT_LIBRARY_API,scalar_only,"a device scalar function may exist, but not a fixed tensor-library launch",,NONE,NO_IMPLEMENTATION,no emitted launch,no,NO_TENSOR_LIBRARY_API,NO_LIBRARY_MATCH_EXPECTED
aten_mse_backward,aten/src/ATen/native/cpu/PointwiseOpsKernel.cpp,mse_backward_cpu_kernel,pass,1,0,cudnnPointwiseGraph_f32,COMPLETE_REWRITE_CANDIDATE,0,0,pointwise_formula,cuDNN,multi-node pointwise graph,FULL_GENERIC_API,whole,"the formula is composed entirely from supported arithmetic, comparison, selection, and activation nodes",https://docs.nvidia.com/deeplearning/cudnn/latest/operations/operations.html,MULTI_NODE_LIBRARY_GRAPH,DIRECT_VENDOR_API,public vendor API or vendor operation graph,yes,GENERAL_GRAPH_BACKEND_ABSENT,ALREADY_FOUND
aten_mse_elementwise,aten/src/ATen/native/cpu/BinaryOpsKernel.cpp,mse_kernel,pass,1,0,cudnnPointwiseGraph_f32,COMPLETE_REWRITE_CANDIDATE,0,0,pointwise_formula,cuDNN,multi-node pointwise graph,FULL_GENERIC_API,whole,"the formula is composed entirely from supported arithmetic, comparison, selection, and activation nodes",https://docs.nvidia.com/deeplearning/cudnn/latest/operations/operations.html,MULTI_NODE_LIBRARY_GRAPH,DIRECT_VENDOR_API,public vendor API or vendor operation graph,yes,GENERAL_GRAPH_BACKEND_ABSENT,ALREADY_FOUND
aten_mse_loss,aten/src/ATen/native/Loss.cpp,mse_loss,pass,2,0,"cudnnPointwiseGraph_f32,cudnnReduceSum_f32",COMPLETE_REWRITE_CANDIDATE,0,0,pointwise_formula,cuDNN,multi-node pointwise graph,FULL_GENERIC_API,whole,"the formula is composed entirely from supported arithmetic, comparison, selection, and activation nodes",https://docs.nvidia.com/deeplearning/cudnn/latest/operations/operations.html,MULTI_NODE_LIBRARY_GRAPH,DIRECT_VENDOR_API,public vendor API or vendor operation graph,yes,GENERAL_GRAPH_BACKEND_ABSENT,ALREADY_FOUND
aten_mul,aten/src/ATen/native/cpu/BinaryOpsKernel.cpp,mul_kernel,pass,1,0,cudnnPointwiseGraph_f32,COMPLETE_REWRITE_CANDIDATE,0,0,pointwise,cuDNN,Pointwise graph operation,FULL_GENERIC_API,whole,cuDNN exposes a broad fixed set of unary/binary/ternary pointwise modes,https://docs.nvidia.com/deeplearning/cudnn/latest/operations/operations.html,MULTI_NODE_LIBRARY_GRAPH,DIRECT_VENDOR_API,public vendor API or vendor operation graph,yes,GENERAL_GRAPH_BACKEND_ABSENT,ALREADY_FOUND
aten_multi_margin_loss_backward_cpu,aten/src/ATen/native/LossMultiMargin.cpp,multi_margin_loss_backward_cpu_kernel,pass,1,2,memset_zero_1D_f32,PARTIAL_STAGE_ONLY,0,2,loss,cuDNN,pointwise+reduction graph,PARTIAL_API,stages,primitive nodes exist but there is no matching single public loss operation,https://docs.nvidia.com/deeplearning/cudnn/latest/operations/operations.html,PARTIAL_STAGES,CUDA_RUNTIME_PRIMITIVE,CUDA copy or memset runtime primitive,yes,GENERAL_GRAPH_BACKEND_ABSENT,PARTIAL_MATCH_ONLY_RESIDUAL_IR_REMAINS
aten_multi_margin_loss_cpu,aten/src/ATen/native/LossMultiMargin.cpp,multi_margin_loss_cpu_kernel,pass,1,1,,NONE,1,1,loss,cuDNN,pointwise+reduction graph,PARTIAL_API,stages,primitive nodes exist but there is no matching single public loss operation,https://docs.nvidia.com/deeplearning/cudnn/latest/operations/operations.html,PARTIAL_STAGES,NO_IMPLEMENTATION,no emitted launch,no,GENERAL_GRAPH_BACKEND_ABSENT,RAISING_BLOCKS_WHOLE_OP_RECOGNITION
aten_multilabel_margin_loss_backward_cpu,aten/src/ATen/native/LossMultiLabelMargin.cpp,multilabel_margin_loss_backward_out_frame,pass,3,3,memset_zero_1D_f32,PARTIAL_STAGE_ONLY,2,3,loss,cuDNN,pointwise+reduction graph,PARTIAL_API,stages,primitive nodes exist but there is no matching single public loss operation,https://docs.nvidia.com/deeplearning/cudnn/latest/operations/operations.html,PARTIAL_STAGES,CUDA_RUNTIME_PRIMITIVE,CUDA copy or memset runtime primitive,yes,GENERAL_GRAPH_BACKEND_ABSENT,PARTIAL_MATCH_ONLY_RESIDUAL_IR_REMAINS
aten_multilabel_margin_loss_forward_cpu,aten/src/ATen/native/LossMultiLabelMargin.cpp,multilabel_margin_loss_forward_out_frame,pass,1,3,,NONE,1,3,loss,cuDNN,pointwise+reduction graph,PARTIAL_API,stages,primitive nodes exist but there is no matching single public loss operation,https://docs.nvidia.com/deeplearning/cudnn/latest/operations/operations.html,PARTIAL_STAGES,NO_IMPLEMENTATION,no emitted launch,no,GENERAL_GRAPH_BACKEND_ABSENT,RAISING_BLOCKS_WHOLE_OP_RECOGNITION
aten_multinomial_with_replacement_cpu,aten/src/ATen/native/cpu/MultinomialKernel.cpp,multinomial_with_replacement_kernel_impl,pass,1,3,,NONE,1,3,categorical_sampling,CUB,segmented scan,PARTIAL_API,stages,"scan and search primitives exist, but sampling and batching require composition",https://nvidia.github.io/cccl/cub/api/device.html,PARTIAL_STAGES,NO_IMPLEMENTATION,no emitted launch,no,API_BACKEND_ABSENT,RAISING_BLOCKS_WHOLE_OP_RECOGNITION
aten_mv,aten/src/ATen/native/Blas.cpp,Tensor &mv_out,pass,1,0,cublasDgemv,COMPLETE_REWRITE_CANDIDATE,0,0,dense_linear_algebra,cuBLAS,cuBLAS Level-1/2/3 or cuBLASLt Matmul,FULL_FIXED_API,whole,standard vector/matrix product or update,https://docs.nvidia.com/cuda/cublas/,SINGLE_FIXED_CALL,DIRECT_VENDOR_API,public vendor API or vendor operation graph,yes,SELECTED_WRAPPERS_PRESENT,ALREADY_FOUND
aten_nan_to_num,aten/src/ATen/native/cpu/UnaryOpsKernel.cpp,nan_to_num_kernel,pass,1,0,,NONE,1,0,pointwise_formula,cuDNN,multi-node pointwise graph,FULL_GENERIC_API,whole,"the formula is composed entirely from supported arithmetic, comparison, selection, and activation nodes",https://docs.nvidia.com/deeplearning/cudnn/latest/operations/operations.html,MULTI_NODE_LIBRARY_GRAPH,NO_IMPLEMENTATION,no emitted launch,no,GENERAL_GRAPH_BACKEND_ABSENT,BACKEND_AND_MATCHER_GAP
aten_nansum_cpu,aten/src/ATen/native/cpu/SumKernel.cpp,nansum_kernel_impl,pass,2,0,cubSegmentedNanSum_f32_memref,COMPLETE_REWRITE_CANDIDATE,0,0,nan_ignoring_reduction,CUB,transform iterator plus DeviceSegmentedReduce::Sum,FULL_GENERIC_API,whole,a transform iterator maps source NaNs to the additive identity before segmented sum,https://nvidia.github.io/cccl/cub/api/device.html,MULTI_NODE_LIBRARY_GRAPH,STANDARD_LIBRARY_ALGORITHM,preimplemented CUB device algorithm,yes,SELECTED_WRAPPERS_PRESENT,ALREADY_FOUND
aten_narrow_copy_dense_cpu,aten/src/ATen/native/TensorShape.cpp,narrow_copy_dense_cpu_out,pass,1,0,cudaCopy2D_f32_tensor,COMPLETE_REWRITE_CANDIDATE,0,0,tensor_permutation,cuTENSOR,cutensorPermute,FULL_GENERIC_API,whole,mode permutation/broadcast covers regular affine layouts,https://docs.nvidia.com/cuda/cutensor/latest/api/cutensor.html,SINGLE_CONFIGURED_PRIMITIVE,CUDA_RUNTIME_PRIMITIVE,CUDA copy or memset runtime primitive,yes,SELECTED_WRAPPERS_PRESENT,ALREADY_FOUND
aten_ndtri,aten/src/ATen/native/cpu/UnaryOpsKernel.cpp,ndtri_kernel,pass,1,0,,NONE,1,0,special_function,,CUDA Math/libdevice scalar function,NO_DIRECT_LIBRARY_API,scalar_only,"a device scalar function may exist, but not a fixed tensor-library launch",,NONE,NO_IMPLEMENTATION,no emitted launch,no,NO_TENSOR_LIBRARY_API,NO_LIBRARY_MATCH_EXPECTED
aten_ne,aten/src/ATen/native/cpu/BinaryOpsKernel.cpp,ne_kernel,pass,1,0,,NONE,1,0,pointwise,cuDNN,relational or MIN/MAX pointwise graph operation,FULL_GENERIC_API,whole,cuDNN has fixed relational and elementwise min/max pointwise modes,https://docs.nvidia.com/deeplearning/cudnn/latest/operations/operations.html,MULTI_NODE_LIBRARY_GRAPH,NO_IMPLEMENTATION,no emitted launch,no,GENERAL_GRAPH_BACKEND_ABSENT,BACKEND_AND_MATCHER_GAP
aten_neg,aten/src/ATen/native/cpu/UnaryOpsKernel.cpp,neg_kernel,pass,1,0,cutensorUnary_neg_f32,COMPLETE_REWRITE_CANDIDATE,0,0,pointwise,cuDNN,Pointwise graph operation,FULL_GENERIC_API,whole,cuDNN exposes a broad fixed set of unary/binary/ternary pointwise modes,https://docs.nvidia.com/deeplearning/cudnn/latest/operations/operations.html,MULTI_NODE_LIBRARY_GRAPH,DIRECT_VENDOR_API,public vendor API or vendor operation graph,yes,GENERAL_GRAPH_BACKEND_ABSENT,ALREADY_FOUND
aten_nested_all_cpu,aten/src/ATen/native/nested/NestedTensorMath.cpp,NestedTensor_all,pass,2,0,cubSegmentedPrefixLogicalAnd_i32,COMPLETE_REWRITE_CANDIDATE,0,0,reduction,CUB,DeviceReduce or DeviceSegmentedReduce,FULL_GENERIC_API,whole,associative tensor reduction maps to a device-wide primitive,https://nvidia.github.io/cccl/cub/api/device.html,SINGLE_CONFIGURED_PRIMITIVE,STANDARD_LIBRARY_ALGORITHM,preimplemented CUB device algorithm,yes,API_BACKEND_ABSENT,ALREADY_FOUND
aten_nested_batch_offsets_cpu,aten/src/ATen/native/nested/NestedTensorTransformerFunctions.cpp,NestedTensor_batch_offsets_from_size_tensor,pass,1,0,cubExclusiveSum1D_i32_memref,COMPLETE_REWRITE_CANDIDATE,0,0,scan,CUB,DeviceScan or DeviceSegmentedScan,FULL_GENERIC_API,whole,device-wide inclusive/exclusive and segmented scans are implemented,https://nvidia.github.io/cccl/cub/api/device.html,SINGLE_CONFIGURED_PRIMITIVE,STANDARD_LIBRARY_ALGORITHM,preimplemented CUB device algorithm,yes,SELECTED_WRAPPERS_PRESENT,ALREADY_FOUND
aten_nested_bmm_cpu,aten/src/ATen/native/nested/NestedTensorMatmul.cpp,bmm_nested,pass,2,0,cublasSgemm_strided_batched_nn_zero,COMPLETE_REWRITE_CANDIDATE,0,0,dense_linear_algebra,cuBLAS,cuBLAS Level-1/2/3 or cuBLASLt Matmul,FULL_FIXED_API,whole,standard vector/matrix product or update,https://docs.nvidia.com/cuda/cublas/,SINGLE_FIXED_CALL,DIRECT_VENDOR_API,public vendor API or vendor operation graph,yes,SELECTED_WRAPPERS_PRESENT,ALREADY_FOUND
aten_nested_clone_cpu,aten/src/ATen/native/nested/NestedTensorFactories.cpp,clone_nested,pass,1,0,cudaCopy2D_f32_tensor,COMPLETE_REWRITE_CANDIDATE,0,0,data_movement,CUDA Runtime,cudaMemcpyAsync,FULL_GENERIC_API,whole,the standalone operation copies or reinterprets nested storage metadata,https://docs.nvidia.com/cuda/cuda-runtime-api/,MULTI_NODE_LIBRARY_GRAPH,CUDA_RUNTIME_PRIMITIVE,CUDA copy or memset runtime primitive,yes,API_BACKEND_ABSENT,ALREADY_FOUND
aten_nested_from_padded_cpu,aten/src/ATen/native/nested/NestedTensorMath.cpp,nested_from_padded_generic,pass,1,0,,NONE,1,0,padding,NPP,copy-border/image geometry primitives,PARTIAL_API,mode_dependent,constant/image borders exist; circular/reflection and arbitrary rank need composition,https://docs.nvidia.com/cuda/npp/index.html,PARTIAL_STAGES,NO_IMPLEMENTATION,no emitted launch,no,API_BACKEND_ABSENT,COMPOSITION_REQUIRED_NOT_MATCHER_ONLY
aten_nested_matmul_broadcast_cpu,aten/src/ATen/native/nested/NestedTensorMatmul.cpp,matmul_nested_with_broadcasted_dense,pass,2,0,cublasSgemm_strided_batched_broadcast_rhs,COMPLETE_REWRITE_CANDIDATE,0,0,batched_matrix_multiply,cuBLAS,cublasGemmStridedBatchedEx,FULL_FIXED_API,whole,the right matrix is broadcast across a regular GEMM batch,https://docs.nvidia.com/cuda/cublas/,SINGLE_FIXED_CALL,DIRECT_VENDOR_API,public vendor API or vendor operation graph,yes,SELECTED_WRAPPERS_PRESENT,ALREADY_FOUND
aten_nested_pad_cpu,aten/src/ATen/native/nested/NestedTensorMath.cpp,pad_tensor_to_shape,pass,1,0,,NONE,1,0,padding,NPP,copy-border/image geometry primitives,PARTIAL_API,mode_dependent,constant/image borders exist; circular/reflection and arbitrary rank need composition,https://docs.nvidia.com/cuda/npp/index.html,PARTIAL_STAGES,NO_IMPLEMENTATION,no emitted launch,no,API_BACKEND_ABSENT,COMPOSITION_REQUIRED_NOT_MATCHER_ONLY
aten_nested_select_cpu,aten/src/ATen/native/nested/NestedTensorMath.cpp,select_nested,pass,1,0,,NONE,1,0,arbitrary_gather,,none,NO_DIRECT_LIBRARY_API,none,"each row uses a runtime index, so this is neither a contiguous copy nor a regular tensor permutation",,NONE,NO_IMPLEMENTATION,no emitted launch,no,NO_TENSOR_LIBRARY_API,NO_LIBRARY_MATCH_EXPECTED
aten_nested_softmax_backward_cpu,aten/src/ATen/native/nested/NestedTensorBackward.cpp,nested_softmax_backward,pass,2,1,"cublasSdot,cudnnPointwiseGraph_f32",PARTIAL_STAGE_ONLY,0,1,ragged_softmax,CUB,segmented max/sum reductions plus pointwise transforms,PARTIAL_API,stages,"ragged offsets define segments, but softmax needs a multi-stage composition",https://nvidia.github.io/cccl/cub/api/device.html,PARTIAL_STAGES,DIRECT_VENDOR_API,public vendor API or vendor operation graph,yes,API_BACKEND_ABSENT,PARTIAL_MATCH_ONLY_RESIDUAL_IR_REMAINS
aten_nested_softmax_cpu,aten/src/ATen/native/nested/NestedTensorMath.cpp,softmax_nested,pass,0,3,,NONE,0,3,ragged_softmax,CUB,segmented max/sum reductions plus pointwise transforms,PARTIAL_API,stages,"ragged offsets define segments, but softmax needs a multi-stage composition",https://nvidia.github.io/cccl/cub/api/device.html,PARTIAL_STAGES,NO_IMPLEMENTATION,no emitted launch,no,API_BACKEND_ABSENT,RAISING_BLOCKS_WHOLE_OP_RECOGNITION
aten_nested_softmax_dropout_cpu,aten/src/ATen/native/nested/NestedTensorTransformerFunctions.cpp,NestedTensor_softmax_dropout,pass,2,1,,NONE,2,1,ragged_softmax,CUB,segmented max/sum reductions plus pointwise transforms,PARTIAL_API,stages,"ragged offsets define segments, but softmax needs a multi-stage composition",https://nvidia.github.io/cccl/cub/api/device.html,PARTIAL_STAGES,NO_IMPLEMENTATION,no emitted launch,no,API_BACKEND_ABSENT,RAISING_BLOCKS_WHOLE_OP_RECOGNITION
aten_nested_squeeze_cpu,aten/src/ATen/native/nested/NestedTensorMath.cpp,squeeze_dim_nested,pass,1,0,cudaCopy2D_f32_tensor,COMPLETE_REWRITE_CANDIDATE,0,0,data_movement,CUDA Runtime,cudaMemcpyAsync,FULL_GENERIC_API,whole,the standalone operation copies or reinterprets nested storage metadata,https://docs.nvidia.com/cuda/cuda-runtime-api/,MULTI_NODE_LIBRARY_GRAPH,CUDA_RUNTIME_PRIMITIVE,CUDA copy or memset runtime primitive,yes,API_BACKEND_ABSENT,ALREADY_FOUND
aten_nested_sum_backward_cpu,aten/src/ATen/native/nested/NestedTensorBackward.cpp,_nested_sum_backward_cpu,pass,1,0,cublasBroadcastAxis0_f32,COMPLETE_REWRITE_CANDIDATE,0,0,tensor_broadcast,cuBLAS,SGER outer product with a vector of ones,FULL_GENERIC_API,whole,sum backward replicates each row gradient; it performs no reduction,https://docs.nvidia.com/cuda/cublas/,SINGLE_CONFIGURED_PRIMITIVE,DIRECT_VENDOR_API,public vendor API or vendor operation graph,yes,API_BACKEND_ABSENT,ALREADY_FOUND
aten_nested_sum_dim_cpu,aten/src/ATen/native/nested/NestedTensorMath.cpp,NestedTensor_sum_dim_CPU,pass,2,0,cubSegmentedPrefixSum_f32,COMPLETE_REWRITE_CANDIDATE,0,0,reduction,CUB,DeviceReduce or DeviceSegmentedReduce,FULL_GENERIC_API,whole,associative tensor reduction maps to a device-wide primitive,https://nvidia.github.io/cccl/cub/api/device.html,SINGLE_CONFIGURED_PRIMITIVE,STANDARD_LIBRARY_ALGORITHM,preimplemented CUB device algorithm,yes,API_BACKEND_ABSENT,ALREADY_FOUND
aten_nested_to_mask_cpu,aten/src/ATen/native/nested/NestedTensorTransformerFunctions.cpp,NestedTensor_to_mask,pass,1,0,,NONE,1,0,index_generation,cuDNN,GEN_INDEX plus arithmetic/comparison graph,FULL_GENERIC_API,whole,cuDNN can generate coordinates and form masks or flattened indices in an operation graph,https://docs.nvidia.com/deeplearning/cudnn/latest/operations/operations.html,MULTI_NODE_LIBRARY_GRAPH,NO_IMPLEMENTATION,no emitted launch,no,GENERAL_GRAPH_BACKEND_ABSENT,BACKEND_AND_MATCHER_GAP
aten_nested_to_padded_cpu,aten/src/ATen/native/nested/NestedTensorMath.cpp,NestedTensor_to_padded_tensor_generic,pass,1,0,,NONE,1,0,padding,NPP,copy-border/image geometry primitives,PARTIAL_API,mode_dependent,constant/image borders exist; circular/reflection and arbitrary rank need composition,https://docs.nvidia.com/cuda/npp/index.html,PARTIAL_STAGES,NO_IMPLEMENTATION,no emitted launch,no,API_BACKEND_ABSENT,COMPOSITION_REQUIRED_NOT_MATCHER_ONLY
aten_nested_where_cpu,aten/src/ATen/native/nested/NestedTensorUnaryOps.cpp,NestedTensor_where,pass,1,0,,NONE,1,0,indexed_data_movement,CUB,DeviceSelect/sort building blocks,PARTIAL_API,selection_or_sort_stage,CUB does not expose a complete arbitrary gather/scatter tensor call,https://nvidia.github.io/cccl/cub/api/device.html,PARTIAL_STAGES,NO_IMPLEMENTATION,no emitted launch,no,API_BACKEND_ABSENT,COMPOSITION_REQUIRED_NOT_MATCHER_ONLY
aten_nested_where_out_cpu,aten/src/ATen/native/nested/NestedTensorUnaryOps.cpp,NestedTensor_where_out,pass,1,0,,NONE,1,0,indexed_data_movement,CUB,DeviceSelect/sort building blocks,PARTIAL_API,selection_or_sort_stage,CUB does not expose a complete arbitrary gather/scatter tensor call,https://nvidia.github.io/cccl/cub/api/device.html,PARTIAL_STAGES,NO_IMPLEMENTATION,no emitted launch,no,API_BACKEND_ABSENT,COMPOSITION_REQUIRED_NOT_MATCHER_ONLY
aten_nextafter,aten/src/ATen/native/cpu/BinaryOpsKernel.cpp,nextafter_kernel,pass,1,0,,NONE,1,0,compound_or_specialized,,none identified,NO_DIRECT_LIBRARY_API,none,no semantically equivalent public NVIDIA tensor-library operation identified,,NONE,NO_IMPLEMENTATION,no emitted launch,no,NO_TENSOR_LIBRARY_API,NO_LIBRARY_MATCH_EXPECTED
aten_nll_loss2d_backward_cpu,aten/src/ATen/native/LossNLL2d.cpp,nll_loss2d_backward_out_frame,pass,0,4,,NONE,0,4,loss,cuDNN,pointwise+reduction graph,PARTIAL_API,stages,primitive nodes exist but there is no matching single public loss operation,https://docs.nvidia.com/deeplearning/cudnn/latest/operations/operations.html,PARTIAL_STAGES,NO_IMPLEMENTATION,no emitted launch,no,GENERAL_GRAPH_BACKEND_ABSENT,RAISING_BLOCKS_WHOLE_OP_RECOGNITION
aten_nll_loss2d_forward_cpu,aten/src/ATen/native/LossNLL2d.cpp,nll_loss2d_forward_out_frame,pass,1,0,,NONE,1,0,loss,cuDNN,pointwise+reduction graph,PARTIAL_API,stages,primitive nodes exist but there is no matching single public loss operation,https://docs.nvidia.com/deeplearning/cudnn/latest/operations/operations.html,PARTIAL_STAGES,NO_IMPLEMENTATION,no emitted launch,no,GENERAL_GRAPH_BACKEND_ABSENT,COMPOSITION_REQUIRED_NOT_MATCHER_ONLY
aten_nll_loss_backward_cpu,aten/src/ATen/native/LossNLL.cpp,nll_loss_backward_out_frame,pass,1,1,memset_zero_2D_f32,PARTIAL_STAGE_ONLY,0,1,loss,cuDNN,pointwise+reduction graph,PARTIAL_API,stages,primitive nodes exist but there is no matching single public loss operation,https://docs.nvidia.com/deeplearning/cudnn/latest/operations/operations.html,PARTIAL_STAGES,CUDA_RUNTIME_PRIMITIVE,CUDA copy or memset runtime primitive,yes,GENERAL_GRAPH_BACKEND_ABSENT,PARTIAL_MATCH_ONLY_RESIDUAL_IR_REMAINS
aten_nll_loss_forward_cpu,aten/src/ATen/native/LossNLL.cpp,nll_loss_out_frame,pass,0,1,,NONE,0,1,loss,cuDNN,pointwise+reduction graph,PARTIAL_API,stages,primitive nodes exist but there is no matching single public loss operation,https://docs.nvidia.com/deeplearning/cudnn/latest/operations/operations.html,PARTIAL_STAGES,NO_IMPLEMENTATION,no emitted launch,no,GENERAL_GRAPH_BACKEND_ABSENT,RAISING_BLOCKS_WHOLE_OP_RECOGNITION
aten_nonzero_out_cpu,aten/src/ATen/native/TensorAdvancedIndexing.cpp,nonzero_out_cpu,pass,0,2,,NONE,0,2,indexed_data_movement,CUB,DeviceSelect/sort building blocks,PARTIAL_API,selection_or_sort_stage,CUB does not expose a complete arbitrary gather/scatter tensor call,https://nvidia.github.io/cccl/cub/api/device.html,PARTIAL_STAGES,NO_IMPLEMENTATION,no emitted launch,no,API_BACKEND_ABSENT,RAISING_BLOCKS_WHOLE_OP_RECOGNITION
aten_norm_cpu,aten/src/ATen/native/cpu/ReduceOpsKernel.cpp,norm_kernel_tensor_iterator_impl,pass,3,0,"cutensorUnary_sqrt_f32,memset_zero_1D_f32",PARTIAL_STAGE_ONLY,1,0,reduction,NPP,signal statistics/norm APIs,FULL_FIXED_API,whole,"NPP exposes mean, standard deviation, norm, dot, min/max, and sum operations",https://docs.nvidia.com/cuda/npp/index.html,SINGLE_FIXED_CALL,LIBRARY_API_COMPOSITION,public vendor API or vendor operation graph; CUDA copy or memset runtime primitive,yes,API_BACKEND_ABSENT,PARTIAL_MATCH_ONLY_RESIDUAL_IR_REMAINS
aten_normal_cpu,aten/src/ATen/native/cpu/DistributionKernels.cpp,normal_kernel,pass,1,0,cudnnPointwiseGraph_f32,COMPLETE_REWRITE_CANDIDATE,0,0,random_generation,cuRAND,host/device generation APIs,FULL_FIXED_API,whole,"cuRAND directly provides uniform, normal, log-normal, Poisson, and Sobol generation",https://docs.nvidia.com/cuda/curand/index.html,SINGLE_FIXED_CALL,DIRECT_VENDOR_API,public vendor API or vendor operation graph,yes,API_BACKEND_ABSENT,ALREADY_FOUND
aten_or_reduce_cpu,aten/src/ATen/native/cpu/ReduceOpsKernel.cpp,or_kernel_impl,pass,2,0,cubSegmentedLogicalOr_i32,COMPLETE_REWRITE_CANDIDATE,0,0,reduction,CUB,DeviceReduce or DeviceSegmentedReduce,FULL_GENERIC_API,whole,associative tensor reduction maps to a device-wide primitive,https://nvidia.github.io/cccl/cub/api/device.html,SINGLE_CONFIGURED_PRIMITIVE,STANDARD_LIBRARY_ALGORITHM,preimplemented CUB device algorithm,yes,API_BACKEND_ABSENT,ALREADY_FOUND
aten_outer,aten/src/ATen/native/LinearAlgebra.cpp,outer,pass,2,0,cublasDgemm_outer_product,COMPLETE_REWRITE_CANDIDATE,0,0,dense_linear_algebra,cuBLAS,cuBLAS Level-1/2/3 or cuBLASLt Matmul,FULL_FIXED_API,whole,standard vector/matrix product or update,https://docs.nvidia.com/cuda/cublas/,SINGLE_FIXED_CALL,DIRECT_VENDOR_API,public vendor API or vendor operation graph,yes,SELECTED_WRAPPERS_PRESENT,ALREADY_FOUND
aten_padded_to_jagged_cpu,aten/src/ATen/native/nested/NestedTensorTransformerFunctions.cpp,_padded_dense_to_jagged_forward_cpu,pass,0,2,,NONE,0,2,padding,NPP,copy-border/image geometry primitives,PARTIAL_API,mode_dependent,constant/image borders exist; circular/reflection and arbitrary rank need composition,https://docs.nvidia.com/cuda/npp/index.html,PARTIAL_STAGES,NO_IMPLEMENTATION,no emitted launch,no,API_BACKEND_ABSENT,RAISING_BLOCKS_WHOLE_OP_RECOGNITION
aten_pdist_backward_cpu,aten/src/ATen/native/cpu/DistanceOpsKernel.cpp,pdist_backward_kernel_impl,pass,1,6,memset_zero_2D_f32,PARTIAL_STAGE_ONLY,0,6,distance,cuTENSOR,contraction/reduction plus pointwise graph,PARTIAL_API,stages,dot/reduction stages exist but distance requires composition and indexing,https://docs.nvidia.com/cuda/cutensor/latest/api/cutensor.html,PARTIAL_STAGES,CUDA_RUNTIME_PRIMITIVE,CUDA copy or memset runtime primitive,yes,API_BACKEND_ABSENT,PARTIAL_MATCH_ONLY_RESIDUAL_IR_REMAINS
aten_pdist_forward_cpu,aten/src/ATen/native/cpu/DistanceOpsKernel.cpp,pdist_forward_kernel_impl,pass,1,3,,NONE,1,3,distance,cuTENSOR,contraction/reduction plus pointwise graph,PARTIAL_API,stages,dot/reduction stages exist but distance requires composition and indexing,https://docs.nvidia.com/cuda/cutensor/latest/api/cutensor.html,PARTIAL_STAGES,NO_IMPLEMENTATION,no emitted launch,no,API_BACKEND_ABSENT,RAISING_BLOCKS_WHOLE_OP_RECOGNITION
aten_permute_sparse_coo_cpu,aten/src/ATen/native/TensorShape.cpp,permute_sparse_coo,pass,1,0,,NONE,1,0,sparse_indexed_elementwise,cuSPARSE,SpVec/SpMat plus generic operation,PARTIAL_API,stage,"descriptor/storage handling exists, but arbitrary indexed elementwise semantics need composition",https://docs.nvidia.com/cuda/cusparse/,PARTIAL_STAGES,NO_IMPLEMENTATION,no emitted launch,no,API_BACKEND_ABSENT,COMPOSITION_REQUIRED_NOT_MATCHER_ONLY
aten_pixel_shuffle,aten/src/ATen/native/PixelShuffle.cpp,pixel_shuffle,pass,1,0,cutensorPermute_f32_r6_tensor,COMPLETE_REWRITE_CANDIDATE,0,0,tensor_permutation,cuTENSOR,cutensorPermute,FULL_GENERIC_API,whole,mode permutation/broadcast covers regular affine layouts,https://docs.nvidia.com/cuda/cutensor/latest/api/cutensor.html,SINGLE_CONFIGURED_PRIMITIVE,DIRECT_VENDOR_API,public vendor API or vendor operation graph,yes,SELECTED_WRAPPERS_PRESENT,ALREADY_FOUND
aten_pixel_shuffle_cpu_backend,aten/src/ATen/native/cpu/PixelShuffleKernel.cpp,pixel_shuffle_kernel_impl,pass,1,0,cutensorPermute_f32_r5_tensor,COMPLETE_REWRITE_CANDIDATE,0,0,tensor_permutation,cuTENSOR,cutensorPermute,FULL_GENERIC_API,whole,mode permutation/broadcast covers regular affine layouts,https://docs.nvidia.com/cuda/cutensor/latest/api/cutensor.html,SINGLE_CONFIGURED_PRIMITIVE,DIRECT_VENDOR_API,public vendor API or vendor operation graph,yes,SELECTED_WRAPPERS_PRESENT,ALREADY_FOUND
aten_pixel_unshuffle_cpu_backend,aten/src/ATen/native/cpu/PixelShuffleKernel.cpp,pixel_unshuffle_kernel_impl,pass,1,0,cutensorPermute_f32_r5_tensor,COMPLETE_REWRITE_CANDIDATE,0,0,tensor_permutation,cuTENSOR,cutensorPermute,FULL_GENERIC_API,whole,mode permutation/broadcast covers regular affine layouts,https://docs.nvidia.com/cuda/cutensor/latest/api/cutensor.html,SINGLE_CONFIGURED_PRIMITIVE,DIRECT_VENDOR_API,public vendor API or vendor operation graph,yes,SELECTED_WRAPPERS_PRESENT,ALREADY_FOUND
aten_poisson_transform_cpu,aten/src/ATen/native/Distributions.cpp,_s_poisson_cpu,pass,0,2,,NONE,0,2,random_generation,cuRAND,host/device generation APIs,FULL_FIXED_API,whole,"cuRAND directly provides uniform, normal, log-normal, Poisson, and Sobol generation",https://docs.nvidia.com/cuda/curand/index.html,SINGLE_FIXED_CALL,NO_IMPLEMENTATION,no emitted launch,no,API_BACKEND_ABSENT,RAISING_BLOCKS_WHOLE_OP_RECOGNITION
aten_polar_scalarized,aten/src/ATen/native/cpu/ComplexKernel.cpp,polar_kernel,pass,2,0,cudnnPointwiseGraph_f32,COMPLETE_REWRITE_CANDIDATE,0,0,complex_construction,cuDNN,SIN/COS/MUL pointwise graph,FULL_GENERIC_API,whole,polar conversion is a supported pointwise operation graph,https://docs.nvidia.com/deeplearning/cudnn/latest/operations/operations.html,MULTI_NODE_LIBRARY_GRAPH,DIRECT_VENDOR_API,public vendor API or vendor operation graph,yes,GENERAL_GRAPH_BACKEND_ABSENT,ALREADY_FOUND
aten_polygamma,aten/src/ATen/native/cpu/UnaryOpsKernel.cpp,polygamma_kernel,pass,1,0,,NONE,1,0,random_distribution,cuRAND,base RNG plus distribution transform,PARTIAL_API,random_draw_stage,cuRAND supplies random bits/uniform/normal draws but not this complete transform in its host API,https://docs.nvidia.com/cuda/curand/index.html,PARTIAL_STAGES,NO_IMPLEMENTATION,no emitted launch,no,API_BACKEND_ABSENT,COMPOSITION_REQUIRED_NOT_MATCHER_ONLY
aten_pow,aten/src/ATen/native/cpu/PowKernel.cpp,pow_tensor_tensor_kernel,pass,1,0,cudnnPointwiseGraph_f32,COMPLETE_REWRITE_CANDIDATE,0,0,pointwise,cuDNN,Pointwise graph operation,FULL_GENERIC_API,whole,cuDNN exposes a broad fixed set of unary/binary/ternary pointwise modes,https://docs.nvidia.com/deeplearning/cudnn/latest/operations/operations.html,MULTI_NODE_LIBRARY_GRAPH,DIRECT_VENDOR_API,public vendor API or vendor operation graph,yes,GENERAL_GRAPH_BACKEND_ABSENT,ALREADY_FOUND
aten_pow_tensor_scalar,aten/src/ATen/native/cpu/PowKernel.cpp,pow_tensor_scalar_kernel,pass,1,0,cudnnPointwiseGraph_f32,COMPLETE_REWRITE_CANDIDATE,0,0,pointwise,cuDNN,Pointwise graph operation,FULL_GENERIC_API,whole,cuDNN exposes a broad fixed set of unary/binary/ternary pointwise modes,https://docs.nvidia.com/deeplearning/cudnn/latest/operations/operations.html,MULTI_NODE_LIBRARY_GRAPH,DIRECT_VENDOR_API,public vendor API or vendor operation graph,yes,GENERAL_GRAPH_BACKEND_ABSENT,ALREADY_FOUND
aten_powsum_cpu,aten/src/ATen/native/cpu/ReduceOpsKernel.cpp,powsum_kernel_tensor_iterator_impl,pass,2,0,memset_zero_1D_f32,PARTIAL_STAGE_ONLY,1,0,pointwise_reduction_formula,cuDNN,pointwise and reduction operation graph,FULL_GENERIC_API,whole,the complete formula can be assembled from documented cuDNN graph nodes,https://docs.nvidia.com/deeplearning/cudnn/latest/operations/operations.html,MULTI_NODE_LIBRARY_GRAPH,CUDA_RUNTIME_PRIMITIVE,CUDA copy or memset runtime primitive,yes,GENERAL_GRAPH_BACKEND_ABSENT,PARTIAL_MATCH_ONLY_RESIDUAL_IR_REMAINS
aten_prod,aten/src/ATen/native/cpu/ReduceOpsKernel.cpp,prod_kernel,pass,1,0,cudnnReduceProduct_f32,COMPLETE_REWRITE_CANDIDATE,0,0,reduction,CUB,DeviceReduce or DeviceSegmentedReduce,FULL_GENERIC_API,whole,associative tensor reduction maps to a device-wide primitive,https://nvidia.github.io/cccl/cub/api/device.html,SINGLE_CONFIGURED_PRIMITIVE,DIRECT_VENDOR_API,public vendor API or vendor operation graph,yes,API_BACKEND_ABSENT,ALREADY_FOUND
aten_put_cpu,aten/src/ATen/native/cpu/IndexKernel.cpp,put_kernel,pass,0,1,,NONE,0,1,indexed_data_movement,CUB,DeviceSelect/sort primitives,PARTIAL_API,stages,CUB provides building blocks but no general gather/scatter tensor call,https://nvidia.github.io/cccl/cub/api/device.html,PARTIAL_STAGES,NO_IMPLEMENTATION,no emitted launch,no,API_BACKEND_ABSENT,RAISING_BLOCKS_WHOLE_OP_RECOGNITION
aten_quant_col_offsets_cpu,aten/src/ATen/native/QuantizedLinear.cpp,CalcColOffsetsTranspose,pass,3,0,cubQuantColOffsets_i8_i32_memref,COMPLETE_REWRITE_CANDIDATE,0,0,column_reduction,CUB,DeviceSegmentedReduce,FULL_GENERIC_API,whole,columns form regular reduction segments,https://nvidia.github.io/cccl/cub/api/device.html,SINGLE_CONFIGURED_PRIMITIVE,STANDARD_LIBRARY_ALGORITHM,preimplemented CUB device algorithm,yes,SELECTED_WRAPPERS_PRESENT,ALREADY_FOUND
aten_quant_saturation_cpu,aten/src/ATen/native/QuantizedLinear.cpp,HandleWeightsSaturation,pass,1,0,,NONE,1,0,pointwise_reduction_formula,cuDNN,pointwise and reduction operation graph,FULL_GENERIC_API,whole,the complete formula can be assembled from documented cuDNN graph nodes,https://docs.nvidia.com/deeplearning/cudnn/latest/operations/operations.html,MULTI_NODE_LIBRARY_GRAPH,NO_IMPLEMENTATION,no emitted launch,no,GENERAL_GRAPH_BACKEND_ABSENT,BACKEND_AND_MATCHER_GAP
aten_quick_select_cpu,aten/src/ATen/native/Sorting.cpp,quick_select_template,pass,0,2,,NONE,0,2,ordering_selection,CUB,DeviceRadixSort/MergeSort/TopK/Select/RunLengthEncode,FULL_GENERIC_API,whole,CUB provides device-wide ordering and selection primitives,https://nvidia.github.io/cccl/cub/api/device.html,SINGLE_CONFIGURED_PRIMITIVE,NO_IMPLEMENTATION,no emitted launch,no,API_BACKEND_ABSENT,RAISING_BLOCKS_WHOLE_OP_RECOGNITION
aten_random_cpu,aten/src/ATen/native/cpu/DistributionKernels.cpp,random_kernel,pass,1,0,,NONE,1,0,random_distribution,cuRAND,base RNG plus distribution transform,PARTIAL_API,random_draw_stage,cuRAND supplies random bits/uniform/normal draws but not this complete transform in its host API,https://docs.nvidia.com/cuda/curand/index.html,PARTIAL_STAGES,NO_IMPLEMENTATION,no emitted launch,no,API_BACKEND_ABSENT,COMPOSITION_REQUIRED_NOT_MATCHER_ONLY
aten_random_from_to_cpu,aten/src/ATen/native/cpu/DistributionKernels.cpp,random_from_to_kernel,pass,1,0,,NONE,1,0,random_distribution,cuRAND,base RNG plus distribution transform,PARTIAL_API,random_draw_stage,cuRAND supplies random bits/uniform/normal draws but not this complete transform in its host API,https://docs.nvidia.com/cuda/curand/index.html,PARTIAL_STAGES,NO_IMPLEMENTATION,no emitted launch,no,API_BACKEND_ABSENT,COMPOSITION_REQUIRED_NOT_MATCHER_ONLY
aten_random_full_64_bits_range_cpu,aten/src/ATen/native/cpu/DistributionKernels.cpp,random_full_64_bits_range_kernel,pass,1,0,,NONE,1,0,random_distribution,cuRAND,base RNG plus distribution transform,PARTIAL_API,random_draw_stage,cuRAND supplies random bits/uniform/normal draws but not this complete transform in its host API,https://docs.nvidia.com/cuda/curand/index.html,PARTIAL_STAGES,NO_IMPLEMENTATION,no emitted launch,no,API_BACKEND_ABSENT,COMPOSITION_REQUIRED_NOT_MATCHER_ONLY
aten_randperm_cpu,aten/src/ATen/native/TensorFactories.cpp,randperm_cpu,pass,1,1,,NONE,1,1,random_distribution,cuRAND,base RNG plus distribution transform,PARTIAL_API,random_draw_stage,cuRAND supplies random bits/uniform/normal draws but not this complete transform in its host API,https://docs.nvidia.com/cuda/curand/index.html,PARTIAL_STAGES,NO_IMPLEMENTATION,no emitted launch,no,API_BACKEND_ABSENT,RAISING_BLOCKS_WHOLE_OP_RECOGNITION
aten_range_out_cpu,aten/src/ATen/native/RangeFactories.cpp,range_out,pass,1,0,,NONE,1,0,tensor_initialization,CUDA Runtime,cudaMemset for zero only,PARTIAL_API,zero_fill_stage,general fill and sequence generation have no link-only runtime call,https://docs.nvidia.com/cuda/cuda-runtime-api/,PARTIAL_STAGES,NO_IMPLEMENTATION,no emitted launch,no,API_BACKEND_ABSENT,COMPOSITION_REQUIRED_NOT_MATCHER_ONLY
aten_reciprocal,aten/src/ATen/native/cpu/UnaryOpsKernel.cpp,reciprocal_kernel,pass,1,0,cutensorUnary_reciprocal_f32,COMPLETE_REWRITE_CANDIDATE,0,0,pointwise,cuDNN,Pointwise graph operation,FULL_GENERIC_API,whole,cuDNN exposes a broad fixed set of unary/binary/ternary pointwise modes,https://docs.nvidia.com/deeplearning/cudnn/latest/operations/operations.html,MULTI_NODE_LIBRARY_GRAPH,DIRECT_VENDOR_API,public vendor API or vendor operation graph,yes,GENERAL_GRAPH_BACKEND_ABSENT,ALREADY_FOUND
aten_reflect_conj_tri_cpu,aten/src/ATen/native/BatchLinearAlgebraKernel.cpp,apply_reflect_conj_tri_single,pass,2,0,,NONE,2,0,matrix_factorization,cuSOLVER,cuSolverDN dense LAPACK APIs,PARTIAL_API,stage,cuSOLVER covers the factorization/solve; helper-only fixtures need composition,https://docs.nvidia.com/cuda/cusolver/contents.html,PARTIAL_STAGES,NO_IMPLEMENTATION,no emitted launch,no,API_BACKEND_ABSENT,COMPOSITION_REQUIRED_NOT_MATCHER_ONLY
aten_reflection_pad1d_backward_cpu,aten/src/ATen/native/cpu/PaddingKernel.cpp,reflection_pad1d_backward_kernel_impl,pass,1,2,memset_zero_1D_f32,PARTIAL_STAGE_ONLY,0,2,padding,NPP,copy-border/image geometry primitives,PARTIAL_API,mode_dependent,constant/image borders exist; circular/reflection and arbitrary rank need composition,https://docs.nvidia.com/cuda/npp/index.html,PARTIAL_STAGES,CUDA_RUNTIME_PRIMITIVE,CUDA copy or memset runtime primitive,yes,API_BACKEND_ABSENT,PARTIAL_MATCH_ONLY_RESIDUAL_IR_REMAINS
aten_reflection_pad1d_cpu,aten/src/ATen/native/cpu/PaddingKernel.cpp,reflection_pad1d_kernel_impl,pass,1,0,,NONE,1,0,padding,NPP,copy-border/image geometry primitives,PARTIAL_API,mode_dependent,constant/image borders exist; circular/reflection and arbitrary rank need composition,https://docs.nvidia.com/cuda/npp/index.html,PARTIAL_STAGES,NO_IMPLEMENTATION,no emitted launch,no,API_BACKEND_ABSENT,COMPOSITION_REQUIRED_NOT_MATCHER_ONLY
aten_reflection_pad2d,aten/src/ATen/native/ReflectionPad.cpp,reflection_pad2d,pass,1,0,,NONE,1,0,padding,NPP,copy-border/image geometry primitives,PARTIAL_API,mode_dependent,constant/image borders exist; circular/reflection and arbitrary rank need composition,https://docs.nvidia.com/cuda/npp/index.html,PARTIAL_STAGES,NO_IMPLEMENTATION,no emitted launch,no,API_BACKEND_ABSENT,COMPOSITION_REQUIRED_NOT_MATCHER_ONLY
aten_reflection_pad2d_backward_cpu,aten/src/ATen/native/cpu/PaddingKernel.cpp,reflection_pad2d_backward_kernel_impl,pass,1,3,memset_zero_1D_f32,PARTIAL_STAGE_ONLY,0,3,padding,NPP,copy-border/image geometry primitives,PARTIAL_API,mode_dependent,constant/image borders exist; circular/reflection and arbitrary rank need composition,https://docs.nvidia.com/cuda/npp/index.html,PARTIAL_STAGES,CUDA_RUNTIME_PRIMITIVE,CUDA copy or memset runtime primitive,yes,API_BACKEND_ABSENT,PARTIAL_MATCH_ONLY_RESIDUAL_IR_REMAINS
aten_reflection_pad2d_cpu,aten/src/ATen/native/cpu/PaddingKernel.cpp,reflection_pad2d_kernel_impl,pass,1,0,,NONE,1,0,padding,NPP,copy-border/image geometry primitives,PARTIAL_API,mode_dependent,constant/image borders exist; circular/reflection and arbitrary rank need composition,https://docs.nvidia.com/cuda/npp/index.html,PARTIAL_STAGES,NO_IMPLEMENTATION,no emitted launch,no,API_BACKEND_ABSENT,COMPOSITION_REQUIRED_NOT_MATCHER_ONLY
aten_reflection_pad3d_backward_cpu,aten/src/ATen/native/cpu/PaddingKernel.cpp,reflection_pad3d_backward_kernel_impl,pass,1,4,memset_zero_1D_f32,PARTIAL_STAGE_ONLY,0,4,padding,NPP,copy-border/image geometry primitives,PARTIAL_API,mode_dependent,constant/image borders exist; circular/reflection and arbitrary rank need composition,https://docs.nvidia.com/cuda/npp/index.html,PARTIAL_STAGES,CUDA_RUNTIME_PRIMITIVE,CUDA copy or memset runtime primitive,yes,API_BACKEND_ABSENT,PARTIAL_MATCH_ONLY_RESIDUAL_IR_REMAINS
aten_reflection_pad3d_cpu,aten/src/ATen/native/cpu/PaddingKernel.cpp,reflection_pad3d_kernel_impl,pass,1,0,,NONE,1,0,padding,NPP,copy-border/image geometry primitives,PARTIAL_API,mode_dependent,constant/image borders exist; circular/reflection and arbitrary rank need composition,https://docs.nvidia.com/cuda/npp/index.html,PARTIAL_STAGES,NO_IMPLEMENTATION,no emitted launch,no,API_BACKEND_ABSENT,COMPOSITION_REQUIRED_NOT_MATCHER_ONLY
aten_relu,aten/src/ATen/native/Activation.cpp,relu,pass,1,0,cutensorUnary_relu_f32,COMPLETE_REWRITE_CANDIDATE,0,0,pointwise,cuDNN,Pointwise graph operation,FULL_GENERIC_API,whole,cuDNN exposes a broad fixed set of unary/binary/ternary pointwise modes,https://docs.nvidia.com/deeplearning/cudnn/latest/operations/operations.html,MULTI_NODE_LIBRARY_GRAPH,DIRECT_VENDOR_API,public vendor API or vendor operation graph,yes,GENERAL_GRAPH_BACKEND_ABSENT,ALREADY_FOUND
aten_remainder,aten/src/ATen/native/cpu/BinaryOpsKernel.cpp,remainder_kernel,pass,1,0,,NONE,1,0,pointwise,cuDNN,Pointwise graph operation,FULL_GENERIC_API,whole,cuDNN exposes a broad fixed set of unary/binary/ternary pointwise modes,https://docs.nvidia.com/deeplearning/cudnn/latest/operations/operations.html,MULTI_NODE_LIBRARY_GRAPH,NO_IMPLEMENTATION,no emitted launch,no,GENERAL_GRAPH_BACKEND_ABSENT,BACKEND_AND_MATCHER_GAP
aten_renorm_scale_factor,aten/src/ATen/native/cpu/RenormKernel.cpp,renorm_scale_factor_impl,pass,1,0,cudnnPointwiseGraph_f32,COMPLETE_REWRITE_CANDIDATE,0,0,normalization,cuDNN,NormalizationForward/Backward graph,FULL_GENERIC_API,whole,cuDNN normalization and graph pointwise/reduction nodes cover the operation,https://docs.nvidia.com/deeplearning/cudnn/latest/operations/operations.html,MULTI_NODE_LIBRARY_GRAPH,DIRECT_VENDOR_API,public vendor API or vendor operation graph,yes,GENERAL_GRAPH_BACKEND_ABSENT,ALREADY_FOUND
aten_repeat_compute_cpu,aten/src/ATen/native/Repeat.cpp,compute_cpu,pass,1,0,cublasBroadcastAxis1_f32,COMPLETE_REWRITE_CANDIDATE,0,0,tensor_permutation,cuTENSOR,cutensorPermute,FULL_GENERIC_API,whole,mode permutation/broadcast covers regular affine layouts,https://docs.nvidia.com/cuda/cutensor/latest/api/cutensor.html,SINGLE_CONFIGURED_PRIMITIVE,DIRECT_VENDOR_API,public vendor API or vendor operation graph,yes,SELECTED_WRAPPERS_PRESENT,ALREADY_FOUND
aten_repeat_tensor_shape_cpu,aten/src/ATen/native/TensorShape.cpp,repeat,pass,1,0,cublasBroadcastAxis1_f32,COMPLETE_REWRITE_CANDIDATE,0,0,tensor_permutation,cuTENSOR,cutensorPermute,FULL_GENERIC_API,whole,mode permutation/broadcast covers regular affine layouts,https://docs.nvidia.com/cuda/cutensor/latest/api/cutensor.html,SINGLE_CONFIGURED_PRIMITIVE,DIRECT_VENDOR_API,public vendor API or vendor operation graph,yes,SELECTED_WRAPPERS_PRESENT,ALREADY_FOUND
aten_replication_pad1d_backward_cpu,aten/src/ATen/native/cpu/PaddingKernel.cpp,replication_pad1d_backward_kernel_impl,pass,1,2,memset_zero_1D_f32,PARTIAL_STAGE_ONLY,0,2,padding,NPP,copy-border/image geometry primitives,PARTIAL_API,mode_dependent,constant/image borders exist; circular/reflection and arbitrary rank need composition,https://docs.nvidia.com/cuda/npp/index.html,PARTIAL_STAGES,CUDA_RUNTIME_PRIMITIVE,CUDA copy or memset runtime primitive,yes,API_BACKEND_ABSENT,PARTIAL_MATCH_ONLY_RESIDUAL_IR_REMAINS
aten_replication_pad1d_cpu,aten/src/ATen/native/cpu/PaddingKernel.cpp,replication_pad1d_kernel_impl,pass,1,0,,NONE,1,0,padding,NPP,copy-border/image geometry primitives,PARTIAL_API,mode_dependent,constant/image borders exist; circular/reflection and arbitrary rank need composition,https://docs.nvidia.com/cuda/npp/index.html,PARTIAL_STAGES,NO_IMPLEMENTATION,no emitted launch,no,API_BACKEND_ABSENT,COMPOSITION_REQUIRED_NOT_MATCHER_ONLY
aten_replication_pad2d,aten/src/ATen/native/ReplicationPadding.cpp,replication_pad2d,pass,1,0,,NONE,1,0,padding,NPP,copy-border/image geometry primitives,PARTIAL_API,mode_dependent,constant/image borders exist; circular/reflection and arbitrary rank need composition,https://docs.nvidia.com/cuda/npp/index.html,PARTIAL_STAGES,NO_IMPLEMENTATION,no emitted launch,no,API_BACKEND_ABSENT,COMPOSITION_REQUIRED_NOT_MATCHER_ONLY
aten_replication_pad2d_backward_cpu,aten/src/ATen/native/cpu/PaddingKernel.cpp,replication_pad2d_backward_kernel_impl,pass,1,3,memset_zero_1D_f32,PARTIAL_STAGE_ONLY,0,3,padding,NPP,copy-border/image geometry primitives,PARTIAL_API,mode_dependent,constant/image borders exist; circular/reflection and arbitrary rank need composition,https://docs.nvidia.com/cuda/npp/index.html,PARTIAL_STAGES,CUDA_RUNTIME_PRIMITIVE,CUDA copy or memset runtime primitive,yes,API_BACKEND_ABSENT,PARTIAL_MATCH_ONLY_RESIDUAL_IR_REMAINS
aten_replication_pad2d_cpu,aten/src/ATen/native/cpu/PaddingKernel.cpp,replication_pad2d_kernel_impl,pass,1,0,,NONE,1,0,padding,NPP,copy-border/image geometry primitives,PARTIAL_API,mode_dependent,constant/image borders exist; circular/reflection and arbitrary rank need composition,https://docs.nvidia.com/cuda/npp/index.html,PARTIAL_STAGES,NO_IMPLEMENTATION,no emitted launch,no,API_BACKEND_ABSENT,COMPOSITION_REQUIRED_NOT_MATCHER_ONLY
aten_replication_pad3d_backward_cpu,aten/src/ATen/native/cpu/PaddingKernel.cpp,replication_pad3d_backward_kernel_impl,pass,1,4,memset_zero_1D_f32,PARTIAL_STAGE_ONLY,0,4,padding,NPP,copy-border/image geometry primitives,PARTIAL_API,mode_dependent,constant/image borders exist; circular/reflection and arbitrary rank need composition,https://docs.nvidia.com/cuda/npp/index.html,PARTIAL_STAGES,CUDA_RUNTIME_PRIMITIVE,CUDA copy or memset runtime primitive,yes,API_BACKEND_ABSENT,PARTIAL_MATCH_ONLY_RESIDUAL_IR_REMAINS
aten_replication_pad3d_cpu,aten/src/ATen/native/cpu/PaddingKernel.cpp,replication_pad3d_kernel_impl,pass,1,0,,NONE,1,0,padding,NPP,copy-border/image geometry primitives,PARTIAL_API,mode_dependent,constant/image borders exist; circular/reflection and arbitrary rank need composition,https://docs.nvidia.com/cuda/npp/index.html,PARTIAL_STAGES,NO_IMPLEMENTATION,no emitted launch,no,API_BACKEND_ABSENT,COMPOSITION_REQUIRED_NOT_MATCHER_ONLY
aten_rms_norm,aten/src/ATen/native/layer_norm.cpp,rms_norm_composite,pass,2,0,cudnnPointwiseGraph_f32,PARTIAL_STAGE_ONLY,1,0,normalization,cuDNN,NormalizationForward/Backward graph,FULL_GENERIC_API,whole,cuDNN normalization and graph pointwise/reduction nodes cover the operation,https://docs.nvidia.com/deeplearning/cudnn/latest/operations/operations.html,MULTI_NODE_LIBRARY_GRAPH,DIRECT_VENDOR_API,public vendor API or vendor operation graph,yes,SELECTED_WRAPPERS_PRESENT,PARTIAL_MATCH_ONLY_RESIDUAL_IR_REMAINS
aten_round,aten/src/ATen/native/cpu/UnaryOpsKernel.cpp,round_kernel,pass,1,0,cudnnPointwiseGraph_f32,COMPLETE_REWRITE_CANDIDATE,0,0,pointwise,cuDNN,Pointwise graph operation,FULL_GENERIC_API,whole,cuDNN exposes a broad fixed set of unary/binary/ternary pointwise modes,https://docs.nvidia.com/deeplearning/cudnn/latest/operations/operations.html,MULTI_NODE_LIBRARY_GRAPH,DIRECT_VENDOR_API,public vendor API or vendor operation graph,yes,GENERAL_GRAPH_BACKEND_ABSENT,ALREADY_FOUND
aten_round_decimals,aten/src/ATen/native/cpu/UnaryOpsKernel.cpp,round_decimals_kernel,pass,1,0,cudnnPointwiseGraph_f32,COMPLETE_REWRITE_CANDIDATE,0,0,pointwise,cuDNN,Pointwise graph operation,FULL_GENERIC_API,whole,cuDNN exposes a broad fixed set of unary/binary/ternary pointwise modes,https://docs.nvidia.com/deeplearning/cudnn/latest/operations/operations.html,MULTI_NODE_LIBRARY_GRAPH,DIRECT_VENDOR_API,public vendor API or vendor operation graph,yes,GENERAL_GRAPH_BACKEND_ABSENT,ALREADY_FOUND
aten_rowwise_prune_cpu,aten/src/ATen/native/RowwisePrune.cpp,_rowwise_prune_helper,pass,3,0,memset_zero_1D_f32,PARTIAL_STAGE_ONLY,2,0,rowwise_l1_threshold,CUB,DeviceSegmentedReduce with transform input iterator,PARTIAL_API,reduction_stage,the kernel emits a per-row threshold mask rather than a compacted index list; CUB can compute the L1 row scores and leave the comparison/cast as residual Linalg,https://nvidia.github.io/cccl/cub/api/device.html,PARTIAL_STAGES,CUDA_RUNTIME_PRIMITIVE,CUDA copy or memset runtime primitive,yes,API_BACKEND_ABSENT,PARTIAL_MATCH_ONLY_RESIDUAL_IR_REMAINS
aten_rshift_i32,aten/src/ATen/native/cpu/BinaryOpsKernel.cpp,rshift_kernel,pass,1,0,,NONE,1,0,variable_bit_shift,,none,NO_DIRECT_LIBRARY_API,none,"NPP exposes constant-shift signal calls, but this fixture supplies a distinct shift count for every element",,NONE,NO_IMPLEMENTATION,no emitted launch,no,NO_TENSOR_LIBRARY_API,NO_LIBRARY_MATCH_EXPECTED
aten_rsqrt,aten/src/ATen/native/cpu/UnaryOpsKernel.cpp,rsqrt_kernel,pass,1,0,cudnnPointwiseGraph_f32,COMPLETE_REWRITE_CANDIDATE,0,0,pointwise,cuDNN,Pointwise graph operation,FULL_GENERIC_API,whole,cuDNN exposes a broad fixed set of unary/binary/ternary pointwise modes,https://docs.nvidia.com/deeplearning/cudnn/latest/operations/operations.html,MULTI_NODE_LIBRARY_GRAPH,DIRECT_VENDOR_API,public vendor API or vendor operation graph,yes,GENERAL_GRAPH_BACKEND_ABSENT,ALREADY_FOUND
aten_sample_poisson_transform_cpu,aten/src/ATen/native/Distributions.cpp,sample_poisson,pass,0,2,,NONE,0,2,random_generation,cuRAND,host/device generation APIs,FULL_FIXED_API,whole,"cuRAND directly provides uniform, normal, log-normal, Poisson, and Sobol generation",https://docs.nvidia.com/cuda/curand/index.html,SINGLE_FIXED_CALL,NO_IMPLEMENTATION,no emitted launch,no,API_BACKEND_ABSENT,RAISING_BLOCKS_WHOLE_OP_RECOGNITION
aten_sampled_addmm_sparse_csr_cpu,aten/src/ATen/native/cpu/SampledAddmmKernel.cpp,sampled_addmm_sparse_csr_kernel,pass,1,2,cusparseSDDMM_CSR_f32_memref,COMPLETE_REWRITE_CANDIDATE,0,0,sparse_linear_algebra,cuSPARSE,cusparseSpMV/SpMM/SpGEMM/SDDMM,FULL_FIXED_API,whole,standard sparse-dense or sparse-sparse linear algebra,https://docs.nvidia.com/cuda/cusparse/,SINGLE_FIXED_CALL,DIRECT_VENDOR_API,public vendor API or vendor operation graph,yes,SELECTED_WRAPPERS_PRESENT,ALREADY_FOUND
aten_scaled_modified_bessel_k0,aten/src/ATen/native/cpu/scaled_modified_bessel_k0.cpp,scaled_modified_bessel_k0_kernel,pass,1,0,,NONE,1,0,special_function,,CUDA Math/libdevice scalar function,NO_DIRECT_LIBRARY_API,scalar_only,"a device scalar function may exist, but not a fixed tensor-library launch",,NONE,NO_IMPLEMENTATION,no emitted launch,no,NO_TENSOR_LIBRARY_API,NO_LIBRARY_MATCH_EXPECTED
aten_scaled_modified_bessel_k1,aten/src/ATen/native/cpu/scaled_modified_bessel_k1.cpp,scaled_modified_bessel_k1_kernel,pass,1,0,,NONE,1,0,special_function,,CUDA Math/libdevice scalar function,NO_DIRECT_LIBRARY_API,scalar_only,"a device scalar function may exist, but not a fixed tensor-library launch",,NONE,NO_IMPLEMENTATION,no emitted launch,no,NO_TENSOR_LIBRARY_API,NO_LIBRARY_MATCH_EXPECTED
aten_scatter_add_cpu,aten/src/ATen/native/cpu/ScatterGatherKernel.cpp,scatter_add_cpu_kernel,pass,0,2,,NONE,0,2,indexed_scatter_reduce,CUB,sort/reduce-by-key plus scatter,PARTIAL_API,stages,collision-aware scatter needs ordering/reduction composition,https://nvidia.github.io/cccl/cub/api/device.html,PARTIAL_STAGES,NO_IMPLEMENTATION,no emitted launch,no,API_BACKEND_ABSENT,RAISING_BLOCKS_WHOLE_OP_RECOGNITION
aten_scatter_add_expanded_index_cpu,aten/src/ATen/native/cpu/ScatterGatherKernel.cpp,scatter_add_expanded_index_kernel,pass,0,2,,NONE,0,2,indexed_scatter_reduce,CUB,sort/reduce-by-key plus scatter,PARTIAL_API,stages,collision-aware scatter needs ordering/reduction composition,https://nvidia.github.io/cccl/cub/api/device.html,PARTIAL_STAGES,NO_IMPLEMENTATION,no emitted launch,no,API_BACKEND_ABSENT,RAISING_BLOCKS_WHOLE_OP_RECOGNITION
aten_scatter_cpu,aten/src/ATen/native/cpu/ScatterGatherKernel.cpp,scatter_cpu_kernel,pass,0,2,,NONE,0,2,indexed_data_movement,CUB,DeviceSelect/sort building blocks,PARTIAL_API,selection_or_sort_stage,CUB does not expose a complete arbitrary gather/scatter tensor call,https://nvidia.github.io/cccl/cub/api/device.html,PARTIAL_STAGES,NO_IMPLEMENTATION,no emitted launch,no,API_BACKEND_ABSENT,RAISING_BLOCKS_WHOLE_OP_RECOGNITION
aten_scatter_fill_cpu,aten/src/ATen/native/cpu/ScatterGatherKernel.cpp,scatter_fill_cpu_kernel,pass,0,2,,NONE,0,2,indexed_data_movement,CUB,DeviceSelect/sort building blocks,PARTIAL_API,selection_or_sort_stage,CUB does not expose a complete arbitrary gather/scatter tensor call,https://nvidia.github.io/cccl/cub/api/device.html,PARTIAL_STAGES,NO_IMPLEMENTATION,no emitted launch,no,API_BACKEND_ABSENT,RAISING_BLOCKS_WHOLE_OP_RECOGNITION
aten_scatter_reduce_cpu,aten/src/ATen/native/cpu/ScatterGatherKernel.cpp,scatter_reduce_cpu_kernel,pass,0,2,,NONE,0,2,indexed_scatter_reduce,CUB,sort/reduce-by-key plus scatter,PARTIAL_API,stages,collision-aware scatter needs ordering/reduction composition,https://nvidia.github.io/cccl/cub/api/device.html,PARTIAL_STAGES,NO_IMPLEMENTATION,no emitted launch,no,API_BACKEND_ABSENT,RAISING_BLOCKS_WHOLE_OP_RECOGNITION
aten_scatter_reduce_expanded_index_cpu,aten/src/ATen/native/cpu/ScatterGatherKernel.cpp,scatter_reduce_expanded_index_kernel,pass,0,2,,NONE,0,2,indexed_scatter_reduce,CUB,sort/reduce-by-key plus scatter,PARTIAL_API,stages,collision-aware scatter needs ordering/reduction composition,https://nvidia.github.io/cccl/cub/api/device.html,PARTIAL_STAGES,NO_IMPLEMENTATION,no emitted launch,no,API_BACKEND_ABSENT,RAISING_BLOCKS_WHOLE_OP_RECOGNITION
aten_scatter_reduce_two_cpu,aten/src/ATen/native/cpu/ScatterGatherKernel.cpp,scatter_reduce_two_cpu_kernel,pass,0,2,,NONE,0,2,indexed_scatter_reduce,CUB,sort/reduce-by-key plus scatter,PARTIAL_API,stages,collision-aware scatter needs ordering/reduction composition,https://nvidia.github.io/cccl/cub/api/device.html,PARTIAL_STAGES,NO_IMPLEMENTATION,no emitted launch,no,API_BACKEND_ABSENT,RAISING_BLOCKS_WHOLE_OP_RECOGNITION
aten_scatter_scalar_reduce_cpu,aten/src/ATen/native/cpu/ScatterGatherKernel.cpp,scatter_scalar_reduce_cpu_kernel,pass,0,2,,NONE,0,2,indexed_scatter_reduce,CUB,sort/reduce-by-key plus scatter,PARTIAL_API,stages,collision-aware scatter needs ordering/reduction composition,https://nvidia.github.io/cccl/cub/api/device.html,PARTIAL_STAGES,NO_IMPLEMENTATION,no emitted launch,no,API_BACKEND_ABSENT,RAISING_BLOCKS_WHOLE_OP_RECOGNITION
aten_searchsorted_cpu,aten/src/ATen/native/Bucketization.cpp,searchsorted_cpu_contiguous,pass,0,2,,NONE,0,2,ordering_selection,CUB,DeviceRadixSort/MergeSort/TopK/Select/RunLengthEncode,FULL_GENERIC_API,whole,CUB provides device-wide ordering and selection primitives,https://nvidia.github.io/cccl/cub/api/device.html,SINGLE_CONFIGURED_PRIMITIVE,NO_IMPLEMENTATION,no emitted launch,no,API_BACKEND_ABSENT,RAISING_BLOCKS_WHOLE_OP_RECOGNITION
aten_segment_reduce_lengths_backward_cpu,aten/src/ATen/native/SegmentReduce.cpp,_segment_reduce_cpu_lengths_backward_kernel1,pass,0,2,,NONE,0,2,segmented_reduction,CUB,DeviceSegmentedReduce,FULL_GENERIC_API,whole,offset/length arrays define device-wide reduction segments,https://nvidia.github.io/cccl/cub/api/device.html,SINGLE_CONFIGURED_PRIMITIVE,NO_IMPLEMENTATION,no emitted launch,no,API_BACKEND_ABSENT,RAISING_BLOCKS_WHOLE_OP_RECOGNITION
aten_segment_reduce_lengths_cpu,aten/src/ATen/native/SegmentReduce.cpp,_segment_reduce_lengths_cpu_kernel1,pass,0,2,,NONE,0,2,segmented_reduction,CUB,DeviceSegmentedReduce,FULL_GENERIC_API,whole,offset/length arrays define device-wide reduction segments,https://nvidia.github.io/cccl/cub/api/device.html,SINGLE_CONFIGURED_PRIMITIVE,NO_IMPLEMENTATION,no emitted launch,no,API_BACKEND_ABSENT,RAISING_BLOCKS_WHOLE_OP_RECOGNITION
aten_sgn_complex_scalarized,aten/src/ATen/native/cpu/UnaryOpsKernel.cpp,sgn_kernel,pass,1,0,,NONE,1,0,complex_layout,cuTENSOR,permutation or elementwise conjugate,FULL_GENERIC_API,whole,cuTENSOR supports permutation and conjugate unary operators,https://docs.nvidia.com/cuda/cutensor/latest/api/cutensor.html,SINGLE_CONFIGURED_PRIMITIVE,NO_IMPLEMENTATION,no emitted launch,no,API_BACKEND_ABSENT,BACKEND_AND_MATCHER_GAP
aten_shrink_backward,aten/src/ATen/native/cpu/Activation.cpp,shrink_backward_kernel,pass,1,0,cudnnPointwiseGraph_f32,COMPLETE_REWRITE_CANDIDATE,0,0,pointwise_formula,cuDNN,multi-node pointwise graph,FULL_GENERIC_API,whole,"the formula is composed entirely from supported arithmetic, comparison, selection, and activation nodes",https://docs.nvidia.com/deeplearning/cudnn/latest/operations/operations.html,MULTI_NODE_LIBRARY_GRAPH,DIRECT_VENDOR_API,public vendor API or vendor operation graph,yes,GENERAL_GRAPH_BACKEND_ABSENT,ALREADY_FOUND
aten_sigmoid,aten/src/ATen/native/cpu/UnaryOpsKernel.cpp,sigmoid_kernel,pass,1,0,cutensorUnary_sigmoid_f32,COMPLETE_REWRITE_CANDIDATE,0,0,pointwise,cuDNN,Pointwise graph operation,FULL_GENERIC_API,whole,cuDNN exposes a broad fixed set of unary/binary/ternary pointwise modes,https://docs.nvidia.com/deeplearning/cudnn/latest/operations/operations.html,MULTI_NODE_LIBRARY_GRAPH,DIRECT_VENDOR_API,public vendor API or vendor operation graph,yes,GENERAL_GRAPH_BACKEND_ABSENT,ALREADY_FOUND
aten_sigmoid_backward,aten/src/ATen/native/cpu/BinaryOpsKernel.cpp,sigmoid_backward_kernel,pass,1,0,cudnnPointwiseGraph_f32,COMPLETE_REWRITE_CANDIDATE,0,0,pointwise,cuDNN,Pointwise graph operation,FULL_GENERIC_API,whole,cuDNN exposes a broad fixed set of unary/binary/ternary pointwise modes,https://docs.nvidia.com/deeplearning/cudnn/latest/operations/operations.html,MULTI_NODE_LIBRARY_GRAPH,DIRECT_VENDOR_API,public vendor API or vendor operation graph,yes,GENERAL_GRAPH_BACKEND_ABSENT,ALREADY_FOUND
aten_sign,aten/src/ATen/native/cpu/UnaryOpsKernel.cpp,sign_kernel,pass,1,0,,NONE,1,0,pointwise,cuDNN,Pointwise graph operation,FULL_GENERIC_API,whole,cuDNN exposes a broad fixed set of unary/binary/ternary pointwise modes,https://docs.nvidia.com/deeplearning/cudnn/latest/operations/operations.html,MULTI_NODE_LIBRARY_GRAPH,NO_IMPLEMENTATION,no emitted launch,no,GENERAL_GRAPH_BACKEND_ABSENT,BACKEND_AND_MATCHER_GAP
aten_signbit,aten/src/ATen/native/cpu/UnaryOpsKernel.cpp,signbit_kernel,pass,1,0,,NONE,1,0,pointwise,cuDNN,Pointwise graph operation,FULL_GENERIC_API,whole,cuDNN exposes a broad fixed set of unary/binary/ternary pointwise modes,https://docs.nvidia.com/deeplearning/cudnn/latest/operations/operations.html,MULTI_NODE_LIBRARY_GRAPH,NO_IMPLEMENTATION,no emitted launch,no,GENERAL_GRAPH_BACKEND_ABSENT,BACKEND_AND_MATCHER_GAP
aten_silu,aten/src/ATen/native/Activation.cpp,silu,pass,1,0,cutensorUnary_silu_f32,COMPLETE_REWRITE_CANDIDATE,0,0,pointwise,cuDNN,Pointwise graph operation,FULL_GENERIC_API,whole,cuDNN exposes a broad fixed set of unary/binary/ternary pointwise modes,https://docs.nvidia.com/deeplearning/cudnn/latest/operations/operations.html,MULTI_NODE_LIBRARY_GRAPH,DIRECT_VENDOR_API,public vendor API or vendor operation graph,yes,GENERAL_GRAPH_BACKEND_ABSENT,ALREADY_FOUND
aten_silu_backward,aten/src/ATen/native/cpu/Activation.cpp,silu_backward_kernel,pass,1,0,cudnnPointwiseGraph_f32,COMPLETE_REWRITE_CANDIDATE,0,0,pointwise,cuDNN,Pointwise graph operation,FULL_GENERIC_API,whole,cuDNN exposes a broad fixed set of unary/binary/ternary pointwise modes,https://docs.nvidia.com/deeplearning/cudnn/latest/operations/operations.html,MULTI_NODE_LIBRARY_GRAPH,DIRECT_VENDOR_API,public vendor API or vendor operation graph,yes,GENERAL_GRAPH_BACKEND_ABSENT,ALREADY_FOUND
aten_silu_cpu,aten/src/ATen/native/cpu/Activation.cpp,silu_kernel,pass,1,0,cutensorUnary_silu_f32,COMPLETE_REWRITE_CANDIDATE,0,0,pointwise,cuDNN,Pointwise graph operation,FULL_GENERIC_API,whole,cuDNN exposes a broad fixed set of unary/binary/ternary pointwise modes,https://docs.nvidia.com/deeplearning/cudnn/latest/operations/operations.html,MULTI_NODE_LIBRARY_GRAPH,DIRECT_VENDOR_API,public vendor API or vendor operation graph,yes,GENERAL_GRAPH_BACKEND_ABSENT,ALREADY_FOUND
aten_sin,aten/src/ATen/native/cpu/UnaryOpsKernel.cpp,sin_kernel,pass,1,0,cutensorUnary_sin_f32,COMPLETE_REWRITE_CANDIDATE,0,0,pointwise_math,NPP,signal arithmetic/transcendental API,FULL_FIXED_API,whole,NPP provides fixed signal math routines for supported dtypes,https://docs.nvidia.com/cuda/npp/index.html,SINGLE_FIXED_CALL,DIRECT_VENDOR_API,public vendor API or vendor operation graph,yes,API_BACKEND_ABSENT,ALREADY_FOUND
aten_sinc,aten/src/ATen/native/cpu/UnaryOpsKernel.cpp,sinc_kernel,pass,1,0,,NONE,1,0,pointwise_reduction_formula,cuDNN,pointwise and reduction operation graph,FULL_GENERIC_API,whole,the complete formula can be assembled from documented cuDNN graph nodes,https://docs.nvidia.com/deeplearning/cudnn/latest/operations/operations.html,MULTI_NODE_LIBRARY_GRAPH,NO_IMPLEMENTATION,no emitted launch,no,GENERAL_GRAPH_BACKEND_ABSENT,BACKEND_AND_MATCHER_GAP
aten_sinh,aten/src/ATen/native/cpu/UnaryOpsKernel.cpp,sinh_kernel,pass,1,0,cutensorUnary_sinh_f32,COMPLETE_REWRITE_CANDIDATE,0,0,pointwise_reduction_formula,cuDNN,pointwise and reduction operation graph,FULL_GENERIC_API,whole,the complete formula can be assembled from documented cuDNN graph nodes,https://docs.nvidia.com/deeplearning/cudnn/latest/operations/operations.html,MULTI_NODE_LIBRARY_GRAPH,DIRECT_VENDOR_API,public vendor API or vendor operation graph,yes,GENERAL_GRAPH_BACKEND_ABSENT,ALREADY_FOUND
aten_slow_conv3d_backward_input_cpu,aten/src/ATen/native/ConvolutionMM3d.cpp,slow_conv3d_backward_out_cpu_template,pass,1,0,cudnnConvolutionTranspose3D_f32_memref,COMPLETE_REWRITE_CANDIDATE,0,0,indexed_data_movement,CUB,DeviceSelect/sort primitives,PARTIAL_API,stages,CUB provides building blocks but no general gather/scatter tensor call,https://nvidia.github.io/cccl/cub/api/device.html,PARTIAL_STAGES,DIRECT_VENDOR_API,public vendor API or vendor operation graph,yes,API_BACKEND_ABSENT,ALREADY_FOUND
aten_slow_conv3d_backward_weight_cpu,aten/src/ATen/native/ConvolutionMM3d.cpp,slow_conv3d_backward_parameters_out_cpu_template,pass,1,0,cudnnConvolutionBackwardFilter3D_f32_memref,COMPLETE_REWRITE_CANDIDATE,0,0,convolution,cuDNN,ConvolutionFwd/BwdData/BwdFilter,FULL_FIXED_API,whole,"standard, transposed, or dilated convolution maps to cuDNN convolution descriptors",https://docs.nvidia.com/deeplearning/cudnn/latest/operations/operations.html,SINGLE_FIXED_CALL,DIRECT_VENDOR_API,public vendor API or vendor operation graph,yes,API_BACKEND_ABSENT,ALREADY_FOUND
aten_slow_conv3d_forward_cpu,aten/src/ATen/native/ConvolutionMM3d.cpp,slow_conv3d_forward_out_cpu,pass,2,0,cudnnConvolution3D_f32,COMPLETE_REWRITE_CANDIDATE,0,0,convolution,cuDNN,ConvolutionFwd/BwdData/BwdFilter,FULL_FIXED_API,whole,"standard, transposed, or dilated convolution maps to cuDNN convolution descriptors",https://docs.nvidia.com/deeplearning/cudnn/latest/operations/operations.html,SINGLE_FIXED_CALL,DIRECT_VENDOR_API,public vendor API or vendor operation graph,yes,SELECTED_WRAPPERS_PRESENT,ALREADY_FOUND
aten_smooth_l1_backward,aten/src/ATen/native/cpu/PointwiseOpsKernel.cpp,smooth_l1_backward_cpu_kernel,pass,1,0,cudnnPointwiseGraph_f32,COMPLETE_REWRITE_CANDIDATE,0,0,pointwise_formula,cuDNN,multi-node pointwise graph,FULL_GENERIC_API,whole,"the formula is composed entirely from supported arithmetic, comparison, selection, and activation nodes",https://docs.nvidia.com/deeplearning/cudnn/latest/operations/operations.html,MULTI_NODE_LIBRARY_GRAPH,DIRECT_VENDOR_API,public vendor API or vendor operation graph,yes,GENERAL_GRAPH_BACKEND_ABSENT,ALREADY_FOUND
aten_smooth_l1_elementwise,aten/src/ATen/native/cpu/BinaryOpsKernel.cpp,smooth_l1_kernel,pass,1,0,cudnnPointwiseGraph_f32,COMPLETE_REWRITE_CANDIDATE,0,0,pointwise_formula,cuDNN,multi-node pointwise graph,FULL_GENERIC_API,whole,"the formula is composed entirely from supported arithmetic, comparison, selection, and activation nodes",https://docs.nvidia.com/deeplearning/cudnn/latest/operations/operations.html,MULTI_NODE_LIBRARY_GRAPH,DIRECT_VENDOR_API,public vendor API or vendor operation graph,yes,GENERAL_GRAPH_BACKEND_ABSENT,ALREADY_FOUND
aten_sobol_draw_cpu,aten/src/ATen/native/SobolEngineOps.cpp,_sobol_engine_draw,pass,0,3,,NONE,0,3,random_generation,cuRAND,host/device generation APIs,FULL_FIXED_API,whole,"cuRAND directly provides uniform, normal, log-normal, Poisson, and Sobol generation",https://docs.nvidia.com/cuda/curand/index.html,SINGLE_FIXED_CALL,NO_IMPLEMENTATION,no emitted launch,no,API_BACKEND_ABSENT,RAISING_BLOCKS_WHOLE_OP_RECOGNITION
aten_sobol_fast_forward_cpu,aten/src/ATen/native/SobolEngineOps.cpp,_sobol_engine_ff_,pass,1,1,,NONE,1,1,random_generation,cuRAND,host/device generation APIs,FULL_FIXED_API,whole,"cuRAND directly provides uniform, normal, log-normal, Poisson, and Sobol generation",https://docs.nvidia.com/cuda/curand/index.html,SINGLE_FIXED_CALL,NO_IMPLEMENTATION,no emitted launch,no,API_BACKEND_ABSENT,RAISING_BLOCKS_WHOLE_OP_RECOGNITION
aten_sobol_initialize_cpu,aten/src/ATen/native/SobolEngineOps.cpp,_sobol_engine_initialize_state_,pass,1,0,,NONE,1,0,sobol_state_transform,,,NO_DIRECT_LIBRARY_API,none,these helpers transform direction/state arrays; cuRAND does not expose them,,NONE,NO_IMPLEMENTATION,no emitted launch,no,NO_TENSOR_LIBRARY_API,NO_LIBRARY_MATCH_EXPECTED
aten_sobol_scramble_cpu,aten/src/ATen/native/SobolEngineOps.cpp,_sobol_engine_scramble_,pass,1,0,,NONE,1,0,sobol_state_transform,,,NO_DIRECT_LIBRARY_API,none,these helpers transform direction/state arrays; cuRAND does not expose them,,NONE,NO_IMPLEMENTATION,no emitted launch,no,NO_TENSOR_LIBRARY_API,NO_LIBRARY_MATCH_EXPECTED
aten_softmax,aten/src/ATen/native/cpu/SoftMaxKernel.cpp,softmax,pass,3,0,cudnnSoftmaxForward_tensor,COMPLETE_REWRITE_CANDIDATE,0,0,softmax,cuDNN,Softmax or pointwise+reduction graph,FULL_FIXED_API,whole,dense softmax is fixed-function; sparse/nested forms require layout composition,https://docs.nvidia.com/deeplearning/cudnn/latest/operations/operations.html,SINGLE_FIXED_CALL,DIRECT_VENDOR_API,public vendor API or vendor operation graph,yes,SELECTED_WRAPPERS_PRESENT,ALREADY_FOUND
aten_softplus,aten/src/ATen/native/cpu/Activation.cpp,softplus_kernel,pass,1,0,cudnnPointwiseGraph_f32,COMPLETE_REWRITE_CANDIDATE,0,0,pointwise,cuDNN,Pointwise graph operation,FULL_GENERIC_API,whole,cuDNN exposes a broad fixed set of unary/binary/ternary pointwise modes,https://docs.nvidia.com/deeplearning/cudnn/latest/operations/operations.html,MULTI_NODE_LIBRARY_GRAPH,DIRECT_VENDOR_API,public vendor API or vendor operation graph,yes,GENERAL_GRAPH_BACKEND_ABSENT,ALREADY_FOUND
aten_softplus_backward,aten/src/ATen/native/cpu/Activation.cpp,softplus_backward_kernel,pass,1,0,cudnnPointwiseGraph_f32,COMPLETE_REWRITE_CANDIDATE,0,0,pointwise,cuDNN,Pointwise graph operation,FULL_GENERIC_API,whole,cuDNN exposes a broad fixed set of unary/binary/ternary pointwise modes,https://docs.nvidia.com/deeplearning/cudnn/latest/operations/operations.html,MULTI_NODE_LIBRARY_GRAPH,DIRECT_VENDOR_API,public vendor API or vendor operation graph,yes,GENERAL_GRAPH_BACKEND_ABSENT,ALREADY_FOUND
aten_softshrink,aten/src/ATen/native/cpu/Activation.cpp,softshrink_kernel,pass,1,0,cudnnPointwiseGraph_f32,COMPLETE_REWRITE_CANDIDATE,0,0,pointwise_formula,cuDNN,multi-node pointwise graph,FULL_GENERIC_API,whole,"the formula is composed entirely from supported arithmetic, comparison, selection, and activation nodes",https://docs.nvidia.com/deeplearning/cudnn/latest/operations/operations.html,MULTI_NODE_LIBRARY_GRAPH,DIRECT_VENDOR_API,public vendor API or vendor operation graph,yes,GENERAL_GRAPH_BACKEND_ABSENT,ALREADY_FOUND
aten_sort_cpu,aten/src/ATen/native/cpu/SortingKernel.cpp,sort_kernel,pass,2,3,cudaCopy2D_f32_tensor,PARTIAL_STAGE_ONLY,1,3,ordering_selection,CUB,DeviceRadixSort/MergeSort/TopK/Select/RunLengthEncode,FULL_GENERIC_API,whole,CUB provides device-wide ordering and selection primitives,https://nvidia.github.io/cccl/cub/api/device.html,SINGLE_CONFIGURED_PRIMITIVE,CUDA_RUNTIME_PRIMITIVE,CUDA copy or memset runtime primitive,yes,API_BACKEND_ABSENT,PARTIAL_MATCH_ONLY_RESIDUAL_IR_REMAINS
aten_sparse_add_values_cpu,aten/src/ATen/native/sparse/SparseTensorMath.cpp,add_out_sparse_contiguous,pass,1,0,cudnnPointwiseGraph_f32,COMPLETE_REWRITE_CANDIDATE,0,0,sparse_indexed_elementwise,cuSPARSE,SpVec/SpMat plus generic operation,PARTIAL_API,stage,"descriptor/storage handling exists, but arbitrary indexed elementwise semantics need composition",https://docs.nvidia.com/cuda/cusparse/,PARTIAL_STAGES,DIRECT_VENDOR_API,public vendor API or vendor operation graph,yes,API_BACKEND_ABSENT,ALREADY_FOUND
aten_sparse_addmm_cpu,aten/src/ATen/native/sparse/SparseTensorMath.cpp,s_addmm_out_sparse_dense_worker,pass,1,2,cusparseSpMM_COO_f32_memref,COMPLETE_REWRITE_CANDIDATE,0,0,sparse_linear_algebra,cuSPARSE,cusparseSpMV/SpMM/SpGEMM/SDDMM,FULL_FIXED_API,whole,standard sparse-dense or sparse-sparse linear algebra,https://docs.nvidia.com/cuda/cusparse/,SINGLE_FIXED_CALL,DIRECT_VENDOR_API,public vendor API or vendor operation graph,yes,SELECTED_WRAPPERS_PRESENT,ALREADY_FOUND
aten_sparse_addmv_bsr_cpu,aten/src/ATen/native/sparse/SparseBlasImpl.cpp,addmv_sparse_bsr,pass,1,3,cusparseSpMM_BSR_f32_memref,COMPLETE_REWRITE_CANDIDATE,0,0,sparse_linear_algebra,cuSPARSE,cusparseSpMV/SpMM/SpGEMM/SDDMM,FULL_FIXED_API,whole,standard sparse-dense or sparse-sparse linear algebra,https://docs.nvidia.com/cuda/cusparse/,SINGLE_FIXED_CALL,DIRECT_VENDOR_API,public vendor API or vendor operation graph,yes,SELECTED_WRAPPERS_PRESENT,ALREADY_FOUND
aten_sparse_addmv_csr_cpu,aten/src/ATen/native/sparse/SparseBlasImpl.cpp,addmv_sparse_csr,pass,0,2,cusparseSpMV_CSR_f32_memref,COMPLETE_REWRITE_CANDIDATE,0,0,sparse_linear_algebra,cuSPARSE,cusparseSpMV/SpMM/SpGEMM/SDDMM,FULL_FIXED_API,whole,standard sparse-dense or sparse-sparse linear algebra,https://docs.nvidia.com/cuda/cusparse/,SINGLE_FIXED_CALL,DIRECT_VENDOR_API,public vendor API or vendor operation graph,yes,SELECTED_WRAPPERS_PRESENT,ALREADY_FOUND
aten_sparse_bmm_cpu,aten/src/ATen/native/sparse/SparseTensorMath.cpp,bmm_out_sparse_cpu,pass,2,0,cublasSgemm_strided_batched_nn_zero,COMPLETE_REWRITE_CANDIDATE,0,0,sparse_linear_algebra,cuSPARSE,cusparseSpMV/SpMM/SpGEMM/SDDMM,FULL_FIXED_API,whole,standard sparse-dense or sparse-sparse linear algebra,https://docs.nvidia.com/cuda/cusparse/,SINGLE_FIXED_CALL,DIRECT_VENDOR_API,public vendor API or vendor operation graph,yes,API_BACKEND_ABSENT,ALREADY_FOUND
aten_sparse_coo_softmax_backward_cpu,aten/src/ATen/native/sparse/SoftMax.cpp,cpu_sparse_coo_softmax_backward,pass,2,1,"cublasSdot,cudnnPointwiseGraph_f32",PARTIAL_STAGE_ONLY,0,1,sparse_softmax,CUB,segmented max/sum reductions plus pointwise transforms,PARTIAL_API,stages,"sparse rows can use segmented primitives, but there is no one sparse-softmax library call",https://nvidia.github.io/cccl/cub/api/device.html,PARTIAL_STAGES,DIRECT_VENDOR_API,public vendor API or vendor operation graph,yes,API_BACKEND_ABSENT,PARTIAL_MATCH_ONLY_RESIDUAL_IR_REMAINS
aten_sparse_coo_softmax_cpu,aten/src/ATen/native/sparse/SoftMax.cpp,cpu_sparse_coo_softmax,pass,2,1,,NONE,2,1,sparse_softmax,CUB,segmented max/sum reductions plus pointwise transforms,PARTIAL_API,stages,"sparse rows can use segmented primitives, but there is no one sparse-softmax library call",https://nvidia.github.io/cccl/cub/api/device.html,PARTIAL_STAGES,NO_IMPLEMENTATION,no emitted launch,no,API_BACKEND_ABSENT,RAISING_BLOCKS_WHOLE_OP_RECOGNITION
aten_sparse_coo_to_csr_cpu,aten/src/ATen/native/SparseTensorUtils.cpp,coo_to_csr,pass,0,2,cusparseXcoo2csr_i32_memref,COMPLETE_REWRITE_CANDIDATE,0,0,sparse_format,cuSPARSE,format conversion and sorting APIs,FULL_GENERIC_API,whole,cuSPARSE exposes sparse format conversion/sorting primitives,https://docs.nvidia.com/cuda/cusparse/,SINGLE_CONFIGURED_PRIMITIVE,DIRECT_VENDOR_API,public vendor API or vendor operation graph,yes,SELECTED_WRAPPERS_PRESENT,ALREADY_FOUND
aten_sparse_csr_add_dense_cpu,aten/src/ATen/native/sparse/SparseCsrTensorMath.cpp,add_out_dense_sparse_compressed_cpu,pass,0,2,,NONE,0,2,sparse_indexed_elementwise,cuSPARSE,SpVec/SpMat plus generic operation,PARTIAL_API,stage,"descriptor/storage handling exists, but arbitrary indexed elementwise semantics need composition",https://docs.nvidia.com/cuda/cusparse/,PARTIAL_STAGES,NO_IMPLEMENTATION,no emitted launch,no,API_BACKEND_ABSENT,RAISING_BLOCKS_WHOLE_OP_RECOGNITION
aten_sparse_csr_addmm_cpu,aten/src/ATen/native/sparse/SparseCsrTensorMath.cpp,addmm_out_sparse_csr_native_cpu,pass,0,3,cusparseSpMM_CSR_f32_memref,COMPLETE_REWRITE_CANDIDATE,0,0,sparse_linear_algebra,cuSPARSE,cusparseSpMV/SpMM/SpGEMM/SDDMM,FULL_FIXED_API,whole,standard sparse-dense or sparse-sparse linear algebra,https://docs.nvidia.com/cuda/cusparse/,SINGLE_FIXED_CALL,DIRECT_VENDOR_API,public vendor API or vendor operation graph,yes,SELECTED_WRAPPERS_PRESENT,ALREADY_FOUND
aten_sparse_csr_reduce_all_cpu,aten/src/ATen/native/sparse/SparseCsrTensorMath.cpp,reduce_sparse_csr_dim01_cpu_template,pass,1,0,cudnnReduceSum_f32,COMPLETE_REWRITE_CANDIDATE,0,0,sparse_reduction,CUB,DeviceSegmentedReduce,FULL_GENERIC_API,whole,CSR/COO offsets define segments for a library segmented reduction,https://nvidia.github.io/cccl/cub/api/device.html,SINGLE_CONFIGURED_PRIMITIVE,DIRECT_VENDOR_API,public vendor API or vendor operation graph,yes,API_BACKEND_ABSENT,ALREADY_FOUND
aten_sparse_csr_reduce_dim0_cpu,aten/src/ATen/native/sparse/SparseCsrTensorMath.cpp,reduce_sparse_csr_dim0_cpu_template,pass,1,2,memset_zero_1D_f32,PARTIAL_STAGE_ONLY,0,2,sparse_reduction,CUB,DeviceSegmentedReduce,FULL_GENERIC_API,whole,CSR/COO offsets define segments for a library segmented reduction,https://nvidia.github.io/cccl/cub/api/device.html,SINGLE_CONFIGURED_PRIMITIVE,CUDA_RUNTIME_PRIMITIVE,CUDA copy or memset runtime primitive,yes,API_BACKEND_ABSENT,PARTIAL_MATCH_ONLY_RESIDUAL_IR_REMAINS
aten_sparse_csr_reduce_dim1_cpu,aten/src/ATen/native/sparse/SparseCsrTensorMath.cpp,reduce_sparse_csr_dim1_cpu_template,pass,0,2,,NONE,0,2,sparse_reduction,CUB,DeviceSegmentedReduce,FULL_GENERIC_API,whole,CSR/COO offsets define segments for a library segmented reduction,https://nvidia.github.io/cccl/cub/api/device.html,SINGLE_CONFIGURED_PRIMITIVE,NO_IMPLEMENTATION,no emitted launch,no,API_BACKEND_ABSENT,RAISING_BLOCKS_WHOLE_OP_RECOGNITION
aten_sparse_dense_intersection_cpu,aten/src/ATen/native/sparse/SparseTensorMath.cpp,intersection_binary_op_sparse_dense_out,pass,1,0,,NONE,1,0,sparse_indexed_elementwise,cuSPARSE,SpVec/SpMat plus generic operation,PARTIAL_API,stage,"descriptor/storage handling exists, but arbitrary indexed elementwise semantics need composition",https://docs.nvidia.com/cuda/cusparse/,PARTIAL_STAGES,NO_IMPLEMENTATION,no emitted launch,no,API_BACKEND_ABSENT,COMPOSITION_REQUIRED_NOT_MATCHER_ONLY
aten_sparse_flatten_indices_cpu,aten/src/ATen/native/SparseTensorUtils.cpp,flatten_indices_by_dims,pass,2,0,,NONE,2,0,index_generation,cuDNN,GEN_INDEX plus arithmetic/comparison graph,FULL_GENERIC_API,whole,cuDNN can generate coordinates and form masks or flattened indices in an operation graph,https://docs.nvidia.com/deeplearning/cudnn/latest/operations/operations.html,MULTI_NODE_LIBRARY_GRAPH,NO_IMPLEMENTATION,no emitted launch,no,GENERAL_GRAPH_BACKEND_ABSENT,BACKEND_AND_MATCHER_GAP
aten_sparse_full_coo_indices_cpu,aten/src/ATen/native/SparseTensorUtils.cpp,full_coo_indices,pass,0,2,,NONE,0,2,sparse_indexed_elementwise,cuSPARSE,SpVec/SpMat plus generic operation,PARTIAL_API,stage,"descriptor/storage handling exists, but arbitrary indexed elementwise semantics need composition",https://docs.nvidia.com/cuda/cusparse/,PARTIAL_STAGES,NO_IMPLEMENTATION,no emitted launch,no,API_BACKEND_ABSENT,RAISING_BLOCKS_WHOLE_OP_RECOGNITION
aten_sparse_intersection_apply_cpu,aten/src/ATen/native/sparse/SparseBinaryOpIntersectionKernel.cpp,apply,pass,1,0,cudnnPointwiseGraph_f32,COMPLETE_REWRITE_CANDIDATE,0,0,sparse_indexed_elementwise,cuSPARSE,SpVec/SpMat plus generic operation,PARTIAL_API,stage,"descriptor/storage handling exists, but arbitrary indexed elementwise semantics need composition",https://docs.nvidia.com/cuda/cusparse/,PARTIAL_STAGES,DIRECT_VENDOR_API,public vendor API or vendor operation graph,yes,API_BACKEND_ABSENT,ALREADY_FOUND
aten_sparse_intersection_launch_cpu,aten/src/ATen/native/sparse/SparseBinaryOpIntersectionKernel.cpp,launch,pass,1,0,cudnnPointwiseGraph_f32,COMPLETE_REWRITE_CANDIDATE,0,0,sparse_indexed_elementwise,cuSPARSE,SpVec/SpMat plus generic operation,PARTIAL_API,stage,"descriptor/storage handling exists, but arbitrary indexed elementwise semantics need composition",https://docs.nvidia.com/cuda/cusparse/,PARTIAL_STAGES,DIRECT_VENDOR_API,public vendor API or vendor operation graph,yes,API_BACKEND_ABSENT,ALREADY_FOUND
aten_sparse_matmul_cpu,aten/src/ATen/native/sparse/SparseMatMul.cpp,_csr_matmult,pass,0,3,cusparseSpMM_CSR_f32_memref,COMPLETE_REWRITE_CANDIDATE,0,0,sparse_indexed_elementwise,cuSPARSE,SpVec/SpMat plus generic operation,PARTIAL_API,stage,"descriptor/storage handling exists, but arbitrary indexed elementwise semantics need composition",https://docs.nvidia.com/cuda/cusparse/,PARTIAL_STAGES,DIRECT_VENDOR_API,public vendor API or vendor operation graph,yes,API_BACKEND_ABSENT,ALREADY_FOUND
aten_sparse_matmul_csr_to_coo_cpu,aten/src/ATen/native/sparse/SparseMatMul.cpp,csr_to_coo,pass,0,2,cusparseXcsr2coo_i32_memref,COMPLETE_REWRITE_CANDIDATE,0,0,sparse_format,cuSPARSE,format conversion and sorting APIs,FULL_GENERIC_API,whole,cuSPARSE exposes sparse format conversion/sorting primitives,https://docs.nvidia.com/cuda/cusparse/,SINGLE_CONFIGURED_PRIMITIVE,DIRECT_VENDOR_API,public vendor API or vendor operation graph,yes,SELECTED_WRAPPERS_PRESENT,ALREADY_FOUND
aten_sparse_matmul_maxnnz_cpu,aten/src/ATen/native/sparse/SparseMatMul.cpp,_csr_matmult_maxnnz,pass,0,2,,NONE,0,2,sparse_indexed_elementwise,cuSPARSE,SpVec/SpMat plus generic operation,PARTIAL_API,stage,"descriptor/storage handling exists, but arbitrary indexed elementwise semantics need composition",https://docs.nvidia.com/cuda/cusparse/,PARTIAL_STAGES,NO_IMPLEMENTATION,no emitted launch,no,API_BACKEND_ABSENT,RAISING_BLOCKS_WHOLE_OP_RECOGNITION
aten_sparse_mul_cpu,aten/src/ATen/native/sparse/SparseTensorMath.cpp,mul_out_sparse_cpu,pass,1,0,cudnnPointwiseGraph_f32,COMPLETE_REWRITE_CANDIDATE,0,0,sparse_indexed_elementwise,cuSPARSE,SpVec/SpMat plus generic operation,PARTIAL_API,stage,"descriptor/storage handling exists, but arbitrary indexed elementwise semantics need composition",https://docs.nvidia.com/cuda/cusparse/,PARTIAL_STAGES,DIRECT_VENDOR_API,public vendor API or vendor operation graph,yes,API_BACKEND_ABSENT,ALREADY_FOUND
aten_sparse_norm_cpu,aten/src/ATen/native/sparse/SparseTensorMath.cpp,norm_sparse,pass,1,0,cublasSnrm2_f32_memref,COMPLETE_REWRITE_CANDIDATE,0,0,euclidean_norm,cuBLAS,cublasSnrm2,FULL_FIXED_API,whole,the kernel computes sqrt(sum(value[i]^2)) over the stored values,https://docs.nvidia.com/cuda/cublas/,SINGLE_FIXED_CALL,DIRECT_VENDOR_API,public vendor API or vendor operation graph,yes,SELECTED_WRAPPERS_PRESENT,ALREADY_FOUND
aten_sparse_softmax_offsets_cpu,aten/src/ATen/native/sparse/SoftMax.cpp,get_offsets,pass,0,2,,NONE,0,2,sparse_softmax,CUB,segmented max/sum reductions plus pointwise transforms,PARTIAL_API,stages,"sparse rows can use segmented primitives, but there is no one sparse-softmax library call",https://nvidia.github.io/cccl/cub/api/device.html,PARTIAL_STAGES,NO_IMPLEMENTATION,no emitted launch,no,API_BACKEND_ABSENT,RAISING_BLOCKS_WHOLE_OP_RECOGNITION
aten_sparse_softmax_pools_cpu,aten/src/ATen/native/sparse/SoftMax.cpp,get_pools,pass,1,0,,NONE,1,0,sparse_softmax,CUB,segmented max/sum reductions plus pointwise transforms,PARTIAL_API,stages,"sparse rows can use segmented primitives, but there is no one sparse-softmax library call",https://nvidia.github.io/cccl/cub/api/device.html,PARTIAL_STAGES,NO_IMPLEMENTATION,no emitted launch,no,API_BACKEND_ABSENT,COMPOSITION_REQUIRED_NOT_MATCHER_ONLY
aten_sparse_sum_backward_cpu,aten/src/ATen/native/sparse/SparseTensorMath.cpp,_sparse_sum_backward_cpu,pass,1,0,,NONE,1,0,scalar_fill,,none,NO_DIRECT_LIBRARY_API,none,the kernel broadcasts an arbitrary runtime float; cudaMemset only represents zero,,NONE,NO_IMPLEMENTATION,no emitted launch,no,NO_TENSOR_LIBRARY_API,NO_LIBRARY_MATCH_EXPECTED
aten_sparse_sum_cpu,aten/src/ATen/native/sparse/SparseTensorMath.cpp,_sparse_sum,pass,1,0,cudnnReduceSum_f32,COMPLETE_REWRITE_CANDIDATE,0,0,sparse_reduction,CUB,DeviceSegmentedReduce,FULL_GENERIC_API,whole,CSR/COO offsets define segments for a library segmented reduction,https://nvidia.github.io/cccl/cub/api/device.html,SINGLE_CONFIGURED_PRIMITIVE,DIRECT_VENDOR_API,public vendor API or vendor operation graph,yes,API_BACKEND_ABSENT,ALREADY_FOUND
aten_spdiags_cpu,aten/src/ATen/native/cpu/SparseFactories.cpp,_spdiags_kernel_cpu,pass,1,2,memset_zero_2D_f32,PARTIAL_STAGE_ONLY,0,2,indexed_data_movement,CUB,DeviceSelect/sort primitives,PARTIAL_API,stages,CUB provides building blocks but no general gather/scatter tensor call,https://nvidia.github.io/cccl/cub/api/device.html,PARTIAL_STAGES,CUDA_RUNTIME_PRIMITIVE,CUDA copy or memset runtime primitive,yes,API_BACKEND_ABSENT,PARTIAL_MATCH_ONLY_RESIDUAL_IR_REMAINS
aten_spherical_bessel_j0,aten/src/ATen/native/cpu/spherical_bessel_j0.cpp,spherical_bessel_j0_kernel,pass,1,0,,NONE,1,0,special_function,,CUDA Math/libdevice scalar function,NO_DIRECT_LIBRARY_API,scalar_only,"a device scalar function may exist, but not a fixed tensor-library launch",,NONE,NO_IMPLEMENTATION,no emitted launch,no,NO_TENSOR_LIBRARY_API,NO_LIBRARY_MATCH_EXPECTED
aten_split_copy_cpu,aten/src/ATen/native/TensorShape.cpp,split_copy_Tensor_out,pass,1,0,cutensorPermute_f32_r2_tensor,COMPLETE_REWRITE_CANDIDATE,0,0,data_movement,CUDA Runtime,cudaMemcpy*/cudaMemset,FULL_GENERIC_API,whole,contiguous copies are fixed runtime calls; structured concatenation needs multiple copies,https://docs.nvidia.com/cuda/cuda-runtime-api/,MULTI_NODE_LIBRARY_GRAPH,DIRECT_VENDOR_API,public vendor API or vendor operation graph,yes,API_BACKEND_ABSENT,ALREADY_FOUND
aten_spmm_reduce_arg_cpu,aten/src/ATen/native/cpu/SpmmReduceKernel.cpp,spmm_reduce_arg_kernel,pass,0,3,,NONE,0,3,sparse_linear_algebra,cuSPARSE,cusparseSpMV/SpMM/SpGEMM/SDDMM,FULL_FIXED_API,whole,standard sparse-dense or sparse-sparse linear algebra,https://docs.nvidia.com/cuda/cusparse/,SINGLE_FIXED_CALL,NO_IMPLEMENTATION,no emitted launch,no,API_BACKEND_ABSENT,RAISING_BLOCKS_WHOLE_OP_RECOGNITION
aten_spmm_reduce_backward_input_arg_cpu,aten/src/ATen/native/cpu/SpmmReduceKernel.cpp,spmm_reduce_backward_input_arg_kernel,pass,1,2,memset_zero_1D_f32,PARTIAL_STAGE_ONLY,0,2,sparse_linear_algebra,cuSPARSE,cusparseSpMV/SpMM/SpGEMM/SDDMM,FULL_FIXED_API,whole,standard sparse-dense or sparse-sparse linear algebra,https://docs.nvidia.com/cuda/cusparse/,SINGLE_FIXED_CALL,CUDA_RUNTIME_PRIMITIVE,CUDA copy or memset runtime primitive,yes,API_BACKEND_ABSENT,PARTIAL_MATCH_ONLY_RESIDUAL_IR_REMAINS
aten_spmm_reduce_backward_input_cpu,aten/src/ATen/native/cpu/SpmmReduceKernel.cpp,spmm_reduce_backward_input_kernel,pass,1,2,,NONE,1,2,indexed_data_movement,CUB,DeviceSelect/sort primitives,PARTIAL_API,stages,CUB provides building blocks but no general gather/scatter tensor call,https://nvidia.github.io/cccl/cub/api/device.html,PARTIAL_STAGES,NO_IMPLEMENTATION,no emitted launch,no,API_BACKEND_ABSENT,RAISING_BLOCKS_WHOLE_OP_RECOGNITION
aten_spmm_reduce_backward_other_arg_cpu,aten/src/ATen/native/cpu/SpmmReduceKernel.cpp,spmm_reduce_backward_other_arg_kernel,pass,1,2,memset_zero_2D_f32,PARTIAL_STAGE_ONLY,0,2,sparse_linear_algebra,cuSPARSE,cusparseSpMV/SpMM/SpGEMM/SDDMM,FULL_FIXED_API,whole,standard sparse-dense or sparse-sparse linear algebra,https://docs.nvidia.com/cuda/cusparse/,SINGLE_FIXED_CALL,CUDA_RUNTIME_PRIMITIVE,CUDA copy or memset runtime primitive,yes,API_BACKEND_ABSENT,PARTIAL_MATCH_ONLY_RESIDUAL_IR_REMAINS
aten_spmm_reduce_backward_other_cpu,aten/src/ATen/native/cpu/SpmmReduceKernel.cpp,spmm_reduce_backward_other_kernel,pass,1,3,memset_zero_2D_f32,PARTIAL_STAGE_ONLY,0,3,sparse_linear_algebra,cuSPARSE,cusparseSpMV/SpMM/SpGEMM/SDDMM,FULL_FIXED_API,whole,standard sparse-dense or sparse-sparse linear algebra,https://docs.nvidia.com/cuda/cusparse/,SINGLE_FIXED_CALL,CUDA_RUNTIME_PRIMITIVE,CUDA copy or memset runtime primitive,yes,API_BACKEND_ABSENT,PARTIAL_MATCH_ONLY_RESIDUAL_IR_REMAINS
aten_spmm_reduce_cpu,aten/src/ATen/native/cpu/SpmmReduceKernel.cpp,spmm_reduce_kernel,pass,0,3,,NONE,0,3,sparse_linear_algebra,cuSPARSE,cusparseSpMV/SpMM/SpGEMM/SDDMM,FULL_FIXED_API,whole,standard sparse-dense or sparse-sparse linear algebra,https://docs.nvidia.com/cuda/cusparse/,SINGLE_FIXED_CALL,NO_IMPLEMENTATION,no emitted launch,no,API_BACKEND_ABSENT,RAISING_BLOCKS_WHOLE_OP_RECOGNITION
aten_sqrt,aten/src/ATen/native/cpu/UnaryOpsKernel.cpp,sqrt_kernel,pass,1,0,cutensorUnary_sqrt_f32,COMPLETE_REWRITE_CANDIDATE,0,0,pointwise,cuDNN,Pointwise graph operation,FULL_GENERIC_API,whole,cuDNN exposes a broad fixed set of unary/binary/ternary pointwise modes,https://docs.nvidia.com/deeplearning/cudnn/latest/operations/operations.html,MULTI_NODE_LIBRARY_GRAPH,DIRECT_VENDOR_API,public vendor API or vendor operation graph,yes,GENERAL_GRAPH_BACKEND_ABSENT,ALREADY_FOUND
aten_square,aten/src/ATen/native/cpu/UnaryOpsKernel.cpp,square_kernel,pass,1,0,cudnnPointwiseGraph_f32,COMPLETE_REWRITE_CANDIDATE,0,0,pointwise,cuDNN,Pointwise graph operation,FULL_GENERIC_API,whole,cuDNN exposes a broad fixed set of unary/binary/ternary pointwise modes,https://docs.nvidia.com/deeplearning/cudnn/latest/operations/operations.html,MULTI_NODE_LIBRARY_GRAPH,DIRECT_VENDOR_API,public vendor API or vendor operation graph,yes,GENERAL_GRAPH_BACKEND_ABSENT,ALREADY_FOUND
aten_sspaddmm_cpu,aten/src/ATen/native/sparse/SparseTensorMath.cpp,_sspaddmm_out_cpu,pass,1,2,cusparseSpMM_COO_f32_memref,COMPLETE_REWRITE_CANDIDATE,0,0,sparse_linear_algebra,cuSPARSE,cusparseSpMV/SpMM/SpGEMM/SDDMM,FULL_FIXED_API,whole,standard sparse-dense or sparse-sparse linear algebra,https://docs.nvidia.com/cuda/cusparse/,SINGLE_FIXED_CALL,DIRECT_VENDOR_API,public vendor API or vendor operation graph,yes,API_BACKEND_ABSENT,ALREADY_FOUND
aten_stack_serial_cpu,aten/src/ATen/native/cpu/StackKernel.cpp,stack_serial_kernel,pass,1,0,cutensorPermute_f32_r3_tensor,COMPLETE_REWRITE_CANDIDATE,0,0,data_movement,CUDA Runtime,cudaMemcpy*/cudaMemset,FULL_GENERIC_API,whole,contiguous copies are fixed runtime calls; structured concatenation needs multiple copies,https://docs.nvidia.com/cuda/cuda-runtime-api/,MULTI_NODE_LIBRARY_GRAPH,DIRECT_VENDOR_API,public vendor API or vendor operation graph,yes,API_BACKEND_ABSENT,ALREADY_FOUND
aten_standard_gamma_grad_cpu,aten/src/ATen/native/Distributions.cpp,_standard_gamma_grad_cpu,pass,1,0,cudnnPointwiseGraph_f32,COMPLETE_REWRITE_CANDIDATE,0,0,random_distribution,cuRAND,base RNG plus distribution transform,PARTIAL_API,random_draw_stage,cuRAND supplies random bits/uniform/normal draws but not this complete transform in its host API,https://docs.nvidia.com/cuda/curand/index.html,PARTIAL_STAGES,DIRECT_VENDOR_API,public vendor API or vendor operation graph,yes,API_BACKEND_ABSENT,ALREADY_FOUND
aten_std_var_all_cpu,aten/src/ATen/native/ReduceOps.cpp,std_var_all_cpu,pass,2,0,cudnnReduceSum_f32,PARTIAL_STAGE_ONLY,1,0,reduction,NPP,signal statistics/norm APIs,FULL_FIXED_API,whole,"NPP exposes mean, standard deviation, norm, dot, min/max, and sum operations",https://docs.nvidia.com/cuda/npp/index.html,SINGLE_FIXED_CALL,DIRECT_VENDOR_API,public vendor API or vendor operation graph,yes,API_BACKEND_ABSENT,PARTIAL_MATCH_ONLY_RESIDUAL_IR_REMAINS
aten_std_var_cpu,aten/src/ATen/native/cpu/ReduceOpsKernel.cpp,std_var_kernel_impl,pass,2,1,cudnnReduceSum_f32,PARTIAL_STAGE_ONLY,1,1,reduction,NPP,signal statistics/norm APIs,FULL_FIXED_API,whole,"NPP exposes mean, standard deviation, norm, dot, min/max, and sum operations",https://docs.nvidia.com/cuda/npp/index.html,SINGLE_FIXED_CALL,DIRECT_VENDOR_API,public vendor API or vendor operation graph,yes,API_BACKEND_ABSENT,PARTIAL_MATCH_ONLY_RESIDUAL_IR_REMAINS
aten_sum,aten/src/ATen/native/ReduceOps.cpp,sum,pass,2,0,cubSegmentedSum_f64_memref,COMPLETE_REWRITE_CANDIDATE,0,0,reduction,CUB,DeviceReduce or DeviceSegmentedReduce,FULL_GENERIC_API,whole,associative tensor reduction maps to a device-wide primitive,https://nvidia.github.io/cccl/cub/api/device.html,SINGLE_CONFIGURED_PRIMITIVE,STANDARD_LIBRARY_ALGORITHM,preimplemented CUB device algorithm,yes,API_BACKEND_ABSENT,ALREADY_FOUND
aten_sum_cpu_backend,aten/src/ATen/native/cpu/SumKernel.cpp,sum_kernel_impl,pass,2,0,cubSegmentedSum_f32_memref,COMPLETE_REWRITE_CANDIDATE,0,0,reduction,CUB,DeviceReduce or DeviceSegmentedReduce,FULL_GENERIC_API,whole,associative tensor reduction maps to a device-wide primitive,https://nvidia.github.io/cccl/cub/api/device.html,SINGLE_CONFIGURED_PRIMITIVE,STANDARD_LIBRARY_ALGORITHM,preimplemented CUB device algorithm,yes,API_BACKEND_ABSENT,ALREADY_FOUND
aten_sumproduct_pair_cpu,aten/src/ATen/native/Linear.cpp,sumproduct_pair,pass,2,0,cublasSgemm_strided_batched_nn_zero,COMPLETE_REWRITE_CANDIDATE,0,0,tensor_contraction,cuTENSOR,cutensorCreateContraction,FULL_GENERIC_API,whole,Einstein-style multiply/reduce with explicit modes,https://docs.nvidia.com/cuda/cutensor/latest/api/cutensor.html,SINGLE_CONFIGURED_PRIMITIVE,DIRECT_VENDOR_API,public vendor API or vendor operation graph,yes,API_BACKEND_ABSENT,ALREADY_FOUND
aten_take_cpu,aten/src/ATen/native/cpu/IndexKernel.cpp,take_kernel,pass,1,0,,NONE,1,0,indexed_data_movement,CUB,DeviceSelect/sort building blocks,PARTIAL_API,selection_or_sort_stage,CUB does not expose a complete arbitrary gather/scatter tensor call,https://nvidia.github.io/cccl/cub/api/device.html,PARTIAL_STAGES,NO_IMPLEMENTATION,no emitted launch,no,API_BACKEND_ABSENT,COMPOSITION_REQUIRED_NOT_MATCHER_ONLY
aten_tan,aten/src/ATen/native/cpu/UnaryOpsKernel.cpp,tan_kernel,pass,1,0,cutensorUnary_tan_f32,COMPLETE_REWRITE_CANDIDATE,0,0,pointwise_math,NPP,signal arithmetic/transcendental API,FULL_FIXED_API,whole,NPP provides fixed signal math routines for supported dtypes,https://docs.nvidia.com/cuda/npp/index.html,SINGLE_FIXED_CALL,DIRECT_VENDOR_API,public vendor API or vendor operation graph,yes,API_BACKEND_ABSENT,ALREADY_FOUND
aten_tanh,aten/src/ATen/native/cpu/UnaryOpsKernel.cpp,tanh_kernel,pass,1,0,cutensorUnary_tanh_f32,COMPLETE_REWRITE_CANDIDATE,0,0,pointwise,cuDNN,Pointwise graph operation,FULL_GENERIC_API,whole,cuDNN exposes a broad fixed set of unary/binary/ternary pointwise modes,https://docs.nvidia.com/deeplearning/cudnn/latest/operations/operations.html,MULTI_NODE_LIBRARY_GRAPH,DIRECT_VENDOR_API,public vendor API or vendor operation graph,yes,GENERAL_GRAPH_BACKEND_ABSENT,ALREADY_FOUND
aten_tanh_backward,aten/src/ATen/native/cpu/BinaryOpsKernel.cpp,tanh_backward_kernel,pass,1,0,cudnnPointwiseGraph_f32,COMPLETE_REWRITE_CANDIDATE,0,0,pointwise,cuDNN,Pointwise graph operation,FULL_GENERIC_API,whole,cuDNN exposes a broad fixed set of unary/binary/ternary pointwise modes,https://docs.nvidia.com/deeplearning/cudnn/latest/operations/operations.html,MULTI_NODE_LIBRARY_GRAPH,DIRECT_VENDOR_API,public vendor API or vendor operation graph,yes,GENERAL_GRAPH_BACKEND_ABSENT,ALREADY_FOUND
aten_threshold_backward,aten/src/ATen/native/cpu/Activation.cpp,threshold_kernel,pass,1,0,cudnnPointwiseGraph_f32,COMPLETE_REWRITE_CANDIDATE,0,0,pointwise,cuDNN,Pointwise graph operation,FULL_GENERIC_API,whole,cuDNN exposes a broad fixed set of unary/binary/ternary pointwise modes,https://docs.nvidia.com/deeplearning/cudnn/latest/operations/operations.html,MULTI_NODE_LIBRARY_GRAPH,DIRECT_VENDOR_API,public vendor API or vendor operation graph,yes,GENERAL_GRAPH_BACKEND_ABSENT,ALREADY_FOUND
aten_topk_cpu,aten/src/ATen/native/cpu/SortingKernel.cpp,topk_kernel,pass,4,3,cudaCopy2D_f32_tensor,PARTIAL_STAGE_ONLY,1,0,ordering_selection,CUB,DeviceRadixSort/MergeSort/TopK/Select/RunLengthEncode,FULL_GENERIC_API,whole,CUB provides device-wide ordering and selection primitives,https://nvidia.github.io/cccl/cub/api/device.html,SINGLE_CONFIGURED_PRIMITIVE,CUDA_RUNTIME_PRIMITIVE,CUDA copy or memset runtime primitive,yes,API_BACKEND_ABSENT,PARTIAL_MATCH_ONLY_RESIDUAL_IR_REMAINS
aten_trace_cpu,aten/src/ATen/native/ReduceOps.cpp,trace_cpu,pass,1,0,cudnnReduceTrace_f32,COMPLETE_REWRITE_CANDIDATE,0,0,reduction,CUB,DeviceReduce or DeviceSegmentedReduce,FULL_GENERIC_API,whole,associative tensor reduction maps to a device-wide primitive,https://nvidia.github.io/cccl/cub/api/device.html,SINGLE_CONFIGURED_PRIMITIVE,DIRECT_VENDOR_API,public vendor API or vendor operation graph,yes,API_BACKEND_ABSENT,ALREADY_FOUND
aten_transform_bias_rescale_qkv_cpu,aten/src/ATen/native/cpu/NativeMultiheadAttnKernel.cpp,transform_bias_rescale_qkv_kernel_impl,pass,3,0,cudnnTransformBiasRescaleQKV_f32_memref,COMPLETE_REWRITE_CANDIDATE,0,0,qkv_transform,cuDNN,pointwise plus reshape/transpose graph,FULL_GENERIC_API,whole,"bias, scaling, and regular QKV layout transforms are graph-expressible",https://docs.nvidia.com/deeplearning/cudnn/latest/operations/operations.html,MULTI_NODE_LIBRARY_GRAPH,DIRECT_VENDOR_API,public vendor API or vendor operation graph,yes,SELECTED_WRAPPERS_PRESENT,ALREADY_FOUND
aten_transpose_copy,aten/src/ATen/native/TensorShape.cpp,transpose,pass,1,0,cutensorPermute_f32_r2_tensor,COMPLETE_REWRITE_CANDIDATE,0,0,tensor_permutation,cuTENSOR,cutensorPermute,FULL_GENERIC_API,whole,mode permutation/broadcast covers regular affine layouts,https://docs.nvidia.com/cuda/cutensor/latest/api/cutensor.html,SINGLE_CONFIGURED_PRIMITIVE,DIRECT_VENDOR_API,public vendor API or vendor operation graph,yes,SELECTED_WRAPPERS_PRESENT,ALREADY_FOUND
aten_trigamma,aten/src/ATen/native/cpu/UnaryOpsKernel.cpp,trigamma_kernel,pass,1,0,,NONE,1,0,random_distribution,cuRAND,base RNG plus distribution transform,PARTIAL_API,random_draw_stage,cuRAND supplies random bits/uniform/normal draws but not this complete transform in its host API,https://docs.nvidia.com/cuda/curand/index.html,PARTIAL_STAGES,NO_IMPLEMENTATION,no emitted launch,no,API_BACKEND_ABSENT,COMPOSITION_REQUIRED_NOT_MATCHER_ONLY
aten_tril_indices_cpu,aten/src/ATen/native/TensorFactories.cpp,tril_indices_cpu,pass,0,2,,NONE,0,2,index_generation,cuDNN,GEN_INDEX plus arithmetic/comparison graph,FULL_GENERIC_API,whole,cuDNN can generate coordinates and form masks or flattened indices in an operation graph,https://docs.nvidia.com/deeplearning/cudnn/latest/operations/operations.html,MULTI_NODE_LIBRARY_GRAPH,NO_IMPLEMENTATION,no emitted launch,no,GENERAL_GRAPH_BACKEND_ABSENT,RAISING_BLOCKS_WHOLE_OP_RECOGNITION
aten_trilinear_cpu,aten/src/ATen/native/Linear.cpp,_trilinear,pass,2,0,cutensornetNetwork_f32_n3_aten,COMPLETE_REWRITE_CANDIDATE,0,0,tensor_contraction,cuTensorNet,cutensornetCreateNetworkDescriptor/ContractionOptimizer,FULL_GENERIC_API,whole,three-input Einstein network; a single binary cuTENSOR contraction is insufficient,,SINGLE_CONFIGURED_PRIMITIVE,DIRECT_VENDOR_API,public vendor API or vendor operation graph,yes,API_BACKEND_ABSENT,ALREADY_FOUND
aten_triu_indices_cpu,aten/src/ATen/native/TensorFactories.cpp,triu_indices_cpu,pass,0,2,,NONE,0,2,index_generation,cuDNN,GEN_INDEX plus arithmetic/comparison graph,FULL_GENERIC_API,whole,cuDNN can generate coordinates and form masks or flattened indices in an operation graph,https://docs.nvidia.com/deeplearning/cudnn/latest/operations/operations.html,MULTI_NODE_LIBRARY_GRAPH,NO_IMPLEMENTATION,no emitted launch,no,GENERAL_GRAPH_BACKEND_ABSENT,RAISING_BLOCKS_WHOLE_OP_RECOGNITION
aten_triu_mask_cpu,aten/src/ATen/native/Itertools.cpp,_triu_mask,pass,1,0,,NONE,1,0,index_generation,cuDNN,GEN_INDEX plus arithmetic/comparison graph,FULL_GENERIC_API,whole,cuDNN can generate coordinates and form masks or flattened indices in an operation graph,https://docs.nvidia.com/deeplearning/cudnn/latest/operations/operations.html,MULTI_NODE_LIBRARY_GRAPH,NO_IMPLEMENTATION,no emitted launch,no,GENERAL_GRAPH_BACKEND_ABSENT,BACKEND_AND_MATCHER_GAP
aten_triu_tril_batch_cpu,aten/src/ATen/native/TriangularOps.cpp,apply_triu_tril,pass,1,0,,NONE,1,0,index_generation,cuDNN,GEN_INDEX plus arithmetic/comparison graph,FULL_GENERIC_API,whole,cuDNN can generate coordinates and form masks or flattened indices in an operation graph,https://docs.nvidia.com/deeplearning/cudnn/latest/operations/operations.html,MULTI_NODE_LIBRARY_GRAPH,NO_IMPLEMENTATION,no emitted launch,no,GENERAL_GRAPH_BACKEND_ABSENT,BACKEND_AND_MATCHER_GAP
aten_triu_tril_single_cpu,aten/src/ATen/native/TriangularOps.cpp,apply_triu_tril_single,pass,1,0,,NONE,1,0,triangular_mask,cuDNN,GEN_INDEX/comparison/BINARY_SELECT graph,FULL_GENERIC_API,whole,generated row/column indices form the triangular selection predicate,https://docs.nvidia.com/deeplearning/cudnn/latest/operations/operations.html,MULTI_NODE_LIBRARY_GRAPH,NO_IMPLEMENTATION,no emitted launch,no,GENERAL_GRAPH_BACKEND_ABSENT,BACKEND_AND_MATCHER_GAP
aten_trunc,aten/src/ATen/native/cpu/UnaryOpsKernel.cpp,trunc_kernel,pass,1,0,cudnnPointwiseGraph_f32,COMPLETE_REWRITE_CANDIDATE,0,0,pointwise,cuDNN,Pointwise graph operation,FULL_GENERIC_API,whole,cuDNN exposes a broad fixed set of unary/binary/ternary pointwise modes,https://docs.nvidia.com/deeplearning/cudnn/latest/operations/operations.html,MULTI_NODE_LIBRARY_GRAPH,DIRECT_VENDOR_API,public vendor API or vendor operation graph,yes,GENERAL_GRAPH_BACKEND_ABSENT,ALREADY_FOUND
aten_unbind_copy_cpu,aten/src/ATen/native/TensorShape.cpp,unbind_copy_int_out,pass,1,0,cudaCopy2D_f32_tensor,COMPLETE_REWRITE_CANDIDATE,0,0,data_movement,CUDA Runtime,cudaMemcpy*/cudaMemset,FULL_GENERIC_API,whole,contiguous copies are fixed runtime calls; structured concatenation needs multiple copies,https://docs.nvidia.com/cuda/cuda-runtime-api/,MULTI_NODE_LIBRARY_GRAPH,CUDA_RUNTIME_PRIMITIVE,CUDA copy or memset runtime primitive,yes,API_BACKEND_ABSENT,ALREADY_FOUND
aten_unfold3d_acc_cpu,aten/src/ATen/native/Unfold3d.cpp,Unfold3dAccKernelImpl,pass,1,0,,NONE,1,0,patch_extract_scatter,cuDNN,Convolution graph operation,PARTIAL_API,containing_operation,cuDNN implements convolution but does not expose im2col/col2im as its public result,https://docs.nvidia.com/deeplearning/cudnn/latest/operations/operations.html,PARTIAL_STAGES,NO_IMPLEMENTATION,no emitted launch,no,GENERAL_GRAPH_BACKEND_ABSENT,COMPOSITION_REQUIRED_NOT_MATCHER_ONLY
aten_unfold3d_copy_cpu,aten/src/ATen/native/Unfold3d.cpp,Unfold3dCopyKernelImpl,pass,1,0,,NONE,1,0,patch_extract_scatter,cuDNN,Convolution graph operation,PARTIAL_API,containing_operation,cuDNN implements convolution but does not expose im2col/col2im as its public result,https://docs.nvidia.com/deeplearning/cudnn/latest/operations/operations.html,PARTIAL_STAGES,NO_IMPLEMENTATION,no emitted launch,no,GENERAL_GRAPH_BACKEND_ABSENT,COMPOSITION_REQUIRED_NOT_MATCHER_ONLY
aten_unfold3d_zero_acc_cpu,aten/src/ATen/native/Unfold3d.cpp,Unfold3dZeroPaddingAccKernelImpl,pass,0,8,,NONE,0,8,patch_extract_scatter,cuDNN,Convolution graph operation,PARTIAL_API,containing_operation,cuDNN implements convolution but does not expose im2col/col2im as its public result,https://docs.nvidia.com/deeplearning/cudnn/latest/operations/operations.html,PARTIAL_STAGES,NO_IMPLEMENTATION,no emitted launch,no,GENERAL_GRAPH_BACKEND_ABSENT,RAISING_BLOCKS_WHOLE_OP_RECOGNITION
aten_unfold3d_zero_copy_cpu,aten/src/ATen/native/Unfold3d.cpp,Unfold3dZeroPaddingCopyKernelImpl,pass,1,0,,NONE,1,0,patch_extract_scatter,cuDNN,Convolution graph operation,PARTIAL_API,containing_operation,cuDNN implements convolution but does not expose im2col/col2im as its public result,https://docs.nvidia.com/deeplearning/cudnn/latest/operations/operations.html,PARTIAL_STAGES,NO_IMPLEMENTATION,no emitted launch,no,GENERAL_GRAPH_BACKEND_ABSENT,COMPOSITION_REQUIRED_NOT_MATCHER_ONLY
aten_unfold_backward_cpu,aten/src/ATen/native/cpu/UnfoldBackwardKernel.cpp,unfold_backward_cpu_kernel,pass,2,0,memset_zero_1D_f32,PARTIAL_STAGE_ONLY,1,0,patch_extract_scatter,cuDNN,Convolution graph operation,PARTIAL_API,containing_operation,cuDNN implements convolution but does not expose im2col/col2im as its public result,https://docs.nvidia.com/deeplearning/cudnn/latest/operations/operations.html,PARTIAL_STAGES,CUDA_RUNTIME_PRIMITIVE,CUDA copy or memset runtime primitive,yes,GENERAL_GRAPH_BACKEND_ABSENT,PARTIAL_MATCH_ONLY_RESIDUAL_IR_REMAINS
aten_unfolded2d_acc_cpu,aten/src/ATen/native/cpu/Unfold2d.cpp,unfolded2d_acc_kernel,pass,2,0,,NONE,2,0,patch_extract_scatter,cuDNN,Convolution graph operation,PARTIAL_API,containing_operation,cuDNN implements convolution but does not expose im2col/col2im as its public result,https://docs.nvidia.com/deeplearning/cudnn/latest/operations/operations.html,PARTIAL_STAGES,NO_IMPLEMENTATION,no emitted launch,no,GENERAL_GRAPH_BACKEND_ABSENT,COMPOSITION_REQUIRED_NOT_MATCHER_ONLY
aten_unfolded2d_copy_cpu,aten/src/ATen/native/cpu/Unfold2d.cpp,unfolded2d_copy_kernel,pass,1,0,cutensorPermute_f32_r5_tensor,COMPLETE_REWRITE_CANDIDATE,0,0,patch_extract_scatter,cuDNN,Convolution graph operation,PARTIAL_API,containing_operation,cuDNN implements convolution but does not expose im2col/col2im as its public result,https://docs.nvidia.com/deeplearning/cudnn/latest/operations/operations.html,PARTIAL_STAGES,DIRECT_VENDOR_API,public vendor API or vendor operation graph,yes,GENERAL_GRAPH_BACKEND_ABSENT,ALREADY_FOUND
aten_uniform_cpu,aten/src/ATen/native/cpu/DistributionKernels.cpp,uniform_kernel,pass,1,0,cudnnPointwiseGraph_f32,COMPLETE_REWRITE_CANDIDATE,0,0,random_generation,cuRAND,host/device generation APIs,FULL_FIXED_API,whole,"cuRAND directly provides uniform, normal, log-normal, Poisson, and Sobol generation",https://docs.nvidia.com/cuda/curand/index.html,SINGLE_FIXED_CALL,DIRECT_VENDOR_API,public vendor API or vendor operation graph,yes,API_BACKEND_ABSENT,ALREADY_FOUND
aten_unique_bool_cpu,aten/src/ATen/native/Unique.cpp,unique_cpu_bool_template,pass,0,1,,NONE,0,1,ordering_selection,CUB,DeviceRadixSort/MergeSort/TopK/Select/RunLengthEncode,FULL_GENERIC_API,whole,CUB provides device-wide ordering and selection primitives,https://nvidia.github.io/cccl/cub/api/device.html,SINGLE_CONFIGURED_PRIMITIVE,NO_IMPLEMENTATION,no emitted launch,no,API_BACKEND_ABSENT,RAISING_BLOCKS_WHOLE_OP_RECOGNITION
aten_unique_consecutive_cpu,aten/src/ATen/native/Unique.cpp,unique_consecutive_cpu_template,pass,0,1,,NONE,0,1,ordering_selection,CUB,DeviceRadixSort/MergeSort/TopK/Select/RunLengthEncode,FULL_GENERIC_API,whole,CUB provides device-wide ordering and selection primitives,https://nvidia.github.io/cccl/cub/api/device.html,SINGLE_CONFIGURED_PRIMITIVE,NO_IMPLEMENTATION,no emitted launch,no,API_BACKEND_ABSENT,RAISING_BLOCKS_WHOLE_OP_RECOGNITION
aten_unique_dim_impl_cpu,aten/src/ATen/native/Unique.cpp,_unique_dim_cpu_impl,pass,3,1,,NONE,1,1,ordering_selection,CUB,DeviceRadixSort/MergeSort/TopK/Select/RunLengthEncode,FULL_GENERIC_API,whole,CUB provides device-wide ordering and selection primitives,https://nvidia.github.io/cccl/cub/api/device.html,SINGLE_CONFIGURED_PRIMITIVE,NO_IMPLEMENTATION,no emitted launch,no,API_BACKEND_ABSENT,RAISING_BLOCKS_WHOLE_OP_RECOGNITION
aten_unique_dim_template_cpu,aten/src/ATen/native/Unique.cpp,_unique_dim_cpu_template,pass,3,1,,NONE,1,1,ordering_selection,CUB,DeviceRadixSort/MergeSort/TopK/Select/RunLengthEncode,FULL_GENERIC_API,whole,CUB provides device-wide ordering and selection primitives,https://nvidia.github.io/cccl/cub/api/device.html,SINGLE_CONFIGURED_PRIMITIVE,NO_IMPLEMENTATION,no emitted launch,no,API_BACKEND_ABSENT,RAISING_BLOCKS_WHOLE_OP_RECOGNITION
aten_unique_sorted_cpu,aten/src/ATen/native/Unique.cpp,unique_cpu_sorted_template,pass,0,3,,NONE,0,3,ordering_selection,CUB,DeviceRadixSort/MergeSort/TopK/Select/RunLengthEncode,FULL_GENERIC_API,whole,CUB provides device-wide ordering and selection primitives,https://nvidia.github.io/cccl/cub/api/device.html,SINGLE_CONFIGURED_PRIMITIVE,NO_IMPLEMENTATION,no emitted launch,no,API_BACKEND_ABSENT,RAISING_BLOCKS_WHOLE_OP_RECOGNITION
aten_unpack_pivots_cpu,aten/src/ATen/native/BatchLinearAlgebraKernel.cpp,unpack_pivots_cpu_kernel,pass,1,1,,NONE,1,1,matrix_factorization,cuSOLVER,cuSolverDN dense LAPACK APIs,PARTIAL_API,stage,cuSOLVER covers the factorization/solve; helper-only fixtures need composition,https://docs.nvidia.com/cuda/cusolver/contents.html,PARTIAL_STAGES,NO_IMPLEMENTATION,no emitted launch,no,API_BACKEND_ABSENT,RAISING_BLOCKS_WHOLE_OP_RECOGNITION
aten_unsafe_index_cpu,aten/src/ATen/native/TensorAdvancedIndexing.cpp,_unsafe_index,pass,1,0,,NONE,1,0,indexed_data_movement,CUB,DeviceSelect/sort building blocks,PARTIAL_API,selection_or_sort_stage,CUB does not expose a complete arbitrary gather/scatter tensor call,https://nvidia.github.io/cccl/cub/api/device.html,PARTIAL_STAGES,NO_IMPLEMENTATION,no emitted launch,no,API_BACKEND_ABSENT,COMPOSITION_REQUIRED_NOT_MATCHER_ONLY
aten_upper_bound_cpu,aten/src/ATen/native/Bucketization.cpp,cus_upper_bound,pass,0,2,,NONE,0,2,search,CUB,DeviceRadixSort building block,PARTIAL_API,sort_stage,CUB has ordering primitives but no direct vectorized binary-search call,https://nvidia.github.io/cccl/cub/api/device.html,PARTIAL_STAGES,NO_IMPLEMENTATION,no emitted launch,no,API_BACKEND_ABSENT,RAISING_BLOCKS_WHOLE_OP_RECOGNITION
aten_upsample_bicubic2d_aa_backward_cpu,aten/src/ATen/native/cpu/UpSampleKernel.cpp,upsample_bicubic2d_aa_backward_kernel_impl,pass,3,3,memset_zero_1D_f32,PARTIAL_STAGE_ONLY,2,3,resampling,,conventional Linalg/GPU lowering,NO_DIRECT_LIBRARY_API,none,installed cuDNN does not support nearest upsampling or general 1D/3D interpolation; coordinate/backward semantics lack a defensible fixed call,,NONE,CUDA_RUNTIME_PRIMITIVE,CUDA copy or memset runtime primitive,yes,NO_TENSOR_LIBRARY_API,PARTIAL_MATCH_ONLY_RESIDUAL_IR_REMAINS
aten_upsample_bicubic2d_aa_cpu,aten/src/ATen/native/cpu/UpSampleKernel.cpp,upsample_bicubic2d_aa_kernel_impl,pass,2,3,,NONE,2,3,resampling,NPP,nppiResize,PARTIAL_API,compatible_2d_forward_subset,NPP may cover compatible 2D forward ROI/layout/interpolation cases; it does not provide ATen's general backward operation,https://docs.nvidia.com/cuda/npp/index.html,PARTIAL_STAGES,NO_IMPLEMENTATION,no emitted launch,no,API_BACKEND_ABSENT,RAISING_BLOCKS_WHOLE_OP_RECOGNITION
aten_upsample_bicubic2d_backward_cpu,aten/src/ATen/native/UpSampleBicubic2d.cpp,upsample_bicubic2d_backward_out_frame,pass,1,2,memset_zero_1D_f32,PARTIAL_STAGE_ONLY,0,2,resampling,,conventional Linalg/GPU lowering,NO_DIRECT_LIBRARY_API,none,installed cuDNN does not support nearest upsampling or general 1D/3D interpolation; coordinate/backward semantics lack a defensible fixed call,,NONE,CUDA_RUNTIME_PRIMITIVE,CUDA copy or memset runtime primitive,yes,NO_TENSOR_LIBRARY_API,PARTIAL_MATCH_ONLY_RESIDUAL_IR_REMAINS
aten_upsample_bicubic2d_cpu,aten/src/ATen/native/cpu/UpSampleKernel.cpp,upsample_bicubic2d_kernel_impl,pass,0,5,,NONE,0,5,resampling,NPP,nppiResize,PARTIAL_API,compatible_2d_forward_subset,NPP may cover compatible 2D forward ROI/layout/interpolation cases; it does not provide ATen's general backward operation,https://docs.nvidia.com/cuda/npp/index.html,PARTIAL_STAGES,NO_IMPLEMENTATION,no emitted launch,no,API_BACKEND_ABSENT,RAISING_BLOCKS_WHOLE_OP_RECOGNITION
aten_upsample_bilinear2d,aten/src/ATen/native/UpSampleBilinear2d.cpp,upsample_bilinear2d,pass,1,0,cudnnBilinearUpsample2x_f32_r4,COMPLETE_REWRITE_CANDIDATE,0,0,resampling,cuDNN Resample,ResampleFwd,FULL_FIXED_API,whole,"fixture is exactly cuDNN's supported FP32 2x bilinear, half-pixel, edge-clamped subset",https://docs.nvidia.com/deeplearning/cudnn/latest/operations/Resampling.html,SINGLE_FIXED_CALL,DIRECT_VENDOR_API,public vendor API or vendor operation graph,yes,SELECTED_WRAPPERS_PRESENT,ALREADY_FOUND
aten_upsample_bilinear2d_aa_backward_cpu,aten/src/ATen/native/cpu/UpSampleKernel.cpp,upsample_bilinear2d_aa_backward_kernel_impl,pass,3,3,memset_zero_1D_f32,PARTIAL_STAGE_ONLY,2,3,resampling,,conventional Linalg/GPU lowering,NO_DIRECT_LIBRARY_API,none,installed cuDNN does not support nearest upsampling or general 1D/3D interpolation; coordinate/backward semantics lack a defensible fixed call,,NONE,CUDA_RUNTIME_PRIMITIVE,CUDA copy or memset runtime primitive,yes,NO_TENSOR_LIBRARY_API,PARTIAL_MATCH_ONLY_RESIDUAL_IR_REMAINS
aten_upsample_bilinear2d_aa_cpu,aten/src/ATen/native/cpu/UpSampleKernel.cpp,upsample_bilinear2d_aa_kernel_impl,pass,2,3,,NONE,2,3,resampling,,conventional Linalg/GPU lowering,NO_DIRECT_LIBRARY_API,none,installed cuDNN does not support nearest upsampling or general 1D/3D interpolation; coordinate/backward semantics lack a defensible fixed call,,NONE,NO_IMPLEMENTATION,no emitted launch,no,NO_TENSOR_LIBRARY_API,RAISING_BLOCKS_WHOLE_OP_RECOGNITION
aten_upsample_bilinear2d_backward_cpu,aten/src/ATen/native/cpu/UpSampleMoreKernel.cpp,upsample_bilinear2d_backward_kernel_impl,pass,1,3,memset_zero_1D_f32,PARTIAL_STAGE_ONLY,0,3,resampling,cuDNN Resample,ResampleFwd/ResampleBwd,PARTIAL_API,exact_2x_subset,"cuDNN bilinear upsampling requires FP32, 2x spatial output, half-pixel coordinates, edge padding, and NHWC-compatible layout",https://docs.nvidia.com/deeplearning/cudnn/latest/operations/Resampling.html,PARTIAL_STAGES,CUDA_RUNTIME_PRIMITIVE,CUDA copy or memset runtime primitive,yes,API_BACKEND_ABSENT,PARTIAL_MATCH_ONLY_RESIDUAL_IR_REMAINS
aten_upsample_bilinear2d_cpu,aten/src/ATen/native/cpu/UpSampleKernel.cpp,upsample_bilinear2d_kernel_impl,pass,1,0,,NONE,1,0,resampling,cuDNN Resample,ResampleFwd/ResampleBwd,PARTIAL_API,exact_2x_subset,"cuDNN bilinear upsampling requires FP32, 2x spatial output, half-pixel coordinates, edge padding, and NHWC-compatible layout",https://docs.nvidia.com/deeplearning/cudnn/latest/operations/Resampling.html,PARTIAL_STAGES,NO_IMPLEMENTATION,no emitted launch,no,API_BACKEND_ABSENT,COMPOSITION_REQUIRED_NOT_MATCHER_ONLY
aten_upsample_lanczos2d_aa_backward_cpu,aten/src/ATen/native/cpu/UpSampleKernel.cpp,upsample_lanczos2d_aa_backward_kernel_impl,pass,3,3,memset_zero_1D_f32,PARTIAL_STAGE_ONLY,2,3,resampling,,conventional Linalg/GPU lowering,NO_DIRECT_LIBRARY_API,none,installed cuDNN does not support nearest upsampling or general 1D/3D interpolation; coordinate/backward semantics lack a defensible fixed call,,NONE,CUDA_RUNTIME_PRIMITIVE,CUDA copy or memset runtime primitive,yes,NO_TENSOR_LIBRARY_API,PARTIAL_MATCH_ONLY_RESIDUAL_IR_REMAINS
aten_upsample_lanczos2d_aa_cpu,aten/src/ATen/native/cpu/UpSampleKernel.cpp,upsample_lanczos2d_aa_kernel_impl,pass,2,3,,NONE,2,3,resampling,NPP,nppiResize,PARTIAL_API,compatible_2d_forward_subset,NPP may cover compatible 2D forward ROI/layout/interpolation cases; it does not provide ATen's general backward operation,https://docs.nvidia.com/cuda/npp/index.html,PARTIAL_STAGES,NO_IMPLEMENTATION,no emitted launch,no,API_BACKEND_ABSENT,RAISING_BLOCKS_WHOLE_OP_RECOGNITION
aten_upsample_linear1d_backward_cpu,aten/src/ATen/native/cpu/UpSampleMoreKernel.cpp,upsample_linear1d_backward_kernel_impl,pass,1,2,memset_zero_1D_f32,PARTIAL_STAGE_ONLY,0,2,resampling,,conventional Linalg/GPU lowering,NO_DIRECT_LIBRARY_API,none,installed cuDNN does not support nearest upsampling or general 1D/3D interpolation; coordinate/backward semantics lack a defensible fixed call,,NONE,CUDA_RUNTIME_PRIMITIVE,CUDA copy or memset runtime primitive,yes,NO_TENSOR_LIBRARY_API,PARTIAL_MATCH_ONLY_RESIDUAL_IR_REMAINS
aten_upsample_linear1d_cpu,aten/src/ATen/native/cpu/UpSampleKernel.cpp,upsample_linear1d_kernel_impl,pass,1,0,,NONE,1,0,resampling,,conventional Linalg/GPU lowering,NO_DIRECT_LIBRARY_API,none,installed cuDNN does not support nearest upsampling or general 1D/3D interpolation; coordinate/backward semantics lack a defensible fixed call,,NONE,NO_IMPLEMENTATION,no emitted launch,no,NO_TENSOR_LIBRARY_API,NO_LIBRARY_MATCH_EXPECTED
aten_upsample_nearest1d_backward_cpu,aten/src/ATen/native/cpu/UpSampleMoreKernel.cpp,upsample_nearest1d_backward_kernel_impl,pass,1,2,memset_zero_1D_f32,PARTIAL_STAGE_ONLY,0,2,resampling,,conventional Linalg/GPU lowering,NO_DIRECT_LIBRARY_API,none,installed cuDNN does not support nearest upsampling or general 1D/3D interpolation; coordinate/backward semantics lack a defensible fixed call,,NONE,CUDA_RUNTIME_PRIMITIVE,CUDA copy or memset runtime primitive,yes,NO_TENSOR_LIBRARY_API,PARTIAL_MATCH_ONLY_RESIDUAL_IR_REMAINS
aten_upsample_nearest1d_cpu,aten/src/ATen/native/cpu/UpSampleKernel.cpp,upsample_nearest1d_kernel_impl,pass,1,0,,NONE,1,0,resampling,,conventional Linalg/GPU lowering,NO_DIRECT_LIBRARY_API,none,installed cuDNN does not support nearest upsampling or general 1D/3D interpolation; coordinate/backward semantics lack a defensible fixed call,,NONE,NO_IMPLEMENTATION,no emitted launch,no,NO_TENSOR_LIBRARY_API,NO_LIBRARY_MATCH_EXPECTED
aten_upsample_nearest2d,aten/src/ATen/native/UpSampleNearest2d.cpp,upsample_nearest2d,pass,1,0,,NONE,1,0,resampling,NPP,nppiResize,PARTIAL_API,compatible_2d_forward_subset,NPP may cover compatible 2D forward ROI/layout/interpolation cases; it does not provide ATen's general backward operation,https://docs.nvidia.com/cuda/npp/index.html,PARTIAL_STAGES,NO_IMPLEMENTATION,no emitted launch,no,API_BACKEND_ABSENT,COMPOSITION_REQUIRED_NOT_MATCHER_ONLY
aten_upsample_nearest2d_backward_cpu,aten/src/ATen/native/cpu/UpSampleMoreKernel.cpp,upsample_nearest2d_backward_kernel_impl,pass,1,3,memset_zero_1D_f32,PARTIAL_STAGE_ONLY,0,3,resampling,,conventional Linalg/GPU lowering,NO_DIRECT_LIBRARY_API,none,installed cuDNN does not support nearest upsampling or general 1D/3D interpolation; coordinate/backward semantics lack a defensible fixed call,,NONE,CUDA_RUNTIME_PRIMITIVE,CUDA copy or memset runtime primitive,yes,NO_TENSOR_LIBRARY_API,PARTIAL_MATCH_ONLY_RESIDUAL_IR_REMAINS
aten_upsample_nearest2d_cpu,aten/src/ATen/native/cpu/UpSampleKernel.cpp,upsample_nearest2d_kernel_impl,pass,1,0,,NONE,1,0,resampling,NPP,nppiResize,PARTIAL_API,compatible_2d_forward_subset,NPP may cover compatible 2D forward ROI/layout/interpolation cases; it does not provide ATen's general backward operation,https://docs.nvidia.com/cuda/npp/index.html,PARTIAL_STAGES,NO_IMPLEMENTATION,no emitted launch,no,API_BACKEND_ABSENT,COMPOSITION_REQUIRED_NOT_MATCHER_ONLY
aten_upsample_nearest3d_backward_cpu,aten/src/ATen/native/cpu/UpSampleMoreKernel.cpp,upsample_nearest3d_backward_kernel_impl,pass,1,4,memset_zero_1D_f32,PARTIAL_STAGE_ONLY,0,4,resampling,,conventional Linalg/GPU lowering,NO_DIRECT_LIBRARY_API,none,installed cuDNN does not support nearest upsampling or general 1D/3D interpolation; coordinate/backward semantics lack a defensible fixed call,,NONE,CUDA_RUNTIME_PRIMITIVE,CUDA copy or memset runtime primitive,yes,NO_TENSOR_LIBRARY_API,PARTIAL_MATCH_ONLY_RESIDUAL_IR_REMAINS
aten_upsample_nearest3d_cpu,aten/src/ATen/native/cpu/UpSampleKernel.cpp,upsample_nearest3d_kernel_impl,pass,1,0,,NONE,1,0,resampling,,conventional Linalg/GPU lowering,NO_DIRECT_LIBRARY_API,none,installed cuDNN does not support nearest upsampling or general 1D/3D interpolation; coordinate/backward semantics lack a defensible fixed call,,NONE,NO_IMPLEMENTATION,no emitted launch,no,NO_TENSOR_LIBRARY_API,NO_LIBRARY_MATCH_EXPECTED
aten_upsample_nearest_exact1d_backward_cpu,aten/src/ATen/native/cpu/UpSampleMoreKernel.cpp,_upsample_nearest_exact1d_backward_kernel_impl,pass,1,2,memset_zero_1D_f32,PARTIAL_STAGE_ONLY,0,2,resampling,,conventional Linalg/GPU lowering,NO_DIRECT_LIBRARY_API,none,installed cuDNN does not support nearest upsampling or general 1D/3D interpolation; coordinate/backward semantics lack a defensible fixed call,,NONE,CUDA_RUNTIME_PRIMITIVE,CUDA copy or memset runtime primitive,yes,NO_TENSOR_LIBRARY_API,PARTIAL_MATCH_ONLY_RESIDUAL_IR_REMAINS
aten_upsample_nearest_exact1d_cpu,aten/src/ATen/native/cpu/UpSampleKernel.cpp,_upsample_nearest_exact1d_kernel_impl,pass,1,0,,NONE,1,0,resampling,,conventional Linalg/GPU lowering,NO_DIRECT_LIBRARY_API,none,installed cuDNN does not support nearest upsampling or general 1D/3D interpolation; coordinate/backward semantics lack a defensible fixed call,,NONE,NO_IMPLEMENTATION,no emitted launch,no,NO_TENSOR_LIBRARY_API,NO_LIBRARY_MATCH_EXPECTED
aten_upsample_nearest_exact2d_backward_cpu,aten/src/ATen/native/cpu/UpSampleMoreKernel.cpp,_upsample_nearest_exact2d_backward_kernel_impl,pass,1,3,memset_zero_1D_f32,PARTIAL_STAGE_ONLY,0,3,resampling,,conventional Linalg/GPU lowering,NO_DIRECT_LIBRARY_API,none,installed cuDNN does not support nearest upsampling or general 1D/3D interpolation; coordinate/backward semantics lack a defensible fixed call,,NONE,CUDA_RUNTIME_PRIMITIVE,CUDA copy or memset runtime primitive,yes,NO_TENSOR_LIBRARY_API,PARTIAL_MATCH_ONLY_RESIDUAL_IR_REMAINS
aten_upsample_nearest_exact2d_cpu,aten/src/ATen/native/cpu/UpSampleKernel.cpp,_upsample_nearest_exact2d_kernel_impl,pass,1,0,,NONE,1,0,resampling,,conventional Linalg/GPU lowering,NO_DIRECT_LIBRARY_API,none,installed cuDNN does not support nearest upsampling or general 1D/3D interpolation; coordinate/backward semantics lack a defensible fixed call,,NONE,NO_IMPLEMENTATION,no emitted launch,no,NO_TENSOR_LIBRARY_API,NO_LIBRARY_MATCH_EXPECTED
aten_upsample_nearest_exact3d_backward_cpu,aten/src/ATen/native/cpu/UpSampleMoreKernel.cpp,_upsample_nearest_exact3d_backward_kernel_impl,pass,1,4,memset_zero_1D_f32,PARTIAL_STAGE_ONLY,0,4,resampling,,conventional Linalg/GPU lowering,NO_DIRECT_LIBRARY_API,none,installed cuDNN does not support nearest upsampling or general 1D/3D interpolation; coordinate/backward semantics lack a defensible fixed call,,NONE,CUDA_RUNTIME_PRIMITIVE,CUDA copy or memset runtime primitive,yes,NO_TENSOR_LIBRARY_API,PARTIAL_MATCH_ONLY_RESIDUAL_IR_REMAINS
aten_upsample_nearest_exact3d_cpu,aten/src/ATen/native/cpu/UpSampleKernel.cpp,_upsample_nearest_exact3d_kernel_impl,pass,1,0,,NONE,1,0,resampling,,conventional Linalg/GPU lowering,NO_DIRECT_LIBRARY_API,none,installed cuDNN does not support nearest upsampling or general 1D/3D interpolation; coordinate/backward semantics lack a defensible fixed call,,NONE,NO_IMPLEMENTATION,no emitted launch,no,NO_TENSOR_LIBRARY_API,NO_LIBRARY_MATCH_EXPECTED
aten_upsample_trilinear3d_backward_cpu,aten/src/ATen/native/cpu/UpSampleMoreKernel.cpp,upsample_trilinear3d_backward_kernel_impl,pass,1,4,memset_zero_1D_f32,PARTIAL_STAGE_ONLY,0,4,resampling,,conventional Linalg/GPU lowering,NO_DIRECT_LIBRARY_API,none,installed cuDNN does not support nearest upsampling or general 1D/3D interpolation; coordinate/backward semantics lack a defensible fixed call,,NONE,CUDA_RUNTIME_PRIMITIVE,CUDA copy or memset runtime primitive,yes,NO_TENSOR_LIBRARY_API,PARTIAL_MATCH_ONLY_RESIDUAL_IR_REMAINS
aten_upsample_trilinear3d_cpu,aten/src/ATen/native/cpu/UpSampleKernel.cpp,upsample_trilinear3d_kernel_impl,pass,1,0,,NONE,1,0,resampling,,conventional Linalg/GPU lowering,NO_DIRECT_LIBRARY_API,none,installed cuDNN does not support nearest upsampling or general 1D/3D interpolation; coordinate/backward semantics lack a defensible fixed call,,NONE,NO_IMPLEMENTATION,no emitted launch,no,NO_TENSOR_LIBRARY_API,NO_LIBRARY_MATCH_EXPECTED
aten_vector_norm_out_cpu,aten/src/ATen/native/LinearAlgebra.cpp,linalg_vector_norm_out,pass,3,0,"cutensorUnary_sqrt_f32,memset_zero_1D_f32",PARTIAL_STAGE_ONLY,1,0,reduction,NPP,signal statistics/norm APIs,FULL_FIXED_API,whole,"NPP exposes mean, standard deviation, norm, dot, min/max, and sum operations",https://docs.nvidia.com/cuda/npp/index.html,SINGLE_FIXED_CALL,LIBRARY_API_COMPOSITION,public vendor API or vendor operation graph; CUDA copy or memset runtime primitive,yes,API_BACKEND_ABSENT,PARTIAL_MATCH_ONLY_RESIDUAL_IR_REMAINS
aten_weight_norm_backward_cpu,aten/src/ATen/native/cpu/WeightNormKernel.cpp,weight_norm_backward_kernel,pass,2,1,cublasSdot,PARTIAL_STAGE_ONLY,1,1,normalization,cuDNN,NormalizationForward/Backward graph,FULL_GENERIC_API,whole,cuDNN normalization and graph pointwise/reduction nodes cover the operation,https://docs.nvidia.com/deeplearning/cudnn/latest/operations/operations.html,MULTI_NODE_LIBRARY_GRAPH,DIRECT_VENDOR_API,public vendor API or vendor operation graph,yes,GENERAL_GRAPH_BACKEND_ABSENT,PARTIAL_MATCH_ONLY_RESIDUAL_IR_REMAINS
aten_weight_norm_cpu,aten/src/ATen/native/cpu/WeightNormKernel.cpp,weight_norm_kernel,pass,2,1,,NONE,2,1,normalization,cuDNN,NormalizationForward/Backward graph,FULL_GENERIC_API,whole,cuDNN normalization and graph pointwise/reduction nodes cover the operation,https://docs.nvidia.com/deeplearning/cudnn/latest/operations/operations.html,MULTI_NODE_LIBRARY_GRAPH,NO_IMPLEMENTATION,no emitted launch,no,GENERAL_GRAPH_BACKEND_ABSENT,RAISING_BLOCKS_WHOLE_OP_RECOGNITION
aten_weight_to_int4pack_cpu,aten/src/ATen/native/cpu/int4mm_kernel.cpp,weight_to_int4pack_kernel,pass,0,2,,NONE,0,2,compound_or_specialized,,none identified,NO_DIRECT_LIBRARY_API,none,no semantically equivalent public NVIDIA tensor-library operation identified,,NONE,NO_IMPLEMENTATION,no emitted launch,no,NO_TENSOR_LIBRARY_API,RAISING_BLOCKS_WHOLE_OP_RECOGNITION
aten_where_cpu,aten/src/ATen/native/cpu/TensorCompareKernel.cpp,where_kernel_impl,pass,1,0,,NONE,1,0,indexed_data_movement,CUB,DeviceSelect/sort building blocks,PARTIAL_API,selection_or_sort_stage,CUB does not expose a complete arbitrary gather/scatter tensor call,https://nvidia.github.io/cccl/cub/api/device.html,PARTIAL_STAGES,NO_IMPLEMENTATION,no emitted launch,no,API_BACKEND_ABSENT,COMPOSITION_REQUIRED_NOT_MATCHER_ONLY
aten_xlog1py,aten/src/ATen/native/cpu/BinaryOpsKernel.cpp,xlog1py_kernel,pass,1,0,,NONE,1,0,pointwise_reduction_formula,cuDNN,pointwise and reduction operation graph,FULL_GENERIC_API,whole,the complete formula can be assembled from documented cuDNN graph nodes,https://docs.nvidia.com/deeplearning/cudnn/latest/operations/operations.html,MULTI_NODE_LIBRARY_GRAPH,NO_IMPLEMENTATION,no emitted launch,no,GENERAL_GRAPH_BACKEND_ABSENT,BACKEND_AND_MATCHER_GAP
aten_xlogy,aten/src/ATen/native/cpu/BinaryOpsKernel.cpp,xlogy_kernel,pass,1,0,,NONE,1,0,pointwise_reduction_formula,cuDNN,pointwise and reduction operation graph,FULL_GENERIC_API,whole,the complete formula can be assembled from documented cuDNN graph nodes,https://docs.nvidia.com/deeplearning/cudnn/latest/operations/operations.html,MULTI_NODE_LIBRARY_GRAPH,NO_IMPLEMENTATION,no emitted launch,no,GENERAL_GRAPH_BACKEND_ABSENT,BACKEND_AND_MATCHER_GAP
aten_xor_sum_cpu,aten/src/ATen/native/cpu/ReduceOpsKernel.cpp,xor_sum_kernel_impl,pass,2,0,cubSegmentedBitXor_i32,COMPLETE_REWRITE_CANDIDATE,0,0,reduction,CUB,DeviceReduce or DeviceSegmentedReduce,FULL_GENERIC_API,whole,associative tensor reduction maps to a device-wide primitive,https://nvidia.github.io/cccl/cub/api/device.html,SINGLE_CONFIGURED_PRIMITIVE,STANDARD_LIBRARY_ALGORITHM,preimplemented CUB device algorithm,yes,API_BACKEND_ABSENT,ALREADY_FOUND
aten_zeros_cpu,aten/src/ATen/native/TensorFactories.cpp,zeros_symint,pass,1,0,memset_zero_1D_f32,COMPLETE_REWRITE_CANDIDATE,0,0,tensor_initialization,CUDA Runtime,cudaMemset for zero only,PARTIAL_API,zero_fill_stage,general fill and sequence generation have no link-only runtime call,https://docs.nvidia.com/cuda/cuda-runtime-api/,PARTIAL_STAGES,CUDA_RUNTIME_PRIMITIVE,CUDA copy or memset runtime primitive,yes,API_BACKEND_ABSENT,ALREADY_FOUND
aten_zeta,aten/src/ATen/native/cpu/BinaryOpsKernel.cpp,zeta_kernel,pass,1,0,,NONE,1,0,special_function,,CUDA Math/libdevice scalar function,NO_DIRECT_LIBRARY_API,scalar_only,"a device scalar function may exist, but not a fixed tensor-library launch",,NONE,NO_IMPLEMENTATION,no emitted launch,no,NO_TENSOR_LIBRARY_API,NO_LIBRARY_MATCH_EXPECTED
