kernel,fixture_source,fixture_token,coarse_native_cuda,audit_status,external_libraries,implementation_form,native_cuda_source,evidence_symbol,confidence,notes
aten_abs,aten/src/ATen/native/cpu/UnaryOpsKernel.cpp,abs_kernel,yes,NO_EXTERNAL_LIBRARY_CALL_FOUND,,ATEN_CUDA_KERNEL,aten/src/ATen/native/cuda/AbsKernel.cu,abs_kernel_cuda,HIGH,The exact CUDA dispatch counterpart is pinned and its implementation contains no computational external-library call. Header-only utility types such as thrust::pair are not counted as library algorithms.
aten_acos,aten/src/ATen/native/cpu/UnaryOpsKernel.cpp,acos_kernel,yes,NO_EXTERNAL_LIBRARY_CALL_FOUND,,ATEN_CUDA_KERNEL,aten/src/ATen/native/cuda/UnaryGeometricAcosKernel.cu|aten/src/ATen/native/cuda/UnaryGeometricCosKernel.cu,acos_kernel_cuda|cos_kernel_cuda,HIGH,The exact CUDA dispatch counterpart is pinned and its implementation contains no computational external-library call. Header-only utility types such as thrust::pair are not counted as library algorithms.
aten_acosh,aten/src/ATen/native/cpu/UnaryOpsKernel.cpp,acosh_kernel,yes,NO_EXTERNAL_LIBRARY_CALL_FOUND,,ATEN_CUDA_KERNEL,aten/src/ATen/native/cuda/UnaryGeometricAcoshKernel.cu|aten/src/ATen/native/cuda/UnaryGeometricCoshKernel.cu,acosh_kernel_cuda|cosh_kernel_cuda,HIGH,The exact CUDA dispatch counterpart is pinned and its implementation contains no computational external-library call. Header-only utility types such as thrust::pair are not counted as library algorithms.
aten_adaptive_avg_pool2d,aten/src/ATen/native/AdaptiveAveragePooling.cpp,adaptive_avg_pool2d,yes,NO_EXTERNAL_LIBRARY_CALL_FOUND,,CUDA_PATH_REVIEWED_NO_EXTERNAL_EVIDENCE,,,MEDIUM,"CUDA support is reported and the reverse audit of cuBLAS/cuDNN/cuSPARSE/cuSOLVER/cuFFT/CUB/Thrust/CUTLASS call sites found no route for this fixture. The exact CUDA symbol is not yet pinned, so this is weaker than a direct dispatch trace."
aten_adaptive_avg_pool2d_backward_cpu,aten/src/ATen/native/cpu/AdaptiveAvgPoolKernel.cpp,adapative_avg_pool2d_backward_kernel_impl,yes,NO_EXTERNAL_LIBRARY_CALL_FOUND,,CUDA_PATH_REVIEWED_NO_EXTERNAL_EVIDENCE,,,MEDIUM,"CUDA support is reported and the reverse audit of cuBLAS/cuDNN/cuSPARSE/cuSOLVER/cuFFT/CUB/Thrust/CUTLASS call sites found no route for this fixture. The exact CUDA symbol is not yet pinned, so this is weaker than a direct dispatch trace."
aten_adaptive_avg_pool2d_cpu,aten/src/ATen/native/cpu/AdaptiveAvgPoolKernel.cpp,adaptive_avg_pool2d_kernel_impl,yes,NO_EXTERNAL_LIBRARY_CALL_FOUND,,CUDA_PATH_REVIEWED_NO_EXTERNAL_EVIDENCE,,,MEDIUM,"CUDA support is reported and the reverse audit of cuBLAS/cuDNN/cuSPARSE/cuSOLVER/cuFFT/CUB/Thrust/CUTLASS call sites found no route for this fixture. The exact CUDA symbol is not yet pinned, so this is weaker than a direct dispatch trace."
aten_adaptive_avg_pool3d,aten/src/ATen/native/AdaptiveAveragePooling3d.cpp,adaptive_avg_pool3d,yes,NO_EXTERNAL_LIBRARY_CALL_FOUND,,CUDA_PATH_REVIEWED_NO_EXTERNAL_EVIDENCE,,,MEDIUM,"CUDA support is reported and the reverse audit of cuBLAS/cuDNN/cuSPARSE/cuSOLVER/cuFFT/CUB/Thrust/CUTLASS call sites found no route for this fixture. The exact CUDA symbol is not yet pinned, so this is weaker than a direct dispatch trace."
aten_adaptive_avg_pool3d_backward_cpu,aten/src/ATen/native/cpu/AdaptiveAvgPoolKernel.cpp,adapative_avg_pool3d_backward_kernel_impl,yes,NO_EXTERNAL_LIBRARY_CALL_FOUND,,CUDA_PATH_REVIEWED_NO_EXTERNAL_EVIDENCE,,,MEDIUM,"CUDA support is reported and the reverse audit of cuBLAS/cuDNN/cuSPARSE/cuSOLVER/cuFFT/CUB/Thrust/CUTLASS call sites found no route for this fixture. The exact CUDA symbol is not yet pinned, so this is weaker than a direct dispatch trace."
aten_adaptive_avg_pool3d_cpu,aten/src/ATen/native/cpu/AdaptiveAvgPoolKernel.cpp,adaptive_avg_pool3d_kernel_impl,yes,NO_EXTERNAL_LIBRARY_CALL_FOUND,,CUDA_PATH_REVIEWED_NO_EXTERNAL_EVIDENCE,,,MEDIUM,"CUDA support is reported and the reverse audit of cuBLAS/cuDNN/cuSPARSE/cuSOLVER/cuFFT/CUB/Thrust/CUTLASS call sites found no route for this fixture. The exact CUDA symbol is not yet pinned, so this is weaker than a direct dispatch trace."
aten_adaptive_max_pool1d_cpu,aten/src/ATen/native/Pooling.cpp,adaptive_max_pool1d,no,NO_DIRECT_CUDA_COUNTERPART,,NO_DIRECT_CUDA_COUNTERPART,,,MEDIUM,The existing exhaustive CUDA-availability audit found no direct counterpart; a public ATen composition may still execute on CUDA.
aten_adaptive_max_pool2d_backward_cpu,aten/src/ATen/native/cpu/AdaptiveMaxPoolKernel.cpp,adaptive_max_pool2d_backward_kernel_impl,yes,NO_EXTERNAL_LIBRARY_CALL_FOUND,,CUDA_PATH_REVIEWED_NO_EXTERNAL_EVIDENCE,,,MEDIUM,"CUDA support is reported and the reverse audit of cuBLAS/cuDNN/cuSPARSE/cuSOLVER/cuFFT/CUB/Thrust/CUTLASS call sites found no route for this fixture. The exact CUDA symbol is not yet pinned, so this is weaker than a direct dispatch trace."
aten_adaptive_max_pool2d_cpu,aten/src/ATen/native/cpu/AdaptiveMaxPoolKernel.cpp,adaptive_max_pool2d_kernel_impl,yes,NO_EXTERNAL_LIBRARY_CALL_FOUND,,CUDA_PATH_REVIEWED_NO_EXTERNAL_EVIDENCE,,,MEDIUM,"CUDA support is reported and the reverse audit of cuBLAS/cuDNN/cuSPARSE/cuSOLVER/cuFFT/CUB/Thrust/CUTLASS call sites found no route for this fixture. The exact CUDA symbol is not yet pinned, so this is weaker than a direct dispatch trace."
aten_adaptive_max_pool3d_backward_cpu,aten/src/ATen/native/cpu/AdaptiveMaxPoolKernel.cpp,adaptive_max_pool3d_backward_kernel_impl,yes,NO_EXTERNAL_LIBRARY_CALL_FOUND,,CUDA_PATH_REVIEWED_NO_EXTERNAL_EVIDENCE,,,MEDIUM,"CUDA support is reported and the reverse audit of cuBLAS/cuDNN/cuSPARSE/cuSOLVER/cuFFT/CUB/Thrust/CUTLASS call sites found no route for this fixture. The exact CUDA symbol is not yet pinned, so this is weaker than a direct dispatch trace."
aten_adaptive_max_pool3d_cpu,aten/src/ATen/native/cpu/AdaptiveMaxPoolKernel.cpp,adaptive_max_pool3d_kernel_impl,yes,NO_EXTERNAL_LIBRARY_CALL_FOUND,,CUDA_PATH_REVIEWED_NO_EXTERNAL_EVIDENCE,,,MEDIUM,"CUDA support is reported and the reverse audit of cuBLAS/cuDNN/cuSPARSE/cuSOLVER/cuFFT/CUB/Thrust/CUTLASS call sites found no route for this fixture. The exact CUDA symbol is not yet pinned, so this is weaker than a direct dispatch trace."
aten_adaptive_max_pool3d_legacy_backward_cpu,aten/src/ATen/native/AdaptiveMaxPooling3d.cpp,adaptive_max_pool3d_backward_out_frame,yes,NO_EXTERNAL_LIBRARY_CALL_FOUND,,CUDA_PATH_REVIEWED_NO_EXTERNAL_EVIDENCE,,,MEDIUM,"CUDA support is reported and the reverse audit of cuBLAS/cuDNN/cuSPARSE/cuSOLVER/cuFFT/CUB/Thrust/CUTLASS call sites found no route for this fixture. The exact CUDA symbol is not yet pinned, so this is weaker than a direct dispatch trace."
aten_adaptive_max_pool3d_legacy_cpu,aten/src/ATen/native/AdaptiveMaxPooling3d.cpp,adaptive_max_pool3d_out_frame,yes,NO_EXTERNAL_LIBRARY_CALL_FOUND,,CUDA_PATH_REVIEWED_NO_EXTERNAL_EVIDENCE,,,MEDIUM,"CUDA support is reported and the reverse audit of cuBLAS/cuDNN/cuSPARSE/cuSOLVER/cuFFT/CUB/Thrust/CUTLASS call sites found no route for this fixture. The exact CUDA symbol is not yet pinned, so this is weaker than a direct dispatch trace."
aten_add,aten/src/ATen/native/CPUBlas.cpp,void axpy,yes,NO_EXTERNAL_LIBRARY_CALL_FOUND,,CUDA_PATH_REVIEWED_NO_EXTERNAL_EVIDENCE,,,MEDIUM,"CUDA support is reported and the reverse audit of cuBLAS/cuDNN/cuSPARSE/cuSOLVER/cuFFT/CUB/Thrust/CUTLASS call sites found no route for this fixture. The exact CUDA symbol is not yet pinned, so this is weaker than a direct dispatch trace."
aten_add_clamp,aten/src/ATen/native/cpu/BinaryOpsKernel.cpp,add_clamp_kernel,yes,NO_EXTERNAL_LIBRARY_CALL_FOUND,,CUDA_PATH_REVIEWED_NO_EXTERNAL_EVIDENCE,,,MEDIUM,"CUDA support is reported and the reverse audit of cuBLAS/cuDNN/cuSPARSE/cuSOLVER/cuFFT/CUB/Thrust/CUTLASS call sites found no route for this fixture. The exact CUDA symbol is not yet pinned, so this is weaker than a direct dispatch trace."
aten_addcdiv,aten/src/ATen/native/cpu/PointwiseOpsKernel.cpp,addcdiv_cpu,yes,NO_EXTERNAL_LIBRARY_CALL_FOUND,,ATEN_CUDA_KERNEL,aten/src/ATen/native/cuda/PointwiseOpsKernel.cu,addcdiv_cuda_kernel,HIGH,The exact CUDA dispatch counterpart is pinned and its implementation contains no computational external-library call. Header-only utility types such as thrust::pair are not counted as library algorithms.
aten_addcmul,aten/src/ATen/native/cpu/PointwiseOpsKernel.cpp,addcmul_cpu,yes,NO_EXTERNAL_LIBRARY_CALL_FOUND,,ATEN_CUDA_KERNEL,aten/src/ATen/native/cuda/PointwiseOpsKernel.cu,addcmul_cuda_kernel,HIGH,The exact CUDA dispatch counterpart is pinned and its implementation contains no computational external-library call. Header-only utility types such as thrust::pair are not counted as library algorithms.
aten_addmm,aten/src/ATen/native/LinearAlgebra.cpp,static void addmm_impl_cpu_,yes,EXTERNAL_LIBRARY,cuBLAS,LINKED_FIXED_LIBRARY,aten/src/ATen/native/cuda/Blas.cpp,at::cuda::blas::gemm,HIGH,CUDA addmm lowers to GEMM/GEMM-and-bias after layout preparation.
aten_addr_elementwise,aten/src/ATen/native/cpu/LinearAlgebraKernel.cpp,addr_kernel,yes,NO_EXTERNAL_LIBRARY_CALL_FOUND,,ATEN_CUDA_KERNEL,aten/src/ATen/native/cuda/LinearAlgebra.cu,addr_kernel_cuda,HIGH,The exact CUDA dispatch counterpart is pinned and its implementation contains no computational external-library call. Header-only utility types such as thrust::pair are not counted as library algorithms.
aten_airy_ai,aten/src/ATen/native/cpu/airy_ai.cpp,airy_ai_kernel,yes,NO_EXTERNAL_LIBRARY_CALL_FOUND,,ATEN_CUDA_KERNEL,aten/src/ATen/native/cuda/airy_ai.cu,airy_ai_kernel_cuda,HIGH,The exact CUDA dispatch counterpart is pinned and its implementation contains no computational external-library call. Header-only utility types such as thrust::pair are not counted as library algorithms.
aten_allany_dims_cpu,aten/src/ATen/native/ReduceOps.cpp,allany_dims_default,no,NO_DIRECT_CUDA_COUNTERPART,,NO_DIRECT_CUDA_COUNTERPART,,,MEDIUM,The existing exhaustive CUDA-availability audit found no direct counterpart; a public ATen composition may still execute on CUDA.
aten_aminmax_allreduce_cpu,aten/src/ATen/native/cpu/ReduceAllOpsKernel.cpp,aminmax_allreduce_kernel,yes,NO_EXTERNAL_LIBRARY_CALL_FOUND,,ATEN_CUDA_KERNEL,aten/src/ATen/native/cuda/ReduceOps.cpp,aminmax_allreduce_kernel_impl,HIGH,The exact CUDA dispatch counterpart is pinned and its implementation contains no computational external-library call. Header-only utility types such as thrust::pair are not counted as library algorithms.
aten_aminmax_cpu,aten/src/ATen/native/cpu/TensorCompareKernel.cpp,aminmax_kernel,yes,NO_EXTERNAL_LIBRARY_CALL_FOUND,,ATEN_CUDA_KERNEL,aten/src/ATen/native/cuda/ReduceOps.cpp,aminmax_kernel_impl,HIGH,The exact CUDA dispatch counterpart is pinned and its implementation contains no computational external-library call. Header-only utility types such as thrust::pair are not counted as library algorithms.
aten_amp_update_scale_cpu,aten/src/ATen/native/cpu/AmpGradScalerKernels.cpp,_amp_update_scale_cpu_kernel,yes,NO_EXTERNAL_LIBRARY_CALL_FOUND,,CUDA_PATH_REVIEWED_NO_EXTERNAL_EVIDENCE,,,MEDIUM,"CUDA support is reported and the reverse audit of cuBLAS/cuDNN/cuSPARSE/cuSOLVER/cuFFT/CUB/Thrust/CUTLASS call sites found no route for this fixture. The exact CUDA symbol is not yet pinned, so this is weaker than a direct dispatch trace."
aten_and_reduce_cpu,aten/src/ATen/native/cpu/ReduceOpsKernel.cpp,and_kernel_impl,no,NO_EXTERNAL_LIBRARY_CALL_FOUND,,ATEN_CUDA_KERNEL,aten/src/ATen/native/cuda/ReduceLogicKernel.cu,and_kernel_cuda,HIGH,The exact CUDA dispatch counterpart is pinned and its implementation contains no computational external-library call. Header-only utility types such as thrust::pair are not counted as library algorithms.
aten_angle_complex_scalarized,aten/src/ATen/native/cpu/UnaryOpsKernel.cpp,angle_kernel,yes,NO_EXTERNAL_LIBRARY_CALL_FOUND,,ATEN_CUDA_KERNEL,aten/src/ATen/native/cuda/UnaryComplexKernels.cu,angle_kernel_cuda,HIGH,The exact CUDA dispatch counterpart is pinned and its implementation contains no computational external-library call. Header-only utility types such as thrust::pair are not counted as library algorithms.
aten_angle_real,aten/src/ATen/native/cpu/UnaryOpsKernel.cpp,angle_kernel,yes,NO_EXTERNAL_LIBRARY_CALL_FOUND,,ATEN_CUDA_KERNEL,aten/src/ATen/native/cuda/UnaryComplexKernels.cu,angle_kernel_cuda,HIGH,The exact CUDA dispatch counterpart is pinned and its implementation contains no computational external-library call. Header-only utility types such as thrust::pair are not counted as library algorithms.
aten_arange_cpu,aten/src/ATen/native/cpu/RangeFactoriesKernel.cpp,arange_kernel,yes,NO_EXTERNAL_LIBRARY_CALL_FOUND,,CUDA_PATH_REVIEWED_NO_EXTERNAL_EVIDENCE,,,MEDIUM,"CUDA support is reported and the reverse audit of cuBLAS/cuDNN/cuSPARSE/cuSOLVER/cuFFT/CUB/Thrust/CUTLASS call sites found no route for this fixture. The exact CUDA symbol is not yet pinned, so this is weaker than a direct dispatch trace."
aten_argmax_cpu,aten/src/ATen/native/cpu/ReduceOpsKernel.cpp,argmax_kernel_impl,yes,NO_EXTERNAL_LIBRARY_CALL_FOUND,,ATEN_CUDA_KERNEL,aten/src/ATen/native/cuda/ReduceArgMaxKernel.cu,argmax_kernel_cuda,HIGH,The exact CUDA dispatch counterpart is pinned and its implementation contains no computational external-library call. Header-only utility types such as thrust::pair are not counted as library algorithms.
aten_argmin_cpu,aten/src/ATen/native/cpu/ReduceOpsKernel.cpp,argmin_kernel_impl,yes,NO_EXTERNAL_LIBRARY_CALL_FOUND,,ATEN_CUDA_KERNEL,aten/src/ATen/native/cuda/ReduceArgMinKernel.cu,argmin_kernel_cuda,HIGH,The exact CUDA dispatch counterpart is pinned and its implementation contains no computational external-library call. Header-only utility types such as thrust::pair are not counted as library algorithms.
aten_as_complex_cpu,aten/src/ATen/native/SpectralOps.cpp,as_complex,yes,NO_EXTERNAL_LIBRARY_CALL_FOUND,,CUDA_PATH_REVIEWED_NO_EXTERNAL_EVIDENCE,,,MEDIUM,"CUDA support is reported and the reverse audit of cuBLAS/cuDNN/cuSPARSE/cuSOLVER/cuFFT/CUB/Thrust/CUTLASS call sites found no route for this fixture. The exact CUDA symbol is not yet pinned, so this is weaker than a direct dispatch trace."
aten_asin,aten/src/ATen/native/cpu/UnaryOpsKernel.cpp,asin_kernel,yes,NO_EXTERNAL_LIBRARY_CALL_FOUND,,ATEN_CUDA_KERNEL,aten/src/ATen/native/cuda/UnaryGeometricAsinKernel.cu|aten/src/ATen/native/cuda/UnaryGeometricSinKernel.cu,asin_kernel_cuda|sin_kernel_cuda,HIGH,The exact CUDA dispatch counterpart is pinned and its implementation contains no computational external-library call. Header-only utility types such as thrust::pair are not counted as library algorithms.
aten_asinh,aten/src/ATen/native/cpu/UnaryOpsKernel.cpp,asinh_kernel,yes,NO_EXTERNAL_LIBRARY_CALL_FOUND,,ATEN_CUDA_KERNEL,aten/src/ATen/native/cuda/UnaryGeometricAsinhKernel.cu|aten/src/ATen/native/cuda/UnaryGeometricSinhKernel.cu,asinh_kernel_cuda|sinh_kernel_cuda,HIGH,The exact CUDA dispatch counterpart is pinned and its implementation contains no computational external-library call. Header-only utility types such as thrust::pair are not counted as library algorithms.
aten_atan,aten/src/ATen/native/cpu/UnaryOpsKernel.cpp,atan_kernel,yes,NO_EXTERNAL_LIBRARY_CALL_FOUND,,ATEN_CUDA_KERNEL,aten/src/ATen/native/cuda/UnaryGeometricAtanKernel.cu|aten/src/ATen/native/cuda/UnaryGeometricTanKernel.cu,atan_kernel_cuda|tan_kernel_cuda,HIGH,The exact CUDA dispatch counterpart is pinned and its implementation contains no computational external-library call. Header-only utility types such as thrust::pair are not counted as library algorithms.
aten_atan2,aten/src/ATen/native/cpu/BinaryOpsKernel.cpp,atan2_kernel,yes,NO_EXTERNAL_LIBRARY_CALL_FOUND,,ATEN_CUDA_KERNEL,aten/src/ATen/native/cuda/BinaryGeometricKernels.cu,atan2_kernel_cuda,HIGH,The exact CUDA dispatch counterpart is pinned and its implementation contains no computational external-library call. Header-only utility types such as thrust::pair are not counted as library algorithms.
aten_atanh,aten/src/ATen/native/cpu/UnaryOpsKernel.cpp,atanh_kernel,yes,NO_EXTERNAL_LIBRARY_CALL_FOUND,,ATEN_CUDA_KERNEL,aten/src/ATen/native/cuda/UnaryGeometricAtanhKernel.cu|aten/src/ATen/native/cuda/UnaryGeometricTanhKernel.cu,atanh_kernel_cuda|tanh_kernel_cuda,HIGH,The exact CUDA dispatch counterpart is pinned and its implementation contains no computational external-library call. Header-only utility types such as thrust::pair are not counted as library algorithms.
aten_avg_pool2d,aten/src/ATen/native/AveragePool2d.cpp,avg_pool2d,yes,NO_EXTERNAL_LIBRARY_CALL_FOUND,,CUDA_PATH_REVIEWED_NO_EXTERNAL_EVIDENCE,,,MEDIUM,"CUDA support is reported and the reverse audit of cuBLAS/cuDNN/cuSPARSE/cuSOLVER/cuFFT/CUB/Thrust/CUTLASS call sites found no route for this fixture. The exact CUDA symbol is not yet pinned, so this is weaker than a direct dispatch trace."
aten_avg_pool2d_backward_cpu,aten/src/ATen/native/cpu/AvgPoolKernel.cpp,avg_pool2d_backward_kernel_impl,yes,NO_EXTERNAL_LIBRARY_CALL_FOUND,,CUDA_PATH_REVIEWED_NO_EXTERNAL_EVIDENCE,,,MEDIUM,"CUDA support is reported and the reverse audit of cuBLAS/cuDNN/cuSPARSE/cuSOLVER/cuFFT/CUB/Thrust/CUTLASS call sites found no route for this fixture. The exact CUDA symbol is not yet pinned, so this is weaker than a direct dispatch trace."
aten_avg_pool2d_cpu,aten/src/ATen/native/cpu/AvgPoolKernel.cpp,avg_pool2d_kernel_impl,yes,NO_EXTERNAL_LIBRARY_CALL_FOUND,,CUDA_PATH_REVIEWED_NO_EXTERNAL_EVIDENCE,,,MEDIUM,"CUDA support is reported and the reverse audit of cuBLAS/cuDNN/cuSPARSE/cuSOLVER/cuFFT/CUB/Thrust/CUTLASS call sites found no route for this fixture. The exact CUDA symbol is not yet pinned, so this is weaker than a direct dispatch trace."
aten_avg_pool3d,aten/src/ATen/native/AveragePool3d.cpp,avg_pool3d,yes,NO_EXTERNAL_LIBRARY_CALL_FOUND,,CUDA_PATH_REVIEWED_NO_EXTERNAL_EVIDENCE,,,MEDIUM,"CUDA support is reported and the reverse audit of cuBLAS/cuDNN/cuSPARSE/cuSOLVER/cuFFT/CUB/Thrust/CUTLASS call sites found no route for this fixture. The exact CUDA symbol is not yet pinned, so this is weaker than a direct dispatch trace."
aten_avg_pool3d_backward_cpu,aten/src/ATen/native/cpu/AvgPoolKernel.cpp,avg_pool3d_backward_kernel_impl,yes,NO_EXTERNAL_LIBRARY_CALL_FOUND,,CUDA_PATH_REVIEWED_NO_EXTERNAL_EVIDENCE,,,MEDIUM,"CUDA support is reported and the reverse audit of cuBLAS/cuDNN/cuSPARSE/cuSOLVER/cuFFT/CUB/Thrust/CUTLASS call sites found no route for this fixture. The exact CUDA symbol is not yet pinned, so this is weaker than a direct dispatch trace."
aten_avg_pool3d_cpu,aten/src/ATen/native/cpu/AvgPoolKernel.cpp,avg_pool3d_kernel_impl,yes,NO_EXTERNAL_LIBRARY_CALL_FOUND,,CUDA_PATH_REVIEWED_NO_EXTERNAL_EVIDENCE,,,MEDIUM,"CUDA support is reported and the reverse audit of cuBLAS/cuDNN/cuSPARSE/cuSOLVER/cuFFT/CUB/Thrust/CUTLASS call sites found no route for this fixture. The exact CUDA symbol is not yet pinned, so this is weaker than a direct dispatch trace."
aten_batch_norm,aten/src/ATen/native/cpu/batch_norm_kernel.cpp,batch_norm_cpu_kernel,yes,EXTERNAL_LIBRARY,cuDNN,CONDITIONAL_BACKEND,aten/src/ATen/native/Normalization.cpp|aten/src/ATen/native/cudnn/BatchNorm.cpp,cudnn_batch_norm,HIGH,The high-level batch-normalization dispatcher may select cuDNN; native CUDA kernels remain fallback paths.
aten_batch_norm_backward_cpu,aten/src/ATen/native/cpu/batch_norm_kernel.cpp,batch_norm_cpu_backward_kernel,yes,NO_EXTERNAL_LIBRARY_CALL_FOUND,,CUDA_PATH_REVIEWED_NO_EXTERNAL_EVIDENCE,,,MEDIUM,"CUDA support is reported and the reverse audit of cuBLAS/cuDNN/cuSPARSE/cuSOLVER/cuFFT/CUB/Thrust/CUTLASS call sites found no route for this fixture. The exact CUDA symbol is not yet pinned, so this is weaker than a direct dispatch trace."
aten_batch_norm_backward_template_cpu,aten/src/ATen/native/Normalization.cpp,batch_norm_backward_cpu_template,yes,NO_EXTERNAL_LIBRARY_CALL_FOUND,,CUDA_PATH_REVIEWED_NO_EXTERNAL_EVIDENCE,,,MEDIUM,"CUDA support is reported and the reverse audit of cuBLAS/cuDNN/cuSPARSE/cuSOLVER/cuFFT/CUB/Thrust/CUTLASS call sites found no route for this fixture. The exact CUDA symbol is not yet pinned, so this is weaker than a direct dispatch trace."
aten_batch_norm_collect_stats_cpu,aten/src/ATen/native/cpu/batch_norm_kernel.cpp,batch_norm_cpu_collect_stats_kernel,no,NO_DIRECT_CUDA_COUNTERPART,,NO_DIRECT_CUDA_COUNTERPART,,,MEDIUM,The existing exhaustive CUDA-availability audit found no direct counterpart; a public ATen composition may still execute on CUDA.
aten_batch_norm_cpu_entry,aten/src/ATen/native/Normalization.cpp,batch_norm_cpu,yes,EXTERNAL_LIBRARY,cuDNN,CONDITIONAL_BACKEND,aten/src/ATen/native/Normalization.cpp|aten/src/ATen/native/cudnn/BatchNorm.cpp,cudnn_batch_norm,HIGH,The benchmarked high-level batch-normalization route may select cuDNN; this is not true of every extracted internal stage.
aten_batch_norm_stats_cpu,aten/src/ATen/native/Normalization.cpp,batch_norm_cpu_update_stats_template,yes,NO_EXTERNAL_LIBRARY_CALL_FOUND,,CUDA_PATH_REVIEWED_NO_EXTERNAL_EVIDENCE,,,MEDIUM,"CUDA support is reported and the reverse audit of cuBLAS/cuDNN/cuSPARSE/cuSOLVER/cuFFT/CUB/Thrust/CUTLASS call sites found no route for this fixture. The exact CUDA symbol is not yet pinned, so this is weaker than a direct dispatch trace."
aten_batch_norm_transform_cpu,aten/src/ATen/native/Normalization.cpp,batch_norm_cpu_transform_input_template,yes,NO_EXTERNAL_LIBRARY_CALL_FOUND,,CUDA_PATH_REVIEWED_NO_EXTERNAL_EVIDENCE,,,MEDIUM,"CUDA support is reported and the reverse audit of cuBLAS/cuDNN/cuSPARSE/cuSOLVER/cuFFT/CUB/Thrust/CUTLASS call sites found no route for this fixture. The exact CUDA symbol is not yet pinned, so this is weaker than a direct dispatch trace."
aten_bernoulli_scalar_cpu,aten/src/ATen/native/cpu/DistributionKernels.cpp,bernoulli_scalar_kernel,yes,NO_EXTERNAL_LIBRARY_CALL_FOUND,,ATEN_CUDA_KERNEL,aten/src/ATen/native/cuda/DistributionBernoulli.cu,bernoulli_scalar_kernel,HIGH,The exact CUDA dispatch counterpart is pinned and its implementation contains no computational external-library call. Header-only utility types such as thrust::pair are not counted as library algorithms.
aten_bernoulli_tensor_cpu,aten/src/ATen/native/cpu/DistributionKernels.cpp,bernoulli_tensor_kernel,yes,NO_EXTERNAL_LIBRARY_CALL_FOUND,,ATEN_CUDA_KERNEL,aten/src/ATen/native/cuda/DistributionBernoulli.cu,bernoulli_tensor_kernel,HIGH,The exact CUDA dispatch counterpart is pinned and its implementation contains no computational external-library call. Header-only utility types such as thrust::pair are not counted as library algorithms.
aten_bessel_j0,aten/src/ATen/native/cpu/UnaryOpsKernel.cpp,bessel_j0_kernel,yes,NO_EXTERNAL_LIBRARY_CALL_FOUND,,ATEN_CUDA_KERNEL,aten/src/ATen/native/cuda/bessel_j0.cu,bessel_j0_kernel_cuda,HIGH,The exact CUDA dispatch counterpart is pinned and its implementation contains no computational external-library call. Header-only utility types such as thrust::pair are not counted as library algorithms.
aten_bessel_j1,aten/src/ATen/native/cpu/UnaryOpsKernel.cpp,bessel_j1_kernel,yes,NO_EXTERNAL_LIBRARY_CALL_FOUND,,ATEN_CUDA_KERNEL,aten/src/ATen/native/cuda/bessel_j1.cu,bessel_j1_kernel_cuda,HIGH,The exact CUDA dispatch counterpart is pinned and its implementation contains no computational external-library call. Header-only utility types such as thrust::pair are not counted as library algorithms.
aten_bessel_y0,aten/src/ATen/native/cpu/UnaryOpsKernel.cpp,bessel_y0_kernel,yes,NO_EXTERNAL_LIBRARY_CALL_FOUND,,ATEN_CUDA_KERNEL,aten/src/ATen/native/cuda/bessel_y0.cu,bessel_y0_kernel_cuda,HIGH,The exact CUDA dispatch counterpart is pinned and its implementation contains no computational external-library call. Header-only utility types such as thrust::pair are not counted as library algorithms.
aten_bessel_y1,aten/src/ATen/native/cpu/UnaryOpsKernel.cpp,bessel_y1_kernel,yes,NO_EXTERNAL_LIBRARY_CALL_FOUND,,ATEN_CUDA_KERNEL,aten/src/ATen/native/cuda/bessel_y1.cu,bessel_y1_kernel_cuda,HIGH,The exact CUDA dispatch counterpart is pinned and its implementation contains no computational external-library call. Header-only utility types such as thrust::pair are not counted as library algorithms.
aten_bf16_dot_cpu,aten/src/ATen/native/cpu/ReducedPrecisionFloatGemvFastPathKernel.cpp,bf16_dot,no,NO_DIRECT_CUDA_COUNTERPART,,NO_DIRECT_CUDA_COUNTERPART,,,MEDIUM,The existing exhaustive CUDA-availability audit found no direct counterpart; a public ATen composition may still execute on CUDA.
aten_bf16_gemv_trans_cpu,aten/src/ATen/native/cpu/ReducedPrecisionFloatGemvFastPathKernel.cpp,bf16_gemv_trans,no,NO_DIRECT_CUDA_COUNTERPART,,NO_DIRECT_CUDA_COUNTERPART,,,MEDIUM,The existing exhaustive CUDA-availability audit found no direct counterpart; a public ATen composition may still execute on CUDA.
aten_bilinear_cpu,aten/src/ATen/native/Linear.cpp,bilinear,yes,NO_EXTERNAL_LIBRARY_CALL_FOUND,,CUDA_PATH_REVIEWED_NO_EXTERNAL_EVIDENCE,,,MEDIUM,"CUDA support is reported and the reverse audit of cuBLAS/cuDNN/cuSPARSE/cuSOLVER/cuFFT/CUB/Thrust/CUTLASS call sites found no route for this fixture. The exact CUDA symbol is not yet pinned, so this is weaker than a direct dispatch trace."
aten_binary_cross_entropy,aten/src/ATen/native/Loss.cpp,binary_cross_entropy,yes,NO_EXTERNAL_LIBRARY_CALL_FOUND,,CUDA_PATH_REVIEWED_NO_EXTERNAL_EVIDENCE,,,MEDIUM,"CUDA support is reported and the reverse audit of cuBLAS/cuDNN/cuSPARSE/cuSOLVER/cuFFT/CUB/Thrust/CUTLASS call sites found no route for this fixture. The exact CUDA symbol is not yet pinned, so this is weaker than a direct dispatch trace."
aten_binary_search_strided_rightmost_cpu,aten/src/ATen/native/sparse/SparseTensorMath.cpp,binary_search_strided_rightmost,no,NO_DIRECT_CUDA_COUNTERPART,,NO_DIRECT_CUDA_COUNTERPART,,,MEDIUM,The existing exhaustive CUDA-availability audit found no direct counterpart; a public ATen composition may still execute on CUDA.
aten_bincount_cpu,aten/src/ATen/native/SummaryOps.cpp,_bincount_cpu_template,yes,NO_EXTERNAL_LIBRARY_CALL_FOUND,,CUDA_PATH_REVIEWED_NO_EXTERNAL_EVIDENCE,,,MEDIUM,"CUDA support is reported and the reverse audit of cuBLAS/cuDNN/cuSPARSE/cuSOLVER/cuFFT/CUB/Thrust/CUTLASS call sites found no route for this fixture. The exact CUDA symbol is not yet pinned, so this is weaker than a direct dispatch trace."
aten_binomial_transform_cpu,aten/src/ATen/native/Distributions.cpp,_s_binomial_cpu,yes,NO_EXTERNAL_LIBRARY_CALL_FOUND,,CUDA_PATH_REVIEWED_NO_EXTERNAL_EVIDENCE,,,MEDIUM,"CUDA support is reported and the reverse audit of cuBLAS/cuDNN/cuSPARSE/cuSOLVER/cuFFT/CUB/Thrust/CUTLASS call sites found no route for this fixture. The exact CUDA symbol is not yet pinned, so this is weaker than a direct dispatch trace."
aten_bitwise_and_i32,aten/src/ATen/native/cpu/BinaryOpsKernel.cpp,bitwise_and_kernel,yes,NO_EXTERNAL_LIBRARY_CALL_FOUND,,ATEN_CUDA_KERNEL,aten/src/ATen/native/cuda/BinaryBitwiseOpsKernels.cu,bitwise_and_kernel_cuda,HIGH,The exact CUDA dispatch counterpart is pinned and its implementation contains no computational external-library call. Header-only utility types such as thrust::pair are not counted as library algorithms.
aten_bitwise_not_i32,aten/src/ATen/native/cpu/UnaryOpsKernel.cpp,bitwise_not_kernel,yes,NO_EXTERNAL_LIBRARY_CALL_FOUND,,ATEN_CUDA_KERNEL,aten/src/ATen/native/cuda/UnaryOpsKernel.cu,bitwise_not_kernel_cuda,HIGH,The exact CUDA dispatch counterpart is pinned and its implementation contains no computational external-library call. Header-only utility types such as thrust::pair are not counted as library algorithms.
aten_bitwise_or_i32,aten/src/ATen/native/cpu/BinaryOpsKernel.cpp,bitwise_or_kernel,yes,NO_EXTERNAL_LIBRARY_CALL_FOUND,,ATEN_CUDA_KERNEL,aten/src/ATen/native/cuda/BinaryBitwiseOpsKernels.cu,bitwise_or_kernel_cuda,HIGH,The exact CUDA dispatch counterpart is pinned and its implementation contains no computational external-library call. Header-only utility types such as thrust::pair are not counted as library algorithms.
aten_bitwise_xor_i32,aten/src/ATen/native/cpu/BinaryOpsKernel.cpp,bitwise_xor_kernel,yes,NO_EXTERNAL_LIBRARY_CALL_FOUND,,ATEN_CUDA_KERNEL,aten/src/ATen/native/cuda/BinaryBitwiseOpsKernels.cu,bitwise_xor_kernel_cuda,HIGH,The exact CUDA dispatch counterpart is pinned and its implementation contains no computational external-library call. Header-only utility types such as thrust::pair are not counted as library algorithms.
aten_blas_axpy_cpu,aten/src/ATen/native/cpu/BlasKernel.cpp,cpublas_axpy_impl,no,NO_DIRECT_CUDA_COUNTERPART,,NO_DIRECT_CUDA_COUNTERPART,,,MEDIUM,The existing exhaustive CUDA-availability audit found no direct counterpart; a public ATen composition may still execute on CUDA.
aten_blas_copy_cpu,aten/src/ATen/native/cpu/BlasKernel.cpp,cpublas_copy_impl,no,NO_DIRECT_CUDA_COUNTERPART,,NO_DIRECT_CUDA_COUNTERPART,,,MEDIUM,The existing exhaustive CUDA-availability audit found no direct counterpart; a public ATen composition may still execute on CUDA.
aten_blas_dot_naive_cpu,aten/src/ATen/native/BlasKernel.cpp,dot_naive,no,NO_DIRECT_CUDA_COUNTERPART,,NO_DIRECT_CUDA_COUNTERPART,,,MEDIUM,The existing exhaustive CUDA-availability audit found no direct counterpart; a public ATen composition may still execute on CUDA.
aten_blas_gemv_generic_cpu,aten/src/ATen/native/BlasKernel.cpp,gemv,no,NO_DIRECT_CUDA_COUNTERPART,,NO_DIRECT_CUDA_COUNTERPART,,,MEDIUM,The existing exhaustive CUDA-availability audit found no direct counterpart; a public ATen composition may still execute on CUDA.
aten_blas_scale_cpu,aten/src/ATen/native/cpu/BlasKernel.cpp,scale_,yes,NO_EXTERNAL_LIBRARY_CALL_FOUND,,CUDA_PATH_REVIEWED_NO_EXTERNAL_EVIDENCE,,,MEDIUM,"CUDA support is reported and the reverse audit of cuBLAS/cuDNN/cuSPARSE/cuSOLVER/cuFFT/CUB/Thrust/CUTLASS call sites found no route for this fixture. The exact CUDA symbol is not yet pinned, so this is weaker than a direct dispatch trace."
aten_blas_sum_cpu,aten/src/ATen/native/cpu/BlasKernel.cpp,sum,yes,NO_EXTERNAL_LIBRARY_CALL_FOUND,,CUDA_PATH_REVIEWED_NO_EXTERNAL_EVIDENCE,,,MEDIUM,"CUDA support is reported and the reverse audit of cuBLAS/cuDNN/cuSPARSE/cuSOLVER/cuFFT/CUB/Thrust/CUTLASS call sites found no route for this fixture. The exact CUDA symbol is not yet pinned, so this is weaker than a direct dispatch trace."
aten_block_diag_cpu,aten/src/ATen/native/TensorShape.cpp,block_diag,yes,NO_EXTERNAL_LIBRARY_CALL_FOUND,,CUDA_PATH_REVIEWED_NO_EXTERNAL_EVIDENCE,,,MEDIUM,"CUDA support is reported and the reverse audit of cuBLAS/cuDNN/cuSPARSE/cuSOLVER/cuFFT/CUB/Thrust/CUTLASS call sites found no route for this fixture. The exact CUDA symbol is not yet pinned, so this is weaker than a direct dispatch trace."
aten_bmm,aten/src/ATen/native/LinearAlgebra.cpp,bmm,yes,EXTERNAL_LIBRARY,cuBLAS,LINKED_FIXED_LIBRARY,aten/src/ATen/native/cuda/Blas.cpp,at::cuda::blas::bgemm,HIGH,CUDA bmm uses batched GEMM for the supported dense layouts.
aten_cartesian_prod_cpu,aten/src/ATen/native/Itertools.cpp,cartesian_prod,no,NO_DIRECT_CUDA_COUNTERPART,,NO_DIRECT_CUDA_COUNTERPART,,,MEDIUM,The existing exhaustive CUDA-availability audit found no direct counterpart; a public ATen composition may still execute on CUDA.
aten_cat_serial_cpu,aten/src/ATen/native/cpu/CatKernel.cpp,cat_serial_kernel,no,NO_DIRECT_CUDA_COUNTERPART,,NO_DIRECT_CUDA_COUNTERPART,,,MEDIUM,The existing exhaustive CUDA-availability audit found no direct counterpart; a public ATen composition may still execute on CUDA.
aten_cat_sparse_cpu,aten/src/ATen/native/TensorShape.cpp,cat_sparse_impl,no,NO_DIRECT_CUDA_COUNTERPART,,NO_DIRECT_CUDA_COUNTERPART,,,MEDIUM,The existing exhaustive CUDA-availability audit found no direct counterpart; a public ATen composition may still execute on CUDA.
aten_cauchy_cpu,aten/src/ATen/native/cpu/DistributionKernels.cpp,cauchy_kernel,yes,NO_EXTERNAL_LIBRARY_CALL_FOUND,,ATEN_CUDA_KERNEL,aten/src/ATen/native/cuda/DistributionCauchyKernel.cu,cauchy_kernel,HIGH,The exact CUDA dispatch counterpart is pinned and its implementation contains no computational external-library call. Header-only utility types such as thrust::pair are not counted as library algorithms.
aten_cdist_backward_cpu,aten/src/ATen/native/cpu/DistanceOpsKernel.cpp,cdist_backward_kernel_impl,yes,NO_EXTERNAL_LIBRARY_CALL_FOUND,,ATEN_CUDA_KERNEL,aten/src/ATen/native/cuda/DistanceKernel.cu,cdist_backward_kernel_impl,HIGH,The exact CUDA dispatch counterpart is pinned and its implementation contains no computational external-library call. Header-only utility types such as thrust::pair are not counted as library algorithms.
aten_cdist_cpu,aten/src/ATen/native/cpu/DistanceOpsKernel.cpp,cdist_kernel_impl,yes,NO_EXTERNAL_LIBRARY_CALL_FOUND,,ATEN_CUDA_KERNEL,aten/src/ATen/native/cuda/DistanceKernel.cu,cdist_kernel_impl,HIGH,The exact CUDA dispatch counterpart is pinned and its implementation contains no computational external-library call. Header-only utility types such as thrust::pair are not counted as library algorithms.
aten_ceil,aten/src/ATen/native/cpu/UnaryOpsKernel.cpp,ceil_kernel,yes,NO_EXTERNAL_LIBRARY_CALL_FOUND,,ATEN_CUDA_KERNEL,aten/src/ATen/native/cuda/UnaryFractionKernels.cu,ceil_kernel_cuda,HIGH,The exact CUDA dispatch counterpart is pinned and its implementation contains no computational external-library call. Header-only utility types such as thrust::pair are not counted as library algorithms.
aten_channel_shuffle,aten/src/ATen/native/ChanelShuffle.cpp,channel_shuffle,no,NO_DIRECT_CUDA_COUNTERPART,,NO_DIRECT_CUDA_COUNTERPART,,,MEDIUM,The existing exhaustive CUDA-availability audit found no direct counterpart; a public ATen composition may still execute on CUDA.
aten_channel_shuffle_cpu,aten/src/ATen/native/cpu/ChannelShuffleKernel.cpp,channel_shuffle_kernel_impl,no,NO_DIRECT_CUDA_COUNTERPART,,NO_DIRECT_CUDA_COUNTERPART,,,MEDIUM,The existing exhaustive CUDA-availability audit found no direct counterpart; a public ATen composition may still execute on CUDA.
aten_chebyshev_polynomial_t,aten/src/ATen/native/cpu/BinaryOpsKernel.cpp,chebyshev_polynomial_t_kernel,yes,NO_EXTERNAL_LIBRARY_CALL_FOUND,,ATEN_CUDA_KERNEL,aten/src/ATen/native/cuda/chebyshev_polynomial_t.cu|aten/src/ATen/native/cuda/shifted_chebyshev_polynomial_t.cu,chebyshev_polynomial_t_kernel_cuda|shifted_chebyshev_polynomial_t_kernel_cuda,HIGH,The exact CUDA dispatch counterpart is pinned and its implementation contains no computational external-library call. Header-only utility types such as thrust::pair are not counted as library algorithms.
aten_chebyshev_polynomial_u,aten/src/ATen/native/cpu/BinaryOpsKernel.cpp,chebyshev_polynomial_u_kernel,yes,NO_EXTERNAL_LIBRARY_CALL_FOUND,,ATEN_CUDA_KERNEL,aten/src/ATen/native/cuda/chebyshev_polynomial_u.cu|aten/src/ATen/native/cuda/shifted_chebyshev_polynomial_u.cu,chebyshev_polynomial_u_kernel_cuda|shifted_chebyshev_polynomial_u_kernel_cuda,HIGH,The exact CUDA dispatch counterpart is pinned and its implementation contains no computational external-library call. Header-only utility types such as thrust::pair are not counted as library algorithms.
aten_chebyshev_polynomial_v,aten/src/ATen/native/cpu/BinaryOpsKernel.cpp,chebyshev_polynomial_v_kernel,yes,NO_EXTERNAL_LIBRARY_CALL_FOUND,,ATEN_CUDA_KERNEL,aten/src/ATen/native/cuda/chebyshev_polynomial_v.cu|aten/src/ATen/native/cuda/shifted_chebyshev_polynomial_v.cu,chebyshev_polynomial_v_kernel_cuda|shifted_chebyshev_polynomial_v_kernel_cuda,HIGH,The exact CUDA dispatch counterpart is pinned and its implementation contains no computational external-library call. Header-only utility types such as thrust::pair are not counted as library algorithms.
aten_chebyshev_polynomial_w,aten/src/ATen/native/cpu/BinaryOpsKernel.cpp,chebyshev_polynomial_w_kernel,yes,NO_EXTERNAL_LIBRARY_CALL_FOUND,,ATEN_CUDA_KERNEL,aten/src/ATen/native/cuda/chebyshev_polynomial_w.cu|aten/src/ATen/native/cuda/shifted_chebyshev_polynomial_w.cu,chebyshev_polynomial_w_kernel_cuda|shifted_chebyshev_polynomial_w_kernel_cuda,HIGH,The exact CUDA dispatch counterpart is pinned and its implementation contains no computational external-library call. Header-only utility types such as thrust::pair are not counted as library algorithms.
aten_circular_pad_cpu,aten/src/ATen/native/PadNd.cpp,_pad_circular_symint,yes,NO_EXTERNAL_LIBRARY_CALL_FOUND,,CUDA_PATH_REVIEWED_NO_EXTERNAL_EVIDENCE,,,MEDIUM,"CUDA support is reported and the reverse audit of cuBLAS/cuDNN/cuSPARSE/cuSOLVER/cuFFT/CUB/Thrust/CUTLASS call sites found no route for this fixture. The exact CUDA symbol is not yet pinned, so this is weaker than a direct dispatch trace."
aten_clamp,aten/src/ATen/native/TensorCompare.cpp,clamp,yes,NO_EXTERNAL_LIBRARY_CALL_FOUND,,CUDA_PATH_REVIEWED_NO_EXTERNAL_EVIDENCE,,,MEDIUM,"CUDA support is reported and the reverse audit of cuBLAS/cuDNN/cuSPARSE/cuSOLVER/cuFFT/CUB/Thrust/CUTLASS call sites found no route for this fixture. The exact CUDA symbol is not yet pinned, so this is weaker than a direct dispatch trace."
aten_clamp_cpu,aten/src/ATen/native/cpu/TensorCompareKernel.cpp,clamp_kernel_impl,yes,NO_EXTERNAL_LIBRARY_CALL_FOUND,,ATEN_CUDA_KERNEL,aten/src/ATen/native/cuda/TensorCompare.cu,clamp_kernel_impl,HIGH,The exact CUDA dispatch counterpart is pinned and its implementation contains no computational external-library call. Header-only utility types such as thrust::pair are not counted as library algorithms.
aten_clamp_max_scalar_cpu,aten/src/ATen/native/cpu/TensorCompareKernel.cpp,clamp_max_scalar_kernel_impl,yes,NO_EXTERNAL_LIBRARY_CALL_FOUND,,ATEN_CUDA_KERNEL,aten/src/ATen/native/cuda/TensorCompare.cu,clamp_max_scalar_kernel_impl,HIGH,The exact CUDA dispatch counterpart is pinned and its implementation contains no computational external-library call. Header-only utility types such as thrust::pair are not counted as library algorithms.
aten_clamp_min_scalar_cpu,aten/src/ATen/native/cpu/TensorCompareKernel.cpp,clamp_min_scalar_kernel_impl,yes,NO_EXTERNAL_LIBRARY_CALL_FOUND,,ATEN_CUDA_KERNEL,aten/src/ATen/native/cuda/TensorCompare.cu,clamp_min_scalar_kernel_impl,HIGH,The exact CUDA dispatch counterpart is pinned and its implementation contains no computational external-library call. Header-only utility types such as thrust::pair are not counted as library algorithms.
aten_clamp_scalar_cpu,aten/src/ATen/native/cpu/TensorCompareKernel.cpp,clamp_scalar_kernel_impl,yes,NO_EXTERNAL_LIBRARY_CALL_FOUND,,ATEN_CUDA_KERNEL,aten/src/ATen/native/cuda/TensorCompare.cu,clamp_scalar_kernel_impl,HIGH,The exact CUDA dispatch counterpart is pinned and its implementation contains no computational external-library call. Header-only utility types such as thrust::pair are not counted as library algorithms.
aten_coalesce_sparse_cpu,aten/src/ATen/native/sparse/SparseTensor.cpp,_coalesce_sparse_cpu,yes,EXTERNAL_LIBRARY,Thrust,MIXED_EXTERNAL_AND_ATEN_KERNELS,aten/src/ATen/native/sparse/cuda/SparseCUDATensor.cu,thrust::sort_by_key|unique_by_key,HIGH,"Sparse COO coalescing uses Thrust to sort and group indices, with ATen bookkeeping around it."
aten_col2im_cpu,aten/src/ATen/native/Col2Im.cpp,col2im_out_cpu_template,yes,NO_EXTERNAL_LIBRARY_CALL_FOUND,,CUDA_PATH_REVIEWED_NO_EXTERNAL_EVIDENCE,,,MEDIUM,"CUDA support is reported and the reverse audit of cuBLAS/cuDNN/cuSPARSE/cuSOLVER/cuFFT/CUB/Thrust/CUTLASS call sites found no route for this fixture. The exact CUDA symbol is not yet pinned, so this is weaker than a direct dispatch trace."
aten_combinations_cpu,aten/src/ATen/native/Itertools.cpp,combinations,no,NO_DIRECT_CUDA_COUNTERPART,,NO_DIRECT_CUDA_COUNTERPART,,,MEDIUM,The existing exhaustive CUDA-availability audit found no direct counterpart; a public ATen composition may still execute on CUDA.
aten_complex_scalarized,aten/src/ATen/native/cpu/ComplexKernel.cpp,complex_kernel,yes,NO_EXTERNAL_LIBRARY_CALL_FOUND,,ATEN_CUDA_KERNEL,aten/src/ATen/native/cuda/ComplexKernel.cu,complex_kernel_cuda,HIGH,The exact CUDA dispatch counterpart is pinned and its implementation contains no computational external-library call. Header-only utility types such as thrust::pair are not counted as library algorithms.
aten_compressed_block_convert_cpu,aten/src/ATen/native/TensorConversions.cpp,_compressed_to_block_compressed_cpu_kernel,no,NO_DIRECT_CUDA_COUNTERPART,,NO_DIRECT_CUDA_COUNTERPART,,,MEDIUM,The existing exhaustive CUDA-availability audit found no direct counterpart; a public ATen composition may still execute on CUDA.
aten_conj_complex_scalarized,aten/src/ATen/native/cpu/UnaryOpsKernel.cpp,conj_kernel,yes,NO_EXTERNAL_LIBRARY_CALL_FOUND,,ATEN_CUDA_KERNEL,aten/src/ATen/native/cuda/UnaryComplexKernels.cu,conj_kernel_cuda,HIGH,The exact CUDA dispatch counterpart is pinned and its implementation contains no computational external-library call. Header-only utility types such as thrust::pair are not counted as library algorithms.
aten_constant_pad_nd_cpu,aten/src/ATen/native/PadNd.cpp,constant_pad_nd,yes,NO_EXTERNAL_LIBRARY_CALL_FOUND,,CUDA_PATH_REVIEWED_NO_EXTERNAL_EVIDENCE,,,MEDIUM,"CUDA support is reported and the reverse audit of cuBLAS/cuDNN/cuSPARSE/cuSOLVER/cuFFT/CUB/Thrust/CUTLASS call sites found no route for this fixture. The exact CUDA symbol is not yet pinned, so this is weaker than a direct dispatch trace."
aten_conv1d,aten/src/ATen/native/Convolution.cpp,conv1d,yes,EXTERNAL_LIBRARY,cuDNN,CONDITIONAL_BACKEND,aten/src/ATen/native/Convolution.cpp,cudnn_convolution,HIGH,The public convolution dispatcher can select the cuDNN backend when its guards hold.
aten_conv2d,aten/src/ATen/native/ConvolutionMM2d.cpp,slow_conv2d,yes,EXTERNAL_LIBRARY,cuDNN|cuBLAS,CONDITIONAL_BACKEND,aten/src/ATen/native/Convolution.cpp|aten/src/ATen/native/cuda/ConvolutionMM2d.cu,cudnn_convolution|at::cuda::blas::gemm,HIGH,Public convolution may select cuDNN; the explicit slow CUDA 2-D path is im2col plus cuBLAS GEMM.
aten_conv2d_columns_cpu,aten/src/ATen/native/ConvolutionMM2d.cpp,compute_columns2d,yes,NO_EXTERNAL_LIBRARY_CALL_FOUND,,CUDA_PATH_REVIEWED_NO_EXTERNAL_EVIDENCE,,,MEDIUM,"CUDA support is reported and the reverse audit of cuBLAS/cuDNN/cuSPARSE/cuSOLVER/cuFFT/CUB/Thrust/CUTLASS call sites found no route for this fixture. The exact CUDA symbol is not yet pinned, so this is weaker than a direct dispatch trace."
aten_conv3d,aten/src/ATen/native/Convolution.cpp,conv3d,yes,EXTERNAL_LIBRARY,cuDNN,CONDITIONAL_BACKEND,aten/src/ATen/native/Convolution.cpp,cudnn_convolution,HIGH,The public convolution dispatcher can select the cuDNN backend when its guards hold.
aten_conv3d_columns_cpu,aten/src/ATen/native/ConvolutionMM3d.cpp,compute_columns3d,yes,NO_EXTERNAL_LIBRARY_CALL_FOUND,,CUDA_PATH_REVIEWED_NO_EXTERNAL_EVIDENCE,,,MEDIUM,"CUDA support is reported and the reverse audit of cuBLAS/cuDNN/cuSPARSE/cuSOLVER/cuFFT/CUB/Thrust/CUTLASS call sites found no route for this fixture. The exact CUDA symbol is not yet pinned, so this is weaker than a direct dispatch trace."
aten_conv_tbc_backward_cpu,aten/src/ATen/native/ConvolutionTBC.cpp,conv_tbc_backward,yes,EXTERNAL_LIBRARY,cuBLAS,ATEN_COMPOSITION,aten/src/ATen/native/ConvolutionTBC.cpp,Tensor::addmm_,HIGH,"CompositeExplicitAutograd backward invokes addmm, whose CUDA implementation uses cuBLAS."
aten_conv_tbc_cpu,aten/src/ATen/native/ConvolutionTBC.cpp,conv_tbc,yes,EXTERNAL_LIBRARY,cuBLAS,ATEN_COMPOSITION,aten/src/ATen/native/ConvolutionTBC.cpp,Tensor::addmm_,HIGH,"CompositeExplicitAutograd conv_tbc invokes addmm, whose CUDA implementation uses cuBLAS."
aten_conv_transpose2d,aten/src/ATen/native/NaiveConvolutionTranspose2d.cpp,slow_conv_transpose2d,yes,EXTERNAL_LIBRARY,cuBLAS,MIXED_EXTERNAL_AND_ATEN_KERNELS,aten/src/ATen/native/cuda/NaiveConvolutionTranspose2d.cu,at::cuda::blas::gemm,HIGH,The explicit slow CUDA transpose-convolution path combines GEMM with ATen column kernels.
aten_conv_transpose3d_backward_cpu,aten/src/ATen/native/NaiveConvolutionTranspose3d.cpp,slow_conv_transpose3d_backward_out_cpu_template,yes,EXTERNAL_LIBRARY,cuBLAS,MIXED_EXTERNAL_AND_ATEN_KERNELS,aten/src/ATen/native/cuda/NaiveConvolutionTranspose3d.cu,at::cuda::blas::gemm,HIGH,The CUDA backward path combines GEMM with ATen volume-column kernels.
aten_conv_transpose3d_cpu,aten/src/ATen/native/NaiveConvolutionTranspose3d.cpp,slow_conv_transpose3d_out_cpu_template,yes,EXTERNAL_LIBRARY,cuBLAS,MIXED_EXTERNAL_AND_ATEN_KERNELS,aten/src/ATen/native/cuda/NaiveConvolutionTranspose3d.cu,at::cuda::blas::gemm,HIGH,The CUDA counterpart combines GEMM with ATen volume-column kernels.
aten_conv_transpose3d_grad_weight_cpu,aten/src/ATen/native/NaiveConvolutionTranspose3d.cpp,slow_conv_transpose3d_acc_grad_parameters_cpu,yes,EXTERNAL_LIBRARY,cuBLAS,MIXED_EXTERNAL_AND_ATEN_KERNELS,aten/src/ATen/native/cuda/NaiveConvolutionTranspose3d.cu,at::cuda::blas::gemm,HIGH,The CUDA weight-gradient path combines GEMM with ATen volume-column kernels.
aten_convert_coo_to_csr_cpu,aten/src/ATen/native/TensorConversions.cpp,convert_indices_from_coo_to_csr_cpu,no,NO_DIRECT_CUDA_COUNTERPART,,NO_DIRECT_CUDA_COUNTERPART,,,MEDIUM,The existing exhaustive CUDA-availability audit found no direct counterpart; a public ATen composition may still execute on CUDA.
aten_convert_csr_to_coo_cpu,aten/src/ATen/native/TensorConversions.cpp,convert_indices_from_csr_to_coo_cpu,no,NO_DIRECT_CUDA_COUNTERPART,,NO_DIRECT_CUDA_COUNTERPART,,,MEDIUM,The existing exhaustive CUDA-availability audit found no direct counterpart; a public ATen composition may still execute on CUDA.
aten_copy_cpu,aten/src/ATen/native/cpu/CopyKernel.cpp,copy_kernel,yes,NO_EXTERNAL_LIBRARY_CALL_FOUND,,ATEN_CUDA_KERNEL,aten/src/ATen/native/cuda/Copy.cu,copy_kernel_cuda,HIGH,The exact CUDA dispatch counterpart is pinned and its implementation contains no computational external-library call. Header-only utility types such as thrust::pair are not counted as library algorithms.
aten_copy_tensor_array_cpu,aten/src/ATen/native/TensorShape.cpp,copy_tensor_array_to_out,yes,NO_EXTERNAL_LIBRARY_CALL_FOUND,,CUDA_PATH_REVIEWED_NO_EXTERNAL_EVIDENCE,,,MEDIUM,"CUDA support is reported and the reverse audit of cuBLAS/cuDNN/cuSPARSE/cuSOLVER/cuFFT/CUB/Thrust/CUTLASS call sites found no route for this fixture. The exact CUDA symbol is not yet pinned, so this is weaker than a direct dispatch trace."
aten_copysign,aten/src/ATen/native/cpu/BinaryOpsKernel.cpp,copysign_kernel,yes,NO_EXTERNAL_LIBRARY_CALL_FOUND,,ATEN_CUDA_KERNEL,aten/src/ATen/native/cuda/CopysignKernel.cu,copysign_kernel_cuda,HIGH,The exact CUDA dispatch counterpart is pinned and its implementation contains no computational external-library call. Header-only utility types such as thrust::pair are not counted as library algorithms.
aten_cos,aten/src/ATen/native/cpu/UnaryOpsKernel.cpp,cos_kernel,yes,NO_EXTERNAL_LIBRARY_CALL_FOUND,,ATEN_CUDA_KERNEL,aten/src/ATen/native/cuda/UnaryGeometricAcosKernel.cu|aten/src/ATen/native/cuda/UnaryGeometricCosKernel.cu,acos_kernel_cuda|cos_kernel_cuda,HIGH,The exact CUDA dispatch counterpart is pinned and its implementation contains no computational external-library call. Header-only utility types such as thrust::pair are not counted as library algorithms.
aten_cosh,aten/src/ATen/native/cpu/UnaryOpsKernel.cpp,cosh_kernel,yes,NO_EXTERNAL_LIBRARY_CALL_FOUND,,ATEN_CUDA_KERNEL,aten/src/ATen/native/cuda/UnaryGeometricAcoshKernel.cu|aten/src/ATen/native/cuda/UnaryGeometricCoshKernel.cu,acosh_kernel_cuda|cosh_kernel_cuda,HIGH,The exact CUDA dispatch counterpart is pinned and its implementation contains no computational external-library call. Header-only utility types such as thrust::pair are not counted as library algorithms.
aten_count_nonzero_cpu,aten/src/ATen/native/TensorAdvancedIndexing.cpp,count_nonzero_cpu,yes,NO_EXTERNAL_LIBRARY_CALL_FOUND,,CUDA_PATH_REVIEWED_NO_EXTERNAL_EVIDENCE,,,MEDIUM,"CUDA support is reported and the reverse audit of cuBLAS/cuDNN/cuSPARSE/cuSOLVER/cuFFT/CUB/Thrust/CUTLASS call sites found no route for this fixture. The exact CUDA symbol is not yet pinned, so this is weaker than a direct dispatch trace."
aten_count_nonzero_impl_cpu,aten/src/ATen/native/TensorAdvancedIndexing.cpp,count_nonzero_impl,yes,NO_EXTERNAL_LIBRARY_CALL_FOUND,,CUDA_PATH_REVIEWED_NO_EXTERNAL_EVIDENCE,,,MEDIUM,"CUDA support is reported and the reverse audit of cuBLAS/cuDNN/cuSPARSE/cuSOLVER/cuFFT/CUB/Thrust/CUTLASS call sites found no route for this fixture. The exact CUDA symbol is not yet pinned, so this is weaker than a direct dispatch trace."
aten_cpu_blas_gemm_batched_cpu,aten/src/ATen/native/CPUBlas.cpp,gemm_batched_generic,no,NO_DIRECT_CUDA_COUNTERPART,,NO_DIRECT_CUDA_COUNTERPART,,,MEDIUM,The existing exhaustive CUDA-availability audit found no direct counterpart; a public ATen composition may still execute on CUDA.
aten_cpu_blas_gemm_cpu,aten/src/ATen/native/CPUBlas.cpp,gemm,no,NO_DIRECT_CUDA_COUNTERPART,,NO_DIRECT_CUDA_COUNTERPART,,,MEDIUM,The existing exhaustive CUDA-availability audit found no direct counterpart; a public ATen composition may still execute on CUDA.
aten_cpu_blas_gemm_strided_batched_cpu,aten/src/ATen/native/CPUBlas.cpp,gemm_batched_with_stride_generic,no,NO_DIRECT_CUDA_COUNTERPART,,NO_DIRECT_CUDA_COUNTERPART,,,MEDIUM,The existing exhaustive CUDA-availability audit found no direct counterpart; a public ATen composition may still execute on CUDA.
aten_cross,aten/src/ATen/native/Cross.cpp,cross,yes,NO_EXTERNAL_LIBRARY_CALL_FOUND,,CUDA_PATH_REVIEWED_NO_EXTERNAL_EVIDENCE,,,MEDIUM,"CUDA support is reported and the reverse audit of cuBLAS/cuDNN/cuSPARSE/cuSOLVER/cuFFT/CUB/Thrust/CUTLASS call sites found no route for this fixture. The exact CUDA symbol is not yet pinned, so this is weaker than a direct dispatch trace."
aten_cross_cpu_backend,aten/src/ATen/native/cpu/CrossKernel.cpp,cross_kernel_impl,yes,NO_EXTERNAL_LIBRARY_CALL_FOUND,,ATEN_CUDA_KERNEL,aten/src/ATen/native/cuda/CrossKernel.cu,cross_impl,HIGH,The exact CUDA dispatch counterpart is pinned and its implementation contains no computational external-library call. Header-only utility types such as thrust::pair are not counted as library algorithms.
aten_ctc_loss_backward_cpu,aten/src/ATen/native/LossCTC.cpp,ctc_loss_backward_cpu_template,yes,EXTERNAL_LIBRARY,cuDNN,CONDITIONAL_BACKEND,aten/src/ATen/native/LossCTC.cpp|aten/src/ATen/native/cudnn/LossCTC.cpp,cudnn_ctc_loss,HIGH,The cuDNN CTC route jointly computes loss and gradient; the native CUDA fallback is separate.
aten_ctc_loss_cpu,aten/src/ATen/native/LossCTC.cpp,ctc_loss_cpu_template,yes,EXTERNAL_LIBRARY,cuDNN,CONDITIONAL_BACKEND,aten/src/ATen/native/LossCTC.cpp|aten/src/ATen/native/cudnn/LossCTC.cpp,cudnn_ctc_loss,HIGH,"ATen selects cuDNN only for the supported CTC shapes, dtypes, and determinism constraints."
aten_cummax_cummin_cpu,aten/src/ATen/native/ReduceOps.cpp,cummax_cummin_helper,yes,NO_EXTERNAL_LIBRARY_CALL_FOUND,,CUDA_PATH_REVIEWED_NO_EXTERNAL_EVIDENCE,,,MEDIUM,"CUDA support is reported and the reverse audit of cuBLAS/cuDNN/cuSPARSE/cuSOLVER/cuFFT/CUB/Thrust/CUTLASS call sites found no route for this fixture. The exact CUDA symbol is not yet pinned, so this is weaker than a direct dispatch trace."
aten_cumprod_backward_cpu,aten/src/ATen/native/ReduceOps.cpp,cumprod_backward,yes,EXTERNAL_LIBRARY,CUB,ATEN_COMPOSITION,aten/src/ATen/native/ReduceOps.cpp|aten/src/ATen/native/cuda/ScanUtils.cuh,reversed_cumsum|cuda::cub::inclusive_scan,HIGH,"The composite backward formula invokes CUDA cumsum/cumprod scans, which can select CUB for contiguous innermost dimensions."
aten_cumprod_cpu,aten/src/ATen/native/cpu/ReduceOpsKernel.cpp,cumprod_cpu_kernel,yes,EXTERNAL_LIBRARY,CUB,TEMPLATE_GENERATED_LIBRARY,aten/src/ATen/native/cuda/ScanUtils.cuh,cuda::cub::inclusive_scan,HIGH,The contiguous innermost-dimension scan uses CUB; other layouts use ATen scan kernels.
aten_cumsum,aten/src/ATen/native/cpu/ReduceOpsKernel.cpp,cumsum_cpu_kernel,yes,EXTERNAL_LIBRARY,CUB,TEMPLATE_GENERATED_LIBRARY,aten/src/ATen/native/cuda/ScanUtils.cuh,cuda::cub::inclusive_scan,HIGH,The contiguous innermost-dimension scan uses CUB; other layouts use ATen scan kernels.
aten_dense_sparse_add_cpu,aten/src/ATen/native/sparse/SparseTensorMath.cpp,add_out_dense_sparse_cpu,yes,NO_EXTERNAL_LIBRARY_CALL_FOUND,,CUDA_PATH_REVIEWED_NO_EXTERNAL_EVIDENCE,,,MEDIUM,"CUDA support is reported and the reverse audit of cuBLAS/cuDNN/cuSPARSE/cuSOLVER/cuFFT/CUB/Thrust/CUTLASS call sites found no route for this fixture. The exact CUDA symbol is not yet pinned, so this is weaker than a direct dispatch trace."
aten_depthwise_conv3x3_cpu,aten/src/ATen/native/cpu/DepthwiseConvKernel.cpp,_convolution_depthwise3x3_winograd,yes,NO_EXTERNAL_LIBRARY_CALL_FOUND,,CUDA_PATH_REVIEWED_NO_EXTERNAL_EVIDENCE,,,MEDIUM,"CUDA support is reported and the reverse audit of cuBLAS/cuDNN/cuSPARSE/cuSOLVER/cuFFT/CUB/Thrust/CUTLASS call sites found no route for this fixture. The exact CUDA symbol is not yet pinned, so this is weaker than a direct dispatch trace."
aten_diff_cpu,aten/src/ATen/native/ReduceOps.cpp,diff_helper,no,NO_DIRECT_CUDA_COUNTERPART,,NO_DIRECT_CUDA_COUNTERPART,,,MEDIUM,The existing exhaustive CUDA-availability audit found no direct counterpart; a public ATen composition may still execute on CUDA.
aten_digamma,aten/src/ATen/native/cpu/UnaryOpsKernel.cpp,digamma_kernel,yes,NO_EXTERNAL_LIBRARY_CALL_FOUND,,ATEN_CUDA_KERNEL,aten/src/ATen/native/cuda/UnaryGammaKernels.cu,digamma_kernel_cuda,HIGH,The exact CUDA dispatch counterpart is pinned and its implementation contains no computational external-library call. Header-only utility types such as thrust::pair are not counted as library algorithms.
aten_dilated_convolution_cpu,aten/src/ATen/native/NaiveDilatedConvolution.cpp,slow_conv_dilated_all_cpu_template,yes,EXTERNAL_LIBRARY,cuBLAS,MIXED_EXTERNAL_AND_ATEN_KERNELS,aten/src/ATen/native/cuda/NaiveDilatedConvolution.cu,at::cuda::blas::gemm|gemv,HIGH,The explicit dilated CUDA fallback uses BLAS plus ATen unfold/fold kernels.
aten_dirichlet_grad_cpu,aten/src/ATen/native/Distributions.cpp,_dirichlet_grad_cpu,yes,NO_EXTERNAL_LIBRARY_CALL_FOUND,,CUDA_PATH_REVIEWED_NO_EXTERNAL_EVIDENCE,,,MEDIUM,"CUDA support is reported and the reverse audit of cuBLAS/cuDNN/cuSPARSE/cuSOLVER/cuFFT/CUB/Thrust/CUTLASS call sites found no route for this fixture. The exact CUDA symbol is not yet pinned, so this is weaker than a direct dispatch trace."
aten_dirichlet_transform_cpu,aten/src/ATen/native/Distributions.cpp,_s_dirichlet_cpu,yes,NO_EXTERNAL_LIBRARY_CALL_FOUND,,CUDA_PATH_REVIEWED_NO_EXTERNAL_EVIDENCE,,,MEDIUM,"CUDA support is reported and the reverse audit of cuBLAS/cuDNN/cuSPARSE/cuSOLVER/cuFFT/CUB/Thrust/CUTLASS call sites found no route for this fixture. The exact CUDA symbol is not yet pinned, so this is weaker than a direct dispatch trace."
aten_div,aten/src/ATen/native/cpu/BinaryOpsKernel.cpp,div_true_kernel,yes,NO_EXTERNAL_LIBRARY_CALL_FOUND,,ATEN_CUDA_KERNEL,aten/src/ATen/native/cuda/BinaryDivTrueKernel.cu,binary_internal::div_true_kernel_cuda,HIGH,The exact CUDA dispatch counterpart is pinned and its implementation contains no computational external-library call. Header-only utility types such as thrust::pair are not counted as library algorithms.
aten_div_floor,aten/src/ATen/native/cpu/BinaryOpsKernel.cpp,div_floor_kernel,yes,NO_EXTERNAL_LIBRARY_CALL_FOUND,,ATEN_CUDA_KERNEL,aten/src/ATen/native/cuda/BinaryDivFloorKernel.cu,binary_internal::div_floor_kernel_cuda,HIGH,The exact CUDA dispatch counterpart is pinned and its implementation contains no computational external-library call. Header-only utility types such as thrust::pair are not counted as library algorithms.
aten_div_trunc,aten/src/ATen/native/cpu/BinaryOpsKernel.cpp,div_trunc_kernel,yes,NO_EXTERNAL_LIBRARY_CALL_FOUND,,ATEN_CUDA_KERNEL,aten/src/ATen/native/cuda/BinaryDivTruncKernel.cu,binary_internal::div_trunc_kernel_cuda,HIGH,The exact CUDA dispatch counterpart is pinned and its implementation contains no computational external-library call. Header-only utility types such as thrust::pair are not counted as library algorithms.
aten_dot,aten/src/ATen/native/Blas.cpp,Tensor dot,yes,EXTERNAL_LIBRARY,cuBLAS,LINKED_FIXED_LIBRARY,aten/src/ATen/native/cuda/Blas.cpp,at::cuda::blas::dot,HIGH,Dense CUDA dot dispatches to the cuBLAS dot wrapper.
aten_dropout_feature_noise_cpu,aten/src/ATen/native/Dropout.cpp,make_feature_noise,no,NO_DIRECT_CUDA_COUNTERPART,,NO_DIRECT_CUDA_COUNTERPART,,,MEDIUM,The existing exhaustive CUDA-availability audit found no direct counterpart; a public ATen composition may still execute on CUDA.
aten_dyn_quant_matmul_4bit_cpu,aten/src/ATen/native/cpu/int4mm_kernel.cpp,dyn_quant_matmul_4bit_kernel,no,NO_DIRECT_CUDA_COUNTERPART,,NO_DIRECT_CUDA_COUNTERPART,,,MEDIUM,The existing exhaustive CUDA-availability audit found no direct counterpart; a public ATen composition may still execute on CUDA.
aten_dyn_quant_pack_4bit_weight_cpu,aten/src/ATen/native/cpu/int4mm_kernel.cpp,dyn_quant_pack_4bit_weight_kernel,no,NO_DIRECT_CUDA_COUNTERPART,,NO_DIRECT_CUDA_COUNTERPART,,,MEDIUM,The existing exhaustive CUDA-availability audit found no direct counterpart; a public ATen composition may still execute on CUDA.
aten_eig_complex_vectors_cpu,aten/src/ATen/native/BatchLinearAlgebraKernel.cpp,linalg_eig_make_complex_eigenvectors_cpu_impl,yes,NO_EXTERNAL_LIBRARY_CALL_FOUND,,CUDA_PATH_REVIEWED_NO_EXTERNAL_EVIDENCE,,,MEDIUM,"CUDA support is reported and the reverse audit of cuBLAS/cuDNN/cuSPARSE/cuSOLVER/cuFFT/CUB/Thrust/CUTLASS call sites found no route for this fixture. The exact CUDA symbol is not yet pinned, so this is weaker than a direct dispatch trace."
aten_elu,aten/src/ATen/native/cpu/Activation.cpp,elu_kernel,yes,NO_EXTERNAL_LIBRARY_CALL_FOUND,,ATEN_CUDA_KERNEL,aten/src/ATen/native/cuda/ActivationEluKernel.cu|aten/src/ATen/native/cuda/ActivationLeakyReluKernel.cu|aten/src/ATen/native/cuda/ActivationPreluKernel.cu,elu_kernel|leaky_relu_kernel|prelu_kernel,HIGH,The exact CUDA dispatch counterpart is pinned and its implementation contains no computational external-library call. Header-only utility types such as thrust::pair are not counted as library algorithms.
aten_elu_backward,aten/src/ATen/native/cpu/Activation.cpp,elu_backward_kernel,yes,NO_EXTERNAL_LIBRARY_CALL_FOUND,,ATEN_CUDA_KERNEL,aten/src/ATen/native/cuda/ActivationEluKernel.cu|aten/src/ATen/native/cuda/ActivationLeakyReluKernel.cu|aten/src/ATen/native/cuda/ActivationPreluKernel.cu,elu_backward_kernel|leaky_relu_backward_kernel|prelu_backward_kernel,HIGH,The exact CUDA dispatch counterpart is pinned and its implementation contains no computational external-library call. Header-only utility types such as thrust::pair are not counted as library algorithms.
aten_embedding,aten/src/ATen/native/Embedding.cpp,embedding,yes,NO_EXTERNAL_LIBRARY_CALL_FOUND,,CUDA_PATH_REVIEWED_NO_EXTERNAL_EVIDENCE,,,MEDIUM,"CUDA support is reported and the reverse audit of cuBLAS/cuDNN/cuSPARSE/cuSOLVER/cuFFT/CUB/Thrust/CUTLASS call sites found no route for this fixture. The exact CUDA symbol is not yet pinned, so this is weaker than a direct dispatch trace."
aten_embedding_bag_backward_max_cpu,aten/src/ATen/native/EmbeddingBag.cpp,_embedding_bag_dense_backward_cpu_max,yes,NO_EXTERNAL_LIBRARY_CALL_FOUND,,CUDA_PATH_REVIEWED_NO_EXTERNAL_EVIDENCE,,,MEDIUM,"CUDA support is reported and the reverse audit of cuBLAS/cuDNN/cuSPARSE/cuSOLVER/cuFFT/CUB/Thrust/CUTLASS call sites found no route for this fixture. The exact CUDA symbol is not yet pinned, so this is weaker than a direct dispatch trace."
aten_embedding_bag_backward_sum_cpu,aten/src/ATen/native/EmbeddingBag.cpp,_embedding_bag_dense_backward_cpu_sum_mean,yes,NO_EXTERNAL_LIBRARY_CALL_FOUND,,CUDA_PATH_REVIEWED_NO_EXTERNAL_EVIDENCE,,,MEDIUM,"CUDA support is reported and the reverse audit of cuBLAS/cuDNN/cuSPARSE/cuSOLVER/cuFFT/CUB/Thrust/CUTLASS call sites found no route for this fixture. The exact CUDA symbol is not yet pinned, so this is weaker than a direct dispatch trace."
aten_embedding_bag_counts_cpu,aten/src/ATen/native/EmbeddingBag.cpp,compute_counts,yes,NO_EXTERNAL_LIBRARY_CALL_FOUND,,CUDA_PATH_REVIEWED_NO_EXTERNAL_EVIDENCE,,,MEDIUM,"CUDA support is reported and the reverse audit of cuBLAS/cuDNN/cuSPARSE/cuSOLVER/cuFFT/CUB/Thrust/CUTLASS call sites found no route for this fixture. The exact CUDA symbol is not yet pinned, so this is weaker than a direct dispatch trace."
aten_embedding_bag_counts_uniq_cpu,aten/src/ATen/native/EmbeddingBag.cpp,compute_counts_uniq,yes,NO_EXTERNAL_LIBRARY_CALL_FOUND,,CUDA_PATH_REVIEWED_NO_EXTERNAL_EVIDENCE,,,MEDIUM,"CUDA support is reported and the reverse audit of cuBLAS/cuDNN/cuSPARSE/cuSOLVER/cuFFT/CUB/Thrust/CUTLASS call sites found no route for this fixture. The exact CUDA symbol is not yet pinned, so this is weaker than a direct dispatch trace."
aten_embedding_bag_max_cpu,aten/src/ATen/native/EmbeddingBag.cpp,embedding_bag_cpu_max_out,yes,NO_EXTERNAL_LIBRARY_CALL_FOUND,,CUDA_PATH_REVIEWED_NO_EXTERNAL_EVIDENCE,,,MEDIUM,"CUDA support is reported and the reverse audit of cuBLAS/cuDNN/cuSPARSE/cuSOLVER/cuFFT/CUB/Thrust/CUTLASS call sites found no route for this fixture. The exact CUDA symbol is not yet pinned, so this is weaker than a direct dispatch trace."
aten_embedding_bag_per_sample_backward_cpu,aten/src/ATen/native/EmbeddingBag.cpp,_embedding_bag_per_sample_weights_backward_cpu_template,yes,NO_EXTERNAL_LIBRARY_CALL_FOUND,,CUDA_PATH_REVIEWED_NO_EXTERNAL_EVIDENCE,,,MEDIUM,"CUDA support is reported and the reverse audit of cuBLAS/cuDNN/cuSPARSE/cuSOLVER/cuFFT/CUB/Thrust/CUTLASS call sites found no route for this fixture. The exact CUDA symbol is not yet pinned, so this is weaker than a direct dispatch trace."
aten_entr,aten/src/ATen/native/cpu/UnaryOpsKernel.cpp,entr_kernel,no,NO_EXTERNAL_LIBRARY_CALL_FOUND,,ATEN_CUDA_KERNEL,aten/src/ATen/native/cuda/UnarySpecialOpsKernel.cu,entr_kernel_cuda,HIGH,The exact CUDA dispatch counterpart is pinned and its implementation contains no computational external-library call. Header-only utility types such as thrust::pair are not counted as library algorithms.
aten_eq,aten/src/ATen/native/cpu/BinaryOpsKernel.cpp,eq_kernel,yes,NO_EXTERNAL_LIBRARY_CALL_FOUND,,ATEN_CUDA_KERNEL,aten/src/ATen/native/cuda/CompareEQKernel.cu,eq_kernel_cuda,HIGH,The exact CUDA dispatch counterpart is pinned and its implementation contains no computational external-library call. Header-only utility types such as thrust::pair are not counted as library algorithms.
aten_equal_cpu,aten/src/ATen/native/ReduceOps.cpp,cpu_equal,yes,NO_EXTERNAL_LIBRARY_CALL_FOUND,,CUDA_PATH_REVIEWED_NO_EXTERNAL_EVIDENCE,,,MEDIUM,"CUDA support is reported and the reverse audit of cuBLAS/cuDNN/cuSPARSE/cuSOLVER/cuFFT/CUB/Thrust/CUTLASS call sites found no route for this fixture. The exact CUDA symbol is not yet pinned, so this is weaker than a direct dispatch trace."
aten_erf,aten/src/ATen/native/cpu/UnaryOpsKernel.cpp,erf_kernel,yes,NO_EXTERNAL_LIBRARY_CALL_FOUND,,ATEN_CUDA_KERNEL,aten/src/ATen/native/cuda/UnarySpecialOpsKernel.cu,erf_kernel_cuda,HIGH,The exact CUDA dispatch counterpart is pinned and its implementation contains no computational external-library call. Header-only utility types such as thrust::pair are not counted as library algorithms.
aten_erfc,aten/src/ATen/native/cpu/UnaryOpsKernel.cpp,erfc_kernel,yes,NO_EXTERNAL_LIBRARY_CALL_FOUND,,ATEN_CUDA_KERNEL,aten/src/ATen/native/cuda/UnarySpecialOpsKernel.cu,erfc_kernel_cuda,HIGH,The exact CUDA dispatch counterpart is pinned and its implementation contains no computational external-library call. Header-only utility types such as thrust::pair are not counted as library algorithms.
aten_erfcx,aten/src/ATen/native/cpu/UnaryOpsKernel.cpp,erfcx_kernel,yes,NO_EXTERNAL_LIBRARY_CALL_FOUND,,ATEN_CUDA_KERNEL,aten/src/ATen/native/cuda/UnarySpecialOpsKernel.cu,erfcx_kernel_cuda,HIGH,The exact CUDA dispatch counterpart is pinned and its implementation contains no computational external-library call. Header-only utility types such as thrust::pair are not counted as library algorithms.
aten_erfinv,aten/src/ATen/native/cpu/UnaryOpsKernel.cpp,erfinv_kernel,yes,NO_EXTERNAL_LIBRARY_CALL_FOUND,,ATEN_CUDA_KERNEL,aten/src/ATen/native/cuda/UnarySpecialOpsKernel.cu,erfinv_kernel_cuda,HIGH,The exact CUDA dispatch counterpart is pinned and its implementation contains no computational external-library call. Header-only utility types such as thrust::pair are not counted as library algorithms.
aten_exp,aten/src/ATen/native/cpu/UnaryOpsKernel.cpp,exp_kernel,yes,NO_EXTERNAL_LIBRARY_CALL_FOUND,,ATEN_CUDA_KERNEL,aten/src/ATen/native/cuda/UnaryOpsKernel.cu,exp_kernel_cuda|frexp_kernel_cuda,HIGH,The exact CUDA dispatch counterpart is pinned and its implementation contains no computational external-library call. Header-only utility types such as thrust::pair are not counted as library algorithms.
aten_exp2,aten/src/ATen/native/cpu/UnaryOpsKernel.cpp,exp2_kernel,yes,NO_EXTERNAL_LIBRARY_CALL_FOUND,,ATEN_CUDA_KERNEL,aten/src/ATen/native/cuda/UnarySpecialOpsKernel.cu,exp2_kernel_cuda,HIGH,The exact CUDA dispatch counterpart is pinned and its implementation contains no computational external-library call. Header-only utility types such as thrust::pair are not counted as library algorithms.
aten_expm1,aten/src/ATen/native/cpu/UnaryOpsKernel.cpp,expm1_kernel,yes,NO_EXTERNAL_LIBRARY_CALL_FOUND,,ATEN_CUDA_KERNEL,aten/src/ATen/native/cuda/UnaryOpsKernel.cu,expm1_kernel_cuda,HIGH,The exact CUDA dispatch counterpart is pinned and its implementation contains no computational external-library call. Header-only utility types such as thrust::pair are not counted as library algorithms.
aten_exponential_cpu,aten/src/ATen/native/cpu/DistributionKernels.cpp,exponential_kernel,yes,NO_EXTERNAL_LIBRARY_CALL_FOUND,,ATEN_CUDA_KERNEL,aten/src/ATen/native/cuda/DistributionExponentialKernel.cu,exponential_kernel,HIGH,The exact CUDA dispatch counterpart is pinned and its implementation contains no computational external-library call. Header-only utility types such as thrust::pair are not counted as library algorithms.
aten_eye_cpu,aten/src/ATen/native/TensorFactories.cpp,eye_out_cpu,yes,NO_EXTERNAL_LIBRARY_CALL_FOUND,,CUDA_PATH_REVIEWED_NO_EXTERNAL_EVIDENCE,,,MEDIUM,"CUDA support is reported and the reverse audit of cuBLAS/cuDNN/cuSPARSE/cuSOLVER/cuFFT/CUB/Thrust/CUTLASS call sites found no route for this fixture. The exact CUDA symbol is not yet pinned, so this is weaker than a direct dispatch trace."
aten_fast_cat_dim0_cpu,aten/src/ATen/native/TensorShape.cpp,fastCatOutDim0,no,NO_DIRECT_CUDA_COUNTERPART,,NO_DIRECT_CUDA_COUNTERPART,,,MEDIUM,The existing exhaustive CUDA-availability audit found no direct counterpart; a public ATen composition may still execute on CUDA.
aten_fft_conjugate_symmetry_cpu,aten/src/ATen/native/SpectralOps.cpp,_fft_fill_with_conjugate_symmetry_,yes,NO_EXTERNAL_LIBRARY_CALL_FOUND,,CUDA_PATH_REVIEWED_NO_EXTERNAL_EVIDENCE,,,MEDIUM,"CUDA support is reported and the reverse audit of cuBLAS/cuDNN/cuSPARSE/cuSOLVER/cuFFT/CUB/Thrust/CUTLASS call sites found no route for this fixture. The exact CUDA symbol is not yet pinned, so this is weaker than a direct dispatch trace."
aten_fftshift_cpu,aten/src/ATen/native/SpectralOps.cpp,fft_fftshift,yes,NO_EXTERNAL_LIBRARY_CALL_FOUND,,CUDA_PATH_REVIEWED_NO_EXTERNAL_EVIDENCE,,,MEDIUM,"CUDA support is reported and the reverse audit of cuBLAS/cuDNN/cuSPARSE/cuSOLVER/cuFFT/CUB/Thrust/CUTLASS call sites found no route for this fixture. The exact CUDA symbol is not yet pinned, so this is weaker than a direct dispatch trace."
aten_fill,aten/src/ATen/native/cpu/FillKernel.cpp,fill_kernel,yes,NO_EXTERNAL_LIBRARY_CALL_FOUND,,ATEN_CUDA_KERNEL,aten/src/ATen/native/cuda/FillKernel.cu,fill_kernel_cuda,HIGH,The exact CUDA dispatch counterpart is pinned and its implementation contains no computational external-library call. Header-only utility types such as thrust::pair are not counted as library algorithms.
aten_fill_diagonal_cpu,aten/src/ATen/native/Fill.cpp,fill_diagonal_,yes,NO_EXTERNAL_LIBRARY_CALL_FOUND,,CUDA_PATH_REVIEWED_NO_EXTERNAL_EVIDENCE,,,MEDIUM,"CUDA support is reported and the reverse audit of cuBLAS/cuDNN/cuSPARSE/cuSOLVER/cuFFT/CUB/Thrust/CUTLASS call sites found no route for this fixture. The exact CUDA symbol is not yet pinned, so this is weaker than a direct dispatch trace."
aten_flash_attention_backward_cpu,aten/src/ATen/native/cpu/FlashAttentionKernel.cpp,flash_attention_backward_kernel_impl,no,EXTERNAL_LIBRARY,CUTLASS|cuDNN,CONDITIONAL_BACKEND,aten/src/ATen/native/transformers/cuda/attention_backward.cu|aten/src/ATen/native/transformers/cuda/attention.cu,_flash_attention_backward|run_cudnn_SDP_bprop,HIGH,CUDA attention backward selects a template or cuDNN backend under runtime guards.
aten_flash_attention_cpu,aten/src/ATen/native/cpu/FlashAttentionKernel.cpp,flash_attention_kernel_impl,no,EXTERNAL_LIBRARY,CUTLASS|cuDNN,CONDITIONAL_BACKEND,aten/src/ATen/native/transformers/cuda/attention.cu,_flash_attention_forward|run_cudnn_SDP_fprop,HIGH,CUDA scaled-dot-product attention selects among template flash/efficient kernels and cuDNN under runtime guards.
aten_flatten_indices_launch_cpu,aten/src/ATen/native/sparse/FlattenIndicesKernel.cpp,launch,yes,NO_EXTERNAL_LIBRARY_CALL_FOUND,,CUDA_PATH_REVIEWED_NO_EXTERNAL_EVIDENCE,,,MEDIUM,"CUDA support is reported and the reverse audit of cuBLAS/cuDNN/cuSPARSE/cuSOLVER/cuFFT/CUB/Thrust/CUTLASS call sites found no route for this fixture. The exact CUDA symbol is not yet pinned, so this is weaker than a direct dispatch trace."
aten_flatten_nd_linear_cpu,aten/src/ATen/native/Linear.cpp,_flatten_nd_linear,no,NO_DIRECT_CUDA_COUNTERPART,,NO_DIRECT_CUDA_COUNTERPART,,,MEDIUM,The existing exhaustive CUDA-availability audit found no direct counterpart; a public ATen composition may still execute on CUDA.
aten_flip_cpu,aten/src/ATen/native/cpu/IndexKernel.cpp,flip_kernel,no,NO_EXTERNAL_LIBRARY_CALL_FOUND,,ATEN_CUDA_KERNEL,aten/src/ATen/native/cuda/IndexKernel.cu,flip_kernel,HIGH,The exact CUDA dispatch counterpart is pinned and its implementation contains no computational external-library call. Header-only utility types such as thrust::pair are not counted as library algorithms.
aten_flip_tensor_transform_cpu,aten/src/ATen/native/TensorTransformations.cpp,flip,no,NO_DIRECT_CUDA_COUNTERPART,,NO_DIRECT_CUDA_COUNTERPART,,,MEDIUM,The existing exhaustive CUDA-availability audit found no direct counterpart; a public ATen composition may still execute on CUDA.
aten_floor,aten/src/ATen/native/cpu/UnaryOpsKernel.cpp,floor_kernel,yes,NO_EXTERNAL_LIBRARY_CALL_FOUND,,ATEN_CUDA_KERNEL,aten/src/ATen/native/cuda/UnaryFractionKernels.cu,floor_kernel_cuda,HIGH,The exact CUDA dispatch counterpart is pinned and its implementation contains no computational external-library call. Header-only utility types such as thrust::pair are not counted as library algorithms.
aten_fmax,aten/src/ATen/native/cpu/BinaryOpsKernel.cpp,fmax_kernel,yes,NO_EXTERNAL_LIBRARY_CALL_FOUND,,ATEN_CUDA_KERNEL,aten/src/ATen/native/cuda/MaxMinElementwiseKernel.cu,fmax_kernel_cuda,HIGH,The exact CUDA dispatch counterpart is pinned and its implementation contains no computational external-library call. Header-only utility types such as thrust::pair are not counted as library algorithms.
aten_fmin,aten/src/ATen/native/cpu/BinaryOpsKernel.cpp,fmin_kernel,yes,NO_EXTERNAL_LIBRARY_CALL_FOUND,,ATEN_CUDA_KERNEL,aten/src/ATen/native/cuda/MaxMinElementwiseKernel.cu,fmin_kernel_cuda,HIGH,The exact CUDA dispatch counterpart is pinned and its implementation contains no computational external-library call. Header-only utility types such as thrust::pair are not counted as library algorithms.
aten_fmod,aten/src/ATen/native/cpu/BinaryOpsKernel.cpp,fmod_kernel,yes,NO_EXTERNAL_LIBRARY_CALL_FOUND,,ATEN_CUDA_KERNEL,aten/src/ATen/native/cuda/BinaryRemainderKernel.cu,fmod_kernel_cuda,HIGH,The exact CUDA dispatch counterpart is pinned and its implementation contains no computational external-library call. Header-only utility types such as thrust::pair are not counted as library algorithms.
aten_fp16_dot_cpu,aten/src/ATen/native/cpu/ReducedPrecisionFloatGemvFastPathKernel.cpp,fp16_dot,no,NO_DIRECT_CUDA_COUNTERPART,,NO_DIRECT_CUDA_COUNTERPART,,,MEDIUM,The existing exhaustive CUDA-availability audit found no direct counterpart; a public ATen composition may still execute on CUDA.
aten_fp16_gemv_f16arith_cpu,aten/src/ATen/native/BlasKernel.cpp,fp16_gemv_notrans_fp16_arith,no,NO_DIRECT_CUDA_COUNTERPART,,NO_DIRECT_CUDA_COUNTERPART,,,MEDIUM,The existing exhaustive CUDA-availability audit found no direct counterpart; a public ATen composition may still execute on CUDA.
aten_fp16_gemv_f32arith_cpu,aten/src/ATen/native/BlasKernel.cpp,fp16_gemv_notrans_fp32_arith,no,NO_DIRECT_CUDA_COUNTERPART,,NO_DIRECT_CUDA_COUNTERPART,,,MEDIUM,The existing exhaustive CUDA-availability audit found no direct counterpart; a public ATen composition may still execute on CUDA.
aten_fp16_gemv_notrans_cpu,aten/src/ATen/native/BlasKernel.cpp,fp16_gemv_notrans,no,NO_DIRECT_CUDA_COUNTERPART,,NO_DIRECT_CUDA_COUNTERPART,,,MEDIUM,The existing exhaustive CUDA-availability audit found no direct counterpart; a public ATen composition may still execute on CUDA.
aten_fp16_gemv_trans_cpu,aten/src/ATen/native/cpu/ReducedPrecisionFloatGemvFastPathKernel.cpp,fp16_gemv_trans,no,NO_DIRECT_CUDA_COUNTERPART,,NO_DIRECT_CUDA_COUNTERPART,,,MEDIUM,The existing exhaustive CUDA-availability audit found no direct counterpart; a public ATen composition may still execute on CUDA.
aten_frac,aten/src/ATen/native/cpu/UnaryOpsKernel.cpp,frac_kernel,yes,NO_EXTERNAL_LIBRARY_CALL_FOUND,,ATEN_CUDA_KERNEL,aten/src/ATen/native/cuda/UnaryFractionKernels.cu,frac_kernel_cuda,HIGH,The exact CUDA dispatch counterpart is pinned and its implementation contains no computational external-library call. Header-only utility types such as thrust::pair are not counted as library algorithms.
aten_fractional_max_pool2d_backward_cpu,aten/src/ATen/native/FractionalMaxPool2d.cpp,fractional_max_pool2d_backward_out_frame,yes,NO_EXTERNAL_LIBRARY_CALL_FOUND,,CUDA_PATH_REVIEWED_NO_EXTERNAL_EVIDENCE,,,MEDIUM,"CUDA support is reported and the reverse audit of cuBLAS/cuDNN/cuSPARSE/cuSOLVER/cuFFT/CUB/Thrust/CUTLASS call sites found no route for this fixture. The exact CUDA symbol is not yet pinned, so this is weaker than a direct dispatch trace."
aten_fractional_max_pool2d_cpu,aten/src/ATen/native/FractionalMaxPool2d.cpp,fractional_max_pool2d_out_frame,yes,NO_EXTERNAL_LIBRARY_CALL_FOUND,,CUDA_PATH_REVIEWED_NO_EXTERNAL_EVIDENCE,,,MEDIUM,"CUDA support is reported and the reverse audit of cuBLAS/cuDNN/cuSPARSE/cuSOLVER/cuFFT/CUB/Thrust/CUTLASS call sites found no route for this fixture. The exact CUDA symbol is not yet pinned, so this is weaker than a direct dispatch trace."
aten_fractional_max_pool3d_backward_cpu,aten/src/ATen/native/FractionalMaxPool3d.cpp,fractional_max_pool3d_backward_out_frame,yes,NO_EXTERNAL_LIBRARY_CALL_FOUND,,CUDA_PATH_REVIEWED_NO_EXTERNAL_EVIDENCE,,,MEDIUM,"CUDA support is reported and the reverse audit of cuBLAS/cuDNN/cuSPARSE/cuSOLVER/cuFFT/CUB/Thrust/CUTLASS call sites found no route for this fixture. The exact CUDA symbol is not yet pinned, so this is weaker than a direct dispatch trace."
aten_fractional_max_pool3d_cpu,aten/src/ATen/native/FractionalMaxPool3d.cpp,fractional_max_pool3d_out_frame,yes,NO_EXTERNAL_LIBRARY_CALL_FOUND,,CUDA_PATH_REVIEWED_NO_EXTERNAL_EVIDENCE,,,MEDIUM,"CUDA support is reported and the reverse audit of cuBLAS/cuDNN/cuSPARSE/cuSOLVER/cuFFT/CUB/Thrust/CUTLASS call sites found no route for this fixture. The exact CUDA symbol is not yet pinned, so this is weaker than a direct dispatch trace."
aten_fused_adagrad_cpu,aten/src/ATen/native/cpu/FusedAdagradKernel.cpp,fused_adagrad_kernel,yes,NO_EXTERNAL_LIBRARY_CALL_FOUND,,CUDA_PATH_REVIEWED_NO_EXTERNAL_EVIDENCE,,,MEDIUM,"CUDA support is reported and the reverse audit of cuBLAS/cuDNN/cuSPARSE/cuSOLVER/cuFFT/CUB/Thrust/CUTLASS call sites found no route for this fixture. The exact CUDA symbol is not yet pinned, so this is weaker than a direct dispatch trace."
aten_fused_adam_cpu,aten/src/ATen/native/cpu/FusedAdamKernel.cpp,fused_adam_kernel,yes,NO_EXTERNAL_LIBRARY_CALL_FOUND,,CUDA_PATH_REVIEWED_NO_EXTERNAL_EVIDENCE,,,MEDIUM,"CUDA support is reported and the reverse audit of cuBLAS/cuDNN/cuSPARSE/cuSOLVER/cuFFT/CUB/Thrust/CUTLASS call sites found no route for this fixture. The exact CUDA symbol is not yet pinned, so this is weaker than a direct dispatch trace."
aten_fused_sgd_cpu,aten/src/ATen/native/cpu/FusedSGDKernel.cpp,fused_sgd_kernel,yes,NO_EXTERNAL_LIBRARY_CALL_FOUND,,CUDA_PATH_REVIEWED_NO_EXTERNAL_EVIDENCE,,,MEDIUM,"CUDA support is reported and the reverse audit of cuBLAS/cuDNN/cuSPARSE/cuSOLVER/cuFFT/CUB/Thrust/CUTLASS call sites found no route for this fixture. The exact CUDA symbol is not yet pinned, so this is weaker than a direct dispatch trace."
aten_gamma_transform_cpu,aten/src/ATen/native/Distributions.cpp,_s_gamma_cpu,yes,NO_EXTERNAL_LIBRARY_CALL_FOUND,,CUDA_PATH_REVIEWED_NO_EXTERNAL_EVIDENCE,,,MEDIUM,"CUDA support is reported and the reverse audit of cuBLAS/cuDNN/cuSPARSE/cuSOLVER/cuFFT/CUB/Thrust/CUTLASS call sites found no route for this fixture. The exact CUDA symbol is not yet pinned, so this is weaker than a direct dispatch trace."
aten_gather_cpu,aten/src/ATen/native/cpu/ScatterGatherKernel.cpp,gather_cpu_kernel,yes,NO_EXTERNAL_LIBRARY_CALL_FOUND,,ATEN_CUDA_KERNEL,aten/src/ATen/native/cuda/ScatterGatherKernel.cu,gather_cuda_kernel,HIGH,The exact CUDA dispatch counterpart is pinned and its implementation contains no computational external-library call. Header-only utility types such as thrust::pair are not counted as library algorithms.
aten_gather_expanded_index_cpu,aten/src/ATen/native/cpu/ScatterGatherKernel.cpp,gather_expanded_index_kernel,yes,NO_EXTERNAL_LIBRARY_CALL_FOUND,,CUDA_PATH_REVIEWED_NO_EXTERNAL_EVIDENCE,,,MEDIUM,"CUDA support is reported and the reverse audit of cuBLAS/cuDNN/cuSPARSE/cuSOLVER/cuFFT/CUB/Thrust/CUTLASS call sites found no route for this fixture. The exact CUDA symbol is not yet pinned, so this is weaker than a direct dispatch trace."
aten_gcd_i32,aten/src/ATen/native/cpu/BinaryOpsKernel.cpp,gcd_kernel,yes,NO_EXTERNAL_LIBRARY_CALL_FOUND,,ATEN_CUDA_KERNEL,aten/src/ATen/native/cuda/GcdLcmKernel.cu,gcd_kernel_cuda,HIGH,The exact CUDA dispatch counterpart is pinned and its implementation contains no computational external-library call. Header-only utility types such as thrust::pair are not counted as library algorithms.
aten_ge,aten/src/ATen/native/cpu/BinaryOpsKernel.cpp,ge_kernel,yes,NO_EXTERNAL_LIBRARY_CALL_FOUND,,ATEN_CUDA_KERNEL,aten/src/ATen/native/cuda/CompareKernels.cu,ge_kernel_cuda,HIGH,The exact CUDA dispatch counterpart is pinned and its implementation contains no computational external-library call. Header-only utility types such as thrust::pair are not counted as library algorithms.
aten_gelu,aten/src/ATen/native/Activation.cpp,gelu,yes,NO_EXTERNAL_LIBRARY_CALL_FOUND,,CUDA_PATH_REVIEWED_NO_EXTERNAL_EVIDENCE,,,MEDIUM,"CUDA support is reported and the reverse audit of cuBLAS/cuDNN/cuSPARSE/cuSOLVER/cuFFT/CUB/Thrust/CUTLASS call sites found no route for this fixture. The exact CUDA symbol is not yet pinned, so this is weaker than a direct dispatch trace."
aten_gelu_backward_cpu_exact,aten/src/ATen/native/cpu/Activation.cpp,GeluBackwardKernelImpl,yes,NO_EXTERNAL_LIBRARY_CALL_FOUND,,CUDA_PATH_REVIEWED_NO_EXTERNAL_EVIDENCE,,,MEDIUM,"CUDA support is reported and the reverse audit of cuBLAS/cuDNN/cuSPARSE/cuSOLVER/cuFFT/CUB/Thrust/CUTLASS call sites found no route for this fixture. The exact CUDA symbol is not yet pinned, so this is weaker than a direct dispatch trace."
aten_gelu_backward_cpu_tanh,aten/src/ATen/native/cpu/Activation.cpp,GeluBackwardKernelImpl,yes,NO_EXTERNAL_LIBRARY_CALL_FOUND,,CUDA_PATH_REVIEWED_NO_EXTERNAL_EVIDENCE,,,MEDIUM,"CUDA support is reported and the reverse audit of cuBLAS/cuDNN/cuSPARSE/cuSOLVER/cuFFT/CUB/Thrust/CUTLASS call sites found no route for this fixture. The exact CUDA symbol is not yet pinned, so this is weaker than a direct dispatch trace."
aten_gelu_cpu_exact,aten/src/ATen/native/cpu/Activation.cpp,GeluKernelImpl,yes,NO_EXTERNAL_LIBRARY_CALL_FOUND,,CUDA_PATH_REVIEWED_NO_EXTERNAL_EVIDENCE,,,MEDIUM,"CUDA support is reported and the reverse audit of cuBLAS/cuDNN/cuSPARSE/cuSOLVER/cuFFT/CUB/Thrust/CUTLASS call sites found no route for this fixture. The exact CUDA symbol is not yet pinned, so this is weaker than a direct dispatch trace."
aten_gelu_cpu_tanh,aten/src/ATen/native/cpu/Activation.cpp,GeluKernelImpl,yes,NO_EXTERNAL_LIBRARY_CALL_FOUND,,CUDA_PATH_REVIEWED_NO_EXTERNAL_EVIDENCE,,,MEDIUM,"CUDA support is reported and the reverse audit of cuBLAS/cuDNN/cuSPARSE/cuSOLVER/cuFFT/CUB/Thrust/CUTLASS call sites found no route for this fixture. The exact CUDA symbol is not yet pinned, so this is weaker than a direct dispatch trace."
aten_gemm_notrans_cpu,aten/src/ATen/native/cpu/BlasKernel.cpp,gemm_notrans_,no,NO_DIRECT_CUDA_COUNTERPART,,NO_DIRECT_CUDA_COUNTERPART,,,MEDIUM,The existing exhaustive CUDA-availability audit found no direct counterpart; a public ATen composition may still execute on CUDA.
aten_gemm_transa_cpu,aten/src/ATen/native/cpu/BlasKernel.cpp,gemm_transa_,no,NO_DIRECT_CUDA_COUNTERPART,,NO_DIRECT_CUDA_COUNTERPART,,,MEDIUM,The existing exhaustive CUDA-availability audit found no direct counterpart; a public ATen composition may still execute on CUDA.
aten_gemm_transab_cpu,aten/src/ATen/native/cpu/BlasKernel.cpp,gemm_transab_,no,NO_DIRECT_CUDA_COUNTERPART,,NO_DIRECT_CUDA_COUNTERPART,,,MEDIUM,The existing exhaustive CUDA-availability audit found no direct counterpart; a public ATen composition may still execute on CUDA.
aten_gemm_transb_cpu,aten/src/ATen/native/cpu/BlasKernel.cpp,gemm_transb_impl,no,NO_DIRECT_CUDA_COUNTERPART,,NO_DIRECT_CUDA_COUNTERPART,,,MEDIUM,The existing exhaustive CUDA-availability audit found no direct counterpart; a public ATen composition may still execute on CUDA.
aten_geometric_cpu,aten/src/ATen/native/cpu/DistributionKernels.cpp,geometric_kernel,yes,NO_EXTERNAL_LIBRARY_CALL_FOUND,,ATEN_CUDA_KERNEL,aten/src/ATen/native/cuda/DistributionGeometricKernel.cu,geometric_kernel,HIGH,The exact CUDA dispatch counterpart is pinned and its implementation contains no computational external-library call. Header-only utility types such as thrust::pair are not counted as library algorithms.
aten_glu,aten/src/ATen/native/cpu/Activation.cpp,glu_kernel,yes,NO_EXTERNAL_LIBRARY_CALL_FOUND,,ATEN_CUDA_KERNEL,aten/src/ATen/native/cuda/ActivationGluKernel.cu,glu_kernel,HIGH,The exact CUDA dispatch counterpart is pinned and its implementation contains no computational external-library call. Header-only utility types such as thrust::pair are not counted as library algorithms.
aten_glu_backward,aten/src/ATen/native/cpu/Activation.cpp,glu_backward_kernel,yes,NO_EXTERNAL_LIBRARY_CALL_FOUND,,CUDA_PATH_REVIEWED_NO_EXTERNAL_EVIDENCE,,,MEDIUM,"CUDA support is reported and the reverse audit of cuBLAS/cuDNN/cuSPARSE/cuSOLVER/cuFFT/CUB/Thrust/CUTLASS call sites found no route for this fixture. The exact CUDA symbol is not yet pinned, so this is weaker than a direct dispatch trace."
aten_glu_jvp,aten/src/ATen/native/cpu/Activation.cpp,glu_jvp_kernel,yes,NO_EXTERNAL_LIBRARY_CALL_FOUND,,ATEN_CUDA_KERNEL,aten/src/ATen/native/cuda/ActivationGluKernel.cu,glu_jvp_kernel,HIGH,The exact CUDA dispatch counterpart is pinned and its implementation contains no computational external-library call. Header-only utility types such as thrust::pair are not counted as library algorithms.
aten_gradient_cpu,aten/src/ATen/native/ReduceOps.cpp,gradient_helper,yes,NO_EXTERNAL_LIBRARY_CALL_FOUND,,CUDA_PATH_REVIEWED_NO_EXTERNAL_EVIDENCE,,,MEDIUM,"CUDA support is reported and the reverse audit of cuBLAS/cuDNN/cuSPARSE/cuSOLVER/cuFFT/CUB/Thrust/CUTLASS call sites found no route for this fixture. The exact CUDA symbol is not yet pinned, so this is weaker than a direct dispatch trace."
aten_gradient_float_cpu,aten/src/ATen/native/ReduceOps.cpp,gradient_helper_float,no,NO_DIRECT_CUDA_COUNTERPART,,NO_DIRECT_CUDA_COUNTERPART,,,MEDIUM,The existing exhaustive CUDA-availability audit found no direct counterpart; a public ATen composition may still execute on CUDA.
aten_grid_sampler_2d_backward_cpu,aten/src/ATen/native/cpu/GridSamplerKernel.cpp,grid_sampler_2d_backward_cpu_kernel_impl,yes,NO_EXTERNAL_LIBRARY_CALL_FOUND,,CUDA_PATH_REVIEWED_NO_EXTERNAL_EVIDENCE,,,MEDIUM,"CUDA support is reported and the reverse audit of cuBLAS/cuDNN/cuSPARSE/cuSOLVER/cuFFT/CUB/Thrust/CUTLASS call sites found no route for this fixture. The exact CUDA symbol is not yet pinned, so this is weaker than a direct dispatch trace."
aten_grid_sampler_2d_cpu,aten/src/ATen/native/cpu/GridSamplerKernel.cpp,grid_sampler_2d_cpu_kernel_impl,yes,NO_EXTERNAL_LIBRARY_CALL_FOUND,,CUDA_PATH_REVIEWED_NO_EXTERNAL_EVIDENCE,,,MEDIUM,"CUDA support is reported and the reverse audit of cuBLAS/cuDNN/cuSPARSE/cuSOLVER/cuFFT/CUB/Thrust/CUTLASS call sites found no route for this fixture. The exact CUDA symbol is not yet pinned, so this is weaker than a direct dispatch trace."
aten_grid_sampler_2d_fallback_cpu,aten/src/ATen/native/GridSampler.cpp,_grid_sampler_2d_cpu_fallback,yes,NO_EXTERNAL_LIBRARY_CALL_FOUND,,CUDA_PATH_REVIEWED_NO_EXTERNAL_EVIDENCE,,,MEDIUM,"CUDA support is reported and the reverse audit of cuBLAS/cuDNN/cuSPARSE/cuSOLVER/cuFFT/CUB/Thrust/CUTLASS call sites found no route for this fixture. The exact CUDA symbol is not yet pinned, so this is weaker than a direct dispatch trace."
aten_grid_sampler_2d_quantized_cpu,aten/src/ATen/native/GridSampler.cpp,_grid_sampler_2d_cpu_quantized,yes,NO_EXTERNAL_LIBRARY_CALL_FOUND,,CUDA_PATH_REVIEWED_NO_EXTERNAL_EVIDENCE,,,MEDIUM,"CUDA support is reported and the reverse audit of cuBLAS/cuDNN/cuSPARSE/cuSOLVER/cuFFT/CUB/Thrust/CUTLASS call sites found no route for this fixture. The exact CUDA symbol is not yet pinned, so this is weaker than a direct dispatch trace."
aten_grid_sampler_3d_backward_cpu,aten/src/ATen/native/GridSampler.cpp,grid_sampler_3d_backward_cpu_impl,yes,NO_EXTERNAL_LIBRARY_CALL_FOUND,,CUDA_PATH_REVIEWED_NO_EXTERNAL_EVIDENCE,,,MEDIUM,"CUDA support is reported and the reverse audit of cuBLAS/cuDNN/cuSPARSE/cuSOLVER/cuFFT/CUB/Thrust/CUTLASS call sites found no route for this fixture. The exact CUDA symbol is not yet pinned, so this is weaker than a direct dispatch trace."
aten_grid_sampler_3d_cpu,aten/src/ATen/native/GridSampler.cpp,grid_sampler_3d_cpu_impl,yes,NO_EXTERNAL_LIBRARY_CALL_FOUND,,CUDA_PATH_REVIEWED_NO_EXTERNAL_EVIDENCE,,,MEDIUM,"CUDA support is reported and the reverse audit of cuBLAS/cuDNN/cuSPARSE/cuSOLVER/cuFFT/CUB/Thrust/CUTLASS call sites found no route for this fixture. The exact CUDA symbol is not yet pinned, so this is weaker than a direct dispatch trace."
aten_group_norm_backward_cpu,aten/src/ATen/native/cpu/group_norm_kernel.cpp,GroupNormBackwardKernelImpl,yes,NO_EXTERNAL_LIBRARY_CALL_FOUND,,ATEN_CUDA_KERNEL,aten/src/ATen/native/cuda/group_norm_kernel.cu,GroupNormBackwardKernelImpl,HIGH,The exact CUDA dispatch counterpart is pinned and its implementation contains no computational external-library call. Header-only utility types such as thrust::pair are not counted as library algorithms.
aten_group_norm_cpu,aten/src/ATen/native/cpu/group_norm_kernel.cpp,GroupNormKernelImpl,yes,NO_EXTERNAL_LIBRARY_CALL_FOUND,,ATEN_CUDA_KERNEL,aten/src/ATen/native/cuda/group_norm_kernel.cu,GroupNormKernelImpl,HIGH,The exact CUDA dispatch counterpart is pinned and its implementation contains no computational external-library call. Header-only utility types such as thrust::pair are not counted as library algorithms.
aten_gt,aten/src/ATen/native/cpu/BinaryOpsKernel.cpp,gt_kernel,yes,NO_EXTERNAL_LIBRARY_CALL_FOUND,,ATEN_CUDA_KERNEL,aten/src/ATen/native/cuda/CompareKernels.cu,gt_kernel_cuda,HIGH,The exact CUDA dispatch counterpart is pinned and its implementation contains no computational external-library call. Header-only utility types such as thrust::pair are not counted as library algorithms.
aten_hardshrink,aten/src/ATen/native/cpu/Activation.cpp,hardshrink_kernel,yes,NO_EXTERNAL_LIBRARY_CALL_FOUND,,ATEN_CUDA_KERNEL,aten/src/ATen/native/cuda/ActivationHardshrinkKernel.cu,hardshrink_kernel,HIGH,The exact CUDA dispatch counterpart is pinned and its implementation contains no computational external-library call. Header-only utility types such as thrust::pair are not counted as library algorithms.
aten_hardsigmoid,aten/src/ATen/native/cpu/Activation.cpp,hardsigmoid_kernel,yes,NO_EXTERNAL_LIBRARY_CALL_FOUND,,ATEN_CUDA_KERNEL,aten/src/ATen/native/cuda/ActivationHardsigmoidKernel.cu,hardsigmoid_kernel,HIGH,The exact CUDA dispatch counterpart is pinned and its implementation contains no computational external-library call. Header-only utility types such as thrust::pair are not counted as library algorithms.
aten_hardsigmoid_backward,aten/src/ATen/native/cpu/Activation.cpp,hardsigmoid_backward_kernel,yes,NO_EXTERNAL_LIBRARY_CALL_FOUND,,ATEN_CUDA_KERNEL,aten/src/ATen/native/cuda/ActivationHardsigmoidKernel.cu,hardsigmoid_backward_kernel,HIGH,The exact CUDA dispatch counterpart is pinned and its implementation contains no computational external-library call. Header-only utility types such as thrust::pair are not counted as library algorithms.
aten_hardswish,aten/src/ATen/native/cpu/Activation.cpp,hardswish_kernel,yes,NO_EXTERNAL_LIBRARY_CALL_FOUND,,ATEN_CUDA_KERNEL,aten/src/ATen/native/cuda/ActivationHardswishKernel.cu,hardswish_kernel,HIGH,The exact CUDA dispatch counterpart is pinned and its implementation contains no computational external-library call. Header-only utility types such as thrust::pair are not counted as library algorithms.
aten_hardswish_backward,aten/src/ATen/native/cpu/Activation.cpp,hardswish_backward_kernel,yes,NO_EXTERNAL_LIBRARY_CALL_FOUND,,ATEN_CUDA_KERNEL,aten/src/ATen/native/cuda/ActivationHardswishKernel.cu,hardswish_backward_kernel,HIGH,The exact CUDA dispatch counterpart is pinned and its implementation contains no computational external-library call. Header-only utility types such as thrust::pair are not counted as library algorithms.
aten_hardtanh,aten/src/ATen/native/Activation.cpp,Tensor hardtanh,yes,NO_EXTERNAL_LIBRARY_CALL_FOUND,,CUDA_PATH_REVIEWED_NO_EXTERNAL_EVIDENCE,,,MEDIUM,"CUDA support is reported and the reverse audit of cuBLAS/cuDNN/cuSPARSE/cuSOLVER/cuFFT/CUB/Thrust/CUTLASS call sites found no route for this fixture. The exact CUDA symbol is not yet pinned, so this is weaker than a direct dispatch trace."
aten_hardtanh_backward,aten/src/ATen/native/cpu/Activation.cpp,hardtanh_backward_kernel,yes,NO_EXTERNAL_LIBRARY_CALL_FOUND,,ATEN_CUDA_KERNEL,aten/src/ATen/native/cuda/ActivationHardtanhKernel.cu,hardtanh_backward_kernel,HIGH,The exact CUDA dispatch counterpart is pinned and its implementation contains no computational external-library call. Header-only utility types such as thrust::pair are not counted as library algorithms.
aten_heaviside,aten/src/ATen/native/cpu/BinaryOpsKernel.cpp,heaviside_kernel,yes,NO_EXTERNAL_LIBRARY_CALL_FOUND,,ATEN_CUDA_KERNEL,aten/src/ATen/native/cuda/StepKernel.cu,heaviside_kernel_cuda,HIGH,The exact CUDA dispatch counterpart is pinned and its implementation contains no computational external-library call. Header-only utility types such as thrust::pair are not counted as library algorithms.
aten_hermite_polynomial_h,aten/src/ATen/native/cpu/BinaryOpsKernel.cpp,hermite_polynomial_h_kernel,yes,NO_EXTERNAL_LIBRARY_CALL_FOUND,,ATEN_CUDA_KERNEL,aten/src/ATen/native/cuda/hermite_polynomial_h.cu,hermite_polynomial_h_kernel_cuda,HIGH,The exact CUDA dispatch counterpart is pinned and its implementation contains no computational external-library call. Header-only utility types such as thrust::pair are not counted as library algorithms.
aten_hermite_polynomial_he,aten/src/ATen/native/cpu/BinaryOpsKernel.cpp,hermite_polynomial_he_kernel,yes,NO_EXTERNAL_LIBRARY_CALL_FOUND,,ATEN_CUDA_KERNEL,aten/src/ATen/native/cuda/hermite_polynomial_he.cu,hermite_polynomial_he_kernel_cuda,HIGH,The exact CUDA dispatch counterpart is pinned and its implementation contains no computational external-library call. Header-only utility types such as thrust::pair are not counted as library algorithms.
aten_histogram_select_outer_bin_edges_cpu,aten/src/ATen/native/cpu/HistogramKernel.cpp,histogram_select_outer_bin_edges_impl,no,NO_DIRECT_CUDA_COUNTERPART,,NO_DIRECT_CUDA_COUNTERPART,,,MEDIUM,The existing exhaustive CUDA-availability audit found no direct counterpart; a public ATen composition may still execute on CUDA.
aten_histogramdd_cpu,aten/src/ATen/native/cpu/HistogramKernel.cpp,histogramdd_kernel_impl,no,NO_DIRECT_CUDA_COUNTERPART,,NO_DIRECT_CUDA_COUNTERPART,,,MEDIUM,The existing exhaustive CUDA-availability audit found no direct counterpart; a public ATen composition may still execute on CUDA.
aten_histogramdd_linear_cpu,aten/src/ATen/native/cpu/HistogramKernel.cpp,histogramdd_linear_kernel_impl,no,NO_DIRECT_CUDA_COUNTERPART,,NO_DIRECT_CUDA_COUNTERPART,,,MEDIUM,The existing exhaustive CUDA-availability audit found no direct counterpart; a public ATen composition may still execute on CUDA.
aten_host_softmax_backward_cpu,aten/src/ATen/native/SoftMax.cpp,host_softmax_backward,yes,NO_EXTERNAL_LIBRARY_CALL_FOUND,,CUDA_PATH_REVIEWED_NO_EXTERNAL_EVIDENCE,,,MEDIUM,"CUDA support is reported and the reverse audit of cuBLAS/cuDNN/cuSPARSE/cuSOLVER/cuFFT/CUB/Thrust/CUTLASS call sites found no route for this fixture. The exact CUDA symbol is not yet pinned, so this is weaker than a direct dispatch trace."
aten_host_softmax_cpu,aten/src/ATen/native/SoftMax.cpp,host_softmax,yes,NO_EXTERNAL_LIBRARY_CALL_FOUND,,CUDA_PATH_REVIEWED_NO_EXTERNAL_EVIDENCE,,,MEDIUM,"CUDA support is reported and the reverse audit of cuBLAS/cuDNN/cuSPARSE/cuSOLVER/cuFFT/CUB/Thrust/CUTLASS call sites found no route for this fixture. The exact CUDA symbol is not yet pinned, so this is weaker than a direct dispatch trace."
aten_hspmm_cpu,aten/src/ATen/native/sparse/SparseTensorMath.cpp,hspmm_out_sparse_cpu,yes,EXTERNAL_LIBRARY,cuSPARSE,MIXED_EXTERNAL_AND_ATEN_KERNELS,aten/src/ATen/native/sparse/cuda/SparseCUDATensorMath.cu|aten/src/ATen/native/sparse/cuda/SparseBlasImpl.cpp,cusparseSpMM,HIGH,The hybrid sparse result path prepares sparse metadata and delegates the dense product to cuSPARSE.
aten_huber_backward,aten/src/ATen/native/cpu/PointwiseOpsKernel.cpp,huber_backward_cpu_kernel,yes,NO_EXTERNAL_LIBRARY_CALL_FOUND,,ATEN_CUDA_KERNEL,aten/src/ATen/native/cuda/PointwiseOpsKernel.cu,huber_backward_cuda_kernel,HIGH,The exact CUDA dispatch counterpart is pinned and its implementation contains no computational external-library call. Header-only utility types such as thrust::pair are not counted as library algorithms.
aten_huber_elementwise,aten/src/ATen/native/cpu/BinaryOpsKernel.cpp,huber_kernel,yes,NO_EXTERNAL_LIBRARY_CALL_FOUND,,ATEN_CUDA_KERNEL,aten/src/ATen/native/cuda/BinaryMiscOpsKernels.cu,huber_kernel_cuda,HIGH,The exact CUDA dispatch counterpart is pinned and its implementation contains no computational external-library call. Header-only utility types such as thrust::pair are not counted as library algorithms.
aten_hypot,aten/src/ATen/native/cpu/BinaryOpsKernel.cpp,hypot_kernel,yes,NO_EXTERNAL_LIBRARY_CALL_FOUND,,ATEN_CUDA_KERNEL,aten/src/ATen/native/cuda/BinaryGeometricKernels.cu,hypot_kernel_cuda,HIGH,The exact CUDA dispatch counterpart is pinned and its implementation contains no computational external-library call. Header-only utility types such as thrust::pair are not counted as library algorithms.
aten_i0,aten/src/ATen/native/cpu/UnaryOpsKernel.cpp,i0_kernel,yes,NO_EXTERNAL_LIBRARY_CALL_FOUND,,ATEN_CUDA_KERNEL,aten/src/ATen/native/cuda/UnarySpecialOpsKernel.cu|aten/src/ATen/native/cuda/modified_bessel_i0.cu,i0_kernel_cuda|modified_bessel_i0_kernel_cuda,HIGH,The exact CUDA dispatch counterpart is pinned and its implementation contains no computational external-library call. Header-only utility types such as thrust::pair are not counted as library algorithms.
aten_i0e,aten/src/ATen/native/cpu/UnaryOpsKernel.cpp,i0e_kernel,no,NO_EXTERNAL_LIBRARY_CALL_FOUND,,ATEN_CUDA_KERNEL,aten/src/ATen/native/cuda/UnarySpecialOpsKernel.cu,i0e_kernel_cuda,HIGH,The exact CUDA dispatch counterpart is pinned and its implementation contains no computational external-library call. Header-only utility types such as thrust::pair are not counted as library algorithms.
aten_i1,aten/src/ATen/native/cpu/UnaryOpsKernel.cpp,i1_kernel,no,NO_EXTERNAL_LIBRARY_CALL_FOUND,,ATEN_CUDA_KERNEL,aten/src/ATen/native/cuda/UnarySpecialOpsKernel.cu|aten/src/ATen/native/cuda/modified_bessel_i1.cu,i1_kernel_cuda|modified_bessel_i1_kernel_cuda,HIGH,The exact CUDA dispatch counterpart is pinned and its implementation contains no computational external-library call. Header-only utility types such as thrust::pair are not counted as library algorithms.
aten_i1e,aten/src/ATen/native/cpu/UnaryOpsKernel.cpp,i1e_kernel,no,NO_EXTERNAL_LIBRARY_CALL_FOUND,,ATEN_CUDA_KERNEL,aten/src/ATen/native/cuda/UnarySpecialOpsKernel.cu,i1e_kernel_cuda,HIGH,The exact CUDA dispatch counterpart is pinned and its implementation contains no computational external-library call. Header-only utility types such as thrust::pair are not counted as library algorithms.
aten_ifftshift_cpu,aten/src/ATen/native/SpectralOps.cpp,fft_ifftshift,yes,NO_EXTERNAL_LIBRARY_CALL_FOUND,,CUDA_PATH_REVIEWED_NO_EXTERNAL_EVIDENCE,,,MEDIUM,"CUDA support is reported and the reverse audit of cuBLAS/cuDNN/cuSPARSE/cuSOLVER/cuFFT/CUB/Thrust/CUTLASS call sites found no route for this fixture. The exact CUDA symbol is not yet pinned, so this is weaker than a direct dispatch trace."
aten_igamma,aten/src/ATen/native/cpu/BinaryOpsKernel.cpp,igamma_kernel,yes,NO_EXTERNAL_LIBRARY_CALL_FOUND,,ATEN_CUDA_KERNEL,aten/src/ATen/native/cuda/IGammaKernel.cu,igamma_kernel_cuda,HIGH,The exact CUDA dispatch counterpart is pinned and its implementation contains no computational external-library call. Header-only utility types such as thrust::pair are not counted as library algorithms.
aten_igammac,aten/src/ATen/native/cpu/BinaryOpsKernel.cpp,igammac_kernel,yes,NO_EXTERNAL_LIBRARY_CALL_FOUND,,ATEN_CUDA_KERNEL,aten/src/ATen/native/cuda/IGammaKernel.cu,igammac_kernel_cuda,HIGH,The exact CUDA dispatch counterpart is pinned and its implementation contains no computational external-library call. Header-only utility types such as thrust::pair are not counted as library algorithms.
aten_im2col,aten/src/ATen/native/Im2Col.cpp,im2col,yes,NO_EXTERNAL_LIBRARY_CALL_FOUND,,CUDA_PATH_REVIEWED_NO_EXTERNAL_EVIDENCE,,,MEDIUM,"CUDA support is reported and the reverse audit of cuBLAS/cuDNN/cuSPARSE/cuSOLVER/cuFFT/CUB/Thrust/CUTLASS call sites found no route for this fixture. The exact CUDA symbol is not yet pinned, so this is weaker than a direct dispatch trace."
aten_index_copy_cpu,aten/src/ATen/native/cpu/IndexKernel.cpp,index_copy_kernel,yes,NO_EXTERNAL_LIBRARY_CALL_FOUND,,ATEN_CUDA_KERNEL,aten/src/ATen/native/cuda/IndexKernel.cu,index_copy_kernel,HIGH,The exact CUDA dispatch counterpart is pinned and its implementation contains no computational external-library call. Header-only utility types such as thrust::pair are not counted as library algorithms.
aten_index_cpu,aten/src/ATen/native/cpu/IndexKernel.cpp,index_kernel,yes,NO_EXTERNAL_LIBRARY_CALL_FOUND,,ATEN_CUDA_KERNEL,aten/src/ATen/native/cuda/IndexKernel.cu,index_kernel,HIGH,The exact CUDA dispatch counterpart is pinned and its implementation contains no computational external-library call. Header-only utility types such as thrust::pair are not counted as library algorithms.
aten_index_fill_cpu,aten/src/ATen/native/cpu/IndexKernel.cpp,index_fill_kernel,yes,NO_EXTERNAL_LIBRARY_CALL_FOUND,,ATEN_CUDA_KERNEL,aten/src/ATen/native/cuda/IndexKernel.cu,index_fill_kernel,HIGH,The exact CUDA dispatch counterpart is pinned and its implementation contains no computational external-library call. Header-only utility types such as thrust::pair are not counted as library algorithms.
aten_index_put_cpu,aten/src/ATen/native/cpu/IndexKernel.cpp,index_put_kernel,yes,NO_EXTERNAL_LIBRARY_CALL_FOUND,,ATEN_CUDA_KERNEL,aten/src/ATen/native/cuda/IndexKernel.cu,index_put_kernel|put_kernel,HIGH,The exact CUDA dispatch counterpart is pinned and its implementation contains no computational external-library call. Header-only utility types such as thrust::pair are not counted as library algorithms.
aten_index_put_impl_cpu,aten/src/ATen/native/TensorAdvancedIndexing.cpp,_index_put_impl_,yes,EXTERNAL_LIBRARY,CUB,CONDITIONAL_TEMPLATE_BACKEND,aten/src/ATen/native/cuda/Indexing.cu,cuda::cub::radix_sort_pairs,HIGH,The deterministic/sorted CUDA index_put path uses CUB; the ordinary atomic path does not.
aten_index_reduce_impl_cpu,aten/src/ATen/native/TensorAdvancedIndexing.cpp,index_reduce_func_impl,yes,NO_EXTERNAL_LIBRARY_CALL_FOUND,,CUDA_PATH_REVIEWED_NO_EXTERNAL_EVIDENCE,,,MEDIUM,"CUDA support is reported and the reverse audit of cuBLAS/cuDNN/cuSPARSE/cuSOLVER/cuFFT/CUB/Thrust/CUTLASS call sites found no route for this fixture. The exact CUDA symbol is not yet pinned, so this is weaker than a direct dispatch trace."
aten_index_select_dim1_cpu,aten/src/ATen/native/TensorAdvancedIndexing.cpp,index_select_out_cpu_dim1_,yes,NO_EXTERNAL_LIBRARY_CALL_FOUND,,CUDA_PATH_REVIEWED_NO_EXTERNAL_EVIDENCE,,,MEDIUM,"CUDA support is reported and the reverse audit of cuBLAS/cuDNN/cuSPARSE/cuSOLVER/cuFFT/CUB/Thrust/CUTLASS call sites found no route for this fixture. The exact CUDA symbol is not yet pinned, so this is weaker than a direct dispatch trace."
aten_index_select_out_cpu,aten/src/ATen/native/TensorAdvancedIndexing.cpp,index_select_out_cpu_,yes,NO_EXTERNAL_LIBRARY_CALL_FOUND,,CUDA_PATH_REVIEWED_NO_EXTERNAL_EVIDENCE,,,MEDIUM,"CUDA support is reported and the reverse audit of cuBLAS/cuDNN/cuSPARSE/cuSOLVER/cuFFT/CUB/Thrust/CUTLASS call sites found no route for this fixture. The exact CUDA symbol is not yet pinned, so this is weaker than a direct dispatch trace."
aten_index_select_sparse_cpu,aten/src/ATen/native/TensorShape.cpp,index_select_sparse_cpu,yes,NO_EXTERNAL_LIBRARY_CALL_FOUND,,CUDA_PATH_REVIEWED_NO_EXTERNAL_EVIDENCE,,,MEDIUM,"CUDA support is reported and the reverse audit of cuBLAS/cuDNN/cuSPARSE/cuSOLVER/cuFFT/CUB/Thrust/CUTLASS call sites found no route for this fixture. The exact CUDA symbol is not yet pinned, so this is weaker than a direct dispatch trace."
aten_int4pack_mm_cpu,aten/src/ATen/native/cpu/int4mm_kernel.cpp,int4pack_mm_kernel,yes,NO_EXTERNAL_LIBRARY_CALL_FOUND,,CUDA_PATH_REVIEWED_NO_EXTERNAL_EVIDENCE,,,MEDIUM,"CUDA support is reported and the reverse audit of cuBLAS/cuDNN/cuSPARSE/cuSOLVER/cuFFT/CUB/Thrust/CUTLASS call sites found no route for this fixture. The exact CUDA symbol is not yet pinned, so this is weaker than a direct dispatch trace."
aten_int8pack_mm_cpu,aten/src/ATen/native/cpu/int8mm_kernel.cpp,int8pack_mm_kernel,yes,NO_EXTERNAL_LIBRARY_CALL_FOUND,,CUDA_PATH_REVIEWED_NO_EXTERNAL_EVIDENCE,,,MEDIUM,"CUDA support is reported and the reverse audit of cuBLAS/cuDNN/cuSPARSE/cuSOLVER/cuFFT/CUB/Thrust/CUTLASS call sites found no route for this fixture. The exact CUDA symbol is not yet pinned, so this is weaker than a direct dispatch trace."
aten_int_mm_out_cpu,aten/src/ATen/native/LinearAlgebra.cpp,_int_mm_out_cpu,yes,EXTERNAL_LIBRARY,cuBLAS,LINKED_FIXED_LIBRARY,aten/src/ATen/native/cuda/Blas.cpp,at::cuda::blas::int8_gemm,HIGH,The CUDA int8 matrix product uses the cuBLAS int8 GEMM wrapper.
aten_isin_default_cpu,aten/src/ATen/native/cpu/TensorCompareKernel.cpp,isin_default_kernel_cpu,yes,NO_EXTERNAL_LIBRARY_CALL_FOUND,,ATEN_CUDA_KERNEL,aten/src/ATen/native/cuda/TensorCompare.cpp,isin_default_kernel_gpu,HIGH,The exact CUDA dispatch counterpart is pinned and its implementation contains no computational external-library call. Header-only utility types such as thrust::pair are not counted as library algorithms.
aten_isneginf,aten/src/ATen/native/cpu/TensorCompareKernel.cpp,isneginf_kernel_impl,yes,NO_EXTERNAL_LIBRARY_CALL_FOUND,,ATEN_CUDA_KERNEL,aten/src/ATen/native/cuda/TensorCompare.cu,isneginf_kernel_impl,HIGH,The exact CUDA dispatch counterpart is pinned and its implementation contains no computational external-library call. Header-only utility types such as thrust::pair are not counted as library algorithms.
aten_isposinf,aten/src/ATen/native/cpu/TensorCompareKernel.cpp,isposinf_kernel_impl,yes,NO_EXTERNAL_LIBRARY_CALL_FOUND,,ATEN_CUDA_KERNEL,aten/src/ATen/native/cuda/TensorCompare.cu,isposinf_kernel_impl,HIGH,The exact CUDA dispatch counterpart is pinned and its implementation contains no computational external-library call. Header-only utility types such as thrust::pair are not counted as library algorithms.
aten_jagged_to_padded_cpu,aten/src/ATen/native/nested/NestedTensorTransformerFunctions.cpp,_jagged_to_padded_dense_forward_cpu,yes,NO_EXTERNAL_LIBRARY_CALL_FOUND,,CUDA_PATH_REVIEWED_NO_EXTERNAL_EVIDENCE,,,MEDIUM,"CUDA support is reported and the reverse audit of cuBLAS/cuDNN/cuSPARSE/cuSOLVER/cuFFT/CUB/Thrust/CUTLASS call sites found no route for this fixture. The exact CUDA symbol is not yet pinned, so this is weaker than a direct dispatch trace."
aten_joint_scaling_cpu,aten/src/ATen/native/ScaledBlas.cpp,get_joint_scaling,no,NO_DIRECT_CUDA_COUNTERPART,,NO_DIRECT_CUDA_COUNTERPART,,,MEDIUM,The existing exhaustive CUDA-availability audit found no direct counterpart; a public ATen composition may still execute on CUDA.
aten_kaiser_window,aten/src/ATen/native/cpu/UnaryOpsKernel.cpp,kaiser_window_kernel,yes,NO_EXTERNAL_LIBRARY_CALL_FOUND,,ATEN_CUDA_KERNEL,aten/src/ATen/native/cuda/UnarySpecialOpsKernel.cu,kaiser_window_kernel_cuda,HIGH,The exact CUDA dispatch counterpart is pinned and its implementation contains no computational external-library call. Header-only utility types such as thrust::pair are not counted as library algorithms.
aten_kron_impl_cpu,aten/src/ATen/native/LinearAlgebra.cpp,KronImpl,no,NO_DIRECT_CUDA_COUNTERPART,,NO_DIRECT_CUDA_COUNTERPART,,,MEDIUM,The existing exhaustive CUDA-availability audit found no direct counterpart; a public ATen composition may still execute on CUDA.
aten_kron_out_cpu,aten/src/ATen/native/LinearAlgebra.cpp,kron_out,no,NO_DIRECT_CUDA_COUNTERPART,,NO_DIRECT_CUDA_COUNTERPART,,,MEDIUM,The existing exhaustive CUDA-availability audit found no direct counterpart; a public ATen composition may still execute on CUDA.
aten_kthvalue_cpu,aten/src/ATen/native/Sorting.cpp,kthvalue_out_impl_cpu,yes,NO_EXTERNAL_LIBRARY_CALL_FOUND,,CUDA_PATH_REVIEWED_NO_EXTERNAL_EVIDENCE,,,MEDIUM,"CUDA support is reported and the reverse audit of cuBLAS/cuDNN/cuSPARSE/cuSOLVER/cuFFT/CUB/Thrust/CUTLASS call sites found no route for this fixture. The exact CUDA symbol is not yet pinned, so this is weaker than a direct dispatch trace."
aten_l1_loss,aten/src/ATen/native/Loss.cpp,l1_loss,no,NO_DIRECT_CUDA_COUNTERPART,,NO_DIRECT_CUDA_COUNTERPART,,,MEDIUM,The existing exhaustive CUDA-availability audit found no direct counterpart; a public ATen composition may still execute on CUDA.
aten_laguerre_polynomial_l,aten/src/ATen/native/cpu/BinaryOpsKernel.cpp,laguerre_polynomial_l_kernel,yes,NO_EXTERNAL_LIBRARY_CALL_FOUND,,ATEN_CUDA_KERNEL,aten/src/ATen/native/cuda/laguerre_polynomial_l.cu,laguerre_polynomial_l_kernel_cuda,HIGH,The exact CUDA dispatch counterpart is pinned and its implementation contains no computational external-library call. Header-only utility types such as thrust::pair are not counted as library algorithms.
aten_layer_norm,aten/src/ATen/native/layer_norm.cpp,layer_norm,yes,NO_EXTERNAL_LIBRARY_CALL_FOUND,,CUDA_PATH_REVIEWED_NO_EXTERNAL_EVIDENCE,,,MEDIUM,"CUDA support is reported and the reverse audit of cuBLAS/cuDNN/cuSPARSE/cuSOLVER/cuFFT/CUB/Thrust/CUTLASS call sites found no route for this fixture. The exact CUDA symbol is not yet pinned, so this is weaker than a direct dispatch trace."
aten_layer_norm_backward_cpu,aten/src/ATen/native/cpu/layer_norm_kernel.cpp,LayerNormBackwardKernelImpl,yes,NO_EXTERNAL_LIBRARY_CALL_FOUND,,ATEN_CUDA_KERNEL,aten/src/ATen/native/cuda/layer_norm_kernel.cu,LayerNormBackwardKernelImpl,HIGH,The exact CUDA dispatch counterpart is pinned and its implementation contains no computational external-library call. Header-only utility types such as thrust::pair are not counted as library algorithms.
aten_layer_norm_cpu_backend,aten/src/ATen/native/cpu/layer_norm_kernel.cpp,LayerNormKernelImpl,yes,NO_EXTERNAL_LIBRARY_CALL_FOUND,,ATEN_CUDA_KERNEL,aten/src/ATen/native/cuda/layer_norm_kernel.cu,LayerNormKernelImpl,HIGH,The exact CUDA dispatch counterpart is pinned and its implementation contains no computational external-library call. Header-only utility types such as thrust::pair are not counted as library algorithms.
aten_lcm_i32,aten/src/ATen/native/cpu/BinaryOpsKernel.cpp,lcm_kernel,yes,NO_EXTERNAL_LIBRARY_CALL_FOUND,,ATEN_CUDA_KERNEL,aten/src/ATen/native/cuda/GcdLcmKernel.cu,lcm_kernel_cuda,HIGH,The exact CUDA dispatch counterpart is pinned and its implementation contains no computational external-library call. Header-only utility types such as thrust::pair are not counted as library algorithms.
aten_ldexp,aten/src/ATen/native/cpu/BinaryOpsKernel.cpp,ldexp_kernel,yes,NO_EXTERNAL_LIBRARY_CALL_FOUND,,ATEN_CUDA_KERNEL,aten/src/ATen/native/cuda/BinaryMiscOpsKernels.cu,ldexp_kernel_cuda,HIGH,The exact CUDA dispatch counterpart is pinned and its implementation contains no computational external-library call. Header-only utility types such as thrust::pair are not counted as library algorithms.
aten_le,aten/src/ATen/native/cpu/BinaryOpsKernel.cpp,le_kernel,yes,NO_EXTERNAL_LIBRARY_CALL_FOUND,,ATEN_CUDA_KERNEL,aten/src/ATen/native/cuda/CompareKernels.cu,le_kernel_cuda,HIGH,The exact CUDA dispatch counterpart is pinned and its implementation contains no computational external-library call. Header-only utility types such as thrust::pair are not counted as library algorithms.
aten_leaky_relu,aten/src/ATen/native/cpu/Activation.cpp,leaky_relu_kernel,yes,NO_EXTERNAL_LIBRARY_CALL_FOUND,,ATEN_CUDA_KERNEL,aten/src/ATen/native/cuda/ActivationEluKernel.cu|aten/src/ATen/native/cuda/ActivationLeakyReluKernel.cu,elu_kernel|leaky_relu_kernel,HIGH,The exact CUDA dispatch counterpart is pinned and its implementation contains no computational external-library call. Header-only utility types such as thrust::pair are not counted as library algorithms.
aten_legendre_polynomial_p,aten/src/ATen/native/cpu/BinaryOpsKernel.cpp,legendre_polynomial_p_kernel,yes,NO_EXTERNAL_LIBRARY_CALL_FOUND,,ATEN_CUDA_KERNEL,aten/src/ATen/native/cuda/legendre_polynomial_p.cu,legendre_polynomial_p_kernel_cuda,HIGH,The exact CUDA dispatch counterpart is pinned and its implementation contains no computational external-library call. Header-only utility types such as thrust::pair are not counted as library algorithms.
aten_lerp,aten/src/ATen/native/cpu/LerpKernel.cpp,lerp_kernel,yes,NO_EXTERNAL_LIBRARY_CALL_FOUND,,CUDA_PATH_REVIEWED_NO_EXTERNAL_EVIDENCE,,,MEDIUM,"CUDA support is reported and the reverse audit of cuBLAS/cuDNN/cuSPARSE/cuSOLVER/cuFFT/CUB/Thrust/CUTLASS call sites found no route for this fixture. The exact CUDA symbol is not yet pinned, so this is weaker than a direct dispatch trace."
aten_lerp_scalar,aten/src/ATen/native/cpu/LerpKernel.cpp,lerp_kernel_scalar,yes,NO_EXTERNAL_LIBRARY_CALL_FOUND,,CUDA_PATH_REVIEWED_NO_EXTERNAL_EVIDENCE,,,MEDIUM,"CUDA support is reported and the reverse audit of cuBLAS/cuDNN/cuSPARSE/cuSOLVER/cuFFT/CUB/Thrust/CUTLASS call sites found no route for this fixture. The exact CUDA symbol is not yet pinned, so this is weaker than a direct dispatch trace."
aten_lerp_scalar_cpu,aten/src/ATen/native/cpu/LerpKernel.cpp,lerp_scalar_kernel,yes,NO_EXTERNAL_LIBRARY_CALL_FOUND,,ATEN_CUDA_KERNEL,aten/src/ATen/native/cuda/Lerp.cu,lerp_scalar_kernel,HIGH,The exact CUDA dispatch counterpart is pinned and its implementation contains no computational external-library call. Header-only utility types such as thrust::pair are not counted as library algorithms.
aten_lerp_tensor_cpu,aten/src/ATen/native/cpu/LerpKernel.cpp,lerp_tensor_kernel,yes,NO_EXTERNAL_LIBRARY_CALL_FOUND,,ATEN_CUDA_KERNEL,aten/src/ATen/native/cuda/Lerp.cu,lerp_tensor_kernel,HIGH,The exact CUDA dispatch counterpart is pinned and its implementation contains no computational external-library call. Header-only utility types such as thrust::pair are not counted as library algorithms.
aten_lgamma,aten/src/ATen/native/cpu/UnaryOpsKernel.cpp,lgamma_kernel,yes,NO_EXTERNAL_LIBRARY_CALL_FOUND,,ATEN_CUDA_KERNEL,aten/src/ATen/native/cuda/UnaryGammaKernels.cu,lgamma_kernel_cuda,HIGH,The exact CUDA dispatch counterpart is pinned and its implementation contains no computational external-library call. Header-only utility types such as thrust::pair are not counted as library algorithms.
aten_linalg_powsum_cpu,aten/src/ATen/native/LinearAlgebra.cpp,linalg__powsum,yes,NO_EXTERNAL_LIBRARY_CALL_FOUND,,CUDA_PATH_REVIEWED_NO_EXTERNAL_EVIDENCE,,,MEDIUM,"CUDA support is reported and the reverse audit of cuBLAS/cuDNN/cuSPARSE/cuSOLVER/cuFFT/CUB/Thrust/CUTLASS call sites found no route for this fixture. The exact CUDA symbol is not yet pinned, so this is weaker than a direct dispatch trace."
aten_linear_combination_cpu,aten/src/ATen/native/cpu/FunctionOfAMatrixUtilsKernel.cpp,_compute_linear_combination_cpu_kernel,yes,NO_EXTERNAL_LIBRARY_CALL_FOUND,,ATEN_CUDA_KERNEL,aten/src/ATen/native/cuda/FunctionOfAMatrixUtilsKernel.cu,_compute_linear_combination_cuda_kernel,HIGH,The exact CUDA dispatch counterpart is pinned and its implementation contains no computational external-library call. Header-only utility types such as thrust::pair are not counted as library algorithms.
aten_linspace,aten/src/ATen/native/cpu/RangeFactoriesKernel.cpp,linspace_kernel,yes,NO_EXTERNAL_LIBRARY_CALL_FOUND,,CUDA_PATH_REVIEWED_NO_EXTERNAL_EVIDENCE,,,MEDIUM,"CUDA support is reported and the reverse audit of cuBLAS/cuDNN/cuSPARSE/cuSOLVER/cuFFT/CUB/Thrust/CUTLASS call sites found no route for this fixture. The exact CUDA symbol is not yet pinned, so this is weaker than a direct dispatch trace."
aten_log,aten/src/ATen/native/cpu/UnaryOpsKernel.cpp,log_kernel,yes,NO_EXTERNAL_LIBRARY_CALL_FOUND,,ATEN_CUDA_KERNEL,aten/src/ATen/native/cuda/UnaryLogKernels.cu,log_kernel_cuda,HIGH,The exact CUDA dispatch counterpart is pinned and its implementation contains no computational external-library call. Header-only utility types such as thrust::pair are not counted as library algorithms.
aten_log10,aten/src/ATen/native/cpu/UnaryOpsKernel.cpp,log10_kernel,yes,NO_EXTERNAL_LIBRARY_CALL_FOUND,,ATEN_CUDA_KERNEL,aten/src/ATen/native/cuda/UnaryLogKernels.cu,log10_kernel_cuda,HIGH,The exact CUDA dispatch counterpart is pinned and its implementation contains no computational external-library call. Header-only utility types such as thrust::pair are not counted as library algorithms.
aten_log1p,aten/src/ATen/native/cpu/UnaryOpsKernel.cpp,log1p_kernel,yes,NO_EXTERNAL_LIBRARY_CALL_FOUND,,ATEN_CUDA_KERNEL,aten/src/ATen/native/cuda/UnaryLogKernels.cu,log1p_kernel_cuda,HIGH,The exact CUDA dispatch counterpart is pinned and its implementation contains no computational external-library call. Header-only utility types such as thrust::pair are not counted as library algorithms.
aten_log2,aten/src/ATen/native/cpu/UnaryOpsKernel.cpp,log2_kernel,yes,NO_EXTERNAL_LIBRARY_CALL_FOUND,,ATEN_CUDA_KERNEL,aten/src/ATen/native/cuda/UnaryLogKernels.cu,log2_kernel_cuda,HIGH,The exact CUDA dispatch counterpart is pinned and its implementation contains no computational external-library call. Header-only utility types such as thrust::pair are not counted as library algorithms.
aten_log_ndtr,aten/src/ATen/native/cpu/UnaryOpsKernel.cpp,log_ndtr_kernel,yes,NO_EXTERNAL_LIBRARY_CALL_FOUND,,ATEN_CUDA_KERNEL,aten/src/ATen/native/cuda/UnarySpecialOpsKernel.cu,log_ndtr_kernel_cuda,HIGH,The exact CUDA dispatch counterpart is pinned and its implementation contains no computational external-library call. Header-only utility types such as thrust::pair are not counted as library algorithms.
aten_log_normal_cpu,aten/src/ATen/native/cpu/DistributionKernels.cpp,log_normal_kernel,yes,NO_EXTERNAL_LIBRARY_CALL_FOUND,,ATEN_CUDA_KERNEL,aten/src/ATen/native/cuda/DistributionLogNormalKernel.cu|aten/src/ATen/native/cuda/DistributionNormal.cu,log_normal_kernel|normal_kernel,HIGH,The exact CUDA dispatch counterpart is pinned and its implementation contains no computational external-library call. Header-only utility types such as thrust::pair are not counted as library algorithms.
aten_log_sigmoid_backward_cpu,aten/src/ATen/native/cpu/Activation.cpp,log_sigmoid_backward_cpu_kernel,yes,NO_EXTERNAL_LIBRARY_CALL_FOUND,,ATEN_CUDA_KERNEL,aten/src/ATen/native/cuda/ActivationLogSigmoidKernel.cu,log_sigmoid_backward_kernel,HIGH,The exact CUDA dispatch counterpart is pinned and its implementation contains no computational external-library call. Header-only utility types such as thrust::pair are not counted as library algorithms.
aten_log_sigmoid_cpu,aten/src/ATen/native/cpu/Activation.cpp,log_sigmoid_cpu_kernel,yes,NO_EXTERNAL_LIBRARY_CALL_FOUND,,CUDA_PATH_REVIEWED_NO_EXTERNAL_EVIDENCE,,,MEDIUM,"CUDA support is reported and the reverse audit of cuBLAS/cuDNN/cuSPARSE/cuSOLVER/cuFFT/CUB/Thrust/CUTLASS call sites found no route for this fixture. The exact CUDA symbol is not yet pinned, so this is weaker than a direct dispatch trace."
aten_logaddexp,aten/src/ATen/native/cpu/BinaryOpsKernel.cpp,logaddexp_kernel,yes,NO_EXTERNAL_LIBRARY_CALL_FOUND,,ATEN_CUDA_KERNEL,aten/src/ATen/native/cuda/LogAddExpKernel.cu,logaddexp_kernel_cuda,HIGH,The exact CUDA dispatch counterpart is pinned and its implementation contains no computational external-library call. Header-only utility types such as thrust::pair are not counted as library algorithms.
aten_logaddexp2,aten/src/ATen/native/cpu/BinaryOpsKernel.cpp,logaddexp2_kernel,yes,NO_EXTERNAL_LIBRARY_CALL_FOUND,,ATEN_CUDA_KERNEL,aten/src/ATen/native/cuda/LogAddExpKernel.cu,logaddexp2_kernel_cuda,HIGH,The exact CUDA dispatch counterpart is pinned and its implementation contains no computational external-library call. Header-only utility types such as thrust::pair are not counted as library algorithms.
aten_logcumsumexp_cpu,aten/src/ATen/native/cpu/ReduceOpsKernel.cpp,logcumsumexp_cpu_kernel,yes,EXTERNAL_LIBRARY,CUB,TEMPLATE_GENERATED_LIBRARY,aten/src/ATen/native/cuda/ScanUtils.cuh,cuda::cub::inclusive_scan,HIGH,The scan framework can use CUB for a contiguous innermost dimension.
aten_logical_and,aten/src/ATen/native/cpu/BinaryOpsKernel.cpp,logical_and_kernel,yes,NO_EXTERNAL_LIBRARY_CALL_FOUND,,ATEN_CUDA_KERNEL,aten/src/ATen/native/cuda/BinaryLogicalOpsKernels.cu,logical_and_kernel_cuda,HIGH,The exact CUDA dispatch counterpart is pinned and its implementation contains no computational external-library call. Header-only utility types such as thrust::pair are not counted as library algorithms.
aten_logical_not_f32,aten/src/ATen/native/cpu/UnaryOpsKernel.cpp,logical_not_kernel,yes,NO_EXTERNAL_LIBRARY_CALL_FOUND,,ATEN_CUDA_KERNEL,aten/src/ATen/native/cuda/UnarySignKernels.cu,logical_not_kernel_cuda,HIGH,The exact CUDA dispatch counterpart is pinned and its implementation contains no computational external-library call. Header-only utility types such as thrust::pair are not counted as library algorithms.
aten_logical_or,aten/src/ATen/native/cpu/BinaryOpsKernel.cpp,logical_or_kernel,yes,NO_EXTERNAL_LIBRARY_CALL_FOUND,,ATEN_CUDA_KERNEL,aten/src/ATen/native/cuda/BinaryLogicalOpsKernels.cu,logical_or_kernel_cuda,HIGH,The exact CUDA dispatch counterpart is pinned and its implementation contains no computational external-library call. Header-only utility types such as thrust::pair are not counted as library algorithms.
aten_logical_xor,aten/src/ATen/native/cpu/BinaryOpsKernel.cpp,logical_xor_kernel,yes,NO_EXTERNAL_LIBRARY_CALL_FOUND,,ATEN_CUDA_KERNEL,aten/src/ATen/native/cuda/BinaryLogicalOpsKernels.cu,logical_xor_kernel_cuda,HIGH,The exact CUDA dispatch counterpart is pinned and its implementation contains no computational external-library call. Header-only utility types such as thrust::pair are not counted as library algorithms.
aten_logit,aten/src/ATen/native/cpu/UnaryOpsKernel.cpp,logit_kernel,yes,NO_EXTERNAL_LIBRARY_CALL_FOUND,,ATEN_CUDA_KERNEL,aten/src/ATen/native/cuda/UnarySpecialOpsKernel.cu,logit_kernel_cuda,HIGH,The exact CUDA dispatch counterpart is pinned and its implementation contains no computational external-library call. Header-only utility types such as thrust::pair are not counted as library algorithms.
aten_logit_backward,aten/src/ATen/native/cpu/BinaryOpsKernel.cpp,logit_backward_kernel,yes,NO_EXTERNAL_LIBRARY_CALL_FOUND,,ATEN_CUDA_KERNEL,aten/src/ATen/native/cuda/BinaryMiscBackwardOpsKernels.cu,logit_backward_kernel_cuda,HIGH,The exact CUDA dispatch counterpart is pinned and its implementation contains no computational external-library call. Header-only utility types such as thrust::pair are not counted as library algorithms.
aten_logspace_cpu,aten/src/ATen/native/RangeFactories.cpp,logspace_out,yes,NO_EXTERNAL_LIBRARY_CALL_FOUND,,CUDA_PATH_REVIEWED_NO_EXTERNAL_EVIDENCE,,,MEDIUM,"CUDA support is reported and the reverse audit of cuBLAS/cuDNN/cuSPARSE/cuSOLVER/cuFFT/CUB/Thrust/CUTLASS call sites found no route for this fixture. The exact CUDA symbol is not yet pinned, so this is weaker than a direct dispatch trace."
aten_lower_bound_cpu,aten/src/ATen/native/Bucketization.cpp,cus_lower_bound,yes,NO_EXTERNAL_LIBRARY_CALL_FOUND,,CUDA_PATH_REVIEWED_NO_EXTERNAL_EVIDENCE,,,MEDIUM,"CUDA support is reported and the reverse audit of cuBLAS/cuDNN/cuSPARSE/cuSOLVER/cuFFT/CUB/Thrust/CUTLASS call sites found no route for this fixture. The exact CUDA symbol is not yet pinned, so this is weaker than a direct dispatch trace."
aten_lshift_i32,aten/src/ATen/native/cpu/BinaryOpsKernel.cpp,lshift_kernel,yes,NO_EXTERNAL_LIBRARY_CALL_FOUND,,ATEN_CUDA_KERNEL,aten/src/ATen/native/cuda/BinaryShiftOpsKernels.cu,lshift_kernel_cuda,HIGH,The exact CUDA dispatch counterpart is pinned and its implementation contains no computational external-library call. Header-only utility types such as thrust::pair are not counted as library algorithms.
aten_lt,aten/src/ATen/native/cpu/BinaryOpsKernel.cpp,lt_kernel,yes,NO_EXTERNAL_LIBRARY_CALL_FOUND,,ATEN_CUDA_KERNEL,aten/src/ATen/native/cuda/CompareKernels.cu,lt_kernel_cuda,HIGH,The exact CUDA dispatch counterpart is pinned and its implementation contains no computational external-library call. Header-only utility types such as thrust::pair are not counted as library algorithms.
aten_masked_fill_cpu,aten/src/ATen/native/cpu/IndexKernel.cpp,masked_fill_kernel,yes,NO_EXTERNAL_LIBRARY_CALL_FOUND,,CUDA_PATH_REVIEWED_NO_EXTERNAL_EVIDENCE,,,MEDIUM,"CUDA support is reported and the reverse audit of cuBLAS/cuDNN/cuSPARSE/cuSOLVER/cuFFT/CUB/Thrust/CUTLASS call sites found no route for this fixture. The exact CUDA symbol is not yet pinned, so this is weaker than a direct dispatch trace."
aten_masked_scale,aten/src/ATen/native/cpu/AmpGradScalerKernels.cpp,_amp_foreach_non_finite_check_and_unscale_cpu_kernel,yes,NO_EXTERNAL_LIBRARY_CALL_FOUND,,CUDA_PATH_REVIEWED_NO_EXTERNAL_EVIDENCE,,,MEDIUM,"CUDA support is reported and the reverse audit of cuBLAS/cuDNN/cuSPARSE/cuSOLVER/cuFFT/CUB/Thrust/CUTLASS call sites found no route for this fixture. The exact CUDA symbol is not yet pinned, so this is weaker than a direct dispatch trace."
aten_masked_scatter_backward_cpu,aten/src/ATen/native/TensorAdvancedIndexing.cpp,masked_scatter_backward_symint,yes,NO_EXTERNAL_LIBRARY_CALL_FOUND,,CUDA_PATH_REVIEWED_NO_EXTERNAL_EVIDENCE,,,MEDIUM,"CUDA support is reported and the reverse audit of cuBLAS/cuDNN/cuSPARSE/cuSOLVER/cuFFT/CUB/Thrust/CUTLASS call sites found no route for this fixture. The exact CUDA symbol is not yet pinned, so this is weaker than a direct dispatch trace."
aten_masked_scatter_cpu,aten/src/ATen/native/cpu/IndexKernel.cpp,masked_scatter_kernel,yes,EXTERNAL_LIBRARY,CUB,MIXED_EXTERNAL_AND_ATEN_KERNELS,aten/src/ATen/native/cuda/IndexKernel.cu,cuda::cub::mask_exclusive_sum,HIGH,CUB computes mask offsets; ATen kernels validate and scatter values.
aten_masked_select_cpu,aten/src/ATen/native/cpu/IndexKernel.cpp,masked_select_kernel,yes,EXTERNAL_LIBRARY,CUB,ATEN_COMPOSITION,aten/src/ATen/native/cuda/IndexKernel.cpp|aten/src/ATen/native/cuda/Nonzero.cu,index_out|cub::DeviceSelect::Flagged,HIGH,masked_select delegates mask indexing to the CUDA indexing/nonzero machinery.
aten_masked_select_serial_cpu,aten/src/ATen/native/cpu/IndexKernel.cpp,masked_select_serial_kernel,yes,EXTERNAL_LIBRARY,CUB,NO_EXACT_CUDA_COUNTERPART,aten/src/ATen/native/cuda/IndexKernel.cpp|aten/src/ATen/native/cuda/Nonzero.cu,masked_select_cuda,HIGH,CUDA has one masked-select route rather than the CPU serial helper; that route reaches CUB-backed indexing.
aten_max_all_cpu,aten/src/ATen/native/cpu/ReduceAllOpsKernel.cpp,max_all_kernel_impl,yes,NO_EXTERNAL_LIBRARY_CALL_FOUND,,ATEN_CUDA_KERNEL,aten/src/ATen/native/cuda/ReduceOps.cpp,max_all_kernel_impl,HIGH,The exact CUDA dispatch counterpart is pinned and its implementation contains no computational external-library call. Header-only utility types such as thrust::pair are not counted as library algorithms.
aten_max_pool1d_cpu,aten/src/ATen/native/cpu/MaxPooling.cpp,max_pool1d_impl,no,NO_DIRECT_CUDA_COUNTERPART,,NO_DIRECT_CUDA_COUNTERPART,,,MEDIUM,The existing exhaustive CUDA-availability audit found no direct counterpart; a public ATen composition may still execute on CUDA.
aten_max_pool2d,aten/src/ATen/native/cpu/MaxPoolKernel.cpp,max_pool2d,yes,NO_EXTERNAL_LIBRARY_CALL_FOUND,,CUDA_PATH_REVIEWED_NO_EXTERNAL_EVIDENCE,,,MEDIUM,"CUDA support is reported and the reverse audit of cuBLAS/cuDNN/cuSPARSE/cuSOLVER/cuFFT/CUB/Thrust/CUTLASS call sites found no route for this fixture. The exact CUDA symbol is not yet pinned, so this is weaker than a direct dispatch trace."
aten_max_pool3d_backward_cpu,aten/src/ATen/native/cpu/MaxPoolKernel.cpp,max_pool3d_backward_kernel_impl,yes,NO_EXTERNAL_LIBRARY_CALL_FOUND,,CUDA_PATH_REVIEWED_NO_EXTERNAL_EVIDENCE,,,MEDIUM,"CUDA support is reported and the reverse audit of cuBLAS/cuDNN/cuSPARSE/cuSOLVER/cuFFT/CUB/Thrust/CUTLASS call sites found no route for this fixture. The exact CUDA symbol is not yet pinned, so this is weaker than a direct dispatch trace."
aten_max_pool3d_cpu,aten/src/ATen/native/cpu/MaxPoolKernel.cpp,max_pool3d_kernel_impl,yes,NO_EXTERNAL_LIBRARY_CALL_FOUND,,CUDA_PATH_REVIEWED_NO_EXTERNAL_EVIDENCE,,,MEDIUM,"CUDA support is reported and the reverse audit of cuBLAS/cuDNN/cuSPARSE/cuSOLVER/cuFFT/CUB/Thrust/CUTLASS call sites found no route for this fixture. The exact CUDA symbol is not yet pinned, so this is weaker than a direct dispatch trace."
aten_max_reduce_cpu,aten/src/ATen/native/cpu/TensorCompareKernel.cpp,max_kernel_impl,yes,NO_EXTERNAL_LIBRARY_CALL_FOUND,,ATEN_CUDA_KERNEL,aten/src/ATen/native/cuda/ReduceOps.cpp,max_kernel_impl,HIGH,The exact CUDA dispatch counterpart is pinned and its implementation contains no computational external-library call. Header-only utility types such as thrust::pair are not counted as library algorithms.
aten_max_unpool2d_cpu,aten/src/ATen/native/cpu/MaxUnpoolKernel.cpp,max_unpool2d_kernel_impl,yes,NO_EXTERNAL_LIBRARY_CALL_FOUND,,CUDA_PATH_REVIEWED_NO_EXTERNAL_EVIDENCE,,,MEDIUM,"CUDA support is reported and the reverse audit of cuBLAS/cuDNN/cuSPARSE/cuSOLVER/cuFFT/CUB/Thrust/CUTLASS call sites found no route for this fixture. The exact CUDA symbol is not yet pinned, so this is weaker than a direct dispatch trace."
aten_max_unpool3d_cpu,aten/src/ATen/native/cpu/MaxUnpoolKernel.cpp,max_unpool3d_kernel_impl,yes,NO_EXTERNAL_LIBRARY_CALL_FOUND,,CUDA_PATH_REVIEWED_NO_EXTERNAL_EVIDENCE,,,MEDIUM,"CUDA support is reported and the reverse audit of cuBLAS/cuDNN/cuSPARSE/cuSOLVER/cuFFT/CUB/Thrust/CUTLASS call sites found no route for this fixture. The exact CUDA symbol is not yet pinned, so this is weaker than a direct dispatch trace."
aten_max_unpool_backward_cpu,aten/src/ATen/native/cpu/MaxUnpoolKernel.cpp,cpu_max_unpool_backward,yes,NO_EXTERNAL_LIBRARY_CALL_FOUND,,CUDA_PATH_REVIEWED_NO_EXTERNAL_EVIDENCE,,,MEDIUM,"CUDA support is reported and the reverse audit of cuBLAS/cuDNN/cuSPARSE/cuSOLVER/cuFFT/CUB/Thrust/CUTLASS call sites found no route for this fixture. The exact CUDA symbol is not yet pinned, so this is weaker than a direct dispatch trace."
aten_max_values_cpu,aten/src/ATen/native/cpu/ReduceOpsKernel.cpp,max_values_kernel_impl,yes,NO_EXTERNAL_LIBRARY_CALL_FOUND,,ATEN_CUDA_KERNEL,aten/src/ATen/native/cuda/ReduceMaxValuesKernel.cu,max_values_kernel_cuda,HIGH,The exact CUDA dispatch counterpart is pinned and its implementation contains no computational external-library call. Header-only utility types such as thrust::pair are not counted as library algorithms.
aten_maximum,aten/src/ATen/native/cpu/BinaryOpsKernel.cpp,maximum_kernel,yes,NO_EXTERNAL_LIBRARY_CALL_FOUND,,ATEN_CUDA_KERNEL,aten/src/ATen/native/cuda/MaxMinElementwiseKernel.cu,maximum_kernel_cuda,HIGH,The exact CUDA dispatch counterpart is pinned and its implementation contains no computational external-library call. Header-only utility types such as thrust::pair are not counted as library algorithms.
aten_mean,aten/src/ATen/native/ReduceOps.cpp,mean,yes,NO_EXTERNAL_LIBRARY_CALL_FOUND,,CUDA_PATH_REVIEWED_NO_EXTERNAL_EVIDENCE,,,MEDIUM,"CUDA support is reported and the reverse audit of cuBLAS/cuDNN/cuSPARSE/cuSOLVER/cuFFT/CUB/Thrust/CUTLASS call sites found no route for this fixture. The exact CUDA symbol is not yet pinned, so this is weaker than a direct dispatch trace."
aten_median_indices_cpu,aten/src/ATen/native/Sorting.cpp,median_with_indices_impl,yes,NO_EXTERNAL_LIBRARY_CALL_FOUND,,CUDA_PATH_REVIEWED_NO_EXTERNAL_EVIDENCE,,,MEDIUM,"CUDA support is reported and the reverse audit of cuBLAS/cuDNN/cuSPARSE/cuSOLVER/cuFFT/CUB/Thrust/CUTLASS call sites found no route for this fixture. The exact CUDA symbol is not yet pinned, so this is weaker than a direct dispatch trace."
aten_min_all_cpu,aten/src/ATen/native/cpu/ReduceAllOpsKernel.cpp,min_all_kernel_impl,yes,NO_EXTERNAL_LIBRARY_CALL_FOUND,,ATEN_CUDA_KERNEL,aten/src/ATen/native/cuda/ReduceOps.cpp,min_all_kernel_impl,HIGH,The exact CUDA dispatch counterpart is pinned and its implementation contains no computational external-library call. Header-only utility types such as thrust::pair are not counted as library algorithms.
aten_min_reduce_cpu,aten/src/ATen/native/cpu/TensorCompareKernel.cpp,min_kernel_impl,yes,NO_EXTERNAL_LIBRARY_CALL_FOUND,,ATEN_CUDA_KERNEL,aten/src/ATen/native/cuda/ReduceOps.cpp,min_kernel_impl,HIGH,The exact CUDA dispatch counterpart is pinned and its implementation contains no computational external-library call. Header-only utility types such as thrust::pair are not counted as library algorithms.
aten_min_values_cpu,aten/src/ATen/native/cpu/ReduceOpsKernel.cpp,min_values_kernel_impl,yes,NO_EXTERNAL_LIBRARY_CALL_FOUND,,ATEN_CUDA_KERNEL,aten/src/ATen/native/cuda/ReduceMinValuesKernel.cu,min_values_kernel_cuda,HIGH,The exact CUDA dispatch counterpart is pinned and its implementation contains no computational external-library call. Header-only utility types such as thrust::pair are not counted as library algorithms.
aten_minimum,aten/src/ATen/native/cpu/BinaryOpsKernel.cpp,minimum_kernel,yes,NO_EXTERNAL_LIBRARY_CALL_FOUND,,ATEN_CUDA_KERNEL,aten/src/ATen/native/cuda/MaxMinElementwiseKernel.cu,minimum_kernel_cuda,HIGH,The exact CUDA dispatch counterpart is pinned and its implementation contains no computational external-library call. Header-only utility types such as thrust::pair are not counted as library algorithms.
aten_mish,aten/src/ATen/native/cpu/Activation.cpp,mish_kernel,yes,NO_EXTERNAL_LIBRARY_CALL_FOUND,,ATEN_CUDA_KERNEL,aten/src/ATen/native/cuda/ActivationMishKernel.cu,mish_kernel,HIGH,The exact CUDA dispatch counterpart is pinned and its implementation contains no computational external-library call. Header-only utility types such as thrust::pair are not counted as library algorithms.
aten_mish_backward,aten/src/ATen/native/cpu/Activation.cpp,mish_backward_kernel,yes,NO_EXTERNAL_LIBRARY_CALL_FOUND,,ATEN_CUDA_KERNEL,aten/src/ATen/native/cuda/ActivationMishKernel.cu,mish_backward_kernel,HIGH,The exact CUDA dispatch counterpart is pinned and its implementation contains no computational external-library call. Header-only utility types such as thrust::pair are not counted as library algorithms.
aten_mm,aten/src/ATen/native/LinearAlgebra.cpp,TORCH_IMPL_FUNC(mm_out_cpu),yes,EXTERNAL_LIBRARY,cuBLAS,LINKED_FIXED_LIBRARY,aten/src/ATen/native/cuda/Blas.cpp,at::cuda::blas::gemm,HIGH,Dense CUDA mm dispatches to GEMM.
aten_mode_cpu,aten/src/ATen/native/cpu/TensorCompareKernel.cpp,mode_kernel_impl,yes,EXTERNAL_LIBRARY,Thrust,MIXED_EXTERNAL_AND_ATEN_KERNELS,aten/src/ATen/native/cuda/TensorModeKernel.cu,thrust::sort_by_key|reduce_by_key,HIGH,ATen uses Thrust sorting/reduction/search inside the CUDA mode implementation.
aten_modified_bessel_i0,aten/src/ATen/native/cpu/UnaryOpsKernel.cpp,modified_bessel_i0_kernel,yes,NO_EXTERNAL_LIBRARY_CALL_FOUND,,ATEN_CUDA_KERNEL,aten/src/ATen/native/cuda/UnarySpecialOpsKernel.cu|aten/src/ATen/native/cuda/modified_bessel_i0.cu,i0_kernel_cuda|modified_bessel_i0_kernel_cuda,HIGH,The exact CUDA dispatch counterpart is pinned and its implementation contains no computational external-library call. Header-only utility types such as thrust::pair are not counted as library algorithms.
aten_modified_bessel_i1,aten/src/ATen/native/cpu/UnaryOpsKernel.cpp,modified_bessel_i1_kernel,yes,NO_EXTERNAL_LIBRARY_CALL_FOUND,,ATEN_CUDA_KERNEL,aten/src/ATen/native/cuda/UnarySpecialOpsKernel.cu|aten/src/ATen/native/cuda/modified_bessel_i1.cu,i1_kernel_cuda|modified_bessel_i1_kernel_cuda,HIGH,The exact CUDA dispatch counterpart is pinned and its implementation contains no computational external-library call. Header-only utility types such as thrust::pair are not counted as library algorithms.
aten_modified_bessel_k0,aten/src/ATen/native/cpu/UnaryOpsKernel.cpp,modified_bessel_k0_kernel,yes,NO_EXTERNAL_LIBRARY_CALL_FOUND,,ATEN_CUDA_KERNEL,aten/src/ATen/native/cuda/modified_bessel_k0.cu,modified_bessel_k0_kernel_cuda,HIGH,The exact CUDA dispatch counterpart is pinned and its implementation contains no computational external-library call. Header-only utility types such as thrust::pair are not counted as library algorithms.
aten_modified_bessel_k1,aten/src/ATen/native/cpu/UnaryOpsKernel.cpp,modified_bessel_k1_kernel,yes,NO_EXTERNAL_LIBRARY_CALL_FOUND,,ATEN_CUDA_KERNEL,aten/src/ATen/native/cuda/modified_bessel_k1.cu,modified_bessel_k1_kernel_cuda,HIGH,The exact CUDA dispatch counterpart is pinned and its implementation contains no computational external-library call. Header-only utility types such as thrust::pair are not counted as library algorithms.
aten_mse_backward,aten/src/ATen/native/cpu/PointwiseOpsKernel.cpp,mse_backward_cpu_kernel,yes,NO_EXTERNAL_LIBRARY_CALL_FOUND,,ATEN_CUDA_KERNEL,aten/src/ATen/native/cuda/PointwiseOpsKernel.cu,mse_backward_cuda_kernel,HIGH,The exact CUDA dispatch counterpart is pinned and its implementation contains no computational external-library call. Header-only utility types such as thrust::pair are not counted as library algorithms.
aten_mse_elementwise,aten/src/ATen/native/cpu/BinaryOpsKernel.cpp,mse_kernel,yes,NO_EXTERNAL_LIBRARY_CALL_FOUND,,ATEN_CUDA_KERNEL,aten/src/ATen/native/cuda/BinaryMiscOpsKernels.cu,mse_kernel_cuda,HIGH,The exact CUDA dispatch counterpart is pinned and its implementation contains no computational external-library call. Header-only utility types such as thrust::pair are not counted as library algorithms.
aten_mse_loss,aten/src/ATen/native/Loss.cpp,mse_loss,yes,NO_EXTERNAL_LIBRARY_CALL_FOUND,,CUDA_PATH_REVIEWED_NO_EXTERNAL_EVIDENCE,,,MEDIUM,"CUDA support is reported and the reverse audit of cuBLAS/cuDNN/cuSPARSE/cuSOLVER/cuFFT/CUB/Thrust/CUTLASS call sites found no route for this fixture. The exact CUDA symbol is not yet pinned, so this is weaker than a direct dispatch trace."
aten_mul,aten/src/ATen/native/cpu/BinaryOpsKernel.cpp,mul_kernel,yes,NO_EXTERNAL_LIBRARY_CALL_FOUND,,ATEN_CUDA_KERNEL,aten/src/ATen/native/cuda/BinaryMulKernel.cu,mul_kernel_cuda,HIGH,The exact CUDA dispatch counterpart is pinned and its implementation contains no computational external-library call. Header-only utility types such as thrust::pair are not counted as library algorithms.
aten_multi_margin_loss_backward_cpu,aten/src/ATen/native/LossMultiMargin.cpp,multi_margin_loss_backward_cpu_kernel,yes,NO_EXTERNAL_LIBRARY_CALL_FOUND,,CUDA_PATH_REVIEWED_NO_EXTERNAL_EVIDENCE,,,MEDIUM,"CUDA support is reported and the reverse audit of cuBLAS/cuDNN/cuSPARSE/cuSOLVER/cuFFT/CUB/Thrust/CUTLASS call sites found no route for this fixture. The exact CUDA symbol is not yet pinned, so this is weaker than a direct dispatch trace."
aten_multi_margin_loss_cpu,aten/src/ATen/native/LossMultiMargin.cpp,multi_margin_loss_cpu_kernel,yes,NO_EXTERNAL_LIBRARY_CALL_FOUND,,CUDA_PATH_REVIEWED_NO_EXTERNAL_EVIDENCE,,,MEDIUM,"CUDA support is reported and the reverse audit of cuBLAS/cuDNN/cuSPARSE/cuSOLVER/cuFFT/CUB/Thrust/CUTLASS call sites found no route for this fixture. The exact CUDA symbol is not yet pinned, so this is weaker than a direct dispatch trace."
aten_multilabel_margin_loss_backward_cpu,aten/src/ATen/native/LossMultiLabelMargin.cpp,multilabel_margin_loss_backward_out_frame,yes,NO_EXTERNAL_LIBRARY_CALL_FOUND,,CUDA_PATH_REVIEWED_NO_EXTERNAL_EVIDENCE,,,MEDIUM,"CUDA support is reported and the reverse audit of cuBLAS/cuDNN/cuSPARSE/cuSOLVER/cuFFT/CUB/Thrust/CUTLASS call sites found no route for this fixture. The exact CUDA symbol is not yet pinned, so this is weaker than a direct dispatch trace."
aten_multilabel_margin_loss_forward_cpu,aten/src/ATen/native/LossMultiLabelMargin.cpp,multilabel_margin_loss_forward_out_frame,yes,NO_EXTERNAL_LIBRARY_CALL_FOUND,,CUDA_PATH_REVIEWED_NO_EXTERNAL_EVIDENCE,,,MEDIUM,"CUDA support is reported and the reverse audit of cuBLAS/cuDNN/cuSPARSE/cuSOLVER/cuFFT/CUB/Thrust/CUTLASS call sites found no route for this fixture. The exact CUDA symbol is not yet pinned, so this is weaker than a direct dispatch trace."
aten_multinomial_with_replacement_cpu,aten/src/ATen/native/cpu/MultinomialKernel.cpp,multinomial_with_replacement_kernel_impl,yes,NO_EXTERNAL_LIBRARY_CALL_FOUND,,ATEN_CUDA_KERNEL,aten/src/ATen/native/cuda/MultinomialKernel.cu,multinomial_with_replacement_kernel_impl,HIGH,The exact CUDA dispatch counterpart is pinned and its implementation contains no computational external-library call. Header-only utility types such as thrust::pair are not counted as library algorithms.
aten_mv,aten/src/ATen/native/Blas.cpp,Tensor &mv_out,yes,EXTERNAL_LIBRARY,cuBLAS,LINKED_FIXED_LIBRARY,aten/src/ATen/native/cuda/Blas.cpp,at::cuda::blas::gemv,HIGH,Dense CUDA mv dispatches to GEMV.
aten_nan_to_num,aten/src/ATen/native/cpu/UnaryOpsKernel.cpp,nan_to_num_kernel,yes,NO_EXTERNAL_LIBRARY_CALL_FOUND,,ATEN_CUDA_KERNEL,aten/src/ATen/native/cuda/UnaryOpsKernel.cu,nan_to_num_kernel_cuda,HIGH,The exact CUDA dispatch counterpart is pinned and its implementation contains no computational external-library call. Header-only utility types such as thrust::pair are not counted as library algorithms.
aten_nansum_cpu,aten/src/ATen/native/cpu/SumKernel.cpp,nansum_kernel_impl,yes,NO_EXTERNAL_LIBRARY_CALL_FOUND,,ATEN_CUDA_KERNEL,aten/src/ATen/native/cuda/ReduceSumProdKernel.cu,nansum_kernel_cuda|sum_kernel_cuda,HIGH,The exact CUDA dispatch counterpart is pinned and its implementation contains no computational external-library call. Header-only utility types such as thrust::pair are not counted as library algorithms.
aten_narrow_copy_dense_cpu,aten/src/ATen/native/TensorShape.cpp,narrow_copy_dense_cpu_out,yes,NO_EXTERNAL_LIBRARY_CALL_FOUND,,CUDA_PATH_REVIEWED_NO_EXTERNAL_EVIDENCE,,,MEDIUM,"CUDA support is reported and the reverse audit of cuBLAS/cuDNN/cuSPARSE/cuSOLVER/cuFFT/CUB/Thrust/CUTLASS call sites found no route for this fixture. The exact CUDA symbol is not yet pinned, so this is weaker than a direct dispatch trace."
aten_ndtri,aten/src/ATen/native/cpu/UnaryOpsKernel.cpp,ndtri_kernel,yes,NO_EXTERNAL_LIBRARY_CALL_FOUND,,ATEN_CUDA_KERNEL,aten/src/ATen/native/cuda/UnarySpecialOpsKernel.cu,ndtri_kernel_cuda,HIGH,The exact CUDA dispatch counterpart is pinned and its implementation contains no computational external-library call. Header-only utility types such as thrust::pair are not counted as library algorithms.
aten_ne,aten/src/ATen/native/cpu/BinaryOpsKernel.cpp,ne_kernel,yes,NO_EXTERNAL_LIBRARY_CALL_FOUND,,ATEN_CUDA_KERNEL,aten/src/ATen/native/cuda/CompareEQKernel.cu,ne_kernel_cuda,HIGH,The exact CUDA dispatch counterpart is pinned and its implementation contains no computational external-library call. Header-only utility types such as thrust::pair are not counted as library algorithms.
aten_neg,aten/src/ATen/native/cpu/UnaryOpsKernel.cpp,neg_kernel,yes,NO_EXTERNAL_LIBRARY_CALL_FOUND,,ATEN_CUDA_KERNEL,aten/src/ATen/native/cuda/UnarySignKernels.cu,neg_kernel_cuda,HIGH,The exact CUDA dispatch counterpart is pinned and its implementation contains no computational external-library call. Header-only utility types such as thrust::pair are not counted as library algorithms.
aten_nested_all_cpu,aten/src/ATen/native/nested/NestedTensorMath.cpp,NestedTensor_all,no,NO_DIRECT_CUDA_COUNTERPART,,NO_DIRECT_CUDA_COUNTERPART,,,MEDIUM,The existing exhaustive CUDA-availability audit found no direct counterpart; a public ATen composition may still execute on CUDA.
aten_nested_batch_offsets_cpu,aten/src/ATen/native/nested/NestedTensorTransformerFunctions.cpp,NestedTensor_batch_offsets_from_size_tensor,no,NO_DIRECT_CUDA_COUNTERPART,,NO_DIRECT_CUDA_COUNTERPART,,,MEDIUM,The existing exhaustive CUDA-availability audit found no direct counterpart; a public ATen composition may still execute on CUDA.
aten_nested_bmm_cpu,aten/src/ATen/native/nested/NestedTensorMatmul.cpp,bmm_nested,no,EXTERNAL_LIBRARY,CUTLASS,TEMPLATE_GENERATED_LIBRARY,aten/src/ATen/native/nested/cuda/NestedTensorMatmul.cu,cutlass::gemm::device::GemmGrouped,HIGH,Nested CUDA bmm instantiates CUTLASS grouped GEMM kernels.
aten_nested_clone_cpu,aten/src/ATen/native/nested/NestedTensorFactories.cpp,clone_nested,yes,NO_EXTERNAL_LIBRARY_CALL_FOUND,,CUDA_PATH_REVIEWED_NO_EXTERNAL_EVIDENCE,,,MEDIUM,"CUDA support is reported and the reverse audit of cuBLAS/cuDNN/cuSPARSE/cuSOLVER/cuFFT/CUB/Thrust/CUTLASS call sites found no route for this fixture. The exact CUDA symbol is not yet pinned, so this is weaker than a direct dispatch trace."
aten_nested_from_padded_cpu,aten/src/ATen/native/nested/NestedTensorMath.cpp,nested_from_padded_generic,no,NO_DIRECT_CUDA_COUNTERPART,,NO_DIRECT_CUDA_COUNTERPART,,,MEDIUM,The existing exhaustive CUDA-availability audit found no direct counterpart; a public ATen composition may still execute on CUDA.
aten_nested_matmul_broadcast_cpu,aten/src/ATen/native/nested/NestedTensorMatmul.cpp,matmul_nested_with_broadcasted_dense,yes,EXTERNAL_LIBRARY,CUTLASS,ATEN_COMPOSITION,aten/src/ATen/native/nested/NestedTensorMatmul.cpp|aten/src/ATen/native/nested/cuda/NestedTensorMatmul.cu,bmm_nested_cuda,HIGH,The composite nested matmul route reaches CUTLASS grouped GEMM when it lowers to nested bmm.
aten_nested_pad_cpu,aten/src/ATen/native/nested/NestedTensorMath.cpp,pad_tensor_to_shape,no,NO_DIRECT_CUDA_COUNTERPART,,NO_DIRECT_CUDA_COUNTERPART,,,MEDIUM,The existing exhaustive CUDA-availability audit found no direct counterpart; a public ATen composition may still execute on CUDA.
aten_nested_select_cpu,aten/src/ATen/native/nested/NestedTensorMath.cpp,select_nested,yes,NO_EXTERNAL_LIBRARY_CALL_FOUND,,CUDA_PATH_REVIEWED_NO_EXTERNAL_EVIDENCE,,,MEDIUM,"CUDA support is reported and the reverse audit of cuBLAS/cuDNN/cuSPARSE/cuSOLVER/cuFFT/CUB/Thrust/CUTLASS call sites found no route for this fixture. The exact CUDA symbol is not yet pinned, so this is weaker than a direct dispatch trace."
aten_nested_softmax_backward_cpu,aten/src/ATen/native/nested/NestedTensorBackward.cpp,nested_softmax_backward,no,NO_DIRECT_CUDA_COUNTERPART,,NO_DIRECT_CUDA_COUNTERPART,,,MEDIUM,The existing exhaustive CUDA-availability audit found no direct counterpart; a public ATen composition may still execute on CUDA.
aten_nested_softmax_cpu,aten/src/ATen/native/nested/NestedTensorMath.cpp,softmax_nested,yes,NO_EXTERNAL_LIBRARY_CALL_FOUND,,CUDA_PATH_REVIEWED_NO_EXTERNAL_EVIDENCE,,,MEDIUM,"CUDA support is reported and the reverse audit of cuBLAS/cuDNN/cuSPARSE/cuSOLVER/cuFFT/CUB/Thrust/CUTLASS call sites found no route for this fixture. The exact CUDA symbol is not yet pinned, so this is weaker than a direct dispatch trace."
aten_nested_softmax_dropout_cpu,aten/src/ATen/native/nested/NestedTensorTransformerFunctions.cpp,NestedTensor_softmax_dropout,no,NO_DIRECT_CUDA_COUNTERPART,,NO_DIRECT_CUDA_COUNTERPART,,,MEDIUM,The existing exhaustive CUDA-availability audit found no direct counterpart; a public ATen composition may still execute on CUDA.
aten_nested_squeeze_cpu,aten/src/ATen/native/nested/NestedTensorMath.cpp,squeeze_dim_nested,yes,NO_EXTERNAL_LIBRARY_CALL_FOUND,,CUDA_PATH_REVIEWED_NO_EXTERNAL_EVIDENCE,,,MEDIUM,"CUDA support is reported and the reverse audit of cuBLAS/cuDNN/cuSPARSE/cuSOLVER/cuFFT/CUB/Thrust/CUTLASS call sites found no route for this fixture. The exact CUDA symbol is not yet pinned, so this is weaker than a direct dispatch trace."
aten_nested_sum_backward_cpu,aten/src/ATen/native/nested/NestedTensorBackward.cpp,_nested_sum_backward_cpu,no,NO_DIRECT_CUDA_COUNTERPART,,NO_DIRECT_CUDA_COUNTERPART,,,MEDIUM,The existing exhaustive CUDA-availability audit found no direct counterpart; a public ATen composition may still execute on CUDA.
aten_nested_sum_dim_cpu,aten/src/ATen/native/nested/NestedTensorMath.cpp,NestedTensor_sum_dim_CPU,no,NO_DIRECT_CUDA_COUNTERPART,,NO_DIRECT_CUDA_COUNTERPART,,,MEDIUM,The existing exhaustive CUDA-availability audit found no direct counterpart; a public ATen composition may still execute on CUDA.
aten_nested_to_mask_cpu,aten/src/ATen/native/nested/NestedTensorTransformerFunctions.cpp,NestedTensor_to_mask,no,NO_DIRECT_CUDA_COUNTERPART,,NO_DIRECT_CUDA_COUNTERPART,,,MEDIUM,The existing exhaustive CUDA-availability audit found no direct counterpart; a public ATen composition may still execute on CUDA.
aten_nested_to_padded_cpu,aten/src/ATen/native/nested/NestedTensorMath.cpp,NestedTensor_to_padded_tensor_generic,no,NO_DIRECT_CUDA_COUNTERPART,,NO_DIRECT_CUDA_COUNTERPART,,,MEDIUM,The existing exhaustive CUDA-availability audit found no direct counterpart; a public ATen composition may still execute on CUDA.
aten_nested_where_cpu,aten/src/ATen/native/nested/NestedTensorUnaryOps.cpp,NestedTensor_where,no,NO_DIRECT_CUDA_COUNTERPART,,NO_DIRECT_CUDA_COUNTERPART,,,MEDIUM,The existing exhaustive CUDA-availability audit found no direct counterpart; a public ATen composition may still execute on CUDA.
aten_nested_where_out_cpu,aten/src/ATen/native/nested/NestedTensorUnaryOps.cpp,NestedTensor_where_out,no,NO_DIRECT_CUDA_COUNTERPART,,NO_DIRECT_CUDA_COUNTERPART,,,MEDIUM,The existing exhaustive CUDA-availability audit found no direct counterpart; a public ATen composition may still execute on CUDA.
aten_nextafter,aten/src/ATen/native/cpu/BinaryOpsKernel.cpp,nextafter_kernel,yes,NO_EXTERNAL_LIBRARY_CALL_FOUND,,ATEN_CUDA_KERNEL,aten/src/ATen/native/cuda/StepKernel.cu,nextafter_kernel_cuda,HIGH,The exact CUDA dispatch counterpart is pinned and its implementation contains no computational external-library call. Header-only utility types such as thrust::pair are not counted as library algorithms.
aten_nll_loss2d_backward_cpu,aten/src/ATen/native/LossNLL2d.cpp,nll_loss2d_backward_out_frame,yes,NO_EXTERNAL_LIBRARY_CALL_FOUND,,CUDA_PATH_REVIEWED_NO_EXTERNAL_EVIDENCE,,,MEDIUM,"CUDA support is reported and the reverse audit of cuBLAS/cuDNN/cuSPARSE/cuSOLVER/cuFFT/CUB/Thrust/CUTLASS call sites found no route for this fixture. The exact CUDA symbol is not yet pinned, so this is weaker than a direct dispatch trace."
aten_nll_loss2d_forward_cpu,aten/src/ATen/native/LossNLL2d.cpp,nll_loss2d_forward_out_frame,yes,NO_EXTERNAL_LIBRARY_CALL_FOUND,,CUDA_PATH_REVIEWED_NO_EXTERNAL_EVIDENCE,,,MEDIUM,"CUDA support is reported and the reverse audit of cuBLAS/cuDNN/cuSPARSE/cuSOLVER/cuFFT/CUB/Thrust/CUTLASS call sites found no route for this fixture. The exact CUDA symbol is not yet pinned, so this is weaker than a direct dispatch trace."
aten_nll_loss_backward_cpu,aten/src/ATen/native/LossNLL.cpp,nll_loss_backward_out_frame,yes,NO_EXTERNAL_LIBRARY_CALL_FOUND,,CUDA_PATH_REVIEWED_NO_EXTERNAL_EVIDENCE,,,MEDIUM,"CUDA support is reported and the reverse audit of cuBLAS/cuDNN/cuSPARSE/cuSOLVER/cuFFT/CUB/Thrust/CUTLASS call sites found no route for this fixture. The exact CUDA symbol is not yet pinned, so this is weaker than a direct dispatch trace."
aten_nll_loss_forward_cpu,aten/src/ATen/native/LossNLL.cpp,nll_loss_out_frame,yes,NO_EXTERNAL_LIBRARY_CALL_FOUND,,CUDA_PATH_REVIEWED_NO_EXTERNAL_EVIDENCE,,,MEDIUM,"CUDA support is reported and the reverse audit of cuBLAS/cuDNN/cuSPARSE/cuSOLVER/cuFFT/CUB/Thrust/CUTLASS call sites found no route for this fixture. The exact CUDA symbol is not yet pinned, so this is weaker than a direct dispatch trace."
aten_nonzero_out_cpu,aten/src/ATen/native/TensorAdvancedIndexing.cpp,nonzero_out_cpu,yes,EXTERNAL_LIBRARY,CUB,MIXED_EXTERNAL_AND_ATEN_KERNELS,aten/src/ATen/native/cuda/Nonzero.cu,cub::DeviceReduce::Sum|cub::DeviceSelect::Flagged,HIGH,ATen kernels form flags/indices around CUB selection and reduction primitives.
aten_norm_cpu,aten/src/ATen/native/cpu/ReduceOpsKernel.cpp,norm_kernel_tensor_iterator_impl,yes,NO_EXTERNAL_LIBRARY_CALL_FOUND,,ATEN_CUDA_KERNEL,aten/src/ATen/native/cuda/ReduceOps.cpp,norm_kernel_cuda,HIGH,The exact CUDA dispatch counterpart is pinned and its implementation contains no computational external-library call. Header-only utility types such as thrust::pair are not counted as library algorithms.
aten_normal_cpu,aten/src/ATen/native/cpu/DistributionKernels.cpp,normal_kernel,yes,NO_EXTERNAL_LIBRARY_CALL_FOUND,,ATEN_CUDA_KERNEL,aten/src/ATen/native/cuda/DistributionLogNormalKernel.cu|aten/src/ATen/native/cuda/DistributionNormal.cu,log_normal_kernel|normal_kernel,HIGH,The exact CUDA dispatch counterpart is pinned and its implementation contains no computational external-library call. Header-only utility types such as thrust::pair are not counted as library algorithms.
aten_or_reduce_cpu,aten/src/ATen/native/cpu/ReduceOpsKernel.cpp,or_kernel_impl,yes,NO_EXTERNAL_LIBRARY_CALL_FOUND,,ATEN_CUDA_KERNEL,aten/src/ATen/native/cuda/ReduceLogicKernel.cu,or_kernel_cuda,HIGH,The exact CUDA dispatch counterpart is pinned and its implementation contains no computational external-library call. Header-only utility types such as thrust::pair are not counted as library algorithms.
aten_outer,aten/src/ATen/native/LinearAlgebra.cpp,outer,yes,NO_EXTERNAL_LIBRARY_CALL_FOUND,,CUDA_PATH_REVIEWED_NO_EXTERNAL_EVIDENCE,,,MEDIUM,"CUDA support is reported and the reverse audit of cuBLAS/cuDNN/cuSPARSE/cuSOLVER/cuFFT/CUB/Thrust/CUTLASS call sites found no route for this fixture. The exact CUDA symbol is not yet pinned, so this is weaker than a direct dispatch trace."
aten_padded_to_jagged_cpu,aten/src/ATen/native/nested/NestedTensorTransformerFunctions.cpp,_padded_dense_to_jagged_forward_cpu,yes,NO_EXTERNAL_LIBRARY_CALL_FOUND,,CUDA_PATH_REVIEWED_NO_EXTERNAL_EVIDENCE,,,MEDIUM,"CUDA support is reported and the reverse audit of cuBLAS/cuDNN/cuSPARSE/cuSOLVER/cuFFT/CUB/Thrust/CUTLASS call sites found no route for this fixture. The exact CUDA symbol is not yet pinned, so this is weaker than a direct dispatch trace."
aten_pdist_backward_cpu,aten/src/ATen/native/cpu/DistanceOpsKernel.cpp,pdist_backward_kernel_impl,yes,NO_EXTERNAL_LIBRARY_CALL_FOUND,,ATEN_CUDA_KERNEL,aten/src/ATen/native/cuda/DistanceKernel.cu,pdist_backward_kernel_impl,HIGH,The exact CUDA dispatch counterpart is pinned and its implementation contains no computational external-library call. Header-only utility types such as thrust::pair are not counted as library algorithms.
aten_pdist_forward_cpu,aten/src/ATen/native/cpu/DistanceOpsKernel.cpp,pdist_forward_kernel_impl,yes,NO_EXTERNAL_LIBRARY_CALL_FOUND,,ATEN_CUDA_KERNEL,aten/src/ATen/native/cuda/DistanceKernel.cu,pdist_forward_kernel_impl,HIGH,The exact CUDA dispatch counterpart is pinned and its implementation contains no computational external-library call. Header-only utility types such as thrust::pair are not counted as library algorithms.
aten_permute_sparse_coo_cpu,aten/src/ATen/native/TensorShape.cpp,permute_sparse_coo,yes,NO_EXTERNAL_LIBRARY_CALL_FOUND,,CUDA_PATH_REVIEWED_NO_EXTERNAL_EVIDENCE,,,MEDIUM,"CUDA support is reported and the reverse audit of cuBLAS/cuDNN/cuSPARSE/cuSOLVER/cuFFT/CUB/Thrust/CUTLASS call sites found no route for this fixture. The exact CUDA symbol is not yet pinned, so this is weaker than a direct dispatch trace."
aten_pixel_shuffle,aten/src/ATen/native/PixelShuffle.cpp,pixel_shuffle,yes,NO_EXTERNAL_LIBRARY_CALL_FOUND,,CUDA_PATH_REVIEWED_NO_EXTERNAL_EVIDENCE,,,MEDIUM,"CUDA support is reported and the reverse audit of cuBLAS/cuDNN/cuSPARSE/cuSOLVER/cuFFT/CUB/Thrust/CUTLASS call sites found no route for this fixture. The exact CUDA symbol is not yet pinned, so this is weaker than a direct dispatch trace."
aten_pixel_shuffle_cpu_backend,aten/src/ATen/native/cpu/PixelShuffleKernel.cpp,pixel_shuffle_kernel_impl,yes,NO_EXTERNAL_LIBRARY_CALL_FOUND,,CUDA_PATH_REVIEWED_NO_EXTERNAL_EVIDENCE,,,MEDIUM,"CUDA support is reported and the reverse audit of cuBLAS/cuDNN/cuSPARSE/cuSOLVER/cuFFT/CUB/Thrust/CUTLASS call sites found no route for this fixture. The exact CUDA symbol is not yet pinned, so this is weaker than a direct dispatch trace."
aten_pixel_unshuffle_cpu_backend,aten/src/ATen/native/cpu/PixelShuffleKernel.cpp,pixel_unshuffle_kernel_impl,yes,NO_EXTERNAL_LIBRARY_CALL_FOUND,,CUDA_PATH_REVIEWED_NO_EXTERNAL_EVIDENCE,,,MEDIUM,"CUDA support is reported and the reverse audit of cuBLAS/cuDNN/cuSPARSE/cuSOLVER/cuFFT/CUB/Thrust/CUTLASS call sites found no route for this fixture. The exact CUDA symbol is not yet pinned, so this is weaker than a direct dispatch trace."
aten_poisson_transform_cpu,aten/src/ATen/native/Distributions.cpp,_s_poisson_cpu,yes,NO_EXTERNAL_LIBRARY_CALL_FOUND,,CUDA_PATH_REVIEWED_NO_EXTERNAL_EVIDENCE,,,MEDIUM,"CUDA support is reported and the reverse audit of cuBLAS/cuDNN/cuSPARSE/cuSOLVER/cuFFT/CUB/Thrust/CUTLASS call sites found no route for this fixture. The exact CUDA symbol is not yet pinned, so this is weaker than a direct dispatch trace."
aten_polar_scalarized,aten/src/ATen/native/cpu/ComplexKernel.cpp,polar_kernel,yes,NO_EXTERNAL_LIBRARY_CALL_FOUND,,ATEN_CUDA_KERNEL,aten/src/ATen/native/cuda/ComplexKernel.cu,polar_kernel_cuda,HIGH,The exact CUDA dispatch counterpart is pinned and its implementation contains no computational external-library call. Header-only utility types such as thrust::pair are not counted as library algorithms.
aten_polygamma,aten/src/ATen/native/cpu/UnaryOpsKernel.cpp,polygamma_kernel,yes,NO_EXTERNAL_LIBRARY_CALL_FOUND,,ATEN_CUDA_KERNEL,aten/src/ATen/native/cuda/UnaryGammaKernels.cu,polygamma_kernel_cuda,HIGH,The exact CUDA dispatch counterpart is pinned and its implementation contains no computational external-library call. Header-only utility types such as thrust::pair are not counted as library algorithms.
aten_pow,aten/src/ATen/native/cpu/PowKernel.cpp,pow_tensor_tensor_kernel,yes,NO_EXTERNAL_LIBRARY_CALL_FOUND,,ATEN_CUDA_KERNEL,aten/src/ATen/native/cuda/PowKernel.cu,pow_tensor_tensor_kernel,HIGH,The exact CUDA dispatch counterpart is pinned and its implementation contains no computational external-library call. Header-only utility types such as thrust::pair are not counted as library algorithms.
aten_pow_tensor_scalar,aten/src/ATen/native/cpu/PowKernel.cpp,pow_tensor_scalar_kernel,yes,NO_EXTERNAL_LIBRARY_CALL_FOUND,,ATEN_CUDA_KERNEL,aten/src/ATen/native/cuda/PowKernel.cu,pow_tensor_scalar_kernel,HIGH,The exact CUDA dispatch counterpart is pinned and its implementation contains no computational external-library call. Header-only utility types such as thrust::pair are not counted as library algorithms.
aten_powsum_cpu,aten/src/ATen/native/cpu/ReduceOpsKernel.cpp,powsum_kernel_tensor_iterator_impl,yes,NO_EXTERNAL_LIBRARY_CALL_FOUND,,ATEN_CUDA_KERNEL,aten/src/ATen/native/cuda/ReduceOps.cpp,powsum_kernel_cuda,HIGH,The exact CUDA dispatch counterpart is pinned and its implementation contains no computational external-library call. Header-only utility types such as thrust::pair are not counted as library algorithms.
aten_prod,aten/src/ATen/native/cpu/ReduceOpsKernel.cpp,prod_kernel,yes,NO_EXTERNAL_LIBRARY_CALL_FOUND,,ATEN_CUDA_KERNEL,aten/src/ATen/native/cuda/ReduceSumProdKernel.cu,prod_kernel_cuda,HIGH,The exact CUDA dispatch counterpart is pinned and its implementation contains no computational external-library call. Header-only utility types such as thrust::pair are not counted as library algorithms.
aten_put_cpu,aten/src/ATen/native/cpu/IndexKernel.cpp,put_kernel,yes,NO_EXTERNAL_LIBRARY_CALL_FOUND,,ATEN_CUDA_KERNEL,aten/src/ATen/native/cuda/IndexKernel.cu,index_put_kernel|put_kernel,HIGH,The exact CUDA dispatch counterpart is pinned and its implementation contains no computational external-library call. Header-only utility types such as thrust::pair are not counted as library algorithms.
aten_quant_col_offsets_cpu,aten/src/ATen/native/QuantizedLinear.cpp,CalcColOffsetsTranspose,no,NO_DIRECT_CUDA_COUNTERPART,,NO_DIRECT_CUDA_COUNTERPART,,,MEDIUM,The existing exhaustive CUDA-availability audit found no direct counterpart; a public ATen composition may still execute on CUDA.
aten_quant_saturation_cpu,aten/src/ATen/native/QuantizedLinear.cpp,HandleWeightsSaturation,no,NO_DIRECT_CUDA_COUNTERPART,,NO_DIRECT_CUDA_COUNTERPART,,,MEDIUM,The existing exhaustive CUDA-availability audit found no direct counterpart; a public ATen composition may still execute on CUDA.
aten_quick_select_cpu,aten/src/ATen/native/Sorting.cpp,quick_select_template,no,NO_DIRECT_CUDA_COUNTERPART,,NO_DIRECT_CUDA_COUNTERPART,,,MEDIUM,The existing exhaustive CUDA-availability audit found no direct counterpart; a public ATen composition may still execute on CUDA.
aten_random_cpu,aten/src/ATen/native/cpu/DistributionKernels.cpp,random_kernel,yes,NO_EXTERNAL_LIBRARY_CALL_FOUND,,ATEN_CUDA_KERNEL,aten/src/ATen/native/cuda/DistributionRandomKernel.cu,random_kernel,HIGH,The exact CUDA dispatch counterpart is pinned and its implementation contains no computational external-library call. Header-only utility types such as thrust::pair are not counted as library algorithms.
aten_random_from_to_cpu,aten/src/ATen/native/cpu/DistributionKernels.cpp,random_from_to_kernel,yes,NO_EXTERNAL_LIBRARY_CALL_FOUND,,ATEN_CUDA_KERNEL,aten/src/ATen/native/cuda/DistributionRandomKernel.cu,random_from_to_kernel,HIGH,The exact CUDA dispatch counterpart is pinned and its implementation contains no computational external-library call. Header-only utility types such as thrust::pair are not counted as library algorithms.
aten_random_full_64_bits_range_cpu,aten/src/ATen/native/cpu/DistributionKernels.cpp,random_full_64_bits_range_kernel,yes,NO_EXTERNAL_LIBRARY_CALL_FOUND,,ATEN_CUDA_KERNEL,aten/src/ATen/native/cuda/DistributionRandomKernel.cu,random_full_64_bits_range_kernel,HIGH,The exact CUDA dispatch counterpart is pinned and its implementation contains no computational external-library call. Header-only utility types such as thrust::pair are not counted as library algorithms.
aten_randperm_cpu,aten/src/ATen/native/TensorFactories.cpp,randperm_cpu,yes,EXTERNAL_LIBRARY,CUB,MIXED_EXTERNAL_AND_ATEN_KERNELS,aten/src/ATen/native/cuda/Randperm.cu,cuda::cub::radix_sort_pairs,HIGH,ATen generates random keys and uses CUB radix sort to form the permutation.
aten_range_out_cpu,aten/src/ATen/native/RangeFactories.cpp,range_out,yes,NO_EXTERNAL_LIBRARY_CALL_FOUND,,CUDA_PATH_REVIEWED_NO_EXTERNAL_EVIDENCE,,,MEDIUM,"CUDA support is reported and the reverse audit of cuBLAS/cuDNN/cuSPARSE/cuSOLVER/cuFFT/CUB/Thrust/CUTLASS call sites found no route for this fixture. The exact CUDA symbol is not yet pinned, so this is weaker than a direct dispatch trace."
aten_reciprocal,aten/src/ATen/native/cpu/UnaryOpsKernel.cpp,reciprocal_kernel,yes,NO_EXTERNAL_LIBRARY_CALL_FOUND,,ATEN_CUDA_KERNEL,aten/src/ATen/native/cuda/UnaryFractionKernels.cu,reciprocal_kernel_cuda,HIGH,The exact CUDA dispatch counterpart is pinned and its implementation contains no computational external-library call. Header-only utility types such as thrust::pair are not counted as library algorithms.
aten_reflect_conj_tri_cpu,aten/src/ATen/native/BatchLinearAlgebraKernel.cpp,apply_reflect_conj_tri_single,no,NO_DIRECT_CUDA_COUNTERPART,,NO_DIRECT_CUDA_COUNTERPART,,,MEDIUM,The existing exhaustive CUDA-availability audit found no direct counterpart; a public ATen composition may still execute on CUDA.
aten_reflection_pad1d_backward_cpu,aten/src/ATen/native/cpu/PaddingKernel.cpp,reflection_pad1d_backward_kernel_impl,yes,NO_EXTERNAL_LIBRARY_CALL_FOUND,,CUDA_PATH_REVIEWED_NO_EXTERNAL_EVIDENCE,,,MEDIUM,"CUDA support is reported and the reverse audit of cuBLAS/cuDNN/cuSPARSE/cuSOLVER/cuFFT/CUB/Thrust/CUTLASS call sites found no route for this fixture. The exact CUDA symbol is not yet pinned, so this is weaker than a direct dispatch trace."
aten_reflection_pad1d_cpu,aten/src/ATen/native/cpu/PaddingKernel.cpp,reflection_pad1d_kernel_impl,yes,NO_EXTERNAL_LIBRARY_CALL_FOUND,,CUDA_PATH_REVIEWED_NO_EXTERNAL_EVIDENCE,,,MEDIUM,"CUDA support is reported and the reverse audit of cuBLAS/cuDNN/cuSPARSE/cuSOLVER/cuFFT/CUB/Thrust/CUTLASS call sites found no route for this fixture. The exact CUDA symbol is not yet pinned, so this is weaker than a direct dispatch trace."
aten_reflection_pad2d,aten/src/ATen/native/ReflectionPad.cpp,reflection_pad2d,yes,NO_EXTERNAL_LIBRARY_CALL_FOUND,,CUDA_PATH_REVIEWED_NO_EXTERNAL_EVIDENCE,,,MEDIUM,"CUDA support is reported and the reverse audit of cuBLAS/cuDNN/cuSPARSE/cuSOLVER/cuFFT/CUB/Thrust/CUTLASS call sites found no route for this fixture. The exact CUDA symbol is not yet pinned, so this is weaker than a direct dispatch trace."
aten_reflection_pad2d_backward_cpu,aten/src/ATen/native/cpu/PaddingKernel.cpp,reflection_pad2d_backward_kernel_impl,yes,NO_EXTERNAL_LIBRARY_CALL_FOUND,,CUDA_PATH_REVIEWED_NO_EXTERNAL_EVIDENCE,,,MEDIUM,"CUDA support is reported and the reverse audit of cuBLAS/cuDNN/cuSPARSE/cuSOLVER/cuFFT/CUB/Thrust/CUTLASS call sites found no route for this fixture. The exact CUDA symbol is not yet pinned, so this is weaker than a direct dispatch trace."
aten_reflection_pad2d_cpu,aten/src/ATen/native/cpu/PaddingKernel.cpp,reflection_pad2d_kernel_impl,yes,NO_EXTERNAL_LIBRARY_CALL_FOUND,,CUDA_PATH_REVIEWED_NO_EXTERNAL_EVIDENCE,,,MEDIUM,"CUDA support is reported and the reverse audit of cuBLAS/cuDNN/cuSPARSE/cuSOLVER/cuFFT/CUB/Thrust/CUTLASS call sites found no route for this fixture. The exact CUDA symbol is not yet pinned, so this is weaker than a direct dispatch trace."
aten_reflection_pad3d_backward_cpu,aten/src/ATen/native/cpu/PaddingKernel.cpp,reflection_pad3d_backward_kernel_impl,yes,NO_EXTERNAL_LIBRARY_CALL_FOUND,,CUDA_PATH_REVIEWED_NO_EXTERNAL_EVIDENCE,,,MEDIUM,"CUDA support is reported and the reverse audit of cuBLAS/cuDNN/cuSPARSE/cuSOLVER/cuFFT/CUB/Thrust/CUTLASS call sites found no route for this fixture. The exact CUDA symbol is not yet pinned, so this is weaker than a direct dispatch trace."
aten_reflection_pad3d_cpu,aten/src/ATen/native/cpu/PaddingKernel.cpp,reflection_pad3d_kernel_impl,yes,NO_EXTERNAL_LIBRARY_CALL_FOUND,,CUDA_PATH_REVIEWED_NO_EXTERNAL_EVIDENCE,,,MEDIUM,"CUDA support is reported and the reverse audit of cuBLAS/cuDNN/cuSPARSE/cuSOLVER/cuFFT/CUB/Thrust/CUTLASS call sites found no route for this fixture. The exact CUDA symbol is not yet pinned, so this is weaker than a direct dispatch trace."
aten_relu,aten/src/ATen/native/Activation.cpp,relu,yes,NO_EXTERNAL_LIBRARY_CALL_FOUND,,CUDA_PATH_REVIEWED_NO_EXTERNAL_EVIDENCE,,,MEDIUM,"CUDA support is reported and the reverse audit of cuBLAS/cuDNN/cuSPARSE/cuSOLVER/cuFFT/CUB/Thrust/CUTLASS call sites found no route for this fixture. The exact CUDA symbol is not yet pinned, so this is weaker than a direct dispatch trace."
aten_remainder,aten/src/ATen/native/cpu/BinaryOpsKernel.cpp,remainder_kernel,yes,NO_EXTERNAL_LIBRARY_CALL_FOUND,,ATEN_CUDA_KERNEL,aten/src/ATen/native/cuda/BinaryRemainderKernel.cu,remainder_kernel_cuda,HIGH,The exact CUDA dispatch counterpart is pinned and its implementation contains no computational external-library call. Header-only utility types such as thrust::pair are not counted as library algorithms.
aten_renorm_scale_factor,aten/src/ATen/native/cpu/RenormKernel.cpp,renorm_scale_factor_impl,yes,NO_EXTERNAL_LIBRARY_CALL_FOUND,,ATEN_CUDA_KERNEL,aten/src/ATen/native/cuda/RenormKernel.cu,renorm_scale_factor_impl,HIGH,The exact CUDA dispatch counterpart is pinned and its implementation contains no computational external-library call. Header-only utility types such as thrust::pair are not counted as library algorithms.
aten_repeat_compute_cpu,aten/src/ATen/native/Repeat.cpp,compute_cpu,yes,NO_EXTERNAL_LIBRARY_CALL_FOUND,,CUDA_PATH_REVIEWED_NO_EXTERNAL_EVIDENCE,,,MEDIUM,"CUDA support is reported and the reverse audit of cuBLAS/cuDNN/cuSPARSE/cuSOLVER/cuFFT/CUB/Thrust/CUTLASS call sites found no route for this fixture. The exact CUDA symbol is not yet pinned, so this is weaker than a direct dispatch trace."
aten_repeat_tensor_shape_cpu,aten/src/ATen/native/TensorShape.cpp,repeat,yes,NO_EXTERNAL_LIBRARY_CALL_FOUND,,CUDA_PATH_REVIEWED_NO_EXTERNAL_EVIDENCE,,,MEDIUM,"CUDA support is reported and the reverse audit of cuBLAS/cuDNN/cuSPARSE/cuSOLVER/cuFFT/CUB/Thrust/CUTLASS call sites found no route for this fixture. The exact CUDA symbol is not yet pinned, so this is weaker than a direct dispatch trace."
aten_replication_pad1d_backward_cpu,aten/src/ATen/native/cpu/PaddingKernel.cpp,replication_pad1d_backward_kernel_impl,yes,NO_EXTERNAL_LIBRARY_CALL_FOUND,,CUDA_PATH_REVIEWED_NO_EXTERNAL_EVIDENCE,,,MEDIUM,"CUDA support is reported and the reverse audit of cuBLAS/cuDNN/cuSPARSE/cuSOLVER/cuFFT/CUB/Thrust/CUTLASS call sites found no route for this fixture. The exact CUDA symbol is not yet pinned, so this is weaker than a direct dispatch trace."
aten_replication_pad1d_cpu,aten/src/ATen/native/cpu/PaddingKernel.cpp,replication_pad1d_kernel_impl,yes,NO_EXTERNAL_LIBRARY_CALL_FOUND,,CUDA_PATH_REVIEWED_NO_EXTERNAL_EVIDENCE,,,MEDIUM,"CUDA support is reported and the reverse audit of cuBLAS/cuDNN/cuSPARSE/cuSOLVER/cuFFT/CUB/Thrust/CUTLASS call sites found no route for this fixture. The exact CUDA symbol is not yet pinned, so this is weaker than a direct dispatch trace."
aten_replication_pad2d,aten/src/ATen/native/ReplicationPadding.cpp,replication_pad2d,yes,NO_EXTERNAL_LIBRARY_CALL_FOUND,,CUDA_PATH_REVIEWED_NO_EXTERNAL_EVIDENCE,,,MEDIUM,"CUDA support is reported and the reverse audit of cuBLAS/cuDNN/cuSPARSE/cuSOLVER/cuFFT/CUB/Thrust/CUTLASS call sites found no route for this fixture. The exact CUDA symbol is not yet pinned, so this is weaker than a direct dispatch trace."
aten_replication_pad2d_backward_cpu,aten/src/ATen/native/cpu/PaddingKernel.cpp,replication_pad2d_backward_kernel_impl,yes,NO_EXTERNAL_LIBRARY_CALL_FOUND,,CUDA_PATH_REVIEWED_NO_EXTERNAL_EVIDENCE,,,MEDIUM,"CUDA support is reported and the reverse audit of cuBLAS/cuDNN/cuSPARSE/cuSOLVER/cuFFT/CUB/Thrust/CUTLASS call sites found no route for this fixture. The exact CUDA symbol is not yet pinned, so this is weaker than a direct dispatch trace."
aten_replication_pad2d_cpu,aten/src/ATen/native/cpu/PaddingKernel.cpp,replication_pad2d_kernel_impl,yes,NO_EXTERNAL_LIBRARY_CALL_FOUND,,CUDA_PATH_REVIEWED_NO_EXTERNAL_EVIDENCE,,,MEDIUM,"CUDA support is reported and the reverse audit of cuBLAS/cuDNN/cuSPARSE/cuSOLVER/cuFFT/CUB/Thrust/CUTLASS call sites found no route for this fixture. The exact CUDA symbol is not yet pinned, so this is weaker than a direct dispatch trace."
aten_replication_pad3d_backward_cpu,aten/src/ATen/native/cpu/PaddingKernel.cpp,replication_pad3d_backward_kernel_impl,yes,NO_EXTERNAL_LIBRARY_CALL_FOUND,,CUDA_PATH_REVIEWED_NO_EXTERNAL_EVIDENCE,,,MEDIUM,"CUDA support is reported and the reverse audit of cuBLAS/cuDNN/cuSPARSE/cuSOLVER/cuFFT/CUB/Thrust/CUTLASS call sites found no route for this fixture. The exact CUDA symbol is not yet pinned, so this is weaker than a direct dispatch trace."
aten_replication_pad3d_cpu,aten/src/ATen/native/cpu/PaddingKernel.cpp,replication_pad3d_kernel_impl,yes,NO_EXTERNAL_LIBRARY_CALL_FOUND,,CUDA_PATH_REVIEWED_NO_EXTERNAL_EVIDENCE,,,MEDIUM,"CUDA support is reported and the reverse audit of cuBLAS/cuDNN/cuSPARSE/cuSOLVER/cuFFT/CUB/Thrust/CUTLASS call sites found no route for this fixture. The exact CUDA symbol is not yet pinned, so this is weaker than a direct dispatch trace."
aten_rms_norm,aten/src/ATen/native/layer_norm.cpp,rms_norm_composite,yes,NO_EXTERNAL_LIBRARY_CALL_FOUND,,CUDA_PATH_REVIEWED_NO_EXTERNAL_EVIDENCE,,,MEDIUM,"CUDA support is reported and the reverse audit of cuBLAS/cuDNN/cuSPARSE/cuSOLVER/cuFFT/CUB/Thrust/CUTLASS call sites found no route for this fixture. The exact CUDA symbol is not yet pinned, so this is weaker than a direct dispatch trace."
aten_round,aten/src/ATen/native/cpu/UnaryOpsKernel.cpp,round_kernel,yes,NO_EXTERNAL_LIBRARY_CALL_FOUND,,ATEN_CUDA_KERNEL,aten/src/ATen/native/cuda/UnaryFractionKernels.cu,round_kernel_cuda,HIGH,The exact CUDA dispatch counterpart is pinned and its implementation contains no computational external-library call. Header-only utility types such as thrust::pair are not counted as library algorithms.
aten_round_decimals,aten/src/ATen/native/cpu/UnaryOpsKernel.cpp,round_decimals_kernel,yes,NO_EXTERNAL_LIBRARY_CALL_FOUND,,ATEN_CUDA_KERNEL,aten/src/ATen/native/cuda/UnaryFractionKernels.cu,round_decimals_kernel_cuda,HIGH,The exact CUDA dispatch counterpart is pinned and its implementation contains no computational external-library call. Header-only utility types such as thrust::pair are not counted as library algorithms.
aten_rowwise_prune_cpu,aten/src/ATen/native/RowwisePrune.cpp,_rowwise_prune_helper,no,NO_DIRECT_CUDA_COUNTERPART,,NO_DIRECT_CUDA_COUNTERPART,,,MEDIUM,The existing exhaustive CUDA-availability audit found no direct counterpart; a public ATen composition may still execute on CUDA.
aten_rshift_i32,aten/src/ATen/native/cpu/BinaryOpsKernel.cpp,rshift_kernel,yes,NO_EXTERNAL_LIBRARY_CALL_FOUND,,ATEN_CUDA_KERNEL,aten/src/ATen/native/cuda/BinaryShiftOpsKernels.cu,rshift_kernel_cuda,HIGH,The exact CUDA dispatch counterpart is pinned and its implementation contains no computational external-library call. Header-only utility types such as thrust::pair are not counted as library algorithms.
aten_rsqrt,aten/src/ATen/native/cpu/UnaryOpsKernel.cpp,rsqrt_kernel,yes,NO_EXTERNAL_LIBRARY_CALL_FOUND,,ATEN_CUDA_KERNEL,aten/src/ATen/native/cuda/UnaryOpsKernel.cu,rsqrt_kernel_cuda|sqrt_kernel_cuda,HIGH,The exact CUDA dispatch counterpart is pinned and its implementation contains no computational external-library call. Header-only utility types such as thrust::pair are not counted as library algorithms.
aten_sample_poisson_transform_cpu,aten/src/ATen/native/Distributions.cpp,sample_poisson,no,NO_DIRECT_CUDA_COUNTERPART,,NO_DIRECT_CUDA_COUNTERPART,,,MEDIUM,The existing exhaustive CUDA-availability audit found no direct counterpart; a public ATen composition may still execute on CUDA.
aten_sampled_addmm_sparse_csr_cpu,aten/src/ATen/native/cpu/SampledAddmmKernel.cpp,sampled_addmm_sparse_csr_kernel,no,EXTERNAL_LIBRARY,cuSPARSE,LINKED_FIXED_LIBRARY,aten/src/ATen/native/sparse/cuda/SparseBlasImpl.cpp,cusparseSDDMM,HIGH,The SparseCsrCUDA implementation delegates sampled dense-dense multiplication to cuSPARSE SDDMM.
aten_scaled_modified_bessel_k0,aten/src/ATen/native/cpu/scaled_modified_bessel_k0.cpp,scaled_modified_bessel_k0_kernel,yes,NO_EXTERNAL_LIBRARY_CALL_FOUND,,ATEN_CUDA_KERNEL,aten/src/ATen/native/cuda/scaled_modified_bessel_k0.cu,scaled_modified_bessel_k0_kernel_cuda,HIGH,The exact CUDA dispatch counterpart is pinned and its implementation contains no computational external-library call. Header-only utility types such as thrust::pair are not counted as library algorithms.
aten_scaled_modified_bessel_k1,aten/src/ATen/native/cpu/scaled_modified_bessel_k1.cpp,scaled_modified_bessel_k1_kernel,yes,NO_EXTERNAL_LIBRARY_CALL_FOUND,,ATEN_CUDA_KERNEL,aten/src/ATen/native/cuda/scaled_modified_bessel_k1.cu,scaled_modified_bessel_k1_kernel_cuda,HIGH,The exact CUDA dispatch counterpart is pinned and its implementation contains no computational external-library call. Header-only utility types such as thrust::pair are not counted as library algorithms.
aten_scatter_add_cpu,aten/src/ATen/native/cpu/ScatterGatherKernel.cpp,scatter_add_cpu_kernel,yes,NO_EXTERNAL_LIBRARY_CALL_FOUND,,ATEN_CUDA_KERNEL,aten/src/ATen/native/cuda/ScatterGatherKernel.cu,scatter_add_cuda_kernel,HIGH,The exact CUDA dispatch counterpart is pinned and its implementation contains no computational external-library call. Header-only utility types such as thrust::pair are not counted as library algorithms.
aten_scatter_add_expanded_index_cpu,aten/src/ATen/native/cpu/ScatterGatherKernel.cpp,scatter_add_expanded_index_kernel,yes,NO_EXTERNAL_LIBRARY_CALL_FOUND,,CUDA_PATH_REVIEWED_NO_EXTERNAL_EVIDENCE,,,MEDIUM,"CUDA support is reported and the reverse audit of cuBLAS/cuDNN/cuSPARSE/cuSOLVER/cuFFT/CUB/Thrust/CUTLASS call sites found no route for this fixture. The exact CUDA symbol is not yet pinned, so this is weaker than a direct dispatch trace."
aten_scatter_cpu,aten/src/ATen/native/cpu/ScatterGatherKernel.cpp,scatter_cpu_kernel,yes,NO_EXTERNAL_LIBRARY_CALL_FOUND,,ATEN_CUDA_KERNEL,aten/src/ATen/native/cuda/ScatterGatherKernel.cu,scatter_cuda_kernel,HIGH,The exact CUDA dispatch counterpart is pinned and its implementation contains no computational external-library call. Header-only utility types such as thrust::pair are not counted as library algorithms.
aten_scatter_fill_cpu,aten/src/ATen/native/cpu/ScatterGatherKernel.cpp,scatter_fill_cpu_kernel,yes,NO_EXTERNAL_LIBRARY_CALL_FOUND,,ATEN_CUDA_KERNEL,aten/src/ATen/native/cuda/ScatterGatherKernel.cu,scatter_fill_cuda_kernel,HIGH,The exact CUDA dispatch counterpart is pinned and its implementation contains no computational external-library call. Header-only utility types such as thrust::pair are not counted as library algorithms.
aten_scatter_reduce_cpu,aten/src/ATen/native/cpu/ScatterGatherKernel.cpp,scatter_reduce_cpu_kernel,yes,NO_EXTERNAL_LIBRARY_CALL_FOUND,,ATEN_CUDA_KERNEL,aten/src/ATen/native/cuda/ScatterGatherKernel.cu,scatter_reduce_cuda_kernel,HIGH,The exact CUDA dispatch counterpart is pinned and its implementation contains no computational external-library call. Header-only utility types such as thrust::pair are not counted as library algorithms.
aten_scatter_reduce_expanded_index_cpu,aten/src/ATen/native/cpu/ScatterGatherKernel.cpp,scatter_reduce_expanded_index_kernel,yes,NO_EXTERNAL_LIBRARY_CALL_FOUND,,CUDA_PATH_REVIEWED_NO_EXTERNAL_EVIDENCE,,,MEDIUM,"CUDA support is reported and the reverse audit of cuBLAS/cuDNN/cuSPARSE/cuSOLVER/cuFFT/CUB/Thrust/CUTLASS call sites found no route for this fixture. The exact CUDA symbol is not yet pinned, so this is weaker than a direct dispatch trace."
aten_scatter_reduce_two_cpu,aten/src/ATen/native/cpu/ScatterGatherKernel.cpp,scatter_reduce_two_cpu_kernel,yes,NO_EXTERNAL_LIBRARY_CALL_FOUND,,ATEN_CUDA_KERNEL,aten/src/ATen/native/cuda/ScatterGatherKernel.cu,scatter_reduce_two_cuda_kernel,HIGH,The exact CUDA dispatch counterpart is pinned and its implementation contains no computational external-library call. Header-only utility types such as thrust::pair are not counted as library algorithms.
aten_scatter_scalar_reduce_cpu,aten/src/ATen/native/cpu/ScatterGatherKernel.cpp,scatter_scalar_reduce_cpu_kernel,yes,NO_EXTERNAL_LIBRARY_CALL_FOUND,,ATEN_CUDA_KERNEL,aten/src/ATen/native/cuda/ScatterGatherKernel.cu,scatter_scalar_reduce_cuda_kernel,HIGH,The exact CUDA dispatch counterpart is pinned and its implementation contains no computational external-library call. Header-only utility types such as thrust::pair are not counted as library algorithms.
aten_searchsorted_cpu,aten/src/ATen/native/Bucketization.cpp,searchsorted_cpu_contiguous,yes,NO_EXTERNAL_LIBRARY_CALL_FOUND,,CUDA_PATH_REVIEWED_NO_EXTERNAL_EVIDENCE,,,MEDIUM,"CUDA support is reported and the reverse audit of cuBLAS/cuDNN/cuSPARSE/cuSOLVER/cuFFT/CUB/Thrust/CUTLASS call sites found no route for this fixture. The exact CUDA symbol is not yet pinned, so this is weaker than a direct dispatch trace."
aten_segment_reduce_lengths_backward_cpu,aten/src/ATen/native/SegmentReduce.cpp,_segment_reduce_cpu_lengths_backward_kernel1,yes,NO_EXTERNAL_LIBRARY_CALL_FOUND,,CUDA_PATH_REVIEWED_NO_EXTERNAL_EVIDENCE,,,MEDIUM,"CUDA support is reported and the reverse audit of cuBLAS/cuDNN/cuSPARSE/cuSOLVER/cuFFT/CUB/Thrust/CUTLASS call sites found no route for this fixture. The exact CUDA symbol is not yet pinned, so this is weaker than a direct dispatch trace."
aten_segment_reduce_lengths_cpu,aten/src/ATen/native/SegmentReduce.cpp,_segment_reduce_lengths_cpu_kernel1,yes,EXTERNAL_LIBRARY,CUB,CONDITIONAL_TEMPLATE_BACKEND,aten/src/ATen/native/cuda/SegmentReduce.cu,cub::DeviceSegmentedReduce::Reduce,HIGH,The supported contiguous segment-reduction route uses CUB; other cases use ATen CUDA kernels.
aten_sgn_complex_scalarized,aten/src/ATen/native/cpu/UnaryOpsKernel.cpp,sgn_kernel,yes,NO_EXTERNAL_LIBRARY_CALL_FOUND,,ATEN_CUDA_KERNEL,aten/src/ATen/native/cuda/UnarySignKernels.cu,sgn_kernel_cuda,HIGH,The exact CUDA dispatch counterpart is pinned and its implementation contains no computational external-library call. Header-only utility types such as thrust::pair are not counted as library algorithms.
aten_shrink_backward,aten/src/ATen/native/cpu/Activation.cpp,shrink_backward_kernel,yes,NO_EXTERNAL_LIBRARY_CALL_FOUND,,ATEN_CUDA_KERNEL,aten/src/ATen/native/cuda/ActivationSoftshrinkKernel.cu,shrink_backward_kernel,HIGH,The exact CUDA dispatch counterpart is pinned and its implementation contains no computational external-library call. Header-only utility types such as thrust::pair are not counted as library algorithms.
aten_sigmoid,aten/src/ATen/native/cpu/UnaryOpsKernel.cpp,sigmoid_kernel,yes,NO_EXTERNAL_LIBRARY_CALL_FOUND,,ATEN_CUDA_KERNEL,aten/src/ATen/native/cuda/UnarySpecialOpsKernel.cu,sigmoid_kernel_cuda,HIGH,The exact CUDA dispatch counterpart is pinned and its implementation contains no computational external-library call. Header-only utility types such as thrust::pair are not counted as library algorithms.
aten_sigmoid_backward,aten/src/ATen/native/cpu/BinaryOpsKernel.cpp,sigmoid_backward_kernel,yes,NO_EXTERNAL_LIBRARY_CALL_FOUND,,ATEN_CUDA_KERNEL,aten/src/ATen/native/cuda/BinaryMiscBackwardOpsKernels.cu,sigmoid_backward_kernel_cuda,HIGH,The exact CUDA dispatch counterpart is pinned and its implementation contains no computational external-library call. Header-only utility types such as thrust::pair are not counted as library algorithms.
aten_sign,aten/src/ATen/native/cpu/UnaryOpsKernel.cpp,sign_kernel,yes,NO_EXTERNAL_LIBRARY_CALL_FOUND,,ATEN_CUDA_KERNEL,aten/src/ATen/native/cuda/UnarySignKernels.cu,sign_kernel_cuda,HIGH,The exact CUDA dispatch counterpart is pinned and its implementation contains no computational external-library call. Header-only utility types such as thrust::pair are not counted as library algorithms.
aten_signbit,aten/src/ATen/native/cpu/UnaryOpsKernel.cpp,signbit_kernel,yes,NO_EXTERNAL_LIBRARY_CALL_FOUND,,ATEN_CUDA_KERNEL,aten/src/ATen/native/cuda/UnarySignKernels.cu,signbit_kernel_cuda,HIGH,The exact CUDA dispatch counterpart is pinned and its implementation contains no computational external-library call. Header-only utility types such as thrust::pair are not counted as library algorithms.
aten_silu,aten/src/ATen/native/Activation.cpp,silu,yes,NO_EXTERNAL_LIBRARY_CALL_FOUND,,CUDA_PATH_REVIEWED_NO_EXTERNAL_EVIDENCE,,,MEDIUM,"CUDA support is reported and the reverse audit of cuBLAS/cuDNN/cuSPARSE/cuSOLVER/cuFFT/CUB/Thrust/CUTLASS call sites found no route for this fixture. The exact CUDA symbol is not yet pinned, so this is weaker than a direct dispatch trace."
aten_silu_backward,aten/src/ATen/native/cpu/Activation.cpp,silu_backward_kernel,yes,NO_EXTERNAL_LIBRARY_CALL_FOUND,,ATEN_CUDA_KERNEL,aten/src/ATen/native/cuda/ActivationSiluKernel.cu,silu_backward_kernel,HIGH,The exact CUDA dispatch counterpart is pinned and its implementation contains no computational external-library call. Header-only utility types such as thrust::pair are not counted as library algorithms.
aten_silu_cpu,aten/src/ATen/native/cpu/Activation.cpp,silu_kernel,yes,NO_EXTERNAL_LIBRARY_CALL_FOUND,,ATEN_CUDA_KERNEL,aten/src/ATen/native/cuda/ActivationSiluKernel.cu,silu_kernel,HIGH,The exact CUDA dispatch counterpart is pinned and its implementation contains no computational external-library call. Header-only utility types such as thrust::pair are not counted as library algorithms.
aten_sin,aten/src/ATen/native/cpu/UnaryOpsKernel.cpp,sin_kernel,yes,NO_EXTERNAL_LIBRARY_CALL_FOUND,,ATEN_CUDA_KERNEL,aten/src/ATen/native/cuda/UnaryGeometricAsinKernel.cu|aten/src/ATen/native/cuda/UnaryGeometricSinKernel.cu,asin_kernel_cuda|sin_kernel_cuda,HIGH,The exact CUDA dispatch counterpart is pinned and its implementation contains no computational external-library call. Header-only utility types such as thrust::pair are not counted as library algorithms.
aten_sinc,aten/src/ATen/native/cpu/UnaryOpsKernel.cpp,sinc_kernel,yes,NO_EXTERNAL_LIBRARY_CALL_FOUND,,ATEN_CUDA_KERNEL,aten/src/ATen/native/cuda/UnarySpecialOpsKernel.cu,sinc_kernel_cuda,HIGH,The exact CUDA dispatch counterpart is pinned and its implementation contains no computational external-library call. Header-only utility types such as thrust::pair are not counted as library algorithms.
aten_sinh,aten/src/ATen/native/cpu/UnaryOpsKernel.cpp,sinh_kernel,yes,NO_EXTERNAL_LIBRARY_CALL_FOUND,,ATEN_CUDA_KERNEL,aten/src/ATen/native/cuda/UnaryGeometricAsinhKernel.cu|aten/src/ATen/native/cuda/UnaryGeometricSinhKernel.cu,asinh_kernel_cuda|sinh_kernel_cuda,HIGH,The exact CUDA dispatch counterpart is pinned and its implementation contains no computational external-library call. Header-only utility types such as thrust::pair are not counted as library algorithms.
aten_slow_conv3d_backward_input_cpu,aten/src/ATen/native/ConvolutionMM3d.cpp,slow_conv3d_backward_out_cpu_template,no,NO_DIRECT_CUDA_COUNTERPART,,NO_DIRECT_CUDA_COUNTERPART,,,MEDIUM,The existing exhaustive CUDA-availability audit found no direct counterpart; a public ATen composition may still execute on CUDA.
aten_slow_conv3d_backward_weight_cpu,aten/src/ATen/native/ConvolutionMM3d.cpp,slow_conv3d_backward_parameters_out_cpu_template,no,NO_DIRECT_CUDA_COUNTERPART,,NO_DIRECT_CUDA_COUNTERPART,,,MEDIUM,The existing exhaustive CUDA-availability audit found no direct counterpart; a public ATen composition may still execute on CUDA.
aten_slow_conv3d_forward_cpu,aten/src/ATen/native/ConvolutionMM3d.cpp,slow_conv3d_forward_out_cpu,no,NO_DIRECT_CUDA_COUNTERPART,,NO_DIRECT_CUDA_COUNTERPART,,,MEDIUM,The existing exhaustive CUDA-availability audit found no direct counterpart; a public ATen composition may still execute on CUDA.
aten_smooth_l1_backward,aten/src/ATen/native/cpu/PointwiseOpsKernel.cpp,smooth_l1_backward_cpu_kernel,yes,NO_EXTERNAL_LIBRARY_CALL_FOUND,,ATEN_CUDA_KERNEL,aten/src/ATen/native/cuda/PointwiseOpsKernel.cu,smooth_l1_backward_cuda_kernel,HIGH,The exact CUDA dispatch counterpart is pinned and its implementation contains no computational external-library call. Header-only utility types such as thrust::pair are not counted as library algorithms.
aten_smooth_l1_elementwise,aten/src/ATen/native/cpu/BinaryOpsKernel.cpp,smooth_l1_kernel,yes,NO_EXTERNAL_LIBRARY_CALL_FOUND,,ATEN_CUDA_KERNEL,aten/src/ATen/native/cuda/BinaryMiscOpsKernels.cu,smooth_l1_kernel_cuda,HIGH,The exact CUDA dispatch counterpart is pinned and its implementation contains no computational external-library call. Header-only utility types such as thrust::pair are not counted as library algorithms.
aten_sobol_draw_cpu,aten/src/ATen/native/SobolEngineOps.cpp,_sobol_engine_draw,no,NO_DIRECT_CUDA_COUNTERPART,,NO_DIRECT_CUDA_COUNTERPART,,,MEDIUM,The existing exhaustive CUDA-availability audit found no direct counterpart; a public ATen composition may still execute on CUDA.
aten_sobol_fast_forward_cpu,aten/src/ATen/native/SobolEngineOps.cpp,_sobol_engine_ff_,no,NO_DIRECT_CUDA_COUNTERPART,,NO_DIRECT_CUDA_COUNTERPART,,,MEDIUM,The existing exhaustive CUDA-availability audit found no direct counterpart; a public ATen composition may still execute on CUDA.
aten_sobol_initialize_cpu,aten/src/ATen/native/SobolEngineOps.cpp,_sobol_engine_initialize_state_,no,NO_DIRECT_CUDA_COUNTERPART,,NO_DIRECT_CUDA_COUNTERPART,,,MEDIUM,The existing exhaustive CUDA-availability audit found no direct counterpart; a public ATen composition may still execute on CUDA.
aten_sobol_scramble_cpu,aten/src/ATen/native/SobolEngineOps.cpp,_sobol_engine_scramble_,no,NO_DIRECT_CUDA_COUNTERPART,,NO_DIRECT_CUDA_COUNTERPART,,,MEDIUM,The existing exhaustive CUDA-availability audit found no direct counterpart; a public ATen composition may still execute on CUDA.
aten_softmax,aten/src/ATen/native/cpu/SoftMaxKernel.cpp,softmax,yes,NO_EXTERNAL_LIBRARY_CALL_FOUND,,CUDA_PATH_REVIEWED_NO_EXTERNAL_EVIDENCE,,,MEDIUM,"CUDA support is reported and the reverse audit of cuBLAS/cuDNN/cuSPARSE/cuSOLVER/cuFFT/CUB/Thrust/CUTLASS call sites found no route for this fixture. The exact CUDA symbol is not yet pinned, so this is weaker than a direct dispatch trace."
aten_softplus,aten/src/ATen/native/cpu/Activation.cpp,softplus_kernel,yes,NO_EXTERNAL_LIBRARY_CALL_FOUND,,ATEN_CUDA_KERNEL,aten/src/ATen/native/cuda/ActivationSoftplusKernel.cu,softplus_kernel,HIGH,The exact CUDA dispatch counterpart is pinned and its implementation contains no computational external-library call. Header-only utility types such as thrust::pair are not counted as library algorithms.
aten_softplus_backward,aten/src/ATen/native/cpu/Activation.cpp,softplus_backward_kernel,yes,NO_EXTERNAL_LIBRARY_CALL_FOUND,,ATEN_CUDA_KERNEL,aten/src/ATen/native/cuda/ActivationSoftplusKernel.cu,softplus_backward_kernel,HIGH,The exact CUDA dispatch counterpart is pinned and its implementation contains no computational external-library call. Header-only utility types such as thrust::pair are not counted as library algorithms.
aten_softshrink,aten/src/ATen/native/cpu/Activation.cpp,softshrink_kernel,yes,NO_EXTERNAL_LIBRARY_CALL_FOUND,,ATEN_CUDA_KERNEL,aten/src/ATen/native/cuda/ActivationSoftshrinkKernel.cu,softshrink_kernel,HIGH,The exact CUDA dispatch counterpart is pinned and its implementation contains no computational external-library call. Header-only utility types such as thrust::pair are not counted as library algorithms.
aten_sort_cpu,aten/src/ATen/native/cpu/SortingKernel.cpp,sort_kernel,yes,EXTERNAL_LIBRARY,CUB|Thrust,CONDITIONAL_TEMPLATE_BACKEND,aten/src/ATen/native/cuda/SortStable.cu|aten/src/ATen/native/cuda/SortImpl.cu,cuda::cub::radix_sort_*|thrust::stable_sort_by_key,HIGH,"The chosen CUDA sorting path depends on dtype, dimension length, stability, and build configuration."
aten_sparse_add_values_cpu,aten/src/ATen/native/sparse/SparseTensorMath.cpp,add_out_sparse_contiguous,yes,NO_EXTERNAL_LIBRARY_CALL_FOUND,,CUDA_PATH_REVIEWED_NO_EXTERNAL_EVIDENCE,,,MEDIUM,"CUDA support is reported and the reverse audit of cuBLAS/cuDNN/cuSPARSE/cuSOLVER/cuFFT/CUB/Thrust/CUTLASS call sites found no route for this fixture. The exact CUDA symbol is not yet pinned, so this is weaker than a direct dispatch trace."
aten_sparse_addmm_cpu,aten/src/ATen/native/sparse/SparseTensorMath.cpp,s_addmm_out_sparse_dense_worker,no,EXTERNAL_LIBRARY,cuSPARSE,MIXED_EXTERNAL_AND_ATEN_KERNELS,aten/src/ATen/native/sparse/cuda/SparseCUDATensorMath.cu|aten/src/ATen/native/sparse/cuda/SparseBlasImpl.cpp,cusparseSpMM,HIGH,COO metadata is converted/prepared by ATen before the CSR sparse-dense multiply.
aten_sparse_addmv_bsr_cpu,aten/src/ATen/native/sparse/SparseBlasImpl.cpp,addmv_sparse_bsr,yes,EXTERNAL_LIBRARY,cuSPARSE,LINKED_FIXED_LIBRARY,aten/src/ATen/native/sparse/cuda/SparseBlasImpl.cpp,bsrmv|cusparseSpMV,HIGH,The compressed sparse CUDA addmv implementation calls cuSPARSE.
aten_sparse_addmv_csr_cpu,aten/src/ATen/native/sparse/SparseBlasImpl.cpp,addmv_sparse_csr,yes,EXTERNAL_LIBRARY,cuSPARSE,LINKED_FIXED_LIBRARY,aten/src/ATen/native/sparse/cuda/SparseBlasImpl.cpp,cusparseSpMV,HIGH,The CSR CUDA addmv implementation calls cuSPARSE SpMV.
aten_sparse_bmm_cpu,aten/src/ATen/native/sparse/SparseTensorMath.cpp,bmm_out_sparse_cpu,no,NO_DIRECT_CUDA_COUNTERPART,,NO_DIRECT_CUDA_COUNTERPART,,,MEDIUM,The existing exhaustive CUDA-availability audit found no direct counterpart; a public ATen composition may still execute on CUDA.
aten_sparse_coo_softmax_backward_cpu,aten/src/ATen/native/sparse/SoftMax.cpp,cpu_sparse_coo_softmax_backward,no,EXTERNAL_LIBRARY,Thrust,MIXED_EXTERNAL_AND_ATEN_KERNELS,aten/src/ATen/native/sparse/cuda/SoftMax.cu,thrust::lower_bound|for_each,HIGH,The CUDA sparse-softmax backward path uses Thrust primitives plus ATen kernels.
aten_sparse_coo_softmax_cpu,aten/src/ATen/native/sparse/SoftMax.cpp,cpu_sparse_coo_softmax,no,EXTERNAL_LIBRARY,Thrust,MIXED_EXTERNAL_AND_ATEN_KERNELS,aten/src/ATen/native/sparse/cuda/SoftMax.cu,thrust::sort|reduce_by_key|exclusive_scan,HIGH,The CUDA sparse-softmax path uses Thrust primitives plus ATen kernels.
aten_sparse_coo_to_csr_cpu,aten/src/ATen/native/SparseTensorUtils.cpp,coo_to_csr,no,NO_DIRECT_CUDA_COUNTERPART,,NO_DIRECT_CUDA_COUNTERPART,,,MEDIUM,The existing exhaustive CUDA-availability audit found no direct counterpart; a public ATen composition may still execute on CUDA.
aten_sparse_csr_add_dense_cpu,aten/src/ATen/native/sparse/SparseCsrTensorMath.cpp,add_out_dense_sparse_compressed_cpu,yes,NO_EXTERNAL_LIBRARY_CALL_FOUND,,CUDA_PATH_REVIEWED_NO_EXTERNAL_EVIDENCE,,,MEDIUM,"CUDA support is reported and the reverse audit of cuBLAS/cuDNN/cuSPARSE/cuSOLVER/cuFFT/CUB/Thrust/CUTLASS call sites found no route for this fixture. The exact CUDA symbol is not yet pinned, so this is weaker than a direct dispatch trace."
aten_sparse_csr_addmm_cpu,aten/src/ATen/native/sparse/SparseCsrTensorMath.cpp,addmm_out_sparse_csr_native_cpu,yes,EXTERNAL_LIBRARY,cuSPARSE,LINKED_FIXED_LIBRARY,aten/src/ATen/native/sparse/cuda/SparseBlasImpl.cpp,cusparseSpMM,HIGH,The CSR CUDA addmm implementation calls cuSPARSE SpMM for supported layouts.
aten_sparse_csr_reduce_all_cpu,aten/src/ATen/native/sparse/SparseCsrTensorMath.cpp,reduce_sparse_csr_dim01_cpu_template,no,NO_DIRECT_CUDA_COUNTERPART,,NO_DIRECT_CUDA_COUNTERPART,,,MEDIUM,The existing exhaustive CUDA-availability audit found no direct counterpart; a public ATen composition may still execute on CUDA.
aten_sparse_csr_reduce_dim0_cpu,aten/src/ATen/native/sparse/SparseCsrTensorMath.cpp,reduce_sparse_csr_dim0_cpu_template,no,NO_DIRECT_CUDA_COUNTERPART,,NO_DIRECT_CUDA_COUNTERPART,,,MEDIUM,The existing exhaustive CUDA-availability audit found no direct counterpart; a public ATen composition may still execute on CUDA.
aten_sparse_csr_reduce_dim1_cpu,aten/src/ATen/native/sparse/SparseCsrTensorMath.cpp,reduce_sparse_csr_dim1_cpu_template,no,NO_DIRECT_CUDA_COUNTERPART,,NO_DIRECT_CUDA_COUNTERPART,,,MEDIUM,The existing exhaustive CUDA-availability audit found no direct counterpart; a public ATen composition may still execute on CUDA.
aten_sparse_dense_intersection_cpu,aten/src/ATen/native/sparse/SparseTensorMath.cpp,intersection_binary_op_sparse_dense_out,no,NO_DIRECT_CUDA_COUNTERPART,,NO_DIRECT_CUDA_COUNTERPART,,,MEDIUM,The existing exhaustive CUDA-availability audit found no direct counterpart; a public ATen composition may still execute on CUDA.
aten_sparse_flatten_indices_cpu,aten/src/ATen/native/SparseTensorUtils.cpp,flatten_indices_by_dims,no,NO_DIRECT_CUDA_COUNTERPART,,NO_DIRECT_CUDA_COUNTERPART,,,MEDIUM,The existing exhaustive CUDA-availability audit found no direct counterpart; a public ATen composition may still execute on CUDA.
aten_sparse_full_coo_indices_cpu,aten/src/ATen/native/SparseTensorUtils.cpp,full_coo_indices,yes,NO_EXTERNAL_LIBRARY_CALL_FOUND,,CUDA_PATH_REVIEWED_NO_EXTERNAL_EVIDENCE,,,MEDIUM,"CUDA support is reported and the reverse audit of cuBLAS/cuDNN/cuSPARSE/cuSOLVER/cuFFT/CUB/Thrust/CUTLASS call sites found no route for this fixture. The exact CUDA symbol is not yet pinned, so this is weaker than a direct dispatch trace."
aten_sparse_intersection_apply_cpu,aten/src/ATen/native/sparse/SparseBinaryOpIntersectionKernel.cpp,apply,yes,NO_EXTERNAL_LIBRARY_CALL_FOUND,,CUDA_PATH_REVIEWED_NO_EXTERNAL_EVIDENCE,,,MEDIUM,"CUDA support is reported and the reverse audit of cuBLAS/cuDNN/cuSPARSE/cuSOLVER/cuFFT/CUB/Thrust/CUTLASS call sites found no route for this fixture. The exact CUDA symbol is not yet pinned, so this is weaker than a direct dispatch trace."
aten_sparse_intersection_launch_cpu,aten/src/ATen/native/sparse/SparseBinaryOpIntersectionKernel.cpp,launch,yes,NO_EXTERNAL_LIBRARY_CALL_FOUND,,CUDA_PATH_REVIEWED_NO_EXTERNAL_EVIDENCE,,,MEDIUM,"CUDA support is reported and the reverse audit of cuBLAS/cuDNN/cuSPARSE/cuSOLVER/cuFFT/CUB/Thrust/CUTLASS call sites found no route for this fixture. The exact CUDA symbol is not yet pinned, so this is weaker than a direct dispatch trace."
aten_sparse_matmul_cpu,aten/src/ATen/native/sparse/SparseMatMul.cpp,_csr_matmult,no,NO_DIRECT_CUDA_COUNTERPART,,NO_DIRECT_CUDA_COUNTERPART,,,MEDIUM,The existing exhaustive CUDA-availability audit found no direct counterpart; a public ATen composition may still execute on CUDA.
aten_sparse_matmul_csr_to_coo_cpu,aten/src/ATen/native/sparse/SparseMatMul.cpp,csr_to_coo,no,NO_DIRECT_CUDA_COUNTERPART,,NO_DIRECT_CUDA_COUNTERPART,,,MEDIUM,The existing exhaustive CUDA-availability audit found no direct counterpart; a public ATen composition may still execute on CUDA.
aten_sparse_matmul_maxnnz_cpu,aten/src/ATen/native/sparse/SparseMatMul.cpp,_csr_matmult_maxnnz,no,NO_DIRECT_CUDA_COUNTERPART,,NO_DIRECT_CUDA_COUNTERPART,,,MEDIUM,The existing exhaustive CUDA-availability audit found no direct counterpart; a public ATen composition may still execute on CUDA.
aten_sparse_mul_cpu,aten/src/ATen/native/sparse/SparseTensorMath.cpp,mul_out_sparse_cpu,yes,NO_EXTERNAL_LIBRARY_CALL_FOUND,,CUDA_PATH_REVIEWED_NO_EXTERNAL_EVIDENCE,,,MEDIUM,"CUDA support is reported and the reverse audit of cuBLAS/cuDNN/cuSPARSE/cuSOLVER/cuFFT/CUB/Thrust/CUTLASS call sites found no route for this fixture. The exact CUDA symbol is not yet pinned, so this is weaker than a direct dispatch trace."
aten_sparse_norm_cpu,aten/src/ATen/native/sparse/SparseTensorMath.cpp,norm_sparse,yes,NO_EXTERNAL_LIBRARY_CALL_FOUND,,CUDA_PATH_REVIEWED_NO_EXTERNAL_EVIDENCE,,,MEDIUM,"CUDA support is reported and the reverse audit of cuBLAS/cuDNN/cuSPARSE/cuSOLVER/cuFFT/CUB/Thrust/CUTLASS call sites found no route for this fixture. The exact CUDA symbol is not yet pinned, so this is weaker than a direct dispatch trace."
aten_sparse_softmax_offsets_cpu,aten/src/ATen/native/sparse/SoftMax.cpp,get_offsets,no,NO_DIRECT_CUDA_COUNTERPART,,NO_DIRECT_CUDA_COUNTERPART,,,MEDIUM,The existing exhaustive CUDA-availability audit found no direct counterpart; a public ATen composition may still execute on CUDA.
aten_sparse_softmax_pools_cpu,aten/src/ATen/native/sparse/SoftMax.cpp,get_pools,no,NO_DIRECT_CUDA_COUNTERPART,,NO_DIRECT_CUDA_COUNTERPART,,,MEDIUM,The existing exhaustive CUDA-availability audit found no direct counterpart; a public ATen composition may still execute on CUDA.
aten_sparse_sum_backward_cpu,aten/src/ATen/native/sparse/SparseTensorMath.cpp,_sparse_sum_backward_cpu,yes,NO_EXTERNAL_LIBRARY_CALL_FOUND,,CUDA_PATH_REVIEWED_NO_EXTERNAL_EVIDENCE,,,MEDIUM,"CUDA support is reported and the reverse audit of cuBLAS/cuDNN/cuSPARSE/cuSOLVER/cuFFT/CUB/Thrust/CUTLASS call sites found no route for this fixture. The exact CUDA symbol is not yet pinned, so this is weaker than a direct dispatch trace."
aten_sparse_sum_cpu,aten/src/ATen/native/sparse/SparseTensorMath.cpp,_sparse_sum,yes,NO_EXTERNAL_LIBRARY_CALL_FOUND,,CUDA_PATH_REVIEWED_NO_EXTERNAL_EVIDENCE,,,MEDIUM,"CUDA support is reported and the reverse audit of cuBLAS/cuDNN/cuSPARSE/cuSOLVER/cuFFT/CUB/Thrust/CUTLASS call sites found no route for this fixture. The exact CUDA symbol is not yet pinned, so this is weaker than a direct dispatch trace."
aten_spdiags_cpu,aten/src/ATen/native/cpu/SparseFactories.cpp,_spdiags_kernel_cpu,no,NO_DIRECT_CUDA_COUNTERPART,,NO_DIRECT_CUDA_COUNTERPART,,,MEDIUM,The existing exhaustive CUDA-availability audit found no direct counterpart; a public ATen composition may still execute on CUDA.
aten_spherical_bessel_j0,aten/src/ATen/native/cpu/spherical_bessel_j0.cpp,spherical_bessel_j0_kernel,yes,NO_EXTERNAL_LIBRARY_CALL_FOUND,,ATEN_CUDA_KERNEL,aten/src/ATen/native/cuda/spherical_bessel_j0.cu,spherical_bessel_j0_kernel_cuda,HIGH,The exact CUDA dispatch counterpart is pinned and its implementation contains no computational external-library call. Header-only utility types such as thrust::pair are not counted as library algorithms.
aten_split_copy_cpu,aten/src/ATen/native/TensorShape.cpp,split_copy_Tensor_out,yes,NO_EXTERNAL_LIBRARY_CALL_FOUND,,CUDA_PATH_REVIEWED_NO_EXTERNAL_EVIDENCE,,,MEDIUM,"CUDA support is reported and the reverse audit of cuBLAS/cuDNN/cuSPARSE/cuSOLVER/cuFFT/CUB/Thrust/CUTLASS call sites found no route for this fixture. The exact CUDA symbol is not yet pinned, so this is weaker than a direct dispatch trace."
aten_spmm_reduce_arg_cpu,aten/src/ATen/native/cpu/SpmmReduceKernel.cpp,spmm_reduce_arg_kernel,no,NO_DIRECT_CUDA_COUNTERPART,,NO_DIRECT_CUDA_COUNTERPART,,,MEDIUM,The existing exhaustive CUDA-availability audit found no direct counterpart; a public ATen composition may still execute on CUDA.
aten_spmm_reduce_backward_input_arg_cpu,aten/src/ATen/native/cpu/SpmmReduceKernel.cpp,spmm_reduce_backward_input_arg_kernel,no,NO_DIRECT_CUDA_COUNTERPART,,NO_DIRECT_CUDA_COUNTERPART,,,MEDIUM,The existing exhaustive CUDA-availability audit found no direct counterpart; a public ATen composition may still execute on CUDA.
aten_spmm_reduce_backward_input_cpu,aten/src/ATen/native/cpu/SpmmReduceKernel.cpp,spmm_reduce_backward_input_kernel,no,NO_DIRECT_CUDA_COUNTERPART,,NO_DIRECT_CUDA_COUNTERPART,,,MEDIUM,The existing exhaustive CUDA-availability audit found no direct counterpart; a public ATen composition may still execute on CUDA.
aten_spmm_reduce_backward_other_arg_cpu,aten/src/ATen/native/cpu/SpmmReduceKernel.cpp,spmm_reduce_backward_other_arg_kernel,no,NO_DIRECT_CUDA_COUNTERPART,,NO_DIRECT_CUDA_COUNTERPART,,,MEDIUM,The existing exhaustive CUDA-availability audit found no direct counterpart; a public ATen composition may still execute on CUDA.
aten_spmm_reduce_backward_other_cpu,aten/src/ATen/native/cpu/SpmmReduceKernel.cpp,spmm_reduce_backward_other_kernel,no,NO_DIRECT_CUDA_COUNTERPART,,NO_DIRECT_CUDA_COUNTERPART,,,MEDIUM,The existing exhaustive CUDA-availability audit found no direct counterpart; a public ATen composition may still execute on CUDA.
aten_spmm_reduce_cpu,aten/src/ATen/native/cpu/SpmmReduceKernel.cpp,spmm_reduce_kernel,no,NO_DIRECT_CUDA_COUNTERPART,,NO_DIRECT_CUDA_COUNTERPART,,,MEDIUM,The existing exhaustive CUDA-availability audit found no direct counterpart; a public ATen composition may still execute on CUDA.
aten_sqrt,aten/src/ATen/native/cpu/UnaryOpsKernel.cpp,sqrt_kernel,yes,NO_EXTERNAL_LIBRARY_CALL_FOUND,,ATEN_CUDA_KERNEL,aten/src/ATen/native/cuda/UnaryOpsKernel.cu,rsqrt_kernel_cuda|sqrt_kernel_cuda,HIGH,The exact CUDA dispatch counterpart is pinned and its implementation contains no computational external-library call. Header-only utility types such as thrust::pair are not counted as library algorithms.
aten_square,aten/src/ATen/native/cpu/UnaryOpsKernel.cpp,square_kernel,yes,NO_EXTERNAL_LIBRARY_CALL_FOUND,,CUDA_PATH_REVIEWED_NO_EXTERNAL_EVIDENCE,,,MEDIUM,"CUDA support is reported and the reverse audit of cuBLAS/cuDNN/cuSPARSE/cuSOLVER/cuFFT/CUB/Thrust/CUTLASS call sites found no route for this fixture. The exact CUDA symbol is not yet pinned, so this is weaker than a direct dispatch trace."
aten_sspaddmm_cpu,aten/src/ATen/native/sparse/SparseTensorMath.cpp,_sspaddmm_out_cpu,yes,NO_EXTERNAL_LIBRARY_CALL_FOUND,,CUDA_PATH_REVIEWED_NO_EXTERNAL_EVIDENCE,,,MEDIUM,"CUDA support is reported and the reverse audit of cuBLAS/cuDNN/cuSPARSE/cuSOLVER/cuFFT/CUB/Thrust/CUTLASS call sites found no route for this fixture. The exact CUDA symbol is not yet pinned, so this is weaker than a direct dispatch trace."
aten_stack_serial_cpu,aten/src/ATen/native/cpu/StackKernel.cpp,stack_serial_kernel,yes,NO_EXTERNAL_LIBRARY_CALL_FOUND,,CUDA_PATH_REVIEWED_NO_EXTERNAL_EVIDENCE,,,MEDIUM,"CUDA support is reported and the reverse audit of cuBLAS/cuDNN/cuSPARSE/cuSOLVER/cuFFT/CUB/Thrust/CUTLASS call sites found no route for this fixture. The exact CUDA symbol is not yet pinned, so this is weaker than a direct dispatch trace."
aten_standard_gamma_grad_cpu,aten/src/ATen/native/Distributions.cpp,_standard_gamma_grad_cpu,yes,NO_EXTERNAL_LIBRARY_CALL_FOUND,,CUDA_PATH_REVIEWED_NO_EXTERNAL_EVIDENCE,,,MEDIUM,"CUDA support is reported and the reverse audit of cuBLAS/cuDNN/cuSPARSE/cuSOLVER/cuFFT/CUB/Thrust/CUTLASS call sites found no route for this fixture. The exact CUDA symbol is not yet pinned, so this is weaker than a direct dispatch trace."
aten_std_var_all_cpu,aten/src/ATen/native/ReduceOps.cpp,std_var_all_cpu,no,NO_DIRECT_CUDA_COUNTERPART,,NO_DIRECT_CUDA_COUNTERPART,,,MEDIUM,The existing exhaustive CUDA-availability audit found no direct counterpart; a public ATen composition may still execute on CUDA.
aten_std_var_cpu,aten/src/ATen/native/cpu/ReduceOpsKernel.cpp,std_var_kernel_impl,yes,NO_EXTERNAL_LIBRARY_CALL_FOUND,,ATEN_CUDA_KERNEL,aten/src/ATen/native/cuda/ReduceMomentKernel.cu,std_var_kernel_cuda,HIGH,The exact CUDA dispatch counterpart is pinned and its implementation contains no computational external-library call. Header-only utility types such as thrust::pair are not counted as library algorithms.
aten_sum,aten/src/ATen/native/ReduceOps.cpp,sum,yes,NO_EXTERNAL_LIBRARY_CALL_FOUND,,CUDA_PATH_REVIEWED_NO_EXTERNAL_EVIDENCE,,,MEDIUM,"CUDA support is reported and the reverse audit of cuBLAS/cuDNN/cuSPARSE/cuSOLVER/cuFFT/CUB/Thrust/CUTLASS call sites found no route for this fixture. The exact CUDA symbol is not yet pinned, so this is weaker than a direct dispatch trace."
aten_sum_cpu_backend,aten/src/ATen/native/cpu/SumKernel.cpp,sum_kernel_impl,yes,NO_EXTERNAL_LIBRARY_CALL_FOUND,,ATEN_CUDA_KERNEL,aten/src/ATen/native/cuda/ReduceSumProdKernel.cu,nansum_kernel_cuda|sum_kernel_cuda,HIGH,The exact CUDA dispatch counterpart is pinned and its implementation contains no computational external-library call. Header-only utility types such as thrust::pair are not counted as library algorithms.
aten_sumproduct_pair_cpu,aten/src/ATen/native/Linear.cpp,sumproduct_pair,no,NO_DIRECT_CUDA_COUNTERPART,,NO_DIRECT_CUDA_COUNTERPART,,,MEDIUM,The existing exhaustive CUDA-availability audit found no direct counterpart; a public ATen composition may still execute on CUDA.
aten_take_cpu,aten/src/ATen/native/cpu/IndexKernel.cpp,take_kernel,no,NO_EXTERNAL_LIBRARY_CALL_FOUND,,ATEN_CUDA_KERNEL,aten/src/ATen/native/cuda/IndexKernel.cu,take_kernel,HIGH,The exact CUDA dispatch counterpart is pinned and its implementation contains no computational external-library call. Header-only utility types such as thrust::pair are not counted as library algorithms.
aten_tan,aten/src/ATen/native/cpu/UnaryOpsKernel.cpp,tan_kernel,yes,NO_EXTERNAL_LIBRARY_CALL_FOUND,,ATEN_CUDA_KERNEL,aten/src/ATen/native/cuda/UnaryGeometricAtanKernel.cu|aten/src/ATen/native/cuda/UnaryGeometricTanKernel.cu,atan_kernel_cuda|tan_kernel_cuda,HIGH,The exact CUDA dispatch counterpart is pinned and its implementation contains no computational external-library call. Header-only utility types such as thrust::pair are not counted as library algorithms.
aten_tanh,aten/src/ATen/native/cpu/UnaryOpsKernel.cpp,tanh_kernel,yes,NO_EXTERNAL_LIBRARY_CALL_FOUND,,ATEN_CUDA_KERNEL,aten/src/ATen/native/cuda/UnaryGeometricAtanhKernel.cu|aten/src/ATen/native/cuda/UnaryGeometricTanhKernel.cu,atanh_kernel_cuda|tanh_kernel_cuda,HIGH,The exact CUDA dispatch counterpart is pinned and its implementation contains no computational external-library call. Header-only utility types such as thrust::pair are not counted as library algorithms.
aten_tanh_backward,aten/src/ATen/native/cpu/BinaryOpsKernel.cpp,tanh_backward_kernel,yes,NO_EXTERNAL_LIBRARY_CALL_FOUND,,ATEN_CUDA_KERNEL,aten/src/ATen/native/cuda/BinaryMiscBackwardOpsKernels.cu,tanh_backward_kernel_cuda,HIGH,The exact CUDA dispatch counterpart is pinned and its implementation contains no computational external-library call. Header-only utility types such as thrust::pair are not counted as library algorithms.
aten_threshold_backward,aten/src/ATen/native/cpu/Activation.cpp,threshold_kernel,yes,NO_EXTERNAL_LIBRARY_CALL_FOUND,,ATEN_CUDA_KERNEL,aten/src/ATen/native/cuda/ActivationThresholdKernel.cu,threshold_kernel_cuda,HIGH,The exact CUDA dispatch counterpart is pinned and its implementation contains no computational external-library call. Header-only utility types such as thrust::pair are not counted as library algorithms.
aten_topk_cpu,aten/src/ATen/native/cpu/SortingKernel.cpp,topk_kernel,yes,EXTERNAL_LIBRARY,CUB,MIXED_EXTERNAL_AND_ATEN_KERNELS,aten/src/ATen/native/cuda/TensorTopK.cu,cuda::cub::inclusive_sum_by_key,HIGH,Large top-k uses CUB scan primitives inside a larger ATen selection algorithm.
aten_trace_cpu,aten/src/ATen/native/ReduceOps.cpp,trace_cpu,yes,NO_EXTERNAL_LIBRARY_CALL_FOUND,,CUDA_PATH_REVIEWED_NO_EXTERNAL_EVIDENCE,,,MEDIUM,"CUDA support is reported and the reverse audit of cuBLAS/cuDNN/cuSPARSE/cuSOLVER/cuFFT/CUB/Thrust/CUTLASS call sites found no route for this fixture. The exact CUDA symbol is not yet pinned, so this is weaker than a direct dispatch trace."
aten_transform_bias_rescale_qkv_cpu,aten/src/ATen/native/cpu/NativeMultiheadAttnKernel.cpp,transform_bias_rescale_qkv_kernel_impl,no,NO_DIRECT_CUDA_COUNTERPART,,NO_DIRECT_CUDA_COUNTERPART,,,MEDIUM,The existing exhaustive CUDA-availability audit found no direct counterpart; a public ATen composition may still execute on CUDA.
aten_transpose_copy,aten/src/ATen/native/TensorShape.cpp,transpose,yes,NO_EXTERNAL_LIBRARY_CALL_FOUND,,CUDA_PATH_REVIEWED_NO_EXTERNAL_EVIDENCE,,,MEDIUM,"CUDA support is reported and the reverse audit of cuBLAS/cuDNN/cuSPARSE/cuSOLVER/cuFFT/CUB/Thrust/CUTLASS call sites found no route for this fixture. The exact CUDA symbol is not yet pinned, so this is weaker than a direct dispatch trace."
aten_trigamma,aten/src/ATen/native/cpu/UnaryOpsKernel.cpp,trigamma_kernel,yes,NO_EXTERNAL_LIBRARY_CALL_FOUND,,CUDA_PATH_REVIEWED_NO_EXTERNAL_EVIDENCE,,,MEDIUM,"CUDA support is reported and the reverse audit of cuBLAS/cuDNN/cuSPARSE/cuSOLVER/cuFFT/CUB/Thrust/CUTLASS call sites found no route for this fixture. The exact CUDA symbol is not yet pinned, so this is weaker than a direct dispatch trace."
aten_tril_indices_cpu,aten/src/ATen/native/TensorFactories.cpp,tril_indices_cpu,yes,NO_EXTERNAL_LIBRARY_CALL_FOUND,,CUDA_PATH_REVIEWED_NO_EXTERNAL_EVIDENCE,,,MEDIUM,"CUDA support is reported and the reverse audit of cuBLAS/cuDNN/cuSPARSE/cuSOLVER/cuFFT/CUB/Thrust/CUTLASS call sites found no route for this fixture. The exact CUDA symbol is not yet pinned, so this is weaker than a direct dispatch trace."
aten_trilinear_cpu,aten/src/ATen/native/Linear.cpp,_trilinear,yes,NO_EXTERNAL_LIBRARY_CALL_FOUND,,CUDA_PATH_REVIEWED_NO_EXTERNAL_EVIDENCE,,,MEDIUM,"CUDA support is reported and the reverse audit of cuBLAS/cuDNN/cuSPARSE/cuSOLVER/cuFFT/CUB/Thrust/CUTLASS call sites found no route for this fixture. The exact CUDA symbol is not yet pinned, so this is weaker than a direct dispatch trace."
aten_triu_indices_cpu,aten/src/ATen/native/TensorFactories.cpp,triu_indices_cpu,yes,NO_EXTERNAL_LIBRARY_CALL_FOUND,,CUDA_PATH_REVIEWED_NO_EXTERNAL_EVIDENCE,,,MEDIUM,"CUDA support is reported and the reverse audit of cuBLAS/cuDNN/cuSPARSE/cuSOLVER/cuFFT/CUB/Thrust/CUTLASS call sites found no route for this fixture. The exact CUDA symbol is not yet pinned, so this is weaker than a direct dispatch trace."
aten_triu_mask_cpu,aten/src/ATen/native/Itertools.cpp,_triu_mask,yes,NO_EXTERNAL_LIBRARY_CALL_FOUND,,CUDA_PATH_REVIEWED_NO_EXTERNAL_EVIDENCE,,,MEDIUM,"CUDA support is reported and the reverse audit of cuBLAS/cuDNN/cuSPARSE/cuSOLVER/cuFFT/CUB/Thrust/CUTLASS call sites found no route for this fixture. The exact CUDA symbol is not yet pinned, so this is weaker than a direct dispatch trace."
aten_triu_tril_batch_cpu,aten/src/ATen/native/TriangularOps.cpp,apply_triu_tril,yes,NO_EXTERNAL_LIBRARY_CALL_FOUND,,CUDA_PATH_REVIEWED_NO_EXTERNAL_EVIDENCE,,,MEDIUM,"CUDA support is reported and the reverse audit of cuBLAS/cuDNN/cuSPARSE/cuSOLVER/cuFFT/CUB/Thrust/CUTLASS call sites found no route for this fixture. The exact CUDA symbol is not yet pinned, so this is weaker than a direct dispatch trace."
aten_triu_tril_single_cpu,aten/src/ATen/native/TriangularOps.cpp,apply_triu_tril_single,yes,NO_EXTERNAL_LIBRARY_CALL_FOUND,,CUDA_PATH_REVIEWED_NO_EXTERNAL_EVIDENCE,,,MEDIUM,"CUDA support is reported and the reverse audit of cuBLAS/cuDNN/cuSPARSE/cuSOLVER/cuFFT/CUB/Thrust/CUTLASS call sites found no route for this fixture. The exact CUDA symbol is not yet pinned, so this is weaker than a direct dispatch trace."
aten_trunc,aten/src/ATen/native/cpu/UnaryOpsKernel.cpp,trunc_kernel,yes,NO_EXTERNAL_LIBRARY_CALL_FOUND,,ATEN_CUDA_KERNEL,aten/src/ATen/native/cuda/UnaryFractionKernels.cu,trunc_kernel_cuda,HIGH,The exact CUDA dispatch counterpart is pinned and its implementation contains no computational external-library call. Header-only utility types such as thrust::pair are not counted as library algorithms.
aten_unbind_copy_cpu,aten/src/ATen/native/TensorShape.cpp,unbind_copy_int_out,yes,NO_EXTERNAL_LIBRARY_CALL_FOUND,,CUDA_PATH_REVIEWED_NO_EXTERNAL_EVIDENCE,,,MEDIUM,"CUDA support is reported and the reverse audit of cuBLAS/cuDNN/cuSPARSE/cuSOLVER/cuFFT/CUB/Thrust/CUTLASS call sites found no route for this fixture. The exact CUDA symbol is not yet pinned, so this is weaker than a direct dispatch trace."
aten_unfold3d_acc_cpu,aten/src/ATen/native/Unfold3d.cpp,Unfold3dAccKernelImpl,yes,NO_EXTERNAL_LIBRARY_CALL_FOUND,,CUDA_PATH_REVIEWED_NO_EXTERNAL_EVIDENCE,,,MEDIUM,"CUDA support is reported and the reverse audit of cuBLAS/cuDNN/cuSPARSE/cuSOLVER/cuFFT/CUB/Thrust/CUTLASS call sites found no route for this fixture. The exact CUDA symbol is not yet pinned, so this is weaker than a direct dispatch trace."
aten_unfold3d_copy_cpu,aten/src/ATen/native/Unfold3d.cpp,Unfold3dCopyKernelImpl,yes,NO_EXTERNAL_LIBRARY_CALL_FOUND,,CUDA_PATH_REVIEWED_NO_EXTERNAL_EVIDENCE,,,MEDIUM,"CUDA support is reported and the reverse audit of cuBLAS/cuDNN/cuSPARSE/cuSOLVER/cuFFT/CUB/Thrust/CUTLASS call sites found no route for this fixture. The exact CUDA symbol is not yet pinned, so this is weaker than a direct dispatch trace."
aten_unfold3d_zero_acc_cpu,aten/src/ATen/native/Unfold3d.cpp,Unfold3dZeroPaddingAccKernelImpl,yes,NO_EXTERNAL_LIBRARY_CALL_FOUND,,CUDA_PATH_REVIEWED_NO_EXTERNAL_EVIDENCE,,,MEDIUM,"CUDA support is reported and the reverse audit of cuBLAS/cuDNN/cuSPARSE/cuSOLVER/cuFFT/CUB/Thrust/CUTLASS call sites found no route for this fixture. The exact CUDA symbol is not yet pinned, so this is weaker than a direct dispatch trace."
aten_unfold3d_zero_copy_cpu,aten/src/ATen/native/Unfold3d.cpp,Unfold3dZeroPaddingCopyKernelImpl,yes,NO_EXTERNAL_LIBRARY_CALL_FOUND,,CUDA_PATH_REVIEWED_NO_EXTERNAL_EVIDENCE,,,MEDIUM,"CUDA support is reported and the reverse audit of cuBLAS/cuDNN/cuSPARSE/cuSOLVER/cuFFT/CUB/Thrust/CUTLASS call sites found no route for this fixture. The exact CUDA symbol is not yet pinned, so this is weaker than a direct dispatch trace."
aten_unfold_backward_cpu,aten/src/ATen/native/cpu/UnfoldBackwardKernel.cpp,unfold_backward_cpu_kernel,yes,NO_EXTERNAL_LIBRARY_CALL_FOUND,,ATEN_CUDA_KERNEL,aten/src/ATen/native/cuda/UnfoldBackwardKernel.cu,unfold_backward_cuda_kernel,HIGH,The exact CUDA dispatch counterpart is pinned and its implementation contains no computational external-library call. Header-only utility types such as thrust::pair are not counted as library algorithms.
aten_unfolded2d_acc_cpu,aten/src/ATen/native/cpu/Unfold2d.cpp,unfolded2d_acc_kernel,yes,NO_EXTERNAL_LIBRARY_CALL_FOUND,,CUDA_PATH_REVIEWED_NO_EXTERNAL_EVIDENCE,,,MEDIUM,"CUDA support is reported and the reverse audit of cuBLAS/cuDNN/cuSPARSE/cuSOLVER/cuFFT/CUB/Thrust/CUTLASS call sites found no route for this fixture. The exact CUDA symbol is not yet pinned, so this is weaker than a direct dispatch trace."
aten_unfolded2d_copy_cpu,aten/src/ATen/native/cpu/Unfold2d.cpp,unfolded2d_copy_kernel,yes,NO_EXTERNAL_LIBRARY_CALL_FOUND,,CUDA_PATH_REVIEWED_NO_EXTERNAL_EVIDENCE,,,MEDIUM,"CUDA support is reported and the reverse audit of cuBLAS/cuDNN/cuSPARSE/cuSOLVER/cuFFT/CUB/Thrust/CUTLASS call sites found no route for this fixture. The exact CUDA symbol is not yet pinned, so this is weaker than a direct dispatch trace."
aten_uniform_cpu,aten/src/ATen/native/cpu/DistributionKernels.cpp,uniform_kernel,yes,NO_EXTERNAL_LIBRARY_CALL_FOUND,,ATEN_CUDA_KERNEL,aten/src/ATen/native/cuda/DistributionUniform.cu,uniform_kernel,HIGH,The exact CUDA dispatch counterpart is pinned and its implementation contains no computational external-library call. Header-only utility types such as thrust::pair are not counted as library algorithms.
aten_unique_bool_cpu,aten/src/ATen/native/Unique.cpp,unique_cpu_bool_template,yes,EXTERNAL_LIBRARY,CUB|Thrust,NO_EXACT_CUDA_COUNTERPART,aten/src/ATen/native/cuda/UniqueCub.cu|aten/src/ATen/native/cuda/Unique.cu,run_length_encode|thrust::unique,HIGH,CUDA unique selects CUB or Thrust machinery; it has no separate CPU-bool helper counterpart.
aten_unique_consecutive_cpu,aten/src/ATen/native/Unique.cpp,unique_consecutive_cpu_template,yes,EXTERNAL_LIBRARY,CUB|Thrust,TEMPLATE_GENERATED_LIBRARY,aten/src/ATen/native/cuda/UniqueCub.cu|aten/src/ATen/native/cuda/Unique.cu,run_length_encode|thrust::unique_by_key,HIGH,CUDA unique-consecutive is implemented with template-library scans/run-length operations.
aten_unique_dim_impl_cpu,aten/src/ATen/native/Unique.cpp,_unique_dim_cpu_impl,yes,EXTERNAL_LIBRARY,Thrust,TEMPLATE_GENERATED_LIBRARY,aten/src/ATen/native/cuda/Unique.cu,thrust::sort|thrust::unique,HIGH,Dimension-wise CUDA unique uses Thrust sorting and uniquing.
aten_unique_dim_template_cpu,aten/src/ATen/native/Unique.cpp,_unique_dim_cpu_template,yes,EXTERNAL_LIBRARY,Thrust,TEMPLATE_GENERATED_LIBRARY,aten/src/ATen/native/cuda/Unique.cu,thrust::sort|thrust::unique,HIGH,Dimension-wise CUDA unique uses Thrust sorting and uniquing.
aten_unique_sorted_cpu,aten/src/ATen/native/Unique.cpp,unique_cpu_sorted_template,no,EXTERNAL_LIBRARY,CUB|Thrust,TEMPLATE_GENERATED_LIBRARY,aten/src/ATen/native/cuda/UniqueCub.cu|aten/src/ATen/native/cuda/Unique.cu,run_length_encode|thrust::unique,HIGH,CUDA unique uses CUB for the common flattened path and Thrust for dimension-wise paths.
aten_unpack_pivots_cpu,aten/src/ATen/native/BatchLinearAlgebraKernel.cpp,unpack_pivots_cpu_kernel,yes,NO_EXTERNAL_LIBRARY_CALL_FOUND,,CUDA_PATH_REVIEWED_NO_EXTERNAL_EVIDENCE,,,MEDIUM,"CUDA support is reported and the reverse audit of cuBLAS/cuDNN/cuSPARSE/cuSOLVER/cuFFT/CUB/Thrust/CUTLASS call sites found no route for this fixture. The exact CUDA symbol is not yet pinned, so this is weaker than a direct dispatch trace."
aten_unsafe_index_cpu,aten/src/ATen/native/TensorAdvancedIndexing.cpp,_unsafe_index,yes,NO_EXTERNAL_LIBRARY_CALL_FOUND,,CUDA_PATH_REVIEWED_NO_EXTERNAL_EVIDENCE,,,MEDIUM,"CUDA support is reported and the reverse audit of cuBLAS/cuDNN/cuSPARSE/cuSOLVER/cuFFT/CUB/Thrust/CUTLASS call sites found no route for this fixture. The exact CUDA symbol is not yet pinned, so this is weaker than a direct dispatch trace."
aten_upper_bound_cpu,aten/src/ATen/native/Bucketization.cpp,cus_upper_bound,yes,NO_EXTERNAL_LIBRARY_CALL_FOUND,,CUDA_PATH_REVIEWED_NO_EXTERNAL_EVIDENCE,,,MEDIUM,"CUDA support is reported and the reverse audit of cuBLAS/cuDNN/cuSPARSE/cuSOLVER/cuFFT/CUB/Thrust/CUTLASS call sites found no route for this fixture. The exact CUDA symbol is not yet pinned, so this is weaker than a direct dispatch trace."
aten_upsample_bicubic2d_aa_backward_cpu,aten/src/ATen/native/cpu/UpSampleKernel.cpp,upsample_bicubic2d_aa_backward_kernel_impl,yes,NO_EXTERNAL_LIBRARY_CALL_FOUND,,CUDA_PATH_REVIEWED_NO_EXTERNAL_EVIDENCE,,,MEDIUM,"CUDA support is reported and the reverse audit of cuBLAS/cuDNN/cuSPARSE/cuSOLVER/cuFFT/CUB/Thrust/CUTLASS call sites found no route for this fixture. The exact CUDA symbol is not yet pinned, so this is weaker than a direct dispatch trace."
aten_upsample_bicubic2d_aa_cpu,aten/src/ATen/native/cpu/UpSampleKernel.cpp,upsample_bicubic2d_aa_kernel_impl,yes,NO_EXTERNAL_LIBRARY_CALL_FOUND,,CUDA_PATH_REVIEWED_NO_EXTERNAL_EVIDENCE,,,MEDIUM,"CUDA support is reported and the reverse audit of cuBLAS/cuDNN/cuSPARSE/cuSOLVER/cuFFT/CUB/Thrust/CUTLASS call sites found no route for this fixture. The exact CUDA symbol is not yet pinned, so this is weaker than a direct dispatch trace."
aten_upsample_bicubic2d_backward_cpu,aten/src/ATen/native/UpSampleBicubic2d.cpp,upsample_bicubic2d_backward_out_frame,yes,NO_EXTERNAL_LIBRARY_CALL_FOUND,,CUDA_PATH_REVIEWED_NO_EXTERNAL_EVIDENCE,,,MEDIUM,"CUDA support is reported and the reverse audit of cuBLAS/cuDNN/cuSPARSE/cuSOLVER/cuFFT/CUB/Thrust/CUTLASS call sites found no route for this fixture. The exact CUDA symbol is not yet pinned, so this is weaker than a direct dispatch trace."
aten_upsample_bicubic2d_cpu,aten/src/ATen/native/cpu/UpSampleKernel.cpp,upsample_bicubic2d_kernel_impl,yes,NO_EXTERNAL_LIBRARY_CALL_FOUND,,CUDA_PATH_REVIEWED_NO_EXTERNAL_EVIDENCE,,,MEDIUM,"CUDA support is reported and the reverse audit of cuBLAS/cuDNN/cuSPARSE/cuSOLVER/cuFFT/CUB/Thrust/CUTLASS call sites found no route for this fixture. The exact CUDA symbol is not yet pinned, so this is weaker than a direct dispatch trace."
aten_upsample_bilinear2d,aten/src/ATen/native/UpSampleBilinear2d.cpp,upsample_bilinear2d,yes,NO_EXTERNAL_LIBRARY_CALL_FOUND,,CUDA_PATH_REVIEWED_NO_EXTERNAL_EVIDENCE,,,MEDIUM,"CUDA support is reported and the reverse audit of cuBLAS/cuDNN/cuSPARSE/cuSOLVER/cuFFT/CUB/Thrust/CUTLASS call sites found no route for this fixture. The exact CUDA symbol is not yet pinned, so this is weaker than a direct dispatch trace."
aten_upsample_bilinear2d_aa_backward_cpu,aten/src/ATen/native/cpu/UpSampleKernel.cpp,upsample_bilinear2d_aa_backward_kernel_impl,yes,NO_EXTERNAL_LIBRARY_CALL_FOUND,,CUDA_PATH_REVIEWED_NO_EXTERNAL_EVIDENCE,,,MEDIUM,"CUDA support is reported and the reverse audit of cuBLAS/cuDNN/cuSPARSE/cuSOLVER/cuFFT/CUB/Thrust/CUTLASS call sites found no route for this fixture. The exact CUDA symbol is not yet pinned, so this is weaker than a direct dispatch trace."
aten_upsample_bilinear2d_aa_cpu,aten/src/ATen/native/cpu/UpSampleKernel.cpp,upsample_bilinear2d_aa_kernel_impl,yes,NO_EXTERNAL_LIBRARY_CALL_FOUND,,CUDA_PATH_REVIEWED_NO_EXTERNAL_EVIDENCE,,,MEDIUM,"CUDA support is reported and the reverse audit of cuBLAS/cuDNN/cuSPARSE/cuSOLVER/cuFFT/CUB/Thrust/CUTLASS call sites found no route for this fixture. The exact CUDA symbol is not yet pinned, so this is weaker than a direct dispatch trace."
aten_upsample_bilinear2d_backward_cpu,aten/src/ATen/native/cpu/UpSampleMoreKernel.cpp,upsample_bilinear2d_backward_kernel_impl,yes,NO_EXTERNAL_LIBRARY_CALL_FOUND,,CUDA_PATH_REVIEWED_NO_EXTERNAL_EVIDENCE,,,MEDIUM,"CUDA support is reported and the reverse audit of cuBLAS/cuDNN/cuSPARSE/cuSOLVER/cuFFT/CUB/Thrust/CUTLASS call sites found no route for this fixture. The exact CUDA symbol is not yet pinned, so this is weaker than a direct dispatch trace."
aten_upsample_bilinear2d_cpu,aten/src/ATen/native/cpu/UpSampleKernel.cpp,upsample_bilinear2d_kernel_impl,yes,NO_EXTERNAL_LIBRARY_CALL_FOUND,,CUDA_PATH_REVIEWED_NO_EXTERNAL_EVIDENCE,,,MEDIUM,"CUDA support is reported and the reverse audit of cuBLAS/cuDNN/cuSPARSE/cuSOLVER/cuFFT/CUB/Thrust/CUTLASS call sites found no route for this fixture. The exact CUDA symbol is not yet pinned, so this is weaker than a direct dispatch trace."
aten_upsample_lanczos2d_aa_backward_cpu,aten/src/ATen/native/cpu/UpSampleKernel.cpp,upsample_lanczos2d_aa_backward_kernel_impl,no,NO_DIRECT_CUDA_COUNTERPART,,NO_DIRECT_CUDA_COUNTERPART,,,MEDIUM,The existing exhaustive CUDA-availability audit found no direct counterpart; a public ATen composition may still execute on CUDA.
aten_upsample_lanczos2d_aa_cpu,aten/src/ATen/native/cpu/UpSampleKernel.cpp,upsample_lanczos2d_aa_kernel_impl,no,NO_DIRECT_CUDA_COUNTERPART,,NO_DIRECT_CUDA_COUNTERPART,,,MEDIUM,The existing exhaustive CUDA-availability audit found no direct counterpart; a public ATen composition may still execute on CUDA.
aten_upsample_linear1d_backward_cpu,aten/src/ATen/native/cpu/UpSampleMoreKernel.cpp,upsample_linear1d_backward_kernel_impl,yes,NO_EXTERNAL_LIBRARY_CALL_FOUND,,CUDA_PATH_REVIEWED_NO_EXTERNAL_EVIDENCE,,,MEDIUM,"CUDA support is reported and the reverse audit of cuBLAS/cuDNN/cuSPARSE/cuSOLVER/cuFFT/CUB/Thrust/CUTLASS call sites found no route for this fixture. The exact CUDA symbol is not yet pinned, so this is weaker than a direct dispatch trace."
aten_upsample_linear1d_cpu,aten/src/ATen/native/cpu/UpSampleKernel.cpp,upsample_linear1d_kernel_impl,yes,NO_EXTERNAL_LIBRARY_CALL_FOUND,,CUDA_PATH_REVIEWED_NO_EXTERNAL_EVIDENCE,,,MEDIUM,"CUDA support is reported and the reverse audit of cuBLAS/cuDNN/cuSPARSE/cuSOLVER/cuFFT/CUB/Thrust/CUTLASS call sites found no route for this fixture. The exact CUDA symbol is not yet pinned, so this is weaker than a direct dispatch trace."
aten_upsample_nearest1d_backward_cpu,aten/src/ATen/native/cpu/UpSampleMoreKernel.cpp,upsample_nearest1d_backward_kernel_impl,yes,NO_EXTERNAL_LIBRARY_CALL_FOUND,,CUDA_PATH_REVIEWED_NO_EXTERNAL_EVIDENCE,,,MEDIUM,"CUDA support is reported and the reverse audit of cuBLAS/cuDNN/cuSPARSE/cuSOLVER/cuFFT/CUB/Thrust/CUTLASS call sites found no route for this fixture. The exact CUDA symbol is not yet pinned, so this is weaker than a direct dispatch trace."
aten_upsample_nearest1d_cpu,aten/src/ATen/native/cpu/UpSampleKernel.cpp,upsample_nearest1d_kernel_impl,yes,NO_EXTERNAL_LIBRARY_CALL_FOUND,,CUDA_PATH_REVIEWED_NO_EXTERNAL_EVIDENCE,,,MEDIUM,"CUDA support is reported and the reverse audit of cuBLAS/cuDNN/cuSPARSE/cuSOLVER/cuFFT/CUB/Thrust/CUTLASS call sites found no route for this fixture. The exact CUDA symbol is not yet pinned, so this is weaker than a direct dispatch trace."
aten_upsample_nearest2d,aten/src/ATen/native/UpSampleNearest2d.cpp,upsample_nearest2d,yes,NO_EXTERNAL_LIBRARY_CALL_FOUND,,CUDA_PATH_REVIEWED_NO_EXTERNAL_EVIDENCE,,,MEDIUM,"CUDA support is reported and the reverse audit of cuBLAS/cuDNN/cuSPARSE/cuSOLVER/cuFFT/CUB/Thrust/CUTLASS call sites found no route for this fixture. The exact CUDA symbol is not yet pinned, so this is weaker than a direct dispatch trace."
aten_upsample_nearest2d_backward_cpu,aten/src/ATen/native/cpu/UpSampleMoreKernel.cpp,upsample_nearest2d_backward_kernel_impl,yes,NO_EXTERNAL_LIBRARY_CALL_FOUND,,CUDA_PATH_REVIEWED_NO_EXTERNAL_EVIDENCE,,,MEDIUM,"CUDA support is reported and the reverse audit of cuBLAS/cuDNN/cuSPARSE/cuSOLVER/cuFFT/CUB/Thrust/CUTLASS call sites found no route for this fixture. The exact CUDA symbol is not yet pinned, so this is weaker than a direct dispatch trace."
aten_upsample_nearest2d_cpu,aten/src/ATen/native/cpu/UpSampleKernel.cpp,upsample_nearest2d_kernel_impl,yes,NO_EXTERNAL_LIBRARY_CALL_FOUND,,CUDA_PATH_REVIEWED_NO_EXTERNAL_EVIDENCE,,,MEDIUM,"CUDA support is reported and the reverse audit of cuBLAS/cuDNN/cuSPARSE/cuSOLVER/cuFFT/CUB/Thrust/CUTLASS call sites found no route for this fixture. The exact CUDA symbol is not yet pinned, so this is weaker than a direct dispatch trace."
aten_upsample_nearest3d_backward_cpu,aten/src/ATen/native/cpu/UpSampleMoreKernel.cpp,upsample_nearest3d_backward_kernel_impl,yes,NO_EXTERNAL_LIBRARY_CALL_FOUND,,CUDA_PATH_REVIEWED_NO_EXTERNAL_EVIDENCE,,,MEDIUM,"CUDA support is reported and the reverse audit of cuBLAS/cuDNN/cuSPARSE/cuSOLVER/cuFFT/CUB/Thrust/CUTLASS call sites found no route for this fixture. The exact CUDA symbol is not yet pinned, so this is weaker than a direct dispatch trace."
aten_upsample_nearest3d_cpu,aten/src/ATen/native/cpu/UpSampleKernel.cpp,upsample_nearest3d_kernel_impl,yes,NO_EXTERNAL_LIBRARY_CALL_FOUND,,CUDA_PATH_REVIEWED_NO_EXTERNAL_EVIDENCE,,,MEDIUM,"CUDA support is reported and the reverse audit of cuBLAS/cuDNN/cuSPARSE/cuSOLVER/cuFFT/CUB/Thrust/CUTLASS call sites found no route for this fixture. The exact CUDA symbol is not yet pinned, so this is weaker than a direct dispatch trace."
aten_upsample_nearest_exact1d_backward_cpu,aten/src/ATen/native/cpu/UpSampleMoreKernel.cpp,_upsample_nearest_exact1d_backward_kernel_impl,yes,NO_EXTERNAL_LIBRARY_CALL_FOUND,,CUDA_PATH_REVIEWED_NO_EXTERNAL_EVIDENCE,,,MEDIUM,"CUDA support is reported and the reverse audit of cuBLAS/cuDNN/cuSPARSE/cuSOLVER/cuFFT/CUB/Thrust/CUTLASS call sites found no route for this fixture. The exact CUDA symbol is not yet pinned, so this is weaker than a direct dispatch trace."
aten_upsample_nearest_exact1d_cpu,aten/src/ATen/native/cpu/UpSampleKernel.cpp,_upsample_nearest_exact1d_kernel_impl,yes,NO_EXTERNAL_LIBRARY_CALL_FOUND,,CUDA_PATH_REVIEWED_NO_EXTERNAL_EVIDENCE,,,MEDIUM,"CUDA support is reported and the reverse audit of cuBLAS/cuDNN/cuSPARSE/cuSOLVER/cuFFT/CUB/Thrust/CUTLASS call sites found no route for this fixture. The exact CUDA symbol is not yet pinned, so this is weaker than a direct dispatch trace."
aten_upsample_nearest_exact2d_backward_cpu,aten/src/ATen/native/cpu/UpSampleMoreKernel.cpp,_upsample_nearest_exact2d_backward_kernel_impl,yes,NO_EXTERNAL_LIBRARY_CALL_FOUND,,CUDA_PATH_REVIEWED_NO_EXTERNAL_EVIDENCE,,,MEDIUM,"CUDA support is reported and the reverse audit of cuBLAS/cuDNN/cuSPARSE/cuSOLVER/cuFFT/CUB/Thrust/CUTLASS call sites found no route for this fixture. The exact CUDA symbol is not yet pinned, so this is weaker than a direct dispatch trace."
aten_upsample_nearest_exact2d_cpu,aten/src/ATen/native/cpu/UpSampleKernel.cpp,_upsample_nearest_exact2d_kernel_impl,yes,NO_EXTERNAL_LIBRARY_CALL_FOUND,,CUDA_PATH_REVIEWED_NO_EXTERNAL_EVIDENCE,,,MEDIUM,"CUDA support is reported and the reverse audit of cuBLAS/cuDNN/cuSPARSE/cuSOLVER/cuFFT/CUB/Thrust/CUTLASS call sites found no route for this fixture. The exact CUDA symbol is not yet pinned, so this is weaker than a direct dispatch trace."
aten_upsample_nearest_exact3d_backward_cpu,aten/src/ATen/native/cpu/UpSampleMoreKernel.cpp,_upsample_nearest_exact3d_backward_kernel_impl,yes,NO_EXTERNAL_LIBRARY_CALL_FOUND,,CUDA_PATH_REVIEWED_NO_EXTERNAL_EVIDENCE,,,MEDIUM,"CUDA support is reported and the reverse audit of cuBLAS/cuDNN/cuSPARSE/cuSOLVER/cuFFT/CUB/Thrust/CUTLASS call sites found no route for this fixture. The exact CUDA symbol is not yet pinned, so this is weaker than a direct dispatch trace."
aten_upsample_nearest_exact3d_cpu,aten/src/ATen/native/cpu/UpSampleKernel.cpp,_upsample_nearest_exact3d_kernel_impl,yes,NO_EXTERNAL_LIBRARY_CALL_FOUND,,CUDA_PATH_REVIEWED_NO_EXTERNAL_EVIDENCE,,,MEDIUM,"CUDA support is reported and the reverse audit of cuBLAS/cuDNN/cuSPARSE/cuSOLVER/cuFFT/CUB/Thrust/CUTLASS call sites found no route for this fixture. The exact CUDA symbol is not yet pinned, so this is weaker than a direct dispatch trace."
aten_upsample_trilinear3d_backward_cpu,aten/src/ATen/native/cpu/UpSampleMoreKernel.cpp,upsample_trilinear3d_backward_kernel_impl,yes,NO_EXTERNAL_LIBRARY_CALL_FOUND,,CUDA_PATH_REVIEWED_NO_EXTERNAL_EVIDENCE,,,MEDIUM,"CUDA support is reported and the reverse audit of cuBLAS/cuDNN/cuSPARSE/cuSOLVER/cuFFT/CUB/Thrust/CUTLASS call sites found no route for this fixture. The exact CUDA symbol is not yet pinned, so this is weaker than a direct dispatch trace."
aten_upsample_trilinear3d_cpu,aten/src/ATen/native/cpu/UpSampleKernel.cpp,upsample_trilinear3d_kernel_impl,yes,NO_EXTERNAL_LIBRARY_CALL_FOUND,,CUDA_PATH_REVIEWED_NO_EXTERNAL_EVIDENCE,,,MEDIUM,"CUDA support is reported and the reverse audit of cuBLAS/cuDNN/cuSPARSE/cuSOLVER/cuFFT/CUB/Thrust/CUTLASS call sites found no route for this fixture. The exact CUDA symbol is not yet pinned, so this is weaker than a direct dispatch trace."
aten_vector_norm_out_cpu,aten/src/ATen/native/LinearAlgebra.cpp,linalg_vector_norm_out,yes,NO_EXTERNAL_LIBRARY_CALL_FOUND,,CUDA_PATH_REVIEWED_NO_EXTERNAL_EVIDENCE,,,MEDIUM,"CUDA support is reported and the reverse audit of cuBLAS/cuDNN/cuSPARSE/cuSOLVER/cuFFT/CUB/Thrust/CUTLASS call sites found no route for this fixture. The exact CUDA symbol is not yet pinned, so this is weaker than a direct dispatch trace."
aten_weight_norm_backward_cpu,aten/src/ATen/native/cpu/WeightNormKernel.cpp,weight_norm_backward_kernel,yes,NO_EXTERNAL_LIBRARY_CALL_FOUND,,CUDA_PATH_REVIEWED_NO_EXTERNAL_EVIDENCE,,,MEDIUM,"CUDA support is reported and the reverse audit of cuBLAS/cuDNN/cuSPARSE/cuSOLVER/cuFFT/CUB/Thrust/CUTLASS call sites found no route for this fixture. The exact CUDA symbol is not yet pinned, so this is weaker than a direct dispatch trace."
aten_weight_norm_cpu,aten/src/ATen/native/cpu/WeightNormKernel.cpp,weight_norm_kernel,yes,NO_EXTERNAL_LIBRARY_CALL_FOUND,,CUDA_PATH_REVIEWED_NO_EXTERNAL_EVIDENCE,,,MEDIUM,"CUDA support is reported and the reverse audit of cuBLAS/cuDNN/cuSPARSE/cuSOLVER/cuFFT/CUB/Thrust/CUTLASS call sites found no route for this fixture. The exact CUDA symbol is not yet pinned, so this is weaker than a direct dispatch trace."
aten_weight_to_int4pack_cpu,aten/src/ATen/native/cpu/int4mm_kernel.cpp,weight_to_int4pack_kernel,yes,NO_EXTERNAL_LIBRARY_CALL_FOUND,,CUDA_PATH_REVIEWED_NO_EXTERNAL_EVIDENCE,,,MEDIUM,"CUDA support is reported and the reverse audit of cuBLAS/cuDNN/cuSPARSE/cuSOLVER/cuFFT/CUB/Thrust/CUTLASS call sites found no route for this fixture. The exact CUDA symbol is not yet pinned, so this is weaker than a direct dispatch trace."
aten_where_cpu,aten/src/ATen/native/cpu/TensorCompareKernel.cpp,where_kernel_impl,yes,NO_EXTERNAL_LIBRARY_CALL_FOUND,,ATEN_CUDA_KERNEL,aten/src/ATen/native/cuda/TensorCompare.cu,where_kernel_impl,HIGH,The exact CUDA dispatch counterpart is pinned and its implementation contains no computational external-library call. Header-only utility types such as thrust::pair are not counted as library algorithms.
aten_xlog1py,aten/src/ATen/native/cpu/BinaryOpsKernel.cpp,xlog1py_kernel,yes,NO_EXTERNAL_LIBRARY_CALL_FOUND,,ATEN_CUDA_KERNEL,aten/src/ATen/native/cuda/BinaryMiscOpsKernels.cu,xlog1py_kernel_cuda,HIGH,The exact CUDA dispatch counterpart is pinned and its implementation contains no computational external-library call. Header-only utility types such as thrust::pair are not counted as library algorithms.
aten_xlogy,aten/src/ATen/native/cpu/BinaryOpsKernel.cpp,xlogy_kernel,yes,NO_EXTERNAL_LIBRARY_CALL_FOUND,,ATEN_CUDA_KERNEL,aten/src/ATen/native/cuda/BinaryMiscOpsKernels.cu,xlogy_kernel_cuda,HIGH,The exact CUDA dispatch counterpart is pinned and its implementation contains no computational external-library call. Header-only utility types such as thrust::pair are not counted as library algorithms.
aten_xor_sum_cpu,aten/src/ATen/native/cpu/ReduceOpsKernel.cpp,xor_sum_kernel_impl,yes,NO_EXTERNAL_LIBRARY_CALL_FOUND,,ATEN_CUDA_KERNEL,aten/src/ATen/native/cuda/ReduceSumProdKernel.cu,xor_sum_kernel_cuda,HIGH,The exact CUDA dispatch counterpart is pinned and its implementation contains no computational external-library call. Header-only utility types such as thrust::pair are not counted as library algorithms.
aten_zeros_cpu,aten/src/ATen/native/TensorFactories.cpp,zeros_symint,yes,NO_EXTERNAL_LIBRARY_CALL_FOUND,,CUDA_PATH_REVIEWED_NO_EXTERNAL_EVIDENCE,,,MEDIUM,"CUDA support is reported and the reverse audit of cuBLAS/cuDNN/cuSPARSE/cuSOLVER/cuFFT/CUB/Thrust/CUTLASS call sites found no route for this fixture. The exact CUDA symbol is not yet pinned, so this is weaker than a direct dispatch trace."
aten_zeta,aten/src/ATen/native/cpu/BinaryOpsKernel.cpp,zeta_kernel,no,NO_EXTERNAL_LIBRARY_CALL_FOUND,,ATEN_CUDA_KERNEL,aten/src/ATen/native/cuda/ZetaKernel.cu,zeta_kernel_cuda,HIGH,The exact CUDA dispatch counterpart is pinned and its implementation contains no computational external-library call. Header-only utility types such as thrust::pair are not counted as library algorithms.
