
****************************************
*** RaiseAffineToLinalgPipeline START ***
****************************************

Running pipeline...

****************************************
*** RaiseAffineToLinalg START ***
****************************************

### Step 1: Applying AffineParallelFission ###

=== AffineParallelFission ===
Processing affine.parallel:
affine.parallel (%arg8) = (0) to (symbol(%0) - 1) {
  affine.parallel (%arg9) = (0) to (symbol(%1) - 1) {
    %3 = affine.load %arg5[%arg8, %arg9] : memref<?x30xf64>
    %4 = affine.load %arg3[%arg8, %arg9 + 1] : memref<?x30xf64>
    %5 = affine.load %arg3[%arg8, %arg9] : memref<?x30xf64>
    %6 = arith.subf %4, %5 : f64
    %7 = affine.load %arg4[%arg8 + 1, %arg9] : memref<?x30xf64>
    %8 = arith.addf %6, %7 : f64
    %9 = affine.load %arg4[%arg8, %arg9] : memref<?x30xf64>
    %10 = arith.subf %8, %9 : f64
    %11 = arith.mulf %10, %cst_0 : f64
    %12 = arith.subf %3, %11 : f64
    affine.store %12, %arg5[%arg8, %arg9] : memref<?x30xf64>
  }
}
REJECTED: Less than 2 nested loops (found 1)


=== AffineParallelFission ===
Processing affine.parallel:
affine.parallel (%arg9) = (0) to (symbol(%1) - 1) {
  %3 = affine.load %arg5[%arg8, %arg9] : memref<?x30xf64>
  %4 = affine.load %arg3[%arg8, %arg9 + 1] : memref<?x30xf64>
  %5 = affine.load %arg3[%arg8, %arg9] : memref<?x30xf64>
  %6 = arith.subf %4, %5 : f64
  %7 = affine.load %arg4[%arg8 + 1, %arg9] : memref<?x30xf64>
  %8 = arith.addf %6, %7 : f64
  %9 = affine.load %arg4[%arg8, %arg9] : memref<?x30xf64>
  %10 = arith.subf %8, %9 : f64
  %11 = arith.mulf %10, %cst_0 : f64
  %12 = arith.subf %3, %11 : f64
  affine.store %12, %arg5[%arg8, %arg9] : memref<?x30xf64>
}

=== AffineParallelFission ===
Processing affine.parallel:
affine.parallel (%arg8) = (0) to (symbol(%0)) {
  affine.parallel (%arg9) = (1) to (symbol(%1)) {
    %3 = affine.load %arg3[%arg8, %arg9] : memref<?x30xf64>
    %4 = affine.load %arg5[%arg8, %arg9] : memref<?x30xf64>
    %5 = affine.load %arg5[%arg8, %arg9 - 1] : memref<?x30xf64>
    %6 = arith.subf %4, %5 : f64
    %7 = arith.mulf %6, %cst : f64
    %8 = arith.subf %3, %7 : f64
    affine.store %8, %arg3[%arg8, %arg9] : memref<?x30xf64>
  }
}
REJECTED: Less than 2 nested loops (found 1)


=== AffineParallelFission ===
Processing affine.parallel:
affine.parallel (%arg9) = (1) to (symbol(%1)) {
  %3 = affine.load %arg3[%arg8, %arg9] : memref<?x30xf64>
  %4 = affine.load %arg5[%arg8, %arg9] : memref<?x30xf64>
  %5 = affine.load %arg5[%arg8, %arg9 - 1] : memref<?x30xf64>
  %6 = arith.subf %4, %5 : f64
  %7 = arith.mulf %6, %cst : f64
  %8 = arith.subf %3, %7 : f64
  affine.store %8, %arg3[%arg8, %arg9] : memref<?x30xf64>
}

=== AffineParallelFission ===
Processing affine.parallel:
affine.parallel (%arg8) = (1) to (symbol(%0)) {
  affine.parallel (%arg9) = (0) to (symbol(%1)) {
    %3 = affine.load %arg4[%arg8, %arg9] : memref<?x30xf64>
    %4 = affine.load %arg5[%arg8, %arg9] : memref<?x30xf64>
    %5 = affine.load %arg5[%arg8 - 1, %arg9] : memref<?x30xf64>
    %6 = arith.subf %4, %5 : f64
    %7 = arith.mulf %6, %cst : f64
    %8 = arith.subf %3, %7 : f64
    affine.store %8, %arg4[%arg8, %arg9] : memref<?x30xf64>
  }
}
REJECTED: Less than 2 nested loops (found 1)


=== AffineParallelFission ===
Processing affine.parallel:
affine.parallel (%arg9) = (0) to (symbol(%1)) {
  %3 = affine.load %arg4[%arg8, %arg9] : memref<?x30xf64>
  %4 = affine.load %arg5[%arg8, %arg9] : memref<?x30xf64>
  %5 = affine.load %arg5[%arg8 - 1, %arg9] : memref<?x30xf64>
  %6 = arith.subf %4, %5 : f64
  %7 = arith.mulf %6, %cst : f64
  %8 = arith.subf %3, %7 : f64
  affine.store %8, %arg4[%arg8, %arg9] : memref<?x30xf64>
}

=== AffineParallelFission ===
Processing affine.parallel:
affine.parallel (%arg8) = (0) to (symbol(%1)) {
  %3 = affine.load %arg6[%arg7] : memref<?xf64>
  affine.store %3, %arg4[0, %arg8] : memref<?x30xf64>
}
### Step 1 Complete ###

### Step 2: Applying AffineParallelToFor ###

=== AffineParallelToFor ===
Processing affine.parallel:
affine.parallel (%arg8) = (0) to (symbol(%0) - 1) {
  affine.parallel (%arg9) = (0) to (symbol(%1) - 1) {
    %3 = affine.load %arg5[%arg8, %arg9] : memref<?x30xf64>
    %4 = affine.load %arg3[%arg8, %arg9 + 1] : memref<?x30xf64>
    %5 = affine.load %arg3[%arg8, %arg9] : memref<?x30xf64>
    %6 = arith.subf %4, %5 : f64
    %7 = affine.load %arg4[%arg8 + 1, %arg9] : memref<?x30xf64>
    %8 = arith.addf %6, %7 : f64
    %9 = affine.load %arg4[%arg8, %arg9] : memref<?x30xf64>
    %10 = arith.subf %8, %9 : f64
    %11 = arith.mulf %10, %cst_0 : f64
    %12 = arith.subf %3, %11 : f64
    affine.store %12, %arg5[%arg8, %arg9] : memref<?x30xf64>
  }
}
Converting parallel loop with 1 induction variables
=== AffineParallelToFor SUCCESS ===


=== AffineParallelToFor ===
Processing affine.parallel:
affine.parallel (%arg9) = (0) to (symbol(%1) - 1) {
  %3 = affine.load %arg5[%arg8, %arg9] : memref<?x30xf64>
  %4 = affine.load %arg3[%arg8, %arg9 + 1] : memref<?x30xf64>
  %5 = affine.load %arg3[%arg8, %arg9] : memref<?x30xf64>
  %6 = arith.subf %4, %5 : f64
  %7 = affine.load %arg4[%arg8 + 1, %arg9] : memref<?x30xf64>
  %8 = arith.addf %6, %7 : f64
  %9 = affine.load %arg4[%arg8, %arg9] : memref<?x30xf64>
  %10 = arith.subf %8, %9 : f64
  %11 = arith.mulf %10, %cst_0 : f64
  %12 = arith.subf %3, %11 : f64
  affine.store %12, %arg5[%arg8, %arg9] : memref<?x30xf64>
}
Converting parallel loop with 1 induction variables
=== AffineParallelToFor SUCCESS ===


=== AffineParallelToFor ===
Processing affine.parallel:
affine.parallel (%arg8) = (0) to (symbol(%0)) {
  affine.parallel (%arg9) = (1) to (symbol(%1)) {
    %3 = affine.load %arg3[%arg8, %arg9] : memref<?x30xf64>
    %4 = affine.load %arg5[%arg8, %arg9] : memref<?x30xf64>
    %5 = affine.load %arg5[%arg8, %arg9 - 1] : memref<?x30xf64>
    %6 = arith.subf %4, %5 : f64
    %7 = arith.mulf %6, %cst : f64
    %8 = arith.subf %3, %7 : f64
    affine.store %8, %arg3[%arg8, %arg9] : memref<?x30xf64>
  }
}
Converting parallel loop with 1 induction variables
=== AffineParallelToFor SUCCESS ===


=== AffineParallelToFor ===
Processing affine.parallel:
affine.parallel (%arg9) = (1) to (symbol(%1)) {
  %3 = affine.load %arg3[%arg8, %arg9] : memref<?x30xf64>
  %4 = affine.load %arg5[%arg8, %arg9] : memref<?x30xf64>
  %5 = affine.load %arg5[%arg8, %arg9 - 1] : memref<?x30xf64>
  %6 = arith.subf %4, %5 : f64
  %7 = arith.mulf %6, %cst : f64
  %8 = arith.subf %3, %7 : f64
  affine.store %8, %arg3[%arg8, %arg9] : memref<?x30xf64>
}
Converting parallel loop with 1 induction variables
=== AffineParallelToFor SUCCESS ===


=== AffineParallelToFor ===
Processing affine.parallel:
affine.parallel (%arg8) = (1) to (symbol(%0)) {
  affine.parallel (%arg9) = (0) to (symbol(%1)) {
    %3 = affine.load %arg4[%arg8, %arg9] : memref<?x30xf64>
    %4 = affine.load %arg5[%arg8, %arg9] : memref<?x30xf64>
    %5 = affine.load %arg5[%arg8 - 1, %arg9] : memref<?x30xf64>
    %6 = arith.subf %4, %5 : f64
    %7 = arith.mulf %6, %cst : f64
    %8 = arith.subf %3, %7 : f64
    affine.store %8, %arg4[%arg8, %arg9] : memref<?x30xf64>
  }
}
Converting parallel loop with 1 induction variables
=== AffineParallelToFor SUCCESS ===


=== AffineParallelToFor ===
Processing affine.parallel:
affine.parallel (%arg9) = (0) to (symbol(%1)) {
  %3 = affine.load %arg4[%arg8, %arg9] : memref<?x30xf64>
  %4 = affine.load %arg5[%arg8, %arg9] : memref<?x30xf64>
  %5 = affine.load %arg5[%arg8 - 1, %arg9] : memref<?x30xf64>
  %6 = arith.subf %4, %5 : f64
  %7 = arith.mulf %6, %cst : f64
  %8 = arith.subf %3, %7 : f64
  affine.store %8, %arg4[%arg8, %arg9] : memref<?x30xf64>
}
Converting parallel loop with 1 induction variables
=== AffineParallelToFor SUCCESS ===


=== AffineParallelToFor ===
Processing affine.parallel:
affine.parallel (%arg8) = (0) to (symbol(%1)) {
  %3 = affine.load %arg6[%arg7] : memref<?xf64>
  affine.store %3, %arg4[0, %arg8] : memref<?x30xf64>
}
Converting parallel loop with 1 induction variables
=== AffineParallelToFor SUCCESS ===

### Step 2 Complete ###

### Step 3: Applying AffineForOpRaising ###

========================================
=== AffineForOpRaising::matchAndRewrite ===
========================================
Processing loop:
affine.for %arg8 = 0 to affine_map<()[s0] -> (s0 - 1)>()[%0] {
  affine.for %arg9 = 0 to affine_map<()[s0] -> (s0 - 1)>()[%1] {
    %3 = affine.load %arg5[%arg8, %arg9] : memref<?x30xf64>
    %4 = affine.load %arg3[%arg8, %arg9 + 1] : memref<?x30xf64>
    %5 = affine.load %arg3[%arg8, %arg9] : memref<?x30xf64>
    %6 = arith.subf %4, %5 : f64
    %7 = affine.load %arg4[%arg8 + 1, %arg9] : memref<?x30xf64>
    %8 = arith.addf %6, %7 : f64
    %9 = affine.load %arg4[%arg8, %arg9] : memref<?x30xf64>
    %10 = arith.subf %8, %9 : f64
    %11 = arith.mulf %10, %cst_0 : f64
    %12 = arith.subf %3, %11 : f64
    affine.store %12, %arg5[%arg8, %arg9] : memref<?x30xf64>
  }
}

REJECTED: Walk was interrupted (invalid operations found)


========================================
=== AffineForOpRaising::matchAndRewrite ===
========================================
Processing loop:
affine.for %arg9 = 0 to affine_map<()[s0] -> (s0 - 1)>()[%1] {
  %3 = affine.load %arg5[%arg8, %arg9] : memref<?x30xf64>
  %4 = affine.load %arg3[%arg8, %arg9 + 1] : memref<?x30xf64>
  %5 = affine.load %arg3[%arg8, %arg9] : memref<?x30xf64>
  %6 = arith.subf %4, %5 : f64
  %7 = affine.load %arg4[%arg8 + 1, %arg9] : memref<?x30xf64>
  %8 = arith.addf %6, %7 : f64
  %9 = affine.load %arg4[%arg8, %arg9] : memref<?x30xf64>
  %10 = arith.subf %8, %9 : f64
  %11 = arith.mulf %10, %cst_0 : f64
  %12 = arith.subf %3, %11 : f64
  affine.store %12, %arg5[%arg8, %arg9] : memref<?x30xf64>
}

Pattern recognition complete:
  Loads: 5
  Stores: 1
  LinalgGenerics: 0

Loop bounds:
  lbMap: () -> (0)
  ubMap: ()[s0] -> (s0 - 1)

--- Processing Linalg Generics ---

--- Processing Loads ---
Processing load: %6 = affine.load %arg5[%arg8, %arg9] : memref<?x30xf64>
Processing load: %7 = affine.load %arg3[%arg8, %arg9 + 1] : memref<?x30xf64>

=== remap_in_affine_dim ===
  oldmap: (d0, d1) -> (d0, d1 + 1)
  firstNDims: 0
  check_reduction (input): 0
  lower_bound_val: 0
  dimidx: 1
  check_reduction (output): 0
  new map (map2): (d0)[s0] -> (s0, d0 + 1)
  validDims: 1, validSims: 1
  Created SubmapOp with type: memref<?xf64>
=== remap_in_affine_dim END ===

Processing load: %9 = affine.load %arg3[%arg8, %arg9] : memref<?x30xf64>

=== remap_in_affine_dim ===
  oldmap: (d0, d1) -> (d0, d1)
  firstNDims: 0
  check_reduction (input): 0
  lower_bound_val: 0
  dimidx: 1
  check_reduction (output): 0
  new map (map2): (d0)[s0] -> (s0, d0)
  validDims: 1, validSims: 1
  Created SubmapOp with type: memref<?xf64>
=== remap_in_affine_dim END ===

Processing load: %12 = affine.load %arg4[%arg8 + 1, %arg9] : memref<?x30xf64>

=== remap_in_affine_dim ===
  oldmap: (d0, d1) -> (d0 + 1, d1)
  firstNDims: 0
  check_reduction (input): 0
  lower_bound_val: 0
  dimidx: 1
  check_reduction (output): 0
  new map (map2): (d0)[s0] -> (s0 + 1, d0)
  validDims: 1, validSims: 1
  Created SubmapOp with type: memref<?xf64>
=== remap_in_affine_dim END ===

Processing load: %15 = affine.load %arg4[%arg8, %arg9] : memref<?x30xf64>

=== remap_in_affine_dim ===
  oldmap: (d0, d1) -> (d0, d1)
  firstNDims: 0
  check_reduction (input): 0
  lower_bound_val: 0
  dimidx: 1
  check_reduction (output): 0
  new map (map2): (d0)[s0] -> (s0, d0)
  validDims: 1, validSims: 1
  Created SubmapOp with type: memref<?xf64>
=== remap_in_affine_dim END ===


--- Processing Stores ---
Processing store: affine.store %19, %arg5[%arg8, %arg9] : memref<?x30xf64>

=== remap_in_affine_dim ===
  oldmap: (d0, d1) -> (d0, d1)
  firstNDims: 0
  check_reduction (input): 1
  lower_bound_val: 0
  dimidx: 1
  check_reduction (output): 0
  new map (map2): (d0)[s0] -> (s0, d0)
  validDims: 1, validSims: 1
  Created SubmapOp with type: memref<?xf64>
=== remap_in_affine_dim END ===


--- Creating linalg.generic ---
Iterator type for this loop: parallel
Total iterator types: 1
Total inputs: 4
Total outputs: 1

=== AffineForOpRaising SUCCESS ===
========================================


========================================
=== AffineForOpRaising::matchAndRewrite ===
========================================
Processing loop:
affine.for %arg8 = 0 to affine_map<()[s0] -> (s0 - 1)>()[%0] {
  %3 = affine.apply affine_map<()[s0] -> (s0 - 1)>()[%1]
  %4 = polygeist.submap(%arg3, %arg8, %3) {map = affine_map<(d0)[s0] -> (s0, d0 + 1)>} : (memref<?x30xf64>, index, index) -> memref<?xf64>
  %5 = polygeist.submap(%arg3, %arg8, %3) {map = affine_map<(d0)[s0] -> (s0, d0)>} : (memref<?x30xf64>, index, index) -> memref<?xf64>
  %6 = polygeist.submap(%arg4, %arg8, %3) {map = affine_map<(d0)[s0] -> (s0 + 1, d0)>} : (memref<?x30xf64>, index, index) -> memref<?xf64>
  %7 = polygeist.submap(%arg4, %arg8, %3) {map = affine_map<(d0)[s0] -> (s0, d0)>} : (memref<?x30xf64>, index, index) -> memref<?xf64>
  %8 = polygeist.submap(%arg5, %arg8, %3) {map = affine_map<(d0)[s0] -> (s0, d0)>} : (memref<?x30xf64>, index, index) -> memref<?xf64>
  linalg.generic {indexing_maps = [affine_map<(d0) -> (d0)>, affine_map<(d0) -> (d0)>, affine_map<(d0) -> (d0)>, affine_map<(d0) -> (d0)>, affine_map<(d0) -> (d0)>], iterator_types = ["parallel"]} ins(%4, %5, %6, %7 : memref<?xf64>, memref<?xf64>, memref<?xf64>, memref<?xf64>) outs(%8 : memref<?xf64>) {
  ^bb0(%in: f64, %in_1: f64, %in_2: f64, %in_3: f64, %out: f64):
    %9 = arith.subf %in, %in_1 : f64
    %10 = arith.addf %9, %in_2 : f64
    %11 = arith.subf %10, %in_3 : f64
    %12 = arith.mulf %11, %cst_0 : f64
    %13 = arith.subf %out, %12 : f64
    linalg.yield %13 : f64
  }
}

Pattern recognition complete:
  Loads: 0
  Stores: 0
  LinalgGenerics: 1

Loop bounds:
  lbMap: () -> (0)
  ubMap: ()[s0] -> (s0 - 1)

--- Processing Linalg Generics ---
Processing linalg.generic:
linalg.generic {indexing_maps = [affine_map<(d0) -> (d0)>, affine_map<(d0) -> (d0)>, affine_map<(d0) -> (d0)>, affine_map<(d0) -> (d0)>, affine_map<(d0) -> (d0)>], iterator_types = ["parallel"]} ins(%7, %8, %9, %10 : memref<?xf64>, memref<?xf64>, memref<?xf64>, memref<?xf64>) outs(%11 : memref<?xf64>) {
^bb0(%in: f64, %in_1: f64, %in_2: f64, %in_3: f64, %out: f64):
  %12 = arith.subf %in, %in_1 : f64
  %13 = arith.addf %12, %in_2 : f64
  %14 = arith.subf %13, %in_3 : f64
  %15 = arith.mulf %14, %cst_0 : f64
  %16 = arith.subf %out, %15 : f64
  linalg.yield %16 : f64
}
  Processing 4 inputs
  Input 0 indexing map: (d0) -> (d0)

=== getLinalgArgMap ===
  Initial lgMap: (d0) -> (d0)
  Found SubmapOp with map: (d0)[s0] -> (s0, d0 + 1)
  Composed map: (d0)[s0] -> (s0, d0 + 1)
  Final lgMap: (d0)[s0] -> (s0, d0 + 1)
=== getLinalgArgMap END ===

  Calling remap_in_affine_dim for input 0

=== remap_in_affine_dim ===
  oldmap: (d0)[s0] -> (s0, d0 + 1)
  firstNDims: 1
  check_reduction (input): 0
  lower_bound_val: 0
  dimidx: 1
  check_reduction (output): 0
  new map (map2): (d0, d1) -> (d1, d0 + 1)
  validDims: 2, validSims: 0
  Created SubmapOp with type: memref<?x?xf64>
=== remap_in_affine_dim END ===

  Input 1 indexing map: (d0) -> (d0)

=== getLinalgArgMap ===
  Initial lgMap: (d0) -> (d0)
  Found SubmapOp with map: (d0)[s0] -> (s0, d0)
  Composed map: (d0)[s0] -> (s0, d0)
  Final lgMap: (d0)[s0] -> (s0, d0)
=== getLinalgArgMap END ===

  Calling remap_in_affine_dim for input 1

=== remap_in_affine_dim ===
  oldmap: (d0)[s0] -> (s0, d0)
  firstNDims: 1
  check_reduction (input): 0
  lower_bound_val: 0
  dimidx: 1
  check_reduction (output): 0
  new map (map2): (d0, d1) -> (d1, d0)
  validDims: 2, validSims: 0
  Created SubmapOp with type: memref<?x?xf64>
=== remap_in_affine_dim END ===

  Input 2 indexing map: (d0) -> (d0)

=== getLinalgArgMap ===
  Initial lgMap: (d0) -> (d0)
  Found SubmapOp with map: (d0)[s0] -> (s0 + 1, d0)
  Composed map: (d0)[s0] -> (s0 + 1, d0)
  Final lgMap: (d0)[s0] -> (s0 + 1, d0)
=== getLinalgArgMap END ===

  Calling remap_in_affine_dim for input 2

=== remap_in_affine_dim ===
  oldmap: (d0)[s0] -> (s0 + 1, d0)
  firstNDims: 1
  check_reduction (input): 0
  lower_bound_val: 0
  dimidx: 1
  check_reduction (output): 0
  new map (map2): (d0, d1) -> (d1 + 1, d0)
  validDims: 2, validSims: 0
  Created SubmapOp with type: memref<?x?xf64>
=== remap_in_affine_dim END ===

  Input 3 indexing map: (d0) -> (d0)

=== getLinalgArgMap ===
  Initial lgMap: (d0) -> (d0)
  Found SubmapOp with map: (d0)[s0] -> (s0, d0)
  Composed map: (d0)[s0] -> (s0, d0)
  Final lgMap: (d0)[s0] -> (s0, d0)
=== getLinalgArgMap END ===

  Calling remap_in_affine_dim for input 3

=== remap_in_affine_dim ===
  oldmap: (d0)[s0] -> (s0, d0)
  firstNDims: 1
  check_reduction (input): 0
  lower_bound_val: 0
  dimidx: 1
  check_reduction (output): 0
  new map (map2): (d0, d1) -> (d1, d0)
  validDims: 2, validSims: 0
  Created SubmapOp with type: memref<?x?xf64>
=== remap_in_affine_dim END ===

  Processing 1 outputs

=== getLinalgArgMap ===
  Initial lgMap: (d0) -> (d0)
  Found SubmapOp with map: (d0)[s0] -> (s0, d0)
  Composed map: (d0)[s0] -> (s0, d0)
  Final lgMap: (d0)[s0] -> (s0, d0)
=== getLinalgArgMap END ===

  Calling remap_in_affine_dim for output 0

=== remap_in_affine_dim ===
  oldmap: (d0)[s0] -> (s0, d0)
  firstNDims: 1
  check_reduction (input): 1
  lower_bound_val: 0
  dimidx: 1
  check_reduction (output): 0
  new map (map2): (d0, d1) -> (d1, d0)
  validDims: 2, validSims: 0
  Created SubmapOp with type: memref<?x?xf64>
=== remap_in_affine_dim END ===


--- Processing Loads ---

--- Processing Stores ---

--- Creating linalg.generic ---
Iterator type for this loop: parallel
Extending iterator types from nested linalg.generic
Total iterator types: 2
Total inputs: 4
Total outputs: 1

=== AffineForOpRaising SUCCESS ===
========================================


========================================
=== AffineForOpRaising::matchAndRewrite ===
========================================
Processing loop:
affine.for %arg8 = 0 to %0 {
  affine.for %arg9 = 1 to %1 {
    %14 = affine.load %arg3[%arg8, %arg9] : memref<?x30xf64>
    %15 = affine.load %arg5[%arg8, %arg9] : memref<?x30xf64>
    %16 = affine.load %arg5[%arg8, %arg9 - 1] : memref<?x30xf64>
    %17 = arith.subf %15, %16 : f64
    %18 = arith.mulf %17, %cst : f64
    %19 = arith.subf %14, %18 : f64
    affine.store %19, %arg3[%arg8, %arg9] : memref<?x30xf64>
  }
}

REJECTED: Walk was interrupted (invalid operations found)


========================================
=== AffineForOpRaising::matchAndRewrite ===
========================================
Processing loop:
affine.for %arg9 = 1 to %1 {
  %14 = affine.load %arg3[%arg8, %arg9] : memref<?x30xf64>
  %15 = affine.load %arg5[%arg8, %arg9] : memref<?x30xf64>
  %16 = affine.load %arg5[%arg8, %arg9 - 1] : memref<?x30xf64>
  %17 = arith.subf %15, %16 : f64
  %18 = arith.mulf %17, %cst : f64
  %19 = arith.subf %14, %18 : f64
  affine.store %19, %arg3[%arg8, %arg9] : memref<?x30xf64>
}

Pattern recognition complete:
  Loads: 3
  Stores: 1
  LinalgGenerics: 0

Loop bounds:
  lbMap: () -> (1)
  ubMap: ()[s0] -> (s0)

--- Processing Linalg Generics ---

--- Processing Loads ---
Processing load: %17 = affine.load %arg3[%arg8, %arg9] : memref<?x30xf64>
Processing load: %18 = affine.load %arg5[%arg8, %arg9] : memref<?x30xf64>

=== remap_in_affine_dim ===
  oldmap: (d0, d1) -> (d0, d1)
  firstNDims: 0
  check_reduction (input): 0
  lower_bound_val: 1
  dimidx: 1
  check_reduction (output): 0
  new map (map2): (d0)[s0] -> (s0, d0 + 1)
  validDims: 1, validSims: 1
  Created SubmapOp with type: memref<?xf64>
=== remap_in_affine_dim END ===

Processing load: %20 = affine.load %arg5[%arg8, %arg9 - 1] : memref<?x30xf64>

=== remap_in_affine_dim ===
  oldmap: (d0, d1) -> (d0, d1 - 1)
  firstNDims: 0
  check_reduction (input): 0
  lower_bound_val: 1
  dimidx: 1
  check_reduction (output): 0
  new map (map2): (d0)[s0] -> (s0, d0)
  validDims: 1, validSims: 1
  Created SubmapOp with type: memref<?xf64>
=== remap_in_affine_dim END ===


--- Processing Stores ---
Processing store: affine.store %24, %arg3[%arg8, %arg9] : memref<?x30xf64>

=== remap_in_affine_dim ===
  oldmap: (d0, d1) -> (d0, d1)
  firstNDims: 0
  check_reduction (input): 1
  lower_bound_val: 1
  dimidx: 1
  check_reduction (output): 0
  new map (map2): (d0)[s0] -> (s0, d0 + 1)
  validDims: 1, validSims: 1
  Created SubmapOp with type: memref<?xf64>
=== remap_in_affine_dim END ===


--- Creating linalg.generic ---
Iterator type for this loop: parallel
Total iterator types: 1
Total inputs: 2
Total outputs: 1

=== AffineForOpRaising SUCCESS ===
========================================


========================================
=== AffineForOpRaising::matchAndRewrite ===
========================================
Processing loop:
affine.for %arg8 = 0 to %0 {
  %14 = affine.apply affine_map<()[s0] -> (s0)>()[%1]
  %15 = arith.subi %14, %c1 : index
  %16 = polygeist.submap(%arg5, %arg8, %15) {map = affine_map<(d0)[s0] -> (s0, d0 + 1)>} : (memref<?x30xf64>, index, index) -> memref<?xf64>
  %17 = polygeist.submap(%arg5, %arg8, %15) {map = affine_map<(d0)[s0] -> (s0, d0)>} : (memref<?x30xf64>, index, index) -> memref<?xf64>
  %18 = polygeist.submap(%arg3, %arg8, %15) {map = affine_map<(d0)[s0] -> (s0, d0 + 1)>} : (memref<?x30xf64>, index, index) -> memref<?xf64>
  linalg.generic {indexing_maps = [affine_map<(d0) -> (d0)>, affine_map<(d0) -> (d0)>, affine_map<(d0) -> (d0)>], iterator_types = ["parallel"]} ins(%16, %17 : memref<?xf64>, memref<?xf64>) outs(%18 : memref<?xf64>) {
  ^bb0(%in: f64, %in_1: f64, %out: f64):
    %19 = arith.subf %in, %in_1 : f64
    %20 = arith.mulf %19, %cst : f64
    %21 = arith.subf %out, %20 : f64
    linalg.yield %21 : f64
  }
}

Pattern recognition complete:
  Loads: 0
  Stores: 0
  LinalgGenerics: 1

Loop bounds:
  lbMap: () -> (0)
  ubMap: ()[s0] -> (s0)

--- Processing Linalg Generics ---
Processing linalg.generic:
linalg.generic {indexing_maps = [affine_map<(d0) -> (d0)>, affine_map<(d0) -> (d0)>, affine_map<(d0) -> (d0)>], iterator_types = ["parallel"]} ins(%19, %20 : memref<?xf64>, memref<?xf64>) outs(%21 : memref<?xf64>) {
^bb0(%in: f64, %in_1: f64, %out: f64):
  %22 = arith.subf %in, %in_1 : f64
  %23 = arith.mulf %22, %cst : f64
  %24 = arith.subf %out, %23 : f64
  linalg.yield %24 : f64
}
  Processing 2 inputs
  Input 0 indexing map: (d0) -> (d0)

=== getLinalgArgMap ===
  Initial lgMap: (d0) -> (d0)
  Found SubmapOp with map: (d0)[s0] -> (s0, d0 + 1)
  Composed map: (d0)[s0] -> (s0, d0 + 1)
  Final lgMap: (d0)[s0] -> (s0, d0 + 1)
=== getLinalgArgMap END ===

  Calling remap_in_affine_dim for input 0

=== remap_in_affine_dim ===
  oldmap: (d0)[s0] -> (s0, d0 + 1)
  firstNDims: 1
  check_reduction (input): 0
  lower_bound_val: 0
  dimidx: 1
  check_reduction (output): 0
  new map (map2): (d0, d1) -> (d1, d0 + 1)
  validDims: 2, validSims: 0
  Created SubmapOp with type: memref<?x?xf64>
=== remap_in_affine_dim END ===

  Input 1 indexing map: (d0) -> (d0)

=== getLinalgArgMap ===
  Initial lgMap: (d0) -> (d0)
  Found SubmapOp with map: (d0)[s0] -> (s0, d0)
  Composed map: (d0)[s0] -> (s0, d0)
  Final lgMap: (d0)[s0] -> (s0, d0)
=== getLinalgArgMap END ===

  Calling remap_in_affine_dim for input 1

=== remap_in_affine_dim ===
  oldmap: (d0)[s0] -> (s0, d0)
  firstNDims: 1
  check_reduction (input): 0
  lower_bound_val: 0
  dimidx: 1
  check_reduction (output): 0
  new map (map2): (d0, d1) -> (d1, d0)
  validDims: 2, validSims: 0
  Created SubmapOp with type: memref<?x?xf64>
=== remap_in_affine_dim END ===

  Processing 1 outputs

=== getLinalgArgMap ===
  Initial lgMap: (d0) -> (d0)
  Found SubmapOp with map: (d0)[s0] -> (s0, d0 + 1)
  Composed map: (d0)[s0] -> (s0, d0 + 1)
  Final lgMap: (d0)[s0] -> (s0, d0 + 1)
=== getLinalgArgMap END ===

  Calling remap_in_affine_dim for output 0

=== remap_in_affine_dim ===
  oldmap: (d0)[s0] -> (s0, d0 + 1)
  firstNDims: 1
  check_reduction (input): 1
  lower_bound_val: 0
  dimidx: 1
  check_reduction (output): 0
  new map (map2): (d0, d1) -> (d1, d0 + 1)
  validDims: 2, validSims: 0
  Created SubmapOp with type: memref<?x?xf64>
=== remap_in_affine_dim END ===


--- Processing Loads ---

--- Processing Stores ---

--- Creating linalg.generic ---
Iterator type for this loop: parallel
Extending iterator types from nested linalg.generic
Total iterator types: 2
Total inputs: 2
Total outputs: 1

=== AffineForOpRaising SUCCESS ===
========================================


========================================
=== AffineForOpRaising::matchAndRewrite ===
========================================
Processing loop:
affine.for %arg8 = 1 to %0 {
  affine.for %arg9 = 0 to %1 {
    %20 = affine.load %arg4[%arg8, %arg9] : memref<?x30xf64>
    %21 = affine.load %arg5[%arg8, %arg9] : memref<?x30xf64>
    %22 = affine.load %arg5[%arg8 - 1, %arg9] : memref<?x30xf64>
    %23 = arith.subf %21, %22 : f64
    %24 = arith.mulf %23, %cst : f64
    %25 = arith.subf %20, %24 : f64
    affine.store %25, %arg4[%arg8, %arg9] : memref<?x30xf64>
  }
}

REJECTED: Walk was interrupted (invalid operations found)


========================================
=== AffineForOpRaising::matchAndRewrite ===
========================================
Processing loop:
affine.for %arg9 = 0 to %1 {
  %20 = affine.load %arg4[%arg8, %arg9] : memref<?x30xf64>
  %21 = affine.load %arg5[%arg8, %arg9] : memref<?x30xf64>
  %22 = affine.load %arg5[%arg8 - 1, %arg9] : memref<?x30xf64>
  %23 = arith.subf %21, %22 : f64
  %24 = arith.mulf %23, %cst : f64
  %25 = arith.subf %20, %24 : f64
  affine.store %25, %arg4[%arg8, %arg9] : memref<?x30xf64>
}

Pattern recognition complete:
  Loads: 3
  Stores: 1
  LinalgGenerics: 0

Loop bounds:
  lbMap: () -> (0)
  ubMap: ()[s0] -> (s0)

--- Processing Linalg Generics ---

--- Processing Loads ---
Processing load: %23 = affine.load %arg4[%arg8, %arg9] : memref<?x30xf64>
Processing load: %24 = affine.load %arg5[%arg8, %arg9] : memref<?x30xf64>

=== remap_in_affine_dim ===
  oldmap: (d0, d1) -> (d0, d1)
  firstNDims: 0
  check_reduction (input): 0
  lower_bound_val: 0
  dimidx: 1
  check_reduction (output): 0
  new map (map2): (d0)[s0] -> (s0, d0)
  validDims: 1, validSims: 1
  Created SubmapOp with type: memref<?xf64>
=== remap_in_affine_dim END ===

Processing load: %26 = affine.load %arg5[%arg8 - 1, %arg9] : memref<?x30xf64>

=== remap_in_affine_dim ===
  oldmap: (d0, d1) -> (d0 - 1, d1)
  firstNDims: 0
  check_reduction (input): 0
  lower_bound_val: 0
  dimidx: 1
  check_reduction (output): 0
  new map (map2): (d0)[s0] -> (s0 - 1, d0)
  validDims: 1, validSims: 1
  Created SubmapOp with type: memref<?xf64>
=== remap_in_affine_dim END ===


--- Processing Stores ---
Processing store: affine.store %30, %arg4[%arg8, %arg9] : memref<?x30xf64>

=== remap_in_affine_dim ===
  oldmap: (d0, d1) -> (d0, d1)
  firstNDims: 0
  check_reduction (input): 1
  lower_bound_val: 0
  dimidx: 1
  check_reduction (output): 0
  new map (map2): (d0)[s0] -> (s0, d0)
  validDims: 1, validSims: 1
  Created SubmapOp with type: memref<?xf64>
=== remap_in_affine_dim END ===


--- Creating linalg.generic ---
Iterator type for this loop: parallel
Total iterator types: 1
Total inputs: 2
Total outputs: 1

=== AffineForOpRaising SUCCESS ===
========================================


========================================
=== AffineForOpRaising::matchAndRewrite ===
========================================
Processing loop:
affine.for %arg8 = 1 to %0 {
  %20 = affine.apply affine_map<()[s0] -> (s0)>()[%1]
  %21 = polygeist.submap(%arg5, %arg8, %20) {map = affine_map<(d0)[s0] -> (s0, d0)>} : (memref<?x30xf64>, index, index) -> memref<?xf64>
  %22 = polygeist.submap(%arg5, %arg8, %20) {map = affine_map<(d0)[s0] -> (s0 - 1, d0)>} : (memref<?x30xf64>, index, index) -> memref<?xf64>
  %23 = polygeist.submap(%arg4, %arg8, %20) {map = affine_map<(d0)[s0] -> (s0, d0)>} : (memref<?x30xf64>, index, index) -> memref<?xf64>
  linalg.generic {indexing_maps = [affine_map<(d0) -> (d0)>, affine_map<(d0) -> (d0)>, affine_map<(d0) -> (d0)>], iterator_types = ["parallel"]} ins(%21, %22 : memref<?xf64>, memref<?xf64>) outs(%23 : memref<?xf64>) {
  ^bb0(%in: f64, %in_1: f64, %out: f64):
    %24 = arith.subf %in, %in_1 : f64
    %25 = arith.mulf %24, %cst : f64
    %26 = arith.subf %out, %25 : f64
    linalg.yield %26 : f64
  }
}

Pattern recognition complete:
  Loads: 0
  Stores: 0
  LinalgGenerics: 1

Loop bounds:
  lbMap: () -> (1)
  ubMap: ()[s0] -> (s0)

--- Processing Linalg Generics ---
Processing linalg.generic:
linalg.generic {indexing_maps = [affine_map<(d0) -> (d0)>, affine_map<(d0) -> (d0)>, affine_map<(d0) -> (d0)>], iterator_types = ["parallel"]} ins(%24, %25 : memref<?xf64>, memref<?xf64>) outs(%26 : memref<?xf64>) {
^bb0(%in: f64, %in_1: f64, %out: f64):
  %27 = arith.subf %in, %in_1 : f64
  %28 = arith.mulf %27, %cst : f64
  %29 = arith.subf %out, %28 : f64
  linalg.yield %29 : f64
}
  Processing 2 inputs
  Input 0 indexing map: (d0) -> (d0)

=== getLinalgArgMap ===
  Initial lgMap: (d0) -> (d0)
  Found SubmapOp with map: (d0)[s0] -> (s0, d0)
  Composed map: (d0)[s0] -> (s0, d0)
  Final lgMap: (d0)[s0] -> (s0, d0)
=== getLinalgArgMap END ===

  Calling remap_in_affine_dim for input 0

=== remap_in_affine_dim ===
  oldmap: (d0)[s0] -> (s0, d0)
  firstNDims: 1
  check_reduction (input): 0
  lower_bound_val: 1
  dimidx: 1
  check_reduction (output): 0
  new map (map2): (d0, d1) -> (d1 + 1, d0)
  validDims: 2, validSims: 0
  Created SubmapOp with type: memref<?x?xf64>
=== remap_in_affine_dim END ===

  Input 1 indexing map: (d0) -> (d0)

=== getLinalgArgMap ===
  Initial lgMap: (d0) -> (d0)
  Found SubmapOp with map: (d0)[s0] -> (s0 - 1, d0)
  Composed map: (d0)[s0] -> (s0 - 1, d0)
  Final lgMap: (d0)[s0] -> (s0 - 1, d0)
=== getLinalgArgMap END ===

  Calling remap_in_affine_dim for input 1

=== remap_in_affine_dim ===
  oldmap: (d0)[s0] -> (s0 - 1, d0)
  firstNDims: 1
  check_reduction (input): 0
  lower_bound_val: 1
  dimidx: 1
  check_reduction (output): 0
  new map (map2): (d0, d1) -> (d1, d0)
  validDims: 2, validSims: 0
  Created SubmapOp with type: memref<?x?xf64>
=== remap_in_affine_dim END ===

  Processing 1 outputs

=== getLinalgArgMap ===
  Initial lgMap: (d0) -> (d0)
  Found SubmapOp with map: (d0)[s0] -> (s0, d0)
  Composed map: (d0)[s0] -> (s0, d0)
  Final lgMap: (d0)[s0] -> (s0, d0)
=== getLinalgArgMap END ===

  Calling remap_in_affine_dim for output 0

=== remap_in_affine_dim ===
  oldmap: (d0)[s0] -> (s0, d0)
  firstNDims: 1
  check_reduction (input): 1
  lower_bound_val: 1
  dimidx: 1
  check_reduction (output): 0
  new map (map2): (d0, d1) -> (d1 + 1, d0)
  validDims: 2, validSims: 0
  Created SubmapOp with type: memref<?x?xf64>
=== remap_in_affine_dim END ===


--- Processing Loads ---

--- Processing Stores ---

--- Creating linalg.generic ---
Iterator type for this loop: parallel
Extending iterator types from nested linalg.generic
Total iterator types: 2
Total inputs: 2
Total outputs: 1

=== AffineForOpRaising SUCCESS ===
========================================


========================================
=== AffineForOpRaising::matchAndRewrite ===
========================================
Processing loop:
affine.for %arg7 = 0 to %2 {
  affine.for %arg8 = 0 to %1 {
    %24 = affine.load %arg6[%arg7] : memref<?xf64>
    affine.store %24, %arg4[0, %arg8] : memref<?x30xf64>
  }
  %3 = arith.subi %0, %c1 : index
  %4 = polygeist.submap(%arg5, %1, %3) {map = affine_map<(d0, d1) -> (d1 + 1, d0)>} : (memref<?x30xf64>, index, index) -> memref<?x?xf64>
  %5 = polygeist.submap(%arg5, %1, %3) {map = affine_map<(d0, d1) -> (d1, d0)>} : (memref<?x30xf64>, index, index) -> memref<?x?xf64>
  %6 = polygeist.submap(%arg4, %1, %3) {map = affine_map<(d0, d1) -> (d1 + 1, d0)>} : (memref<?x30xf64>, index, index) -> memref<?x?xf64>
  linalg.generic {indexing_maps = [affine_map<(d0, d1) -> (d0, d1)>, affine_map<(d0, d1) -> (d0, d1)>, affine_map<(d0, d1) -> (d0, d1)>], iterator_types = ["parallel", "parallel"]} ins(%4, %5 : memref<?x?xf64>, memref<?x?xf64>) outs(%6 : memref<?x?xf64>) {
  ^bb0(%in: f64, %in_1: f64, %out: f64):
    %24 = arith.subf %in, %in_1 : f64
    %25 = arith.mulf %24, %cst : f64
    %26 = arith.subf %out, %25 : f64
    linalg.yield %26 : f64
  }
  %7 = arith.subi %1, %c1 : index
  %8 = polygeist.submap(%arg5, %7, %0) {map = affine_map<(d0, d1) -> (d1, d0 + 1)>} : (memref<?x30xf64>, index, index) -> memref<?x?xf64>
  %9 = arith.subi %1, %c1 : index
  %10 = polygeist.submap(%arg5, %9, %0) {map = affine_map<(d0, d1) -> (d1, d0)>} : (memref<?x30xf64>, index, index) -> memref<?x?xf64>
  %11 = arith.subi %1, %c1 : index
  %12 = polygeist.submap(%arg3, %11, %0) {map = affine_map<(d0, d1) -> (d1, d0 + 1)>} : (memref<?x30xf64>, index, index) -> memref<?x?xf64>
  linalg.generic {indexing_maps = [affine_map<(d0, d1) -> (d0, d1)>, affine_map<(d0, d1) -> (d0, d1)>, affine_map<(d0, d1) -> (d0, d1)>], iterator_types = ["parallel", "parallel"]} ins(%8, %10 : memref<?x?xf64>, memref<?x?xf64>) outs(%12 : memref<?x?xf64>) {
  ^bb0(%in: f64, %in_1: f64, %out: f64):
    %24 = arith.subf %in, %in_1 : f64
    %25 = arith.mulf %24, %cst : f64
    %26 = arith.subf %out, %25 : f64
    linalg.yield %26 : f64
  }
  %13 = affine.apply affine_map<()[s0] -> (s0 - 1)>()[%0]
  %14 = affine.apply affine_map<()[s0] -> (s0 - 1)>()[%1]
  %15 = polygeist.submap(%arg3, %14, %13) {map = affine_map<(d0, d1) -> (d1, d0 + 1)>} : (memref<?x30xf64>, index, index) -> memref<?x?xf64>
  %16 = affine.apply affine_map<()[s0] -> (s0 - 1)>()[%1]
  %17 = polygeist.submap(%arg3, %16, %13) {map = affine_map<(d0, d1) -> (d1, d0)>} : (memref<?x30xf64>, index, index) -> memref<?x?xf64>
  %18 = affine.apply affine_map<()[s0] -> (s0 - 1)>()[%1]
  %19 = polygeist.submap(%arg4, %18, %13) {map = affine_map<(d0, d1) -> (d1 + 1, d0)>} : (memref<?x30xf64>, index, index) -> memref<?x?xf64>
  %20 = affine.apply affine_map<()[s0] -> (s0 - 1)>()[%1]
  %21 = polygeist.submap(%arg4, %20, %13) {map = affine_map<(d0, d1) -> (d1, d0)>} : (memref<?x30xf64>, index, index) -> memref<?x?xf64>
  %22 = affine.apply affine_map<()[s0] -> (s0 - 1)>()[%1]
  %23 = polygeist.submap(%arg5, %22, %13) {map = affine_map<(d0, d1) -> (d1, d0)>} : (memref<?x30xf64>, index, index) -> memref<?x?xf64>
  linalg.generic {indexing_maps = [affine_map<(d0, d1) -> (d0, d1)>, affine_map<(d0, d1) -> (d0, d1)>, affine_map<(d0, d1) -> (d0, d1)>, affine_map<(d0, d1) -> (d0, d1)>, affine_map<(d0, d1) -> (d0, d1)>], iterator_types = ["parallel", "parallel"]} ins(%15, %17, %19, %21 : memref<?x?xf64>, memref<?x?xf64>, memref<?x?xf64>, memref<?x?xf64>) outs(%23 : memref<?x?xf64>) {
  ^bb0(%in: f64, %in_1: f64, %in_2: f64, %in_3: f64, %out: f64):
    %24 = arith.subf %in, %in_1 : f64
    %25 = arith.addf %24, %in_2 : f64
    %26 = arith.subf %25, %in_3 : f64
    %27 = arith.mulf %26, %cst_0 : f64
    %28 = arith.subf %out, %27 : f64
    linalg.yield %28 : f64
  }
}

REJECTED: Walk was interrupted (invalid operations found)


========================================
=== AffineForOpRaising::matchAndRewrite ===
========================================
Processing loop:
affine.for %arg8 = 0 to %1 {
  %24 = affine.load %arg6[%arg7] : memref<?xf64>
  affine.store %24, %arg4[0, %arg8] : memref<?x30xf64>
}

Pattern recognition complete:
  Loads: 1
  Stores: 1
  LinalgGenerics: 0

Loop bounds:
  lbMap: () -> (0)
  ubMap: ()[s0] -> (s0)

--- Processing Linalg Generics ---

--- Processing Loads ---
Processing load: %27 = affine.load %arg6[%arg7] : memref<?xf64>

=== remap_in_affine_dim ===
  oldmap: (d0) -> (d0)
  firstNDims: 0
  check_reduction (input): 0
  lower_bound_val: 0
  dimidx: -1
  check_reduction (output): 0
  new map (map2): (d0)[s0] -> (s0)
  validDims: 0, validSims: 1
  Created SubmapOp with type: memref<?xf64>
=== remap_in_affine_dim END ===


--- Processing Stores ---
Processing store: affine.store %28, %arg4[0, %arg8] : memref<?x30xf64>

=== remap_in_affine_dim ===
  oldmap: (d0) -> (0, d0)
  firstNDims: 0
  check_reduction (input): 1
  lower_bound_val: 0
  dimidx: 0
  check_reduction (output): 0
  new map (map2): (d0) -> (0, d0)
  validDims: 1, validSims: 0
  Created SubmapOp with type: memref<?xf64>
=== remap_in_affine_dim END ===


--- Creating linalg.generic ---
Iterator type for this loop: parallel
Total iterator types: 1
Total inputs: 1
Total outputs: 1

=== AffineForOpRaising SUCCESS ===
========================================


========================================
=== AffineForOpRaising::matchAndRewrite ===
========================================
Processing loop:
affine.for %arg7 = 0 to %2 {
  %3 = affine.apply affine_map<()[s0] -> (s0)>()[%1]
  %4 = polygeist.submap(%arg6, %arg7, %3) {map = affine_map<(d0)[s0] -> (s0)>} : (memref<?xf64>, index, index) -> memref<?xf64>
  %5 = polygeist.submap(%arg4, %3) {map = affine_map<(d0) -> (0, d0)>} : (memref<?x30xf64>, index) -> memref<?xf64>
  linalg.generic {indexing_maps = [affine_map<(d0) -> (d0)>, affine_map<(d0) -> (d0)>], iterator_types = ["parallel"]} ins(%4 : memref<?xf64>) outs(%5 : memref<?xf64>) {
  ^bb0(%in: f64, %out: f64):
    linalg.yield %in : f64
  }
  %6 = arith.subi %0, %c1 : index
  %7 = polygeist.submap(%arg5, %1, %6) {map = affine_map<(d0, d1) -> (d1 + 1, d0)>} : (memref<?x30xf64>, index, index) -> memref<?x?xf64>
  %8 = polygeist.submap(%arg5, %1, %6) {map = affine_map<(d0, d1) -> (d1, d0)>} : (memref<?x30xf64>, index, index) -> memref<?x?xf64>
  %9 = polygeist.submap(%arg4, %1, %6) {map = affine_map<(d0, d1) -> (d1 + 1, d0)>} : (memref<?x30xf64>, index, index) -> memref<?x?xf64>
  linalg.generic {indexing_maps = [affine_map<(d0, d1) -> (d0, d1)>, affine_map<(d0, d1) -> (d0, d1)>, affine_map<(d0, d1) -> (d0, d1)>], iterator_types = ["parallel", "parallel"]} ins(%7, %8 : memref<?x?xf64>, memref<?x?xf64>) outs(%9 : memref<?x?xf64>) {
  ^bb0(%in: f64, %in_1: f64, %out: f64):
    %27 = arith.subf %in, %in_1 : f64
    %28 = arith.mulf %27, %cst : f64
    %29 = arith.subf %out, %28 : f64
    linalg.yield %29 : f64
  }
  %10 = arith.subi %1, %c1 : index
  %11 = polygeist.submap(%arg5, %10, %0) {map = affine_map<(d0, d1) -> (d1, d0 + 1)>} : (memref<?x30xf64>, index, index) -> memref<?x?xf64>
  %12 = arith.subi %1, %c1 : index
  %13 = polygeist.submap(%arg5, %12, %0) {map = affine_map<(d0, d1) -> (d1, d0)>} : (memref<?x30xf64>, index, index) -> memref<?x?xf64>
  %14 = arith.subi %1, %c1 : index
  %15 = polygeist.submap(%arg3, %14, %0) {map = affine_map<(d0, d1) -> (d1, d0 + 1)>} : (memref<?x30xf64>, index, index) -> memref<?x?xf64>
  linalg.generic {indexing_maps = [affine_map<(d0, d1) -> (d0, d1)>, affine_map<(d0, d1) -> (d0, d1)>, affine_map<(d0, d1) -> (d0, d1)>], iterator_types = ["parallel", "parallel"]} ins(%11, %13 : memref<?x?xf64>, memref<?x?xf64>) outs(%15 : memref<?x?xf64>) {
  ^bb0(%in: f64, %in_1: f64, %out: f64):
    %27 = arith.subf %in, %in_1 : f64
    %28 = arith.mulf %27, %cst : f64
    %29 = arith.subf %out, %28 : f64
    linalg.yield %29 : f64
  }
  %16 = affine.apply affine_map<()[s0] -> (s0 - 1)>()[%0]
  %17 = affine.apply affine_map<()[s0] -> (s0 - 1)>()[%1]
  %18 = polygeist.submap(%arg3, %17, %16) {map = affine_map<(d0, d1) -> (d1, d0 + 1)>} : (memref<?x30xf64>, index, index) -> memref<?x?xf64>
  %19 = affine.apply affine_map<()[s0] -> (s0 - 1)>()[%1]
  %20 = polygeist.submap(%arg3, %19, %16) {map = affine_map<(d0, d1) -> (d1, d0)>} : (memref<?x30xf64>, index, index) -> memref<?x?xf64>
  %21 = affine.apply affine_map<()[s0] -> (s0 - 1)>()[%1]
  %22 = polygeist.submap(%arg4, %21, %16) {map = affine_map<(d0, d1) -> (d1 + 1, d0)>} : (memref<?x30xf64>, index, index) -> memref<?x?xf64>
  %23 = affine.apply affine_map<()[s0] -> (s0 - 1)>()[%1]
  %24 = polygeist.submap(%arg4, %23, %16) {map = affine_map<(d0, d1) -> (d1, d0)>} : (memref<?x30xf64>, index, index) -> memref<?x?xf64>
  %25 = affine.apply affine_map<()[s0] -> (s0 - 1)>()[%1]
  %26 = polygeist.submap(%arg5, %25, %16) {map = affine_map<(d0, d1) -> (d1, d0)>} : (memref<?x30xf64>, index, index) -> memref<?x?xf64>
  linalg.generic {indexing_maps = [affine_map<(d0, d1) -> (d0, d1)>, affine_map<(d0, d1) -> (d0, d1)>, affine_map<(d0, d1) -> (d0, d1)>, affine_map<(d0, d1) -> (d0, d1)>, affine_map<(d0, d1) -> (d0, d1)>], iterator_types = ["parallel", "parallel"]} ins(%18, %20, %22, %24 : memref<?x?xf64>, memref<?x?xf64>, memref<?x?xf64>, memref<?x?xf64>) outs(%26 : memref<?x?xf64>) {
  ^bb0(%in: f64, %in_1: f64, %in_2: f64, %in_3: f64, %out: f64):
    %27 = arith.subf %in, %in_1 : f64
    %28 = arith.addf %27, %in_2 : f64
    %29 = arith.subf %28, %in_3 : f64
    %30 = arith.mulf %29, %cst_0 : f64
    %31 = arith.subf %out, %30 : f64
    linalg.yield %31 : f64
  }
}

Pattern recognition complete:
  Loads: 0
  Stores: 0
  LinalgGenerics: 4

Loop bounds:
  lbMap: () -> (0)
  ubMap: ()[s0] -> (s0)

--- Processing Linalg Generics ---
Processing linalg.generic:
linalg.generic {indexing_maps = [affine_map<(d0) -> (d0)>, affine_map<(d0) -> (d0)>], iterator_types = ["parallel"]} ins(%7 : memref<?xf64>) outs(%8 : memref<?xf64>) {
^bb0(%in: f64, %out: f64):
  linalg.yield %in : f64
}
  Processing 1 inputs
  Input 0 indexing map: (d0) -> (d0)

=== getLinalgArgMap ===
  Initial lgMap: (d0) -> (d0)
  Found SubmapOp with map: (d0)[s0] -> (s0)
  Composed map: (d0)[s0] -> (s0)
  Final lgMap: (d0)[s0] -> (s0)
=== getLinalgArgMap END ===

  Calling remap_in_affine_dim for input 0

=== remap_in_affine_dim ===
  oldmap: (d0)[s0] -> (s0)
  firstNDims: 1
  check_reduction (input): 0
  lower_bound_val: 0
  dimidx: 1
  check_reduction (output): 0
  new map (map2): (d0, d1) -> (d1)
  validDims: 2, validSims: 0
  Created SubmapOp with type: memref<?x?xf64>
=== remap_in_affine_dim END ===

  Processing 1 outputs

=== getLinalgArgMap ===
  Initial lgMap: (d0) -> (d0)
  Found SubmapOp with map: (d0) -> (0, d0)
  Composed map: (d0) -> (0, d0)
  Final lgMap: (d0) -> (0, d0)
=== getLinalgArgMap END ===

  Calling remap_in_affine_dim for output 0

=== remap_in_affine_dim ===
  oldmap: (d0) -> (0, d0)
  firstNDims: 1
  check_reduction (input): 1
  lower_bound_val: 0
  dimidx: -1
  check_reduction (output): 1
  new map (map2): (d0, d1) -> (0, d0)
  validDims: 1, validSims: 0
  Created SubmapOp with type: memref<?x?xf64>
=== remap_in_affine_dim END ===

Processing linalg.generic:
linalg.generic {indexing_maps = [affine_map<(d0, d1) -> (d0, d1)>, affine_map<(d0, d1) -> (d0, d1)>, affine_map<(d0, d1) -> (d0, d1)>], iterator_types = ["parallel", "parallel"]} ins(%14, %15 : memref<?x?xf64>, memref<?x?xf64>) outs(%16 : memref<?x?xf64>) {
^bb0(%in: f64, %in_1: f64, %out: f64):
  %34 = arith.subf %in, %in_1 : f64
  %35 = arith.mulf %34, %cst : f64
  %36 = arith.subf %out, %35 : f64
  linalg.yield %36 : f64
}
  Processing 2 inputs
  Input 0 indexing map: (d0, d1) -> (d0, d1)

=== getLinalgArgMap ===
  Initial lgMap: (d0, d1) -> (d0, d1)
  Found SubmapOp with map: (d0, d1) -> (d1 + 1, d0)
  Composed map: (d0, d1) -> (d1 + 1, d0)
  Final lgMap: (d0, d1) -> (d1 + 1, d0)
=== getLinalgArgMap END ===

  Calling remap_in_affine_dim for input 0

=== remap_in_affine_dim ===
  oldmap: (d0, d1) -> (d1 + 1, d0)
  firstNDims: 2
  check_reduction (input): 0
  lower_bound_val: 0
  dimidx: -1
  check_reduction (output): 0
  new map (map2): (d0, d1, d2) -> (d1 + 1, d0)
  validDims: 2, validSims: 0
  Created SubmapOp with type: memref<?x?x?xf64>
=== remap_in_affine_dim END ===

  Input 1 indexing map: (d0, d1) -> (d0, d1)

=== getLinalgArgMap ===
  Initial lgMap: (d0, d1) -> (d0, d1)
  Found SubmapOp with map: (d0, d1) -> (d1, d0)
  Composed map: (d0, d1) -> (d1, d0)
  Final lgMap: (d0, d1) -> (d1, d0)
=== getLinalgArgMap END ===

  Calling remap_in_affine_dim for input 1

=== remap_in_affine_dim ===
  oldmap: (d0, d1) -> (d1, d0)
  firstNDims: 2
  check_reduction (input): 0
  lower_bound_val: 0
  dimidx: -1
  check_reduction (output): 0
  new map (map2): (d0, d1, d2) -> (d1, d0)
  validDims: 2, validSims: 0
  Created SubmapOp with type: memref<?x?x?xf64>
=== remap_in_affine_dim END ===

  Processing 1 outputs

=== getLinalgArgMap ===
  Initial lgMap: (d0, d1) -> (d0, d1)
  Found SubmapOp with map: (d0, d1) -> (d1 + 1, d0)
  Composed map: (d0, d1) -> (d1 + 1, d0)
  Final lgMap: (d0, d1) -> (d1 + 1, d0)
=== getLinalgArgMap END ===

  Calling remap_in_affine_dim for output 0

=== remap_in_affine_dim ===
  oldmap: (d0, d1) -> (d1 + 1, d0)
  firstNDims: 2
  check_reduction (input): 1
  lower_bound_val: 0
  dimidx: -1
  check_reduction (output): 1
  new map (map2): (d0, d1, d2) -> (d1 + 1, d0)
  validDims: 2, validSims: 0
  Created SubmapOp with type: memref<?x?x?xf64>
=== remap_in_affine_dim END ===

Processing linalg.generic:
linalg.generic {indexing_maps = [affine_map<(d0, d1) -> (d0, d1)>, affine_map<(d0, d1) -> (d0, d1)>, affine_map<(d0, d1) -> (d0, d1)>], iterator_types = ["parallel", "parallel"]} ins(%24, %26 : memref<?x?xf64>, memref<?x?xf64>) outs(%28 : memref<?x?xf64>) {
^bb0(%in: f64, %in_1: f64, %out: f64):
  %40 = arith.subf %in, %in_1 : f64
  %41 = arith.mulf %40, %cst : f64
  %42 = arith.subf %out, %41 : f64
  linalg.yield %42 : f64
}
  Processing 2 inputs
  Input 0 indexing map: (d0, d1) -> (d0, d1)

=== getLinalgArgMap ===
  Initial lgMap: (d0, d1) -> (d0, d1)
  Found SubmapOp with map: (d0, d1) -> (d1, d0 + 1)
  Composed map: (d0, d1) -> (d1, d0 + 1)
  Final lgMap: (d0, d1) -> (d1, d0 + 1)
=== getLinalgArgMap END ===

  Calling remap_in_affine_dim for input 0

=== remap_in_affine_dim ===
  oldmap: (d0, d1) -> (d1, d0 + 1)
  firstNDims: 2
  check_reduction (input): 0
  lower_bound_val: 0
  dimidx: -1
  check_reduction (output): 0
  new map (map2): (d0, d1, d2) -> (d1, d0 + 1)
  validDims: 2, validSims: 0
  Created SubmapOp with type: memref<?x?x?xf64>
=== remap_in_affine_dim END ===

  Input 1 indexing map: (d0, d1) -> (d0, d1)

=== getLinalgArgMap ===
  Initial lgMap: (d0, d1) -> (d0, d1)
  Found SubmapOp with map: (d0, d1) -> (d1, d0)
  Composed map: (d0, d1) -> (d1, d0)
  Final lgMap: (d0, d1) -> (d1, d0)
=== getLinalgArgMap END ===

  Calling remap_in_affine_dim for input 1

=== remap_in_affine_dim ===
  oldmap: (d0, d1) -> (d1, d0)
  firstNDims: 2
  check_reduction (input): 0
  lower_bound_val: 0
  dimidx: -1
  check_reduction (output): 0
  new map (map2): (d0, d1, d2) -> (d1, d0)
  validDims: 2, validSims: 0
  Created SubmapOp with type: memref<?x?x?xf64>
=== remap_in_affine_dim END ===

  Processing 1 outputs

=== getLinalgArgMap ===
  Initial lgMap: (d0, d1) -> (d0, d1)
  Found SubmapOp with map: (d0, d1) -> (d1, d0 + 1)
  Composed map: (d0, d1) -> (d1, d0 + 1)
  Final lgMap: (d0, d1) -> (d1, d0 + 1)
=== getLinalgArgMap END ===

  Calling remap_in_affine_dim for output 0

=== remap_in_affine_dim ===
  oldmap: (d0, d1) -> (d1, d0 + 1)
  firstNDims: 2
  check_reduction (input): 1
  lower_bound_val: 0
  dimidx: -1
  check_reduction (output): 1
  new map (map2): (d0, d1, d2) -> (d1, d0 + 1)
  validDims: 2, validSims: 0
  Created SubmapOp with type: memref<?x?x?xf64>
=== remap_in_affine_dim END ===

Processing linalg.generic:
linalg.generic {indexing_maps = [affine_map<(d0, d1) -> (d0, d1)>, affine_map<(d0, d1) -> (d0, d1)>, affine_map<(d0, d1) -> (d0, d1)>, affine_map<(d0, d1) -> (d0, d1)>, affine_map<(d0, d1) -> (d0, d1)>], iterator_types = ["parallel", "parallel"]} ins(%37, %39, %41, %43 : memref<?x?xf64>, memref<?x?xf64>, memref<?x?xf64>, memref<?x?xf64>) outs(%45 : memref<?x?xf64>) {
^bb0(%in: f64, %in_1: f64, %in_2: f64, %in_3: f64, %out: f64):
  %46 = arith.subf %in, %in_1 : f64
  %47 = arith.addf %46, %in_2 : f64
  %48 = arith.subf %47, %in_3 : f64
  %49 = arith.mulf %48, %cst_0 : f64
  %50 = arith.subf %out, %49 : f64
  linalg.yield %50 : f64
}
  Processing 4 inputs
  Input 0 indexing map: (d0, d1) -> (d0, d1)

=== getLinalgArgMap ===
  Initial lgMap: (d0, d1) -> (d0, d1)
  Found SubmapOp with map: (d0, d1) -> (d1, d0 + 1)
  Composed map: (d0, d1) -> (d1, d0 + 1)
  Final lgMap: (d0, d1) -> (d1, d0 + 1)
=== getLinalgArgMap END ===

  Calling remap_in_affine_dim for input 0

=== remap_in_affine_dim ===
  oldmap: (d0, d1) -> (d1, d0 + 1)
  firstNDims: 2
  check_reduction (input): 0
  lower_bound_val: 0
  dimidx: -1
  check_reduction (output): 0
  new map (map2): (d0, d1, d2) -> (d1, d0 + 1)
  validDims: 2, validSims: 0
  Created SubmapOp with type: memref<?x?x?xf64>
=== remap_in_affine_dim END ===

  Input 1 indexing map: (d0, d1) -> (d0, d1)

=== getLinalgArgMap ===
  Initial lgMap: (d0, d1) -> (d0, d1)
  Found SubmapOp with map: (d0, d1) -> (d1, d0)
  Composed map: (d0, d1) -> (d1, d0)
  Final lgMap: (d0, d1) -> (d1, d0)
=== getLinalgArgMap END ===

  Calling remap_in_affine_dim for input 1

=== remap_in_affine_dim ===
  oldmap: (d0, d1) -> (d1, d0)
  firstNDims: 2
  check_reduction (input): 0
  lower_bound_val: 0
  dimidx: -1
  check_reduction (output): 0
  new map (map2): (d0, d1, d2) -> (d1, d0)
  validDims: 2, validSims: 0
  Created SubmapOp with type: memref<?x?x?xf64>
=== remap_in_affine_dim END ===

  Input 2 indexing map: (d0, d1) -> (d0, d1)

=== getLinalgArgMap ===
  Initial lgMap: (d0, d1) -> (d0, d1)
  Found SubmapOp with map: (d0, d1) -> (d1 + 1, d0)
  Composed map: (d0, d1) -> (d1 + 1, d0)
  Final lgMap: (d0, d1) -> (d1 + 1, d0)
=== getLinalgArgMap END ===

  Calling remap_in_affine_dim for input 2

=== remap_in_affine_dim ===
  oldmap: (d0, d1) -> (d1 + 1, d0)
  firstNDims: 2
  check_reduction (input): 0
  lower_bound_val: 0
  dimidx: -1
  check_reduction (output): 0
  new map (map2): (d0, d1, d2) -> (d1 + 1, d0)
  validDims: 2, validSims: 0
  Created SubmapOp with type: memref<?x?x?xf64>
=== remap_in_affine_dim END ===

  Input 3 indexing map: (d0, d1) -> (d0, d1)

=== getLinalgArgMap ===
  Initial lgMap: (d0, d1) -> (d0, d1)
  Found SubmapOp with map: (d0, d1) -> (d1, d0)
  Composed map: (d0, d1) -> (d1, d0)
  Final lgMap: (d0, d1) -> (d1, d0)
=== getLinalgArgMap END ===

  Calling remap_in_affine_dim for input 3

=== remap_in_affine_dim ===
  oldmap: (d0, d1) -> (d1, d0)
  firstNDims: 2
  check_reduction (input): 0
  lower_bound_val: 0
  dimidx: -1
  check_reduction (output): 0
  new map (map2): (d0, d1, d2) -> (d1, d0)
  validDims: 2, validSims: 0
  Created SubmapOp with type: memref<?x?x?xf64>
=== remap_in_affine_dim END ===

  Processing 1 outputs

=== getLinalgArgMap ===
  Initial lgMap: (d0, d1) -> (d0, d1)
  Found SubmapOp with map: (d0, d1) -> (d1, d0)
  Composed map: (d0, d1) -> (d1, d0)
  Final lgMap: (d0, d1) -> (d1, d0)
=== getLinalgArgMap END ===

  Calling remap_in_affine_dim for output 0

=== remap_in_affine_dim ===
  oldmap: (d0, d1) -> (d1, d0)
  firstNDims: 2
  check_reduction (input): 1
  lower_bound_val: 0
  dimidx: -1
  check_reduction (output): 1
  new map (map2): (d0, d1, d2) -> (d1, d0)
  validDims: 2, validSims: 0
  Created SubmapOp with type: memref<?x?x?xf64>
=== remap_in_affine_dim END ===


--- Processing Loads ---

--- Processing Stores ---
REJECTED: More than one linalg generic


========================================
=== AffineForOpRaising::matchAndRewrite ===
========================================
Processing loop:
affine.for %arg7 = 0 to %2 {
  %3 = polygeist.submap(%arg6, %arg7, %1) {map = affine_map<(d0)[s0] -> (s0)>} : (memref<?xf64>, index, index) -> memref<?xf64>
  %4 = polygeist.submap(%arg4, %1) {map = affine_map<(d0) -> (0, d0)>} : (memref<?x30xf64>, index) -> memref<?xf64>
  linalg.generic {indexing_maps = [affine_map<(d0) -> (d0)>, affine_map<(d0) -> (d0)>], iterator_types = ["parallel"]} ins(%3 : memref<?xf64>) outs(%4 : memref<?xf64>) {
  ^bb0(%in: f64, %out: f64):
    linalg.yield %in : f64
  }
  %5 = arith.subi %0, %c1 : index
  %6 = polygeist.submap(%arg5, %1, %5) {map = affine_map<(d0, d1) -> (d1 + 1, d0)>} : (memref<?x30xf64>, index, index) -> memref<?x?xf64>
  %7 = polygeist.submap(%arg5, %1, %5) {map = affine_map<(d0, d1) -> (d1, d0)>} : (memref<?x30xf64>, index, index) -> memref<?x?xf64>
  %8 = polygeist.submap(%arg4, %1, %5) {map = affine_map<(d0, d1) -> (d1 + 1, d0)>} : (memref<?x30xf64>, index, index) -> memref<?x?xf64>
  linalg.generic {indexing_maps = [affine_map<(d0, d1) -> (d0, d1)>, affine_map<(d0, d1) -> (d0, d1)>, affine_map<(d0, d1) -> (d0, d1)>], iterator_types = ["parallel", "parallel"]} ins(%6, %7 : memref<?x?xf64>, memref<?x?xf64>) outs(%8 : memref<?x?xf64>) {
  ^bb0(%in: f64, %in_1: f64, %out: f64):
    %26 = arith.subf %in, %in_1 : f64
    %27 = arith.mulf %26, %cst : f64
    %28 = arith.subf %out, %27 : f64
    linalg.yield %28 : f64
  }
  %9 = arith.subi %1, %c1 : index
  %10 = polygeist.submap(%arg5, %9, %0) {map = affine_map<(d0, d1) -> (d1, d0 + 1)>} : (memref<?x30xf64>, index, index) -> memref<?x?xf64>
  %11 = arith.subi %1, %c1 : index
  %12 = polygeist.submap(%arg5, %11, %0) {map = affine_map<(d0, d1) -> (d1, d0)>} : (memref<?x30xf64>, index, index) -> memref<?x?xf64>
  %13 = arith.subi %1, %c1 : index
  %14 = polygeist.submap(%arg3, %13, %0) {map = affine_map<(d0, d1) -> (d1, d0 + 1)>} : (memref<?x30xf64>, index, index) -> memref<?x?xf64>
  linalg.generic {indexing_maps = [affine_map<(d0, d1) -> (d0, d1)>, affine_map<(d0, d1) -> (d0, d1)>, affine_map<(d0, d1) -> (d0, d1)>], iterator_types = ["parallel", "parallel"]} ins(%10, %12 : memref<?x?xf64>, memref<?x?xf64>) outs(%14 : memref<?x?xf64>) {
  ^bb0(%in: f64, %in_1: f64, %out: f64):
    %26 = arith.subf %in, %in_1 : f64
    %27 = arith.mulf %26, %cst : f64
    %28 = arith.subf %out, %27 : f64
    linalg.yield %28 : f64
  }
  %15 = affine.apply affine_map<()[s0] -> (s0 - 1)>()[%0]
  %16 = affine.apply affine_map<()[s0] -> (s0 - 1)>()[%1]
  %17 = polygeist.submap(%arg3, %16, %15) {map = affine_map<(d0, d1) -> (d1, d0 + 1)>} : (memref<?x30xf64>, index, index) -> memref<?x?xf64>
  %18 = affine.apply affine_map<()[s0] -> (s0 - 1)>()[%1]
  %19 = polygeist.submap(%arg3, %18, %15) {map = affine_map<(d0, d1) -> (d1, d0)>} : (memref<?x30xf64>, index, index) -> memref<?x?xf64>
  %20 = affine.apply affine_map<()[s0] -> (s0 - 1)>()[%1]
  %21 = polygeist.submap(%arg4, %20, %15) {map = affine_map<(d0, d1) -> (d1 + 1, d0)>} : (memref<?x30xf64>, index, index) -> memref<?x?xf64>
  %22 = affine.apply affine_map<()[s0] -> (s0 - 1)>()[%1]
  %23 = polygeist.submap(%arg4, %22, %15) {map = affine_map<(d0, d1) -> (d1, d0)>} : (memref<?x30xf64>, index, index) -> memref<?x?xf64>
  %24 = affine.apply affine_map<()[s0] -> (s0 - 1)>()[%1]
  %25 = polygeist.submap(%arg5, %24, %15) {map = affine_map<(d0, d1) -> (d1, d0)>} : (memref<?x30xf64>, index, index) -> memref<?x?xf64>
  linalg.generic {indexing_maps = [affine_map<(d0, d1) -> (d0, d1)>, affine_map<(d0, d1) -> (d0, d1)>, affine_map<(d0, d1) -> (d0, d1)>, affine_map<(d0, d1) -> (d0, d1)>, affine_map<(d0, d1) -> (d0, d1)>], iterator_types = ["parallel", "parallel"]} ins(%17, %19, %21, %23 : memref<?x?xf64>, memref<?x?xf64>, memref<?x?xf64>, memref<?x?xf64>) outs(%25 : memref<?x?xf64>) {
  ^bb0(%in: f64, %in_1: f64, %in_2: f64, %in_3: f64, %out: f64):
    %26 = arith.subf %in, %in_1 : f64
    %27 = arith.addf %26, %in_2 : f64
    %28 = arith.subf %27, %in_3 : f64
    %29 = arith.mulf %28, %cst_0 : f64
    %30 = arith.subf %out, %29 : f64
    linalg.yield %30 : f64
  }
}

Pattern recognition complete:
  Loads: 0
  Stores: 0
  LinalgGenerics: 4

Loop bounds:
  lbMap: () -> (0)
  ubMap: ()[s0] -> (s0)

--- Processing Linalg Generics ---
Processing linalg.generic:
linalg.generic {indexing_maps = [affine_map<(d0) -> (d0)>, affine_map<(d0) -> (d0)>], iterator_types = ["parallel"]} ins(%6 : memref<?xf64>) outs(%7 : memref<?xf64>) {
^bb0(%in: f64, %out: f64):
  linalg.yield %in : f64
}
  Processing 1 inputs
  Input 0 indexing map: (d0) -> (d0)

=== getLinalgArgMap ===
  Initial lgMap: (d0) -> (d0)
  Found SubmapOp with map: (d0)[s0] -> (s0)
  Composed map: (d0)[s0] -> (s0)
  Final lgMap: (d0)[s0] -> (s0)
=== getLinalgArgMap END ===

  Calling remap_in_affine_dim for input 0

=== remap_in_affine_dim ===
  oldmap: (d0)[s0] -> (s0)
  firstNDims: 1
  check_reduction (input): 0
  lower_bound_val: 0
  dimidx: 1
  check_reduction (output): 0
  new map (map2): (d0, d1) -> (d1)
  validDims: 2, validSims: 0
  Created SubmapOp with type: memref<?x?xf64>
=== remap_in_affine_dim END ===

  Processing 1 outputs

=== getLinalgArgMap ===
  Initial lgMap: (d0) -> (d0)
  Found SubmapOp with map: (d0) -> (0, d0)
  Composed map: (d0) -> (0, d0)
  Final lgMap: (d0) -> (0, d0)
=== getLinalgArgMap END ===

  Calling remap_in_affine_dim for output 0

=== remap_in_affine_dim ===
  oldmap: (d0) -> (0, d0)
  firstNDims: 1
  check_reduction (input): 1
  lower_bound_val: 0
  dimidx: -1
  check_reduction (output): 1
  new map (map2): (d0, d1) -> (0, d0)
  validDims: 1, validSims: 0
  Created SubmapOp with type: memref<?x?xf64>
=== remap_in_affine_dim END ===

Processing linalg.generic:
linalg.generic {indexing_maps = [affine_map<(d0, d1) -> (d0, d1)>, affine_map<(d0, d1) -> (d0, d1)>, affine_map<(d0, d1) -> (d0, d1)>], iterator_types = ["parallel", "parallel"]} ins(%11, %12 : memref<?x?xf64>, memref<?x?xf64>) outs(%13 : memref<?x?xf64>) {
^bb0(%in: f64, %in_1: f64, %out: f64):
  %31 = arith.subf %in, %in_1 : f64
  %32 = arith.mulf %31, %cst : f64
  %33 = arith.subf %out, %32 : f64
  linalg.yield %33 : f64
}
  Processing 2 inputs
  Input 0 indexing map: (d0, d1) -> (d0, d1)

=== getLinalgArgMap ===
  Initial lgMap: (d0, d1) -> (d0, d1)
  Found SubmapOp with map: (d0, d1) -> (d1 + 1, d0)
  Composed map: (d0, d1) -> (d1 + 1, d0)
  Final lgMap: (d0, d1) -> (d1 + 1, d0)
=== getLinalgArgMap END ===

  Calling remap_in_affine_dim for input 0

=== remap_in_affine_dim ===
  oldmap: (d0, d1) -> (d1 + 1, d0)
  firstNDims: 2
  check_reduction (input): 0
  lower_bound_val: 0
  dimidx: -1
  check_reduction (output): 0
  new map (map2): (d0, d1, d2) -> (d1 + 1, d0)
  validDims: 2, validSims: 0
  Created SubmapOp with type: memref<?x?x?xf64>
=== remap_in_affine_dim END ===

  Input 1 indexing map: (d0, d1) -> (d0, d1)

=== getLinalgArgMap ===
  Initial lgMap: (d0, d1) -> (d0, d1)
  Found SubmapOp with map: (d0, d1) -> (d1, d0)
  Composed map: (d0, d1) -> (d1, d0)
  Final lgMap: (d0, d1) -> (d1, d0)
=== getLinalgArgMap END ===

  Calling remap_in_affine_dim for input 1

=== remap_in_affine_dim ===
  oldmap: (d0, d1) -> (d1, d0)
  firstNDims: 2
  check_reduction (input): 0
  lower_bound_val: 0
  dimidx: -1
  check_reduction (output): 0
  new map (map2): (d0, d1, d2) -> (d1, d0)
  validDims: 2, validSims: 0
  Created SubmapOp with type: memref<?x?x?xf64>
=== remap_in_affine_dim END ===

  Processing 1 outputs

=== getLinalgArgMap ===
  Initial lgMap: (d0, d1) -> (d0, d1)
  Found SubmapOp with map: (d0, d1) -> (d1 + 1, d0)
  Composed map: (d0, d1) -> (d1 + 1, d0)
  Final lgMap: (d0, d1) -> (d1 + 1, d0)
=== getLinalgArgMap END ===

  Calling remap_in_affine_dim for output 0

=== remap_in_affine_dim ===
  oldmap: (d0, d1) -> (d1 + 1, d0)
  firstNDims: 2
  check_reduction (input): 1
  lower_bound_val: 0
  dimidx: -1
  check_reduction (output): 1
  new map (map2): (d0, d1, d2) -> (d1 + 1, d0)
  validDims: 2, validSims: 0
  Created SubmapOp with type: memref<?x?x?xf64>
=== remap_in_affine_dim END ===

Processing linalg.generic:
linalg.generic {indexing_maps = [affine_map<(d0, d1) -> (d0, d1)>, affine_map<(d0, d1) -> (d0, d1)>, affine_map<(d0, d1) -> (d0, d1)>], iterator_types = ["parallel", "parallel"]} ins(%21, %23 : memref<?x?xf64>, memref<?x?xf64>) outs(%25 : memref<?x?xf64>) {
^bb0(%in: f64, %in_1: f64, %out: f64):
  %37 = arith.subf %in, %in_1 : f64
  %38 = arith.mulf %37, %cst : f64
  %39 = arith.subf %out, %38 : f64
  linalg.yield %39 : f64
}
  Processing 2 inputs
  Input 0 indexing map: (d0, d1) -> (d0, d1)

=== getLinalgArgMap ===
  Initial lgMap: (d0, d1) -> (d0, d1)
  Found SubmapOp with map: (d0, d1) -> (d1, d0 + 1)
  Composed map: (d0, d1) -> (d1, d0 + 1)
  Final lgMap: (d0, d1) -> (d1, d0 + 1)
=== getLinalgArgMap END ===

  Calling remap_in_affine_dim for input 0

=== remap_in_affine_dim ===
  oldmap: (d0, d1) -> (d1, d0 + 1)
  firstNDims: 2
  check_reduction (input): 0
  lower_bound_val: 0
  dimidx: -1
  check_reduction (output): 0
  new map (map2): (d0, d1, d2) -> (d1, d0 + 1)
  validDims: 2, validSims: 0
  Created SubmapOp with type: memref<?x?x?xf64>
=== remap_in_affine_dim END ===

  Input 1 indexing map: (d0, d1) -> (d0, d1)

=== getLinalgArgMap ===
  Initial lgMap: (d0, d1) -> (d0, d1)
  Found SubmapOp with map: (d0, d1) -> (d1, d0)
  Composed map: (d0, d1) -> (d1, d0)
  Final lgMap: (d0, d1) -> (d1, d0)
=== getLinalgArgMap END ===

  Calling remap_in_affine_dim for input 1

=== remap_in_affine_dim ===
  oldmap: (d0, d1) -> (d1, d0)
  firstNDims: 2
  check_reduction (input): 0
  lower_bound_val: 0
  dimidx: -1
  check_reduction (output): 0
  new map (map2): (d0, d1, d2) -> (d1, d0)
  validDims: 2, validSims: 0
  Created SubmapOp with type: memref<?x?x?xf64>
=== remap_in_affine_dim END ===

  Processing 1 outputs

=== getLinalgArgMap ===
  Initial lgMap: (d0, d1) -> (d0, d1)
  Found SubmapOp with map: (d0, d1) -> (d1, d0 + 1)
  Composed map: (d0, d1) -> (d1, d0 + 1)
  Final lgMap: (d0, d1) -> (d1, d0 + 1)
=== getLinalgArgMap END ===

  Calling remap_in_affine_dim for output 0

=== remap_in_affine_dim ===
  oldmap: (d0, d1) -> (d1, d0 + 1)
  firstNDims: 2
  check_reduction (input): 1
  lower_bound_val: 0
  dimidx: -1
  check_reduction (output): 1
  new map (map2): (d0, d1, d2) -> (d1, d0 + 1)
  validDims: 2, validSims: 0
  Created SubmapOp with type: memref<?x?x?xf64>
=== remap_in_affine_dim END ===

Processing linalg.generic:
linalg.generic {indexing_maps = [affine_map<(d0, d1) -> (d0, d1)>, affine_map<(d0, d1) -> (d0, d1)>, affine_map<(d0, d1) -> (d0, d1)>, affine_map<(d0, d1) -> (d0, d1)>, affine_map<(d0, d1) -> (d0, d1)>], iterator_types = ["parallel", "parallel"]} ins(%34, %36, %38, %40 : memref<?x?xf64>, memref<?x?xf64>, memref<?x?xf64>, memref<?x?xf64>) outs(%42 : memref<?x?xf64>) {
^bb0(%in: f64, %in_1: f64, %in_2: f64, %in_3: f64, %out: f64):
  %43 = arith.subf %in, %in_1 : f64
  %44 = arith.addf %43, %in_2 : f64
  %45 = arith.subf %44, %in_3 : f64
  %46 = arith.mulf %45, %cst_0 : f64
  %47 = arith.subf %out, %46 : f64
  linalg.yield %47 : f64
}
  Processing 4 inputs
  Input 0 indexing map: (d0, d1) -> (d0, d1)

=== getLinalgArgMap ===
  Initial lgMap: (d0, d1) -> (d0, d1)
  Found SubmapOp with map: (d0, d1) -> (d1, d0 + 1)
  Composed map: (d0, d1) -> (d1, d0 + 1)
  Final lgMap: (d0, d1) -> (d1, d0 + 1)
=== getLinalgArgMap END ===

  Calling remap_in_affine_dim for input 0

=== remap_in_affine_dim ===
  oldmap: (d0, d1) -> (d1, d0 + 1)
  firstNDims: 2
  check_reduction (input): 0
  lower_bound_val: 0
  dimidx: -1
  check_reduction (output): 0
  new map (map2): (d0, d1, d2) -> (d1, d0 + 1)
  validDims: 2, validSims: 0
  Created SubmapOp with type: memref<?x?x?xf64>
=== remap_in_affine_dim END ===

  Input 1 indexing map: (d0, d1) -> (d0, d1)

=== getLinalgArgMap ===
  Initial lgMap: (d0, d1) -> (d0, d1)
  Found SubmapOp with map: (d0, d1) -> (d1, d0)
  Composed map: (d0, d1) -> (d1, d0)
  Final lgMap: (d0, d1) -> (d1, d0)
=== getLinalgArgMap END ===

  Calling remap_in_affine_dim for input 1

=== remap_in_affine_dim ===
  oldmap: (d0, d1) -> (d1, d0)
  firstNDims: 2
  check_reduction (input): 0
  lower_bound_val: 0
  dimidx: -1
  check_reduction (output): 0
  new map (map2): (d0, d1, d2) -> (d1, d0)
  validDims: 2, validSims: 0
  Created SubmapOp with type: memref<?x?x?xf64>
=== remap_in_affine_dim END ===

  Input 2 indexing map: (d0, d1) -> (d0, d1)

=== getLinalgArgMap ===
  Initial lgMap: (d0, d1) -> (d0, d1)
  Found SubmapOp with map: (d0, d1) -> (d1 + 1, d0)
  Composed map: (d0, d1) -> (d1 + 1, d0)
  Final lgMap: (d0, d1) -> (d1 + 1, d0)
=== getLinalgArgMap END ===

  Calling remap_in_affine_dim for input 2

=== remap_in_affine_dim ===
  oldmap: (d0, d1) -> (d1 + 1, d0)
  firstNDims: 2
  check_reduction (input): 0
  lower_bound_val: 0
  dimidx: -1
  check_reduction (output): 0
  new map (map2): (d0, d1, d2) -> (d1 + 1, d0)
  validDims: 2, validSims: 0
  Created SubmapOp with type: memref<?x?x?xf64>
=== remap_in_affine_dim END ===

  Input 3 indexing map: (d0, d1) -> (d0, d1)

=== getLinalgArgMap ===
  Initial lgMap: (d0, d1) -> (d0, d1)
  Found SubmapOp with map: (d0, d1) -> (d1, d0)
  Composed map: (d0, d1) -> (d1, d0)
  Final lgMap: (d0, d1) -> (d1, d0)
=== getLinalgArgMap END ===

  Calling remap_in_affine_dim for input 3

=== remap_in_affine_dim ===
  oldmap: (d0, d1) -> (d1, d0)
  firstNDims: 2
  check_reduction (input): 0
  lower_bound_val: 0
  dimidx: -1
  check_reduction (output): 0
  new map (map2): (d0, d1, d2) -> (d1, d0)
  validDims: 2, validSims: 0
  Created SubmapOp with type: memref<?x?x?xf64>
=== remap_in_affine_dim END ===

  Processing 1 outputs

=== getLinalgArgMap ===
  Initial lgMap: (d0, d1) -> (d0, d1)
  Found SubmapOp with map: (d0, d1) -> (d1, d0)
  Composed map: (d0, d1) -> (d1, d0)
  Final lgMap: (d0, d1) -> (d1, d0)
=== getLinalgArgMap END ===

  Calling remap_in_affine_dim for output 0

=== remap_in_affine_dim ===
  oldmap: (d0, d1) -> (d1, d0)
  firstNDims: 2
  check_reduction (input): 1
  lower_bound_val: 0
  dimidx: -1
  check_reduction (output): 1
  new map (map2): (d0, d1, d2) -> (d1, d0)
  validDims: 2, validSims: 0
  Created SubmapOp with type: memref<?x?x?xf64>
=== remap_in_affine_dim END ===


--- Processing Loads ---

--- Processing Stores ---
REJECTED: More than one linalg generic


========================================
=== AffineForOpRaising::matchAndRewrite ===
========================================
Processing loop:
affine.for %arg7 = 0 to %2 {
  %3 = polygeist.submap(%arg6, %arg7, %1) {map = affine_map<(d0)[s0] -> (s0)>} : (memref<?xf64>, index, index) -> memref<?xf64>
  %4 = polygeist.submap(%arg4, %1) {map = affine_map<(d0) -> (0, d0)>} : (memref<?x30xf64>, index) -> memref<?xf64>
  linalg.generic {indexing_maps = [affine_map<(d0) -> (d0)>, affine_map<(d0) -> (d0)>], iterator_types = ["parallel"]} ins(%3 : memref<?xf64>) outs(%4 : memref<?xf64>) {
  ^bb0(%in: f64, %out: f64):
    linalg.yield %in : f64
  }
  %5 = arith.subi %0, %c1 : index
  %6 = polygeist.submap(%arg5, %1, %5) {map = affine_map<(d0, d1) -> (d1 + 1, d0)>} : (memref<?x30xf64>, index, index) -> memref<?x?xf64>
  %7 = polygeist.submap(%arg5, %1, %5) {map = affine_map<(d0, d1) -> (d1, d0)>} : (memref<?x30xf64>, index, index) -> memref<?x?xf64>
  %8 = polygeist.submap(%arg4, %1, %5) {map = affine_map<(d0, d1) -> (d1 + 1, d0)>} : (memref<?x30xf64>, index, index) -> memref<?x?xf64>
  linalg.generic {indexing_maps = [affine_map<(d0, d1) -> (d0, d1)>, affine_map<(d0, d1) -> (d0, d1)>, affine_map<(d0, d1) -> (d0, d1)>], iterator_types = ["parallel", "parallel"]} ins(%6, %7 : memref<?x?xf64>, memref<?x?xf64>) outs(%8 : memref<?x?xf64>) {
  ^bb0(%in: f64, %in_1: f64, %out: f64):
    %26 = arith.subf %in, %in_1 : f64
    %27 = arith.mulf %26, %cst : f64
    %28 = arith.subf %out, %27 : f64
    linalg.yield %28 : f64
  }
  %9 = arith.subi %1, %c1 : index
  %10 = polygeist.submap(%arg5, %9, %0) {map = affine_map<(d0, d1) -> (d1, d0 + 1)>} : (memref<?x30xf64>, index, index) -> memref<?x?xf64>
  %11 = arith.subi %1, %c1 : index
  %12 = polygeist.submap(%arg5, %11, %0) {map = affine_map<(d0, d1) -> (d1, d0)>} : (memref<?x30xf64>, index, index) -> memref<?x?xf64>
  %13 = arith.subi %1, %c1 : index
  %14 = polygeist.submap(%arg3, %13, %0) {map = affine_map<(d0, d1) -> (d1, d0 + 1)>} : (memref<?x30xf64>, index, index) -> memref<?x?xf64>
  linalg.generic {indexing_maps = [affine_map<(d0, d1) -> (d0, d1)>, affine_map<(d0, d1) -> (d0, d1)>, affine_map<(d0, d1) -> (d0, d1)>], iterator_types = ["parallel", "parallel"]} ins(%10, %12 : memref<?x?xf64>, memref<?x?xf64>) outs(%14 : memref<?x?xf64>) {
  ^bb0(%in: f64, %in_1: f64, %out: f64):
    %26 = arith.subf %in, %in_1 : f64
    %27 = arith.mulf %26, %cst : f64
    %28 = arith.subf %out, %27 : f64
    linalg.yield %28 : f64
  }
  %15 = affine.apply affine_map<()[s0] -> (s0 - 1)>()[%0]
  %16 = affine.apply affine_map<()[s0] -> (s0 - 1)>()[%1]
  %17 = polygeist.submap(%arg3, %16, %15) {map = affine_map<(d0, d1) -> (d1, d0 + 1)>} : (memref<?x30xf64>, index, index) -> memref<?x?xf64>
  %18 = affine.apply affine_map<()[s0] -> (s0 - 1)>()[%1]
  %19 = polygeist.submap(%arg3, %18, %15) {map = affine_map<(d0, d1) -> (d1, d0)>} : (memref<?x30xf64>, index, index) -> memref<?x?xf64>
  %20 = affine.apply affine_map<()[s0] -> (s0 - 1)>()[%1]
  %21 = polygeist.submap(%arg4, %20, %15) {map = affine_map<(d0, d1) -> (d1 + 1, d0)>} : (memref<?x30xf64>, index, index) -> memref<?x?xf64>
  %22 = affine.apply affine_map<()[s0] -> (s0 - 1)>()[%1]
  %23 = polygeist.submap(%arg4, %22, %15) {map = affine_map<(d0, d1) -> (d1, d0)>} : (memref<?x30xf64>, index, index) -> memref<?x?xf64>
  %24 = affine.apply affine_map<()[s0] -> (s0 - 1)>()[%1]
  %25 = polygeist.submap(%arg5, %24, %15) {map = affine_map<(d0, d1) -> (d1, d0)>} : (memref<?x30xf64>, index, index) -> memref<?x?xf64>
  linalg.generic {indexing_maps = [affine_map<(d0, d1) -> (d0, d1)>, affine_map<(d0, d1) -> (d0, d1)>, affine_map<(d0, d1) -> (d0, d1)>, affine_map<(d0, d1) -> (d0, d1)>, affine_map<(d0, d1) -> (d0, d1)>], iterator_types = ["parallel", "parallel"]} ins(%17, %19, %21, %23 : memref<?x?xf64>, memref<?x?xf64>, memref<?x?xf64>, memref<?x?xf64>) outs(%25 : memref<?x?xf64>) {
  ^bb0(%in: f64, %in_1: f64, %in_2: f64, %in_3: f64, %out: f64):
    %26 = arith.subf %in, %in_1 : f64
    %27 = arith.addf %26, %in_2 : f64
    %28 = arith.subf %27, %in_3 : f64
    %29 = arith.mulf %28, %cst_0 : f64
    %30 = arith.subf %out, %29 : f64
    linalg.yield %30 : f64
  }
}

Pattern recognition complete:
  Loads: 0
  Stores: 0
  LinalgGenerics: 4

Loop bounds:
  lbMap: () -> (0)
  ubMap: ()[s0] -> (s0)

--- Processing Linalg Generics ---
Processing linalg.generic:
linalg.generic {indexing_maps = [affine_map<(d0) -> (d0)>, affine_map<(d0) -> (d0)>], iterator_types = ["parallel"]} ins(%6 : memref<?xf64>) outs(%7 : memref<?xf64>) {
^bb0(%in: f64, %out: f64):
  linalg.yield %in : f64
}
  Processing 1 inputs
  Input 0 indexing map: (d0) -> (d0)

=== getLinalgArgMap ===
  Initial lgMap: (d0) -> (d0)
  Found SubmapOp with map: (d0)[s0] -> (s0)
  Composed map: (d0)[s0] -> (s0)
  Final lgMap: (d0)[s0] -> (s0)
=== getLinalgArgMap END ===

  Calling remap_in_affine_dim for input 0

=== remap_in_affine_dim ===
  oldmap: (d0)[s0] -> (s0)
  firstNDims: 1
  check_reduction (input): 0
  lower_bound_val: 0
  dimidx: 1
  check_reduction (output): 0
  new map (map2): (d0, d1) -> (d1)
  validDims: 2, validSims: 0
  Created SubmapOp with type: memref<?x?xf64>
=== remap_in_affine_dim END ===

  Processing 1 outputs

=== getLinalgArgMap ===
  Initial lgMap: (d0) -> (d0)
  Found SubmapOp with map: (d0) -> (0, d0)
  Composed map: (d0) -> (0, d0)
  Final lgMap: (d0) -> (0, d0)
=== getLinalgArgMap END ===

  Calling remap_in_affine_dim for output 0

=== remap_in_affine_dim ===
  oldmap: (d0) -> (0, d0)
  firstNDims: 1
  check_reduction (input): 1
  lower_bound_val: 0
  dimidx: -1
  check_reduction (output): 1
  new map (map2): (d0, d1) -> (0, d0)
  validDims: 1, validSims: 0
  Created SubmapOp with type: memref<?x?xf64>
=== remap_in_affine_dim END ===

Processing linalg.generic:
linalg.generic {indexing_maps = [affine_map<(d0, d1) -> (d0, d1)>, affine_map<(d0, d1) -> (d0, d1)>, affine_map<(d0, d1) -> (d0, d1)>], iterator_types = ["parallel", "parallel"]} ins(%11, %12 : memref<?x?xf64>, memref<?x?xf64>) outs(%13 : memref<?x?xf64>) {
^bb0(%in: f64, %in_1: f64, %out: f64):
  %31 = arith.subf %in, %in_1 : f64
  %32 = arith.mulf %31, %cst : f64
  %33 = arith.subf %out, %32 : f64
  linalg.yield %33 : f64
}
  Processing 2 inputs
  Input 0 indexing map: (d0, d1) -> (d0, d1)

=== getLinalgArgMap ===
  Initial lgMap: (d0, d1) -> (d0, d1)
  Found SubmapOp with map: (d0, d1) -> (d1 + 1, d0)
  Composed map: (d0, d1) -> (d1 + 1, d0)
  Final lgMap: (d0, d1) -> (d1 + 1, d0)
=== getLinalgArgMap END ===

  Calling remap_in_affine_dim for input 0

=== remap_in_affine_dim ===
  oldmap: (d0, d1) -> (d1 + 1, d0)
  firstNDims: 2
  check_reduction (input): 0
  lower_bound_val: 0
  dimidx: -1
  check_reduction (output): 0
  new map (map2): (d0, d1, d2) -> (d1 + 1, d0)
  validDims: 2, validSims: 0
  Created SubmapOp with type: memref<?x?x?xf64>
=== remap_in_affine_dim END ===

  Input 1 indexing map: (d0, d1) -> (d0, d1)

=== getLinalgArgMap ===
  Initial lgMap: (d0, d1) -> (d0, d1)
  Found SubmapOp with map: (d0, d1) -> (d1, d0)
  Composed map: (d0, d1) -> (d1, d0)
  Final lgMap: (d0, d1) -> (d1, d0)
=== getLinalgArgMap END ===

  Calling remap_in_affine_dim for input 1

=== remap_in_affine_dim ===
  oldmap: (d0, d1) -> (d1, d0)
  firstNDims: 2
  check_reduction (input): 0
  lower_bound_val: 0
  dimidx: -1
  check_reduction (output): 0
  new map (map2): (d0, d1, d2) -> (d1, d0)
  validDims: 2, validSims: 0
  Created SubmapOp with type: memref<?x?x?xf64>
=== remap_in_affine_dim END ===

  Processing 1 outputs

=== getLinalgArgMap ===
  Initial lgMap: (d0, d1) -> (d0, d1)
  Found SubmapOp with map: (d0, d1) -> (d1 + 1, d0)
  Composed map: (d0, d1) -> (d1 + 1, d0)
  Final lgMap: (d0, d1) -> (d1 + 1, d0)
=== getLinalgArgMap END ===

  Calling remap_in_affine_dim for output 0

=== remap_in_affine_dim ===
  oldmap: (d0, d1) -> (d1 + 1, d0)
  firstNDims: 2
  check_reduction (input): 1
  lower_bound_val: 0
  dimidx: -1
  check_reduction (output): 1
  new map (map2): (d0, d1, d2) -> (d1 + 1, d0)
  validDims: 2, validSims: 0
  Created SubmapOp with type: memref<?x?x?xf64>
=== remap_in_affine_dim END ===

Processing linalg.generic:
linalg.generic {indexing_maps = [affine_map<(d0, d1) -> (d0, d1)>, affine_map<(d0, d1) -> (d0, d1)>, affine_map<(d0, d1) -> (d0, d1)>], iterator_types = ["parallel", "parallel"]} ins(%21, %23 : memref<?x?xf64>, memref<?x?xf64>) outs(%25 : memref<?x?xf64>) {
^bb0(%in: f64, %in_1: f64, %out: f64):
  %37 = arith.subf %in, %in_1 : f64
  %38 = arith.mulf %37, %cst : f64
  %39 = arith.subf %out, %38 : f64
  linalg.yield %39 : f64
}
  Processing 2 inputs
  Input 0 indexing map: (d0, d1) -> (d0, d1)

=== getLinalgArgMap ===
  Initial lgMap: (d0, d1) -> (d0, d1)
  Found SubmapOp with map: (d0, d1) -> (d1, d0 + 1)
  Composed map: (d0, d1) -> (d1, d0 + 1)
  Final lgMap: (d0, d1) -> (d1, d0 + 1)
=== getLinalgArgMap END ===

  Calling remap_in_affine_dim for input 0

=== remap_in_affine_dim ===
  oldmap: (d0, d1) -> (d1, d0 + 1)
  firstNDims: 2
  check_reduction (input): 0
  lower_bound_val: 0
  dimidx: -1
  check_reduction (output): 0
  new map (map2): (d0, d1, d2) -> (d1, d0 + 1)
  validDims: 2, validSims: 0
  Created SubmapOp with type: memref<?x?x?xf64>
=== remap_in_affine_dim END ===

  Input 1 indexing map: (d0, d1) -> (d0, d1)

=== getLinalgArgMap ===
  Initial lgMap: (d0, d1) -> (d0, d1)
  Found SubmapOp with map: (d0, d1) -> (d1, d0)
  Composed map: (d0, d1) -> (d1, d0)
  Final lgMap: (d0, d1) -> (d1, d0)
=== getLinalgArgMap END ===

  Calling remap_in_affine_dim for input 1

=== remap_in_affine_dim ===
  oldmap: (d0, d1) -> (d1, d0)
  firstNDims: 2
  check_reduction (input): 0
  lower_bound_val: 0
  dimidx: -1
  check_reduction (output): 0
  new map (map2): (d0, d1, d2) -> (d1, d0)
  validDims: 2, validSims: 0
  Created SubmapOp with type: memref<?x?x?xf64>
=== remap_in_affine_dim END ===

  Processing 1 outputs

=== getLinalgArgMap ===
  Initial lgMap: (d0, d1) -> (d0, d1)
  Found SubmapOp with map: (d0, d1) -> (d1, d0 + 1)
  Composed map: (d0, d1) -> (d1, d0 + 1)
  Final lgMap: (d0, d1) -> (d1, d0 + 1)
=== getLinalgArgMap END ===

  Calling remap_in_affine_dim for output 0

=== remap_in_affine_dim ===
  oldmap: (d0, d1) -> (d1, d0 + 1)
  firstNDims: 2
  check_reduction (input): 1
  lower_bound_val: 0
  dimidx: -1
  check_reduction (output): 1
  new map (map2): (d0, d1, d2) -> (d1, d0 + 1)
  validDims: 2, validSims: 0
  Created SubmapOp with type: memref<?x?x?xf64>
=== remap_in_affine_dim END ===

Processing linalg.generic:
linalg.generic {indexing_maps = [affine_map<(d0, d1) -> (d0, d1)>, affine_map<(d0, d1) -> (d0, d1)>, affine_map<(d0, d1) -> (d0, d1)>, affine_map<(d0, d1) -> (d0, d1)>, affine_map<(d0, d1) -> (d0, d1)>], iterator_types = ["parallel", "parallel"]} ins(%34, %36, %38, %40 : memref<?x?xf64>, memref<?x?xf64>, memref<?x?xf64>, memref<?x?xf64>) outs(%42 : memref<?x?xf64>) {
^bb0(%in: f64, %in_1: f64, %in_2: f64, %in_3: f64, %out: f64):
  %43 = arith.subf %in, %in_1 : f64
  %44 = arith.addf %43, %in_2 : f64
  %45 = arith.subf %44, %in_3 : f64
  %46 = arith.mulf %45, %cst_0 : f64
  %47 = arith.subf %out, %46 : f64
  linalg.yield %47 : f64
}
  Processing 4 inputs
  Input 0 indexing map: (d0, d1) -> (d0, d1)

=== getLinalgArgMap ===
  Initial lgMap: (d0, d1) -> (d0, d1)
  Found SubmapOp with map: (d0, d1) -> (d1, d0 + 1)
  Composed map: (d0, d1) -> (d1, d0 + 1)
  Final lgMap: (d0, d1) -> (d1, d0 + 1)
=== getLinalgArgMap END ===

  Calling remap_in_affine_dim for input 0

=== remap_in_affine_dim ===
  oldmap: (d0, d1) -> (d1, d0 + 1)
  firstNDims: 2
  check_reduction (input): 0
  lower_bound_val: 0
  dimidx: -1
  check_reduction (output): 0
  new map (map2): (d0, d1, d2) -> (d1, d0 + 1)
  validDims: 2, validSims: 0
  Created SubmapOp with type: memref<?x?x?xf64>
=== remap_in_affine_dim END ===

  Input 1 indexing map: (d0, d1) -> (d0, d1)

=== getLinalgArgMap ===
  Initial lgMap: (d0, d1) -> (d0, d1)
  Found SubmapOp with map: (d0, d1) -> (d1, d0)
  Composed map: (d0, d1) -> (d1, d0)
  Final lgMap: (d0, d1) -> (d1, d0)
=== getLinalgArgMap END ===

  Calling remap_in_affine_dim for input 1

=== remap_in_affine_dim ===
  oldmap: (d0, d1) -> (d1, d0)
  firstNDims: 2
  check_reduction (input): 0
  lower_bound_val: 0
  dimidx: -1
  check_reduction (output): 0
  new map (map2): (d0, d1, d2) -> (d1, d0)
  validDims: 2, validSims: 0
  Created SubmapOp with type: memref<?x?x?xf64>
=== remap_in_affine_dim END ===

  Input 2 indexing map: (d0, d1) -> (d0, d1)

=== getLinalgArgMap ===
  Initial lgMap: (d0, d1) -> (d0, d1)
  Found SubmapOp with map: (d0, d1) -> (d1 + 1, d0)
  Composed map: (d0, d1) -> (d1 + 1, d0)
  Final lgMap: (d0, d1) -> (d1 + 1, d0)
=== getLinalgArgMap END ===

  Calling remap_in_affine_dim for input 2

=== remap_in_affine_dim ===
  oldmap: (d0, d1) -> (d1 + 1, d0)
  firstNDims: 2
  check_reduction (input): 0
  lower_bound_val: 0
  dimidx: -1
  check_reduction (output): 0
  new map (map2): (d0, d1, d2) -> (d1 + 1, d0)
  validDims: 2, validSims: 0
  Created SubmapOp with type: memref<?x?x?xf64>
=== remap_in_affine_dim END ===

  Input 3 indexing map: (d0, d1) -> (d0, d1)

=== getLinalgArgMap ===
  Initial lgMap: (d0, d1) -> (d0, d1)
  Found SubmapOp with map: (d0, d1) -> (d1, d0)
  Composed map: (d0, d1) -> (d1, d0)
  Final lgMap: (d0, d1) -> (d1, d0)
=== getLinalgArgMap END ===

  Calling remap_in_affine_dim for input 3

=== remap_in_affine_dim ===
  oldmap: (d0, d1) -> (d1, d0)
  firstNDims: 2
  check_reduction (input): 0
  lower_bound_val: 0
  dimidx: -1
  check_reduction (output): 0
  new map (map2): (d0, d1, d2) -> (d1, d0)
  validDims: 2, validSims: 0
  Created SubmapOp with type: memref<?x?x?xf64>
=== remap_in_affine_dim END ===

  Processing 1 outputs

=== getLinalgArgMap ===
  Initial lgMap: (d0, d1) -> (d0, d1)
  Found SubmapOp with map: (d0, d1) -> (d1, d0)
  Composed map: (d0, d1) -> (d1, d0)
  Final lgMap: (d0, d1) -> (d1, d0)
=== getLinalgArgMap END ===

  Calling remap_in_affine_dim for output 0

=== remap_in_affine_dim ===
  oldmap: (d0, d1) -> (d1, d0)
  firstNDims: 2
  check_reduction (input): 1
  lower_bound_val: 0
  dimidx: -1
  check_reduction (output): 1
  new map (map2): (d0, d1, d2) -> (d1, d0)
  validDims: 2, validSims: 0
  Created SubmapOp with type: memref<?x?x?xf64>
=== remap_in_affine_dim END ===


--- Processing Loads ---

--- Processing Stores ---
REJECTED: More than one linalg generic


========================================
=== AffineForOpRaising::matchAndRewrite ===
========================================
Processing loop:
affine.for %arg7 = 0 to %2 {
  %3 = polygeist.submap(%arg6, %arg7, %1) {map = affine_map<(d0)[s0] -> (s0)>} : (memref<?xf64>, index, index) -> memref<?xf64>
  %4 = polygeist.submap(%arg4, %1) {map = affine_map<(d0) -> (0, d0)>} : (memref<?x30xf64>, index) -> memref<?xf64>
  linalg.generic {indexing_maps = [affine_map<(d0) -> (d0)>, affine_map<(d0) -> (d0)>], iterator_types = ["parallel"]} ins(%3 : memref<?xf64>) outs(%4 : memref<?xf64>) {
  ^bb0(%in: f64, %out: f64):
    linalg.yield %in : f64
  }
  %5 = arith.subi %0, %c1 : index
  %6 = polygeist.submap(%arg5, %1, %5) {map = affine_map<(d0, d1) -> (d1 + 1, d0)>} : (memref<?x30xf64>, index, index) -> memref<?x?xf64>
  %7 = polygeist.submap(%arg5, %1, %5) {map = affine_map<(d0, d1) -> (d1, d0)>} : (memref<?x30xf64>, index, index) -> memref<?x?xf64>
  %8 = polygeist.submap(%arg4, %1, %5) {map = affine_map<(d0, d1) -> (d1 + 1, d0)>} : (memref<?x30xf64>, index, index) -> memref<?x?xf64>
  linalg.generic {indexing_maps = [affine_map<(d0, d1) -> (d0, d1)>, affine_map<(d0, d1) -> (d0, d1)>, affine_map<(d0, d1) -> (d0, d1)>], iterator_types = ["parallel", "parallel"]} ins(%6, %7 : memref<?x?xf64>, memref<?x?xf64>) outs(%8 : memref<?x?xf64>) {
  ^bb0(%in: f64, %in_1: f64, %out: f64):
    %26 = arith.subf %in, %in_1 : f64
    %27 = arith.mulf %26, %cst : f64
    %28 = arith.subf %out, %27 : f64
    linalg.yield %28 : f64
  }
  %9 = arith.subi %1, %c1 : index
  %10 = polygeist.submap(%arg5, %9, %0) {map = affine_map<(d0, d1) -> (d1, d0 + 1)>} : (memref<?x30xf64>, index, index) -> memref<?x?xf64>
  %11 = arith.subi %1, %c1 : index
  %12 = polygeist.submap(%arg5, %11, %0) {map = affine_map<(d0, d1) -> (d1, d0)>} : (memref<?x30xf64>, index, index) -> memref<?x?xf64>
  %13 = arith.subi %1, %c1 : index
  %14 = polygeist.submap(%arg3, %13, %0) {map = affine_map<(d0, d1) -> (d1, d0 + 1)>} : (memref<?x30xf64>, index, index) -> memref<?x?xf64>
  linalg.generic {indexing_maps = [affine_map<(d0, d1) -> (d0, d1)>, affine_map<(d0, d1) -> (d0, d1)>, affine_map<(d0, d1) -> (d0, d1)>], iterator_types = ["parallel", "parallel"]} ins(%10, %12 : memref<?x?xf64>, memref<?x?xf64>) outs(%14 : memref<?x?xf64>) {
  ^bb0(%in: f64, %in_1: f64, %out: f64):
    %26 = arith.subf %in, %in_1 : f64
    %27 = arith.mulf %26, %cst : f64
    %28 = arith.subf %out, %27 : f64
    linalg.yield %28 : f64
  }
  %15 = affine.apply affine_map<()[s0] -> (s0 - 1)>()[%0]
  %16 = affine.apply affine_map<()[s0] -> (s0 - 1)>()[%1]
  %17 = polygeist.submap(%arg3, %16, %15) {map = affine_map<(d0, d1) -> (d1, d0 + 1)>} : (memref<?x30xf64>, index, index) -> memref<?x?xf64>
  %18 = affine.apply affine_map<()[s0] -> (s0 - 1)>()[%1]
  %19 = polygeist.submap(%arg3, %18, %15) {map = affine_map<(d0, d1) -> (d1, d0)>} : (memref<?x30xf64>, index, index) -> memref<?x?xf64>
  %20 = affine.apply affine_map<()[s0] -> (s0 - 1)>()[%1]
  %21 = polygeist.submap(%arg4, %20, %15) {map = affine_map<(d0, d1) -> (d1 + 1, d0)>} : (memref<?x30xf64>, index, index) -> memref<?x?xf64>
  %22 = affine.apply affine_map<()[s0] -> (s0 - 1)>()[%1]
  %23 = polygeist.submap(%arg4, %22, %15) {map = affine_map<(d0, d1) -> (d1, d0)>} : (memref<?x30xf64>, index, index) -> memref<?x?xf64>
  %24 = affine.apply affine_map<()[s0] -> (s0 - 1)>()[%1]
  %25 = polygeist.submap(%arg5, %24, %15) {map = affine_map<(d0, d1) -> (d1, d0)>} : (memref<?x30xf64>, index, index) -> memref<?x?xf64>
  linalg.generic {indexing_maps = [affine_map<(d0, d1) -> (d0, d1)>, affine_map<(d0, d1) -> (d0, d1)>, affine_map<(d0, d1) -> (d0, d1)>, affine_map<(d0, d1) -> (d0, d1)>, affine_map<(d0, d1) -> (d0, d1)>], iterator_types = ["parallel", "parallel"]} ins(%17, %19, %21, %23 : memref<?x?xf64>, memref<?x?xf64>, memref<?x?xf64>, memref<?x?xf64>) outs(%25 : memref<?x?xf64>) {
  ^bb0(%in: f64, %in_1: f64, %in_2: f64, %in_3: f64, %out: f64):
    %26 = arith.subf %in, %in_1 : f64
    %27 = arith.addf %26, %in_2 : f64
    %28 = arith.subf %27, %in_3 : f64
    %29 = arith.mulf %28, %cst_0 : f64
    %30 = arith.subf %out, %29 : f64
    linalg.yield %30 : f64
  }
}

Pattern recognition complete:
  Loads: 0
  Stores: 0
  LinalgGenerics: 4

Loop bounds:
  lbMap: () -> (0)
  ubMap: ()[s0] -> (s0)

--- Processing Linalg Generics ---
Processing linalg.generic:
linalg.generic {indexing_maps = [affine_map<(d0) -> (d0)>, affine_map<(d0) -> (d0)>], iterator_types = ["parallel"]} ins(%6 : memref<?xf64>) outs(%7 : memref<?xf64>) {
^bb0(%in: f64, %out: f64):
  linalg.yield %in : f64
}
  Processing 1 inputs
  Input 0 indexing map: (d0) -> (d0)

=== getLinalgArgMap ===
  Initial lgMap: (d0) -> (d0)
  Found SubmapOp with map: (d0)[s0] -> (s0)
  Composed map: (d0)[s0] -> (s0)
  Final lgMap: (d0)[s0] -> (s0)
=== getLinalgArgMap END ===

  Calling remap_in_affine_dim for input 0

=== remap_in_affine_dim ===
  oldmap: (d0)[s0] -> (s0)
  firstNDims: 1
  check_reduction (input): 0
  lower_bound_val: 0
  dimidx: 1
  check_reduction (output): 0
  new map (map2): (d0, d1) -> (d1)
  validDims: 2, validSims: 0
  Created SubmapOp with type: memref<?x?xf64>
=== remap_in_affine_dim END ===

  Processing 1 outputs

=== getLinalgArgMap ===
  Initial lgMap: (d0) -> (d0)
  Found SubmapOp with map: (d0) -> (0, d0)
  Composed map: (d0) -> (0, d0)
  Final lgMap: (d0) -> (0, d0)
=== getLinalgArgMap END ===

  Calling remap_in_affine_dim for output 0

=== remap_in_affine_dim ===
  oldmap: (d0) -> (0, d0)
  firstNDims: 1
  check_reduction (input): 1
  lower_bound_val: 0
  dimidx: -1
  check_reduction (output): 1
  new map (map2): (d0, d1) -> (0, d0)
  validDims: 1, validSims: 0
  Created SubmapOp with type: memref<?x?xf64>
=== remap_in_affine_dim END ===

Processing linalg.generic:
linalg.generic {indexing_maps = [affine_map<(d0, d1) -> (d0, d1)>, affine_map<(d0, d1) -> (d0, d1)>, affine_map<(d0, d1) -> (d0, d1)>], iterator_types = ["parallel", "parallel"]} ins(%11, %12 : memref<?x?xf64>, memref<?x?xf64>) outs(%13 : memref<?x?xf64>) {
^bb0(%in: f64, %in_1: f64, %out: f64):
  %31 = arith.subf %in, %in_1 : f64
  %32 = arith.mulf %31, %cst : f64
  %33 = arith.subf %out, %32 : f64
  linalg.yield %33 : f64
}
  Processing 2 inputs
  Input 0 indexing map: (d0, d1) -> (d0, d1)

=== getLinalgArgMap ===
  Initial lgMap: (d0, d1) -> (d0, d1)
  Found SubmapOp with map: (d0, d1) -> (d1 + 1, d0)
  Composed map: (d0, d1) -> (d1 + 1, d0)
  Final lgMap: (d0, d1) -> (d1 + 1, d0)
=== getLinalgArgMap END ===

  Calling remap_in_affine_dim for input 0

=== remap_in_affine_dim ===
  oldmap: (d0, d1) -> (d1 + 1, d0)
  firstNDims: 2
  check_reduction (input): 0
  lower_bound_val: 0
  dimidx: -1
  check_reduction (output): 0
  new map (map2): (d0, d1, d2) -> (d1 + 1, d0)
  validDims: 2, validSims: 0
  Created SubmapOp with type: memref<?x?x?xf64>
=== remap_in_affine_dim END ===

  Input 1 indexing map: (d0, d1) -> (d0, d1)

=== getLinalgArgMap ===
  Initial lgMap: (d0, d1) -> (d0, d1)
  Found SubmapOp with map: (d0, d1) -> (d1, d0)
  Composed map: (d0, d1) -> (d1, d0)
  Final lgMap: (d0, d1) -> (d1, d0)
=== getLinalgArgMap END ===

  Calling remap_in_affine_dim for input 1

=== remap_in_affine_dim ===
  oldmap: (d0, d1) -> (d1, d0)
  firstNDims: 2
  check_reduction (input): 0
  lower_bound_val: 0
  dimidx: -1
  check_reduction (output): 0
  new map (map2): (d0, d1, d2) -> (d1, d0)
  validDims: 2, validSims: 0
  Created SubmapOp with type: memref<?x?x?xf64>
=== remap_in_affine_dim END ===

  Processing 1 outputs

=== getLinalgArgMap ===
  Initial lgMap: (d0, d1) -> (d0, d1)
  Found SubmapOp with map: (d0, d1) -> (d1 + 1, d0)
  Composed map: (d0, d1) -> (d1 + 1, d0)
  Final lgMap: (d0, d1) -> (d1 + 1, d0)
=== getLinalgArgMap END ===

  Calling remap_in_affine_dim for output 0

=== remap_in_affine_dim ===
  oldmap: (d0, d1) -> (d1 + 1, d0)
  firstNDims: 2
  check_reduction (input): 1
  lower_bound_val: 0
  dimidx: -1
  check_reduction (output): 1
  new map (map2): (d0, d1, d2) -> (d1 + 1, d0)
  validDims: 2, validSims: 0
  Created SubmapOp with type: memref<?x?x?xf64>
=== remap_in_affine_dim END ===

Processing linalg.generic:
linalg.generic {indexing_maps = [affine_map<(d0, d1) -> (d0, d1)>, affine_map<(d0, d1) -> (d0, d1)>, affine_map<(d0, d1) -> (d0, d1)>], iterator_types = ["parallel", "parallel"]} ins(%21, %23 : memref<?x?xf64>, memref<?x?xf64>) outs(%25 : memref<?x?xf64>) {
^bb0(%in: f64, %in_1: f64, %out: f64):
  %37 = arith.subf %in, %in_1 : f64
  %38 = arith.mulf %37, %cst : f64
  %39 = arith.subf %out, %38 : f64
  linalg.yield %39 : f64
}
  Processing 2 inputs
  Input 0 indexing map: (d0, d1) -> (d0, d1)

=== getLinalgArgMap ===
  Initial lgMap: (d0, d1) -> (d0, d1)
  Found SubmapOp with map: (d0, d1) -> (d1, d0 + 1)
  Composed map: (d0, d1) -> (d1, d0 + 1)
  Final lgMap: (d0, d1) -> (d1, d0 + 1)
=== getLinalgArgMap END ===

  Calling remap_in_affine_dim for input 0

=== remap_in_affine_dim ===
  oldmap: (d0, d1) -> (d1, d0 + 1)
  firstNDims: 2
  check_reduction (input): 0
  lower_bound_val: 0
  dimidx: -1
  check_reduction (output): 0
  new map (map2): (d0, d1, d2) -> (d1, d0 + 1)
  validDims: 2, validSims: 0
  Created SubmapOp with type: memref<?x?x?xf64>
=== remap_in_affine_dim END ===

  Input 1 indexing map: (d0, d1) -> (d0, d1)

=== getLinalgArgMap ===
  Initial lgMap: (d0, d1) -> (d0, d1)
  Found SubmapOp with map: (d0, d1) -> (d1, d0)
  Composed map: (d0, d1) -> (d1, d0)
  Final lgMap: (d0, d1) -> (d1, d0)
=== getLinalgArgMap END ===

  Calling remap_in_affine_dim for input 1

=== remap_in_affine_dim ===
  oldmap: (d0, d1) -> (d1, d0)
  firstNDims: 2
  check_reduction (input): 0
  lower_bound_val: 0
  dimidx: -1
  check_reduction (output): 0
  new map (map2): (d0, d1, d2) -> (d1, d0)
  validDims: 2, validSims: 0
  Created SubmapOp with type: memref<?x?x?xf64>
=== remap_in_affine_dim END ===

  Processing 1 outputs

=== getLinalgArgMap ===
  Initial lgMap: (d0, d1) -> (d0, d1)
  Found SubmapOp with map: (d0, d1) -> (d1, d0 + 1)
  Composed map: (d0, d1) -> (d1, d0 + 1)
  Final lgMap: (d0, d1) -> (d1, d0 + 1)
=== getLinalgArgMap END ===

  Calling remap_in_affine_dim for output 0

=== remap_in_affine_dim ===
  oldmap: (d0, d1) -> (d1, d0 + 1)
  firstNDims: 2
  check_reduction (input): 1
  lower_bound_val: 0
  dimidx: -1
  check_reduction (output): 1
  new map (map2): (d0, d1, d2) -> (d1, d0 + 1)
  validDims: 2, validSims: 0
  Created SubmapOp with type: memref<?x?x?xf64>
=== remap_in_affine_dim END ===

Processing linalg.generic:
linalg.generic {indexing_maps = [affine_map<(d0, d1) -> (d0, d1)>, affine_map<(d0, d1) -> (d0, d1)>, affine_map<(d0, d1) -> (d0, d1)>, affine_map<(d0, d1) -> (d0, d1)>, affine_map<(d0, d1) -> (d0, d1)>], iterator_types = ["parallel", "parallel"]} ins(%34, %36, %38, %40 : memref<?x?xf64>, memref<?x?xf64>, memref<?x?xf64>, memref<?x?xf64>) outs(%42 : memref<?x?xf64>) {
^bb0(%in: f64, %in_1: f64, %in_2: f64, %in_3: f64, %out: f64):
  %43 = arith.subf %in, %in_1 : f64
  %44 = arith.addf %43, %in_2 : f64
  %45 = arith.subf %44, %in_3 : f64
  %46 = arith.mulf %45, %cst_0 : f64
  %47 = arith.subf %out, %46 : f64
  linalg.yield %47 : f64
}
  Processing 4 inputs
  Input 0 indexing map: (d0, d1) -> (d0, d1)

=== getLinalgArgMap ===
  Initial lgMap: (d0, d1) -> (d0, d1)
  Found SubmapOp with map: (d0, d1) -> (d1, d0 + 1)
  Composed map: (d0, d1) -> (d1, d0 + 1)
  Final lgMap: (d0, d1) -> (d1, d0 + 1)
=== getLinalgArgMap END ===

  Calling remap_in_affine_dim for input 0

=== remap_in_affine_dim ===
  oldmap: (d0, d1) -> (d1, d0 + 1)
  firstNDims: 2
  check_reduction (input): 0
  lower_bound_val: 0
  dimidx: -1
  check_reduction (output): 0
  new map (map2): (d0, d1, d2) -> (d1, d0 + 1)
  validDims: 2, validSims: 0
  Created SubmapOp with type: memref<?x?x?xf64>
=== remap_in_affine_dim END ===

  Input 1 indexing map: (d0, d1) -> (d0, d1)

=== getLinalgArgMap ===
  Initial lgMap: (d0, d1) -> (d0, d1)
  Found SubmapOp with map: (d0, d1) -> (d1, d0)
  Composed map: (d0, d1) -> (d1, d0)
  Final lgMap: (d0, d1) -> (d1, d0)
=== getLinalgArgMap END ===

  Calling remap_in_affine_dim for input 1

=== remap_in_affine_dim ===
  oldmap: (d0, d1) -> (d1, d0)
  firstNDims: 2
  check_reduction (input): 0
  lower_bound_val: 0
  dimidx: -1
  check_reduction (output): 0
  new map (map2): (d0, d1, d2) -> (d1, d0)
  validDims: 2, validSims: 0
  Created SubmapOp with type: memref<?x?x?xf64>
=== remap_in_affine_dim END ===

  Input 2 indexing map: (d0, d1) -> (d0, d1)

=== getLinalgArgMap ===
  Initial lgMap: (d0, d1) -> (d0, d1)
  Found SubmapOp with map: (d0, d1) -> (d1 + 1, d0)
  Composed map: (d0, d1) -> (d1 + 1, d0)
  Final lgMap: (d0, d1) -> (d1 + 1, d0)
=== getLinalgArgMap END ===

  Calling remap_in_affine_dim for input 2

=== remap_in_affine_dim ===
  oldmap: (d0, d1) -> (d1 + 1, d0)
  firstNDims: 2
  check_reduction (input): 0
  lower_bound_val: 0
  dimidx: -1
  check_reduction (output): 0
  new map (map2): (d0, d1, d2) -> (d1 + 1, d0)
  validDims: 2, validSims: 0
  Created SubmapOp with type: memref<?x?x?xf64>
=== remap_in_affine_dim END ===

  Input 3 indexing map: (d0, d1) -> (d0, d1)

=== getLinalgArgMap ===
  Initial lgMap: (d0, d1) -> (d0, d1)
  Found SubmapOp with map: (d0, d1) -> (d1, d0)
  Composed map: (d0, d1) -> (d1, d0)
  Final lgMap: (d0, d1) -> (d1, d0)
=== getLinalgArgMap END ===

  Calling remap_in_affine_dim for input 3

=== remap_in_affine_dim ===
  oldmap: (d0, d1) -> (d1, d0)
  firstNDims: 2
  check_reduction (input): 0
  lower_bound_val: 0
  dimidx: -1
  check_reduction (output): 0
  new map (map2): (d0, d1, d2) -> (d1, d0)
  validDims: 2, validSims: 0
  Created SubmapOp with type: memref<?x?x?xf64>
=== remap_in_affine_dim END ===

  Processing 1 outputs

=== getLinalgArgMap ===
  Initial lgMap: (d0, d1) -> (d0, d1)
  Found SubmapOp with map: (d0, d1) -> (d1, d0)
  Composed map: (d0, d1) -> (d1, d0)
  Final lgMap: (d0, d1) -> (d1, d0)
=== getLinalgArgMap END ===

  Calling remap_in_affine_dim for output 0

=== remap_in_affine_dim ===
  oldmap: (d0, d1) -> (d1, d0)
  firstNDims: 2
  check_reduction (input): 1
  lower_bound_val: 0
  dimidx: -1
  check_reduction (output): 1
  new map (map2): (d0, d1, d2) -> (d1, d0)
  validDims: 2, validSims: 0
  Created SubmapOp with type: memref<?x?x?xf64>
=== remap_in_affine_dim END ===


--- Processing Loads ---

--- Processing Stores ---
REJECTED: More than one linalg generic


========================================
=== AffineForOpRaising::matchAndRewrite ===
========================================
Processing loop:
affine.for %arg7 = 0 to %2 {
  %3 = polygeist.submap(%arg6, %arg7, %1) {map = affine_map<(d0)[s0] -> (s0)>} : (memref<?xf64>, index, index) -> memref<?xf64>
  %4 = polygeist.submap(%arg4, %1) {map = affine_map<(d0) -> (0, d0)>} : (memref<?x30xf64>, index) -> memref<?xf64>
  linalg.generic {indexing_maps = [affine_map<(d0) -> (d0)>, affine_map<(d0) -> (d0)>], iterator_types = ["parallel"]} ins(%3 : memref<?xf64>) outs(%4 : memref<?xf64>) {
  ^bb0(%in: f64, %out: f64):
    linalg.yield %in : f64
  }
  %5 = arith.subi %0, %c1 : index
  %6 = polygeist.submap(%arg5, %1, %5) {map = affine_map<(d0, d1) -> (d1 + 1, d0)>} : (memref<?x30xf64>, index, index) -> memref<?x?xf64>
  %7 = polygeist.submap(%arg5, %1, %5) {map = affine_map<(d0, d1) -> (d1, d0)>} : (memref<?x30xf64>, index, index) -> memref<?x?xf64>
  %8 = polygeist.submap(%arg4, %1, %5) {map = affine_map<(d0, d1) -> (d1 + 1, d0)>} : (memref<?x30xf64>, index, index) -> memref<?x?xf64>
  linalg.generic {indexing_maps = [affine_map<(d0, d1) -> (d0, d1)>, affine_map<(d0, d1) -> (d0, d1)>, affine_map<(d0, d1) -> (d0, d1)>], iterator_types = ["parallel", "parallel"]} ins(%6, %7 : memref<?x?xf64>, memref<?x?xf64>) outs(%8 : memref<?x?xf64>) {
  ^bb0(%in: f64, %in_1: f64, %out: f64):
    %26 = arith.subf %in, %in_1 : f64
    %27 = arith.mulf %26, %cst : f64
    %28 = arith.subf %out, %27 : f64
    linalg.yield %28 : f64
  }
  %9 = arith.subi %1, %c1 : index
  %10 = polygeist.submap(%arg5, %9, %0) {map = affine_map<(d0, d1) -> (d1, d0 + 1)>} : (memref<?x30xf64>, index, index) -> memref<?x?xf64>
  %11 = arith.subi %1, %c1 : index
  %12 = polygeist.submap(%arg5, %11, %0) {map = affine_map<(d0, d1) -> (d1, d0)>} : (memref<?x30xf64>, index, index) -> memref<?x?xf64>
  %13 = arith.subi %1, %c1 : index
  %14 = polygeist.submap(%arg3, %13, %0) {map = affine_map<(d0, d1) -> (d1, d0 + 1)>} : (memref<?x30xf64>, index, index) -> memref<?x?xf64>
  linalg.generic {indexing_maps = [affine_map<(d0, d1) -> (d0, d1)>, affine_map<(d0, d1) -> (d0, d1)>, affine_map<(d0, d1) -> (d0, d1)>], iterator_types = ["parallel", "parallel"]} ins(%10, %12 : memref<?x?xf64>, memref<?x?xf64>) outs(%14 : memref<?x?xf64>) {
  ^bb0(%in: f64, %in_1: f64, %out: f64):
    %26 = arith.subf %in, %in_1 : f64
    %27 = arith.mulf %26, %cst : f64
    %28 = arith.subf %out, %27 : f64
    linalg.yield %28 : f64
  }
  %15 = affine.apply affine_map<()[s0] -> (s0 - 1)>()[%0]
  %16 = affine.apply affine_map<()[s0] -> (s0 - 1)>()[%1]
  %17 = polygeist.submap(%arg3, %16, %15) {map = affine_map<(d0, d1) -> (d1, d0 + 1)>} : (memref<?x30xf64>, index, index) -> memref<?x?xf64>
  %18 = affine.apply affine_map<()[s0] -> (s0 - 1)>()[%1]
  %19 = polygeist.submap(%arg3, %18, %15) {map = affine_map<(d0, d1) -> (d1, d0)>} : (memref<?x30xf64>, index, index) -> memref<?x?xf64>
  %20 = affine.apply affine_map<()[s0] -> (s0 - 1)>()[%1]
  %21 = polygeist.submap(%arg4, %20, %15) {map = affine_map<(d0, d1) -> (d1 + 1, d0)>} : (memref<?x30xf64>, index, index) -> memref<?x?xf64>
  %22 = affine.apply affine_map<()[s0] -> (s0 - 1)>()[%1]
  %23 = polygeist.submap(%arg4, %22, %15) {map = affine_map<(d0, d1) -> (d1, d0)>} : (memref<?x30xf64>, index, index) -> memref<?x?xf64>
  %24 = affine.apply affine_map<()[s0] -> (s0 - 1)>()[%1]
  %25 = polygeist.submap(%arg5, %24, %15) {map = affine_map<(d0, d1) -> (d1, d0)>} : (memref<?x30xf64>, index, index) -> memref<?x?xf64>
  linalg.generic {indexing_maps = [affine_map<(d0, d1) -> (d0, d1)>, affine_map<(d0, d1) -> (d0, d1)>, affine_map<(d0, d1) -> (d0, d1)>, affine_map<(d0, d1) -> (d0, d1)>, affine_map<(d0, d1) -> (d0, d1)>], iterator_types = ["parallel", "parallel"]} ins(%17, %19, %21, %23 : memref<?x?xf64>, memref<?x?xf64>, memref<?x?xf64>, memref<?x?xf64>) outs(%25 : memref<?x?xf64>) {
  ^bb0(%in: f64, %in_1: f64, %in_2: f64, %in_3: f64, %out: f64):
    %26 = arith.subf %in, %in_1 : f64
    %27 = arith.addf %26, %in_2 : f64
    %28 = arith.subf %27, %in_3 : f64
    %29 = arith.mulf %28, %cst_0 : f64
    %30 = arith.subf %out, %29 : f64
    linalg.yield %30 : f64
  }
}

Pattern recognition complete:
  Loads: 0
  Stores: 0
  LinalgGenerics: 4

Loop bounds:
  lbMap: () -> (0)
  ubMap: ()[s0] -> (s0)

--- Processing Linalg Generics ---
Processing linalg.generic:
linalg.generic {indexing_maps = [affine_map<(d0) -> (d0)>, affine_map<(d0) -> (d0)>], iterator_types = ["parallel"]} ins(%6 : memref<?xf64>) outs(%7 : memref<?xf64>) {
^bb0(%in: f64, %out: f64):
  linalg.yield %in : f64
}
  Processing 1 inputs
  Input 0 indexing map: (d0) -> (d0)

=== getLinalgArgMap ===
  Initial lgMap: (d0) -> (d0)
  Found SubmapOp with map: (d0)[s0] -> (s0)
  Composed map: (d0)[s0] -> (s0)
  Final lgMap: (d0)[s0] -> (s0)
=== getLinalgArgMap END ===

  Calling remap_in_affine_dim for input 0

=== remap_in_affine_dim ===
  oldmap: (d0)[s0] -> (s0)
  firstNDims: 1
  check_reduction (input): 0
  lower_bound_val: 0
  dimidx: 1
  check_reduction (output): 0
  new map (map2): (d0, d1) -> (d1)
  validDims: 2, validSims: 0
  Created SubmapOp with type: memref<?x?xf64>
=== remap_in_affine_dim END ===

  Processing 1 outputs

=== getLinalgArgMap ===
  Initial lgMap: (d0) -> (d0)
  Found SubmapOp with map: (d0) -> (0, d0)
  Composed map: (d0) -> (0, d0)
  Final lgMap: (d0) -> (0, d0)
=== getLinalgArgMap END ===

  Calling remap_in_affine_dim for output 0

=== remap_in_affine_dim ===
  oldmap: (d0) -> (0, d0)
  firstNDims: 1
  check_reduction (input): 1
  lower_bound_val: 0
  dimidx: -1
  check_reduction (output): 1
  new map (map2): (d0, d1) -> (0, d0)
  validDims: 1, validSims: 0
  Created SubmapOp with type: memref<?x?xf64>
=== remap_in_affine_dim END ===

Processing linalg.generic:
linalg.generic {indexing_maps = [affine_map<(d0, d1) -> (d0, d1)>, affine_map<(d0, d1) -> (d0, d1)>, affine_map<(d0, d1) -> (d0, d1)>], iterator_types = ["parallel", "parallel"]} ins(%11, %12 : memref<?x?xf64>, memref<?x?xf64>) outs(%13 : memref<?x?xf64>) {
^bb0(%in: f64, %in_1: f64, %out: f64):
  %31 = arith.subf %in, %in_1 : f64
  %32 = arith.mulf %31, %cst : f64
  %33 = arith.subf %out, %32 : f64
  linalg.yield %33 : f64
}
  Processing 2 inputs
  Input 0 indexing map: (d0, d1) -> (d0, d1)

=== getLinalgArgMap ===
  Initial lgMap: (d0, d1) -> (d0, d1)
  Found SubmapOp with map: (d0, d1) -> (d1 + 1, d0)
  Composed map: (d0, d1) -> (d1 + 1, d0)
  Final lgMap: (d0, d1) -> (d1 + 1, d0)
=== getLinalgArgMap END ===

  Calling remap_in_affine_dim for input 0

=== remap_in_affine_dim ===
  oldmap: (d0, d1) -> (d1 + 1, d0)
  firstNDims: 2
  check_reduction (input): 0
  lower_bound_val: 0
  dimidx: -1
  check_reduction (output): 0
  new map (map2): (d0, d1, d2) -> (d1 + 1, d0)
  validDims: 2, validSims: 0
  Created SubmapOp with type: memref<?x?x?xf64>
=== remap_in_affine_dim END ===

  Input 1 indexing map: (d0, d1) -> (d0, d1)

=== getLinalgArgMap ===
  Initial lgMap: (d0, d1) -> (d0, d1)
  Found SubmapOp with map: (d0, d1) -> (d1, d0)
  Composed map: (d0, d1) -> (d1, d0)
  Final lgMap: (d0, d1) -> (d1, d0)
=== getLinalgArgMap END ===

  Calling remap_in_affine_dim for input 1

=== remap_in_affine_dim ===
  oldmap: (d0, d1) -> (d1, d0)
  firstNDims: 2
  check_reduction (input): 0
  lower_bound_val: 0
  dimidx: -1
  check_reduction (output): 0
  new map (map2): (d0, d1, d2) -> (d1, d0)
  validDims: 2, validSims: 0
  Created SubmapOp with type: memref<?x?x?xf64>
=== remap_in_affine_dim END ===

  Processing 1 outputs

=== getLinalgArgMap ===
  Initial lgMap: (d0, d1) -> (d0, d1)
  Found SubmapOp with map: (d0, d1) -> (d1 + 1, d0)
  Composed map: (d0, d1) -> (d1 + 1, d0)
  Final lgMap: (d0, d1) -> (d1 + 1, d0)
=== getLinalgArgMap END ===

  Calling remap_in_affine_dim for output 0

=== remap_in_affine_dim ===
  oldmap: (d0, d1) -> (d1 + 1, d0)
  firstNDims: 2
  check_reduction (input): 1
  lower_bound_val: 0
  dimidx: -1
  check_reduction (output): 1
  new map (map2): (d0, d1, d2) -> (d1 + 1, d0)
  validDims: 2, validSims: 0
  Created SubmapOp with type: memref<?x?x?xf64>
=== remap_in_affine_dim END ===

Processing linalg.generic:
linalg.generic {indexing_maps = [affine_map<(d0, d1) -> (d0, d1)>, affine_map<(d0, d1) -> (d0, d1)>, affine_map<(d0, d1) -> (d0, d1)>], iterator_types = ["parallel", "parallel"]} ins(%21, %23 : memref<?x?xf64>, memref<?x?xf64>) outs(%25 : memref<?x?xf64>) {
^bb0(%in: f64, %in_1: f64, %out: f64):
  %37 = arith.subf %in, %in_1 : f64
  %38 = arith.mulf %37, %cst : f64
  %39 = arith.subf %out, %38 : f64
  linalg.yield %39 : f64
}
  Processing 2 inputs
  Input 0 indexing map: (d0, d1) -> (d0, d1)

=== getLinalgArgMap ===
  Initial lgMap: (d0, d1) -> (d0, d1)
  Found SubmapOp with map: (d0, d1) -> (d1, d0 + 1)
  Composed map: (d0, d1) -> (d1, d0 + 1)
  Final lgMap: (d0, d1) -> (d1, d0 + 1)
=== getLinalgArgMap END ===

  Calling remap_in_affine_dim for input 0

=== remap_in_affine_dim ===
  oldmap: (d0, d1) -> (d1, d0 + 1)
  firstNDims: 2
  check_reduction (input): 0
  lower_bound_val: 0
  dimidx: -1
  check_reduction (output): 0
  new map (map2): (d0, d1, d2) -> (d1, d0 + 1)
  validDims: 2, validSims: 0
  Created SubmapOp with type: memref<?x?x?xf64>
=== remap_in_affine_dim END ===

  Input 1 indexing map: (d0, d1) -> (d0, d1)

=== getLinalgArgMap ===
  Initial lgMap: (d0, d1) -> (d0, d1)
  Found SubmapOp with map: (d0, d1) -> (d1, d0)
  Composed map: (d0, d1) -> (d1, d0)
  Final lgMap: (d0, d1) -> (d1, d0)
=== getLinalgArgMap END ===

  Calling remap_in_affine_dim for input 1

=== remap_in_affine_dim ===
  oldmap: (d0, d1) -> (d1, d0)
  firstNDims: 2
  check_reduction (input): 0
  lower_bound_val: 0
  dimidx: -1
  check_reduction (output): 0
  new map (map2): (d0, d1, d2) -> (d1, d0)
  validDims: 2, validSims: 0
  Created SubmapOp with type: memref<?x?x?xf64>
=== remap_in_affine_dim END ===

  Processing 1 outputs

=== getLinalgArgMap ===
  Initial lgMap: (d0, d1) -> (d0, d1)
  Found SubmapOp with map: (d0, d1) -> (d1, d0 + 1)
  Composed map: (d0, d1) -> (d1, d0 + 1)
  Final lgMap: (d0, d1) -> (d1, d0 + 1)
=== getLinalgArgMap END ===

  Calling remap_in_affine_dim for output 0

=== remap_in_affine_dim ===
  oldmap: (d0, d1) -> (d1, d0 + 1)
  firstNDims: 2
  check_reduction (input): 1
  lower_bound_val: 0
  dimidx: -1
  check_reduction (output): 1
  new map (map2): (d0, d1, d2) -> (d1, d0 + 1)
  validDims: 2, validSims: 0
  Created SubmapOp with type: memref<?x?x?xf64>
=== remap_in_affine_dim END ===

Processing linalg.generic:
linalg.generic {indexing_maps = [affine_map<(d0, d1) -> (d0, d1)>, affine_map<(d0, d1) -> (d0, d1)>, affine_map<(d0, d1) -> (d0, d1)>, affine_map<(d0, d1) -> (d0, d1)>, affine_map<(d0, d1) -> (d0, d1)>], iterator_types = ["parallel", "parallel"]} ins(%34, %36, %38, %40 : memref<?x?xf64>, memref<?x?xf64>, memref<?x?xf64>, memref<?x?xf64>) outs(%42 : memref<?x?xf64>) {
^bb0(%in: f64, %in_1: f64, %in_2: f64, %in_3: f64, %out: f64):
  %43 = arith.subf %in, %in_1 : f64
  %44 = arith.addf %43, %in_2 : f64
  %45 = arith.subf %44, %in_3 : f64
  %46 = arith.mulf %45, %cst_0 : f64
  %47 = arith.subf %out, %46 : f64
  linalg.yield %47 : f64
}
  Processing 4 inputs
  Input 0 indexing map: (d0, d1) -> (d0, d1)

=== getLinalgArgMap ===
  Initial lgMap: (d0, d1) -> (d0, d1)
  Found SubmapOp with map: (d0, d1) -> (d1, d0 + 1)
  Composed map: (d0, d1) -> (d1, d0 + 1)
  Final lgMap: (d0, d1) -> (d1, d0 + 1)
=== getLinalgArgMap END ===

  Calling remap_in_affine_dim for input 0

=== remap_in_affine_dim ===
  oldmap: (d0, d1) -> (d1, d0 + 1)
  firstNDims: 2
  check_reduction (input): 0
  lower_bound_val: 0
  dimidx: -1
  check_reduction (output): 0
  new map (map2): (d0, d1, d2) -> (d1, d0 + 1)
  validDims: 2, validSims: 0
  Created SubmapOp with type: memref<?x?x?xf64>
=== remap_in_affine_dim END ===

  Input 1 indexing map: (d0, d1) -> (d0, d1)

=== getLinalgArgMap ===
  Initial lgMap: (d0, d1) -> (d0, d1)
  Found SubmapOp with map: (d0, d1) -> (d1, d0)
  Composed map: (d0, d1) -> (d1, d0)
  Final lgMap: (d0, d1) -> (d1, d0)
=== getLinalgArgMap END ===

  Calling remap_in_affine_dim for input 1

=== remap_in_affine_dim ===
  oldmap: (d0, d1) -> (d1, d0)
  firstNDims: 2
  check_reduction (input): 0
  lower_bound_val: 0
  dimidx: -1
  check_reduction (output): 0
  new map (map2): (d0, d1, d2) -> (d1, d0)
  validDims: 2, validSims: 0
  Created SubmapOp with type: memref<?x?x?xf64>
=== remap_in_affine_dim END ===

  Input 2 indexing map: (d0, d1) -> (d0, d1)

=== getLinalgArgMap ===
  Initial lgMap: (d0, d1) -> (d0, d1)
  Found SubmapOp with map: (d0, d1) -> (d1 + 1, d0)
  Composed map: (d0, d1) -> (d1 + 1, d0)
  Final lgMap: (d0, d1) -> (d1 + 1, d0)
=== getLinalgArgMap END ===

  Calling remap_in_affine_dim for input 2

=== remap_in_affine_dim ===
  oldmap: (d0, d1) -> (d1 + 1, d0)
  firstNDims: 2
  check_reduction (input): 0
  lower_bound_val: 0
  dimidx: -1
  check_reduction (output): 0
  new map (map2): (d0, d1, d2) -> (d1 + 1, d0)
  validDims: 2, validSims: 0
  Created SubmapOp with type: memref<?x?x?xf64>
=== remap_in_affine_dim END ===

  Input 3 indexing map: (d0, d1) -> (d0, d1)

=== getLinalgArgMap ===
  Initial lgMap: (d0, d1) -> (d0, d1)
  Found SubmapOp with map: (d0, d1) -> (d1, d0)
  Composed map: (d0, d1) -> (d1, d0)
  Final lgMap: (d0, d1) -> (d1, d0)
=== getLinalgArgMap END ===

  Calling remap_in_affine_dim for input 3

=== remap_in_affine_dim ===
  oldmap: (d0, d1) -> (d1, d0)
  firstNDims: 2
  check_reduction (input): 0
  lower_bound_val: 0
  dimidx: -1
  check_reduction (output): 0
  new map (map2): (d0, d1, d2) -> (d1, d0)
  validDims: 2, validSims: 0
  Created SubmapOp with type: memref<?x?x?xf64>
=== remap_in_affine_dim END ===

  Processing 1 outputs

=== getLinalgArgMap ===
  Initial lgMap: (d0, d1) -> (d0, d1)
  Found SubmapOp with map: (d0, d1) -> (d1, d0)
  Composed map: (d0, d1) -> (d1, d0)
  Final lgMap: (d0, d1) -> (d1, d0)
=== getLinalgArgMap END ===

  Calling remap_in_affine_dim for output 0

=== remap_in_affine_dim ===
  oldmap: (d0, d1) -> (d1, d0)
  firstNDims: 2
  check_reduction (input): 1
  lower_bound_val: 0
  dimidx: -1
  check_reduction (output): 1
  new map (map2): (d0, d1, d2) -> (d1, d0)
  validDims: 2, validSims: 0
  Created SubmapOp with type: memref<?x?x?xf64>
=== remap_in_affine_dim END ===


--- Processing Loads ---

--- Processing Stores ---
REJECTED: More than one linalg generic


========================================
=== AffineForOpRaising::matchAndRewrite ===
========================================
Processing loop:
affine.for %arg7 = 0 to %2 {
  %3 = polygeist.submap(%arg6, %arg7, %1) {map = affine_map<(d0)[s0] -> (s0)>} : (memref<?xf64>, index, index) -> memref<?xf64>
  %4 = polygeist.submap(%arg4, %1) {map = affine_map<(d0) -> (0, d0)>} : (memref<?x30xf64>, index) -> memref<?xf64>
  linalg.generic {indexing_maps = [affine_map<(d0) -> (d0)>, affine_map<(d0) -> (d0)>], iterator_types = ["parallel"]} ins(%3 : memref<?xf64>) outs(%4 : memref<?xf64>) {
  ^bb0(%in: f64, %out: f64):
    linalg.yield %in : f64
  }
  %5 = arith.subi %0, %c1 : index
  %6 = polygeist.submap(%arg5, %1, %5) {map = affine_map<(d0, d1) -> (d1 + 1, d0)>} : (memref<?x30xf64>, index, index) -> memref<?x?xf64>
  %7 = polygeist.submap(%arg5, %1, %5) {map = affine_map<(d0, d1) -> (d1, d0)>} : (memref<?x30xf64>, index, index) -> memref<?x?xf64>
  %8 = polygeist.submap(%arg4, %1, %5) {map = affine_map<(d0, d1) -> (d1 + 1, d0)>} : (memref<?x30xf64>, index, index) -> memref<?x?xf64>
  linalg.generic {indexing_maps = [affine_map<(d0, d1) -> (d0, d1)>, affine_map<(d0, d1) -> (d0, d1)>, affine_map<(d0, d1) -> (d0, d1)>], iterator_types = ["parallel", "parallel"]} ins(%6, %7 : memref<?x?xf64>, memref<?x?xf64>) outs(%8 : memref<?x?xf64>) {
  ^bb0(%in: f64, %in_1: f64, %out: f64):
    %26 = arith.subf %in, %in_1 : f64
    %27 = arith.mulf %26, %cst : f64
    %28 = arith.subf %out, %27 : f64
    linalg.yield %28 : f64
  }
  %9 = arith.subi %1, %c1 : index
  %10 = polygeist.submap(%arg5, %9, %0) {map = affine_map<(d0, d1) -> (d1, d0 + 1)>} : (memref<?x30xf64>, index, index) -> memref<?x?xf64>
  %11 = arith.subi %1, %c1 : index
  %12 = polygeist.submap(%arg5, %11, %0) {map = affine_map<(d0, d1) -> (d1, d0)>} : (memref<?x30xf64>, index, index) -> memref<?x?xf64>
  %13 = arith.subi %1, %c1 : index
  %14 = polygeist.submap(%arg3, %13, %0) {map = affine_map<(d0, d1) -> (d1, d0 + 1)>} : (memref<?x30xf64>, index, index) -> memref<?x?xf64>
  linalg.generic {indexing_maps = [affine_map<(d0, d1) -> (d0, d1)>, affine_map<(d0, d1) -> (d0, d1)>, affine_map<(d0, d1) -> (d0, d1)>], iterator_types = ["parallel", "parallel"]} ins(%10, %12 : memref<?x?xf64>, memref<?x?xf64>) outs(%14 : memref<?x?xf64>) {
  ^bb0(%in: f64, %in_1: f64, %out: f64):
    %26 = arith.subf %in, %in_1 : f64
    %27 = arith.mulf %26, %cst : f64
    %28 = arith.subf %out, %27 : f64
    linalg.yield %28 : f64
  }
  %15 = affine.apply affine_map<()[s0] -> (s0 - 1)>()[%0]
  %16 = affine.apply affine_map<()[s0] -> (s0 - 1)>()[%1]
  %17 = polygeist.submap(%arg3, %16, %15) {map = affine_map<(d0, d1) -> (d1, d0 + 1)>} : (memref<?x30xf64>, index, index) -> memref<?x?xf64>
  %18 = affine.apply affine_map<()[s0] -> (s0 - 1)>()[%1]
  %19 = polygeist.submap(%arg3, %18, %15) {map = affine_map<(d0, d1) -> (d1, d0)>} : (memref<?x30xf64>, index, index) -> memref<?x?xf64>
  %20 = affine.apply affine_map<()[s0] -> (s0 - 1)>()[%1]
  %21 = polygeist.submap(%arg4, %20, %15) {map = affine_map<(d0, d1) -> (d1 + 1, d0)>} : (memref<?x30xf64>, index, index) -> memref<?x?xf64>
  %22 = affine.apply affine_map<()[s0] -> (s0 - 1)>()[%1]
  %23 = polygeist.submap(%arg4, %22, %15) {map = affine_map<(d0, d1) -> (d1, d0)>} : (memref<?x30xf64>, index, index) -> memref<?x?xf64>
  %24 = affine.apply affine_map<()[s0] -> (s0 - 1)>()[%1]
  %25 = polygeist.submap(%arg5, %24, %15) {map = affine_map<(d0, d1) -> (d1, d0)>} : (memref<?x30xf64>, index, index) -> memref<?x?xf64>
  linalg.generic {indexing_maps = [affine_map<(d0, d1) -> (d0, d1)>, affine_map<(d0, d1) -> (d0, d1)>, affine_map<(d0, d1) -> (d0, d1)>, affine_map<(d0, d1) -> (d0, d1)>, affine_map<(d0, d1) -> (d0, d1)>], iterator_types = ["parallel", "parallel"]} ins(%17, %19, %21, %23 : memref<?x?xf64>, memref<?x?xf64>, memref<?x?xf64>, memref<?x?xf64>) outs(%25 : memref<?x?xf64>) {
  ^bb0(%in: f64, %in_1: f64, %in_2: f64, %in_3: f64, %out: f64):
    %26 = arith.subf %in, %in_1 : f64
    %27 = arith.addf %26, %in_2 : f64
    %28 = arith.subf %27, %in_3 : f64
    %29 = arith.mulf %28, %cst_0 : f64
    %30 = arith.subf %out, %29 : f64
    linalg.yield %30 : f64
  }
}

Pattern recognition complete:
  Loads: 0
  Stores: 0
  LinalgGenerics: 4

Loop bounds:
  lbMap: () -> (0)
  ubMap: ()[s0] -> (s0)

--- Processing Linalg Generics ---
Processing linalg.generic:
linalg.generic {indexing_maps = [affine_map<(d0) -> (d0)>, affine_map<(d0) -> (d0)>], iterator_types = ["parallel"]} ins(%6 : memref<?xf64>) outs(%7 : memref<?xf64>) {
^bb0(%in: f64, %out: f64):
  linalg.yield %in : f64
}
  Processing 1 inputs
  Input 0 indexing map: (d0) -> (d0)

=== getLinalgArgMap ===
  Initial lgMap: (d0) -> (d0)
  Found SubmapOp with map: (d0)[s0] -> (s0)
  Composed map: (d0)[s0] -> (s0)
  Final lgMap: (d0)[s0] -> (s0)
=== getLinalgArgMap END ===

  Calling remap_in_affine_dim for input 0

=== remap_in_affine_dim ===
  oldmap: (d0)[s0] -> (s0)
  firstNDims: 1
  check_reduction (input): 0
  lower_bound_val: 0
  dimidx: 1
  check_reduction (output): 0
  new map (map2): (d0, d1) -> (d1)
  validDims: 2, validSims: 0
  Created SubmapOp with type: memref<?x?xf64>
=== remap_in_affine_dim END ===

  Processing 1 outputs

=== getLinalgArgMap ===
  Initial lgMap: (d0) -> (d0)
  Found SubmapOp with map: (d0) -> (0, d0)
  Composed map: (d0) -> (0, d0)
  Final lgMap: (d0) -> (0, d0)
=== getLinalgArgMap END ===

  Calling remap_in_affine_dim for output 0

=== remap_in_affine_dim ===
  oldmap: (d0) -> (0, d0)
  firstNDims: 1
  check_reduction (input): 1
  lower_bound_val: 0
  dimidx: -1
  check_reduction (output): 1
  new map (map2): (d0, d1) -> (0, d0)
  validDims: 1, validSims: 0
  Created SubmapOp with type: memref<?x?xf64>
=== remap_in_affine_dim END ===

Processing linalg.generic:
linalg.generic {indexing_maps = [affine_map<(d0, d1) -> (d0, d1)>, affine_map<(d0, d1) -> (d0, d1)>, affine_map<(d0, d1) -> (d0, d1)>], iterator_types = ["parallel", "parallel"]} ins(%11, %12 : memref<?x?xf64>, memref<?x?xf64>) outs(%13 : memref<?x?xf64>) {
^bb0(%in: f64, %in_1: f64, %out: f64):
  %31 = arith.subf %in, %in_1 : f64
  %32 = arith.mulf %31, %cst : f64
  %33 = arith.subf %out, %32 : f64
  linalg.yield %33 : f64
}
  Processing 2 inputs
  Input 0 indexing map: (d0, d1) -> (d0, d1)

=== getLinalgArgMap ===
  Initial lgMap: (d0, d1) -> (d0, d1)
  Found SubmapOp with map: (d0, d1) -> (d1 + 1, d0)
  Composed map: (d0, d1) -> (d1 + 1, d0)
  Final lgMap: (d0, d1) -> (d1 + 1, d0)
=== getLinalgArgMap END ===

  Calling remap_in_affine_dim for input 0

=== remap_in_affine_dim ===
  oldmap: (d0, d1) -> (d1 + 1, d0)
  firstNDims: 2
  check_reduction (input): 0
  lower_bound_val: 0
  dimidx: -1
  check_reduction (output): 0
  new map (map2): (d0, d1, d2) -> (d1 + 1, d0)
  validDims: 2, validSims: 0
  Created SubmapOp with type: memref<?x?x?xf64>
=== remap_in_affine_dim END ===

  Input 1 indexing map: (d0, d1) -> (d0, d1)

=== getLinalgArgMap ===
  Initial lgMap: (d0, d1) -> (d0, d1)
  Found SubmapOp with map: (d0, d1) -> (d1, d0)
  Composed map: (d0, d1) -> (d1, d0)
  Final lgMap: (d0, d1) -> (d1, d0)
=== getLinalgArgMap END ===

  Calling remap_in_affine_dim for input 1

=== remap_in_affine_dim ===
  oldmap: (d0, d1) -> (d1, d0)
  firstNDims: 2
  check_reduction (input): 0
  lower_bound_val: 0
  dimidx: -1
  check_reduction (output): 0
  new map (map2): (d0, d1, d2) -> (d1, d0)
  validDims: 2, validSims: 0
  Created SubmapOp with type: memref<?x?x?xf64>
=== remap_in_affine_dim END ===

  Processing 1 outputs

=== getLinalgArgMap ===
  Initial lgMap: (d0, d1) -> (d0, d1)
  Found SubmapOp with map: (d0, d1) -> (d1 + 1, d0)
  Composed map: (d0, d1) -> (d1 + 1, d0)
  Final lgMap: (d0, d1) -> (d1 + 1, d0)
=== getLinalgArgMap END ===

  Calling remap_in_affine_dim for output 0

=== remap_in_affine_dim ===
  oldmap: (d0, d1) -> (d1 + 1, d0)
  firstNDims: 2
  check_reduction (input): 1
  lower_bound_val: 0
  dimidx: -1
  check_reduction (output): 1
  new map (map2): (d0, d1, d2) -> (d1 + 1, d0)
  validDims: 2, validSims: 0
  Created SubmapOp with type: memref<?x?x?xf64>
=== remap_in_affine_dim END ===

Processing linalg.generic:
linalg.generic {indexing_maps = [affine_map<(d0, d1) -> (d0, d1)>, affine_map<(d0, d1) -> (d0, d1)>, affine_map<(d0, d1) -> (d0, d1)>], iterator_types = ["parallel", "parallel"]} ins(%21, %23 : memref<?x?xf64>, memref<?x?xf64>) outs(%25 : memref<?x?xf64>) {
^bb0(%in: f64, %in_1: f64, %out: f64):
  %37 = arith.subf %in, %in_1 : f64
  %38 = arith.mulf %37, %cst : f64
  %39 = arith.subf %out, %38 : f64
  linalg.yield %39 : f64
}
  Processing 2 inputs
  Input 0 indexing map: (d0, d1) -> (d0, d1)

=== getLinalgArgMap ===
  Initial lgMap: (d0, d1) -> (d0, d1)
  Found SubmapOp with map: (d0, d1) -> (d1, d0 + 1)
  Composed map: (d0, d1) -> (d1, d0 + 1)
  Final lgMap: (d0, d1) -> (d1, d0 + 1)
=== getLinalgArgMap END ===

  Calling remap_in_affine_dim for input 0

=== remap_in_affine_dim ===
  oldmap: (d0, d1) -> (d1, d0 + 1)
  firstNDims: 2
  check_reduction (input): 0
  lower_bound_val: 0
  dimidx: -1
  check_reduction (output): 0
  new map (map2): (d0, d1, d2) -> (d1, d0 + 1)
  validDims: 2, validSims: 0
  Created SubmapOp with type: memref<?x?x?xf64>
=== remap_in_affine_dim END ===

  Input 1 indexing map: (d0, d1) -> (d0, d1)

=== getLinalgArgMap ===
  Initial lgMap: (d0, d1) -> (d0, d1)
  Found SubmapOp with map: (d0, d1) -> (d1, d0)
  Composed map: (d0, d1) -> (d1, d0)
  Final lgMap: (d0, d1) -> (d1, d0)
=== getLinalgArgMap END ===

  Calling remap_in_affine_dim for input 1

=== remap_in_affine_dim ===
  oldmap: (d0, d1) -> (d1, d0)
  firstNDims: 2
  check_reduction (input): 0
  lower_bound_val: 0
  dimidx: -1
  check_reduction (output): 0
  new map (map2): (d0, d1, d2) -> (d1, d0)
  validDims: 2, validSims: 0
  Created SubmapOp with type: memref<?x?x?xf64>
=== remap_in_affine_dim END ===

  Processing 1 outputs

=== getLinalgArgMap ===
  Initial lgMap: (d0, d1) -> (d0, d1)
  Found SubmapOp with map: (d0, d1) -> (d1, d0 + 1)
  Composed map: (d0, d1) -> (d1, d0 + 1)
  Final lgMap: (d0, d1) -> (d1, d0 + 1)
=== getLinalgArgMap END ===

  Calling remap_in_affine_dim for output 0

=== remap_in_affine_dim ===
  oldmap: (d0, d1) -> (d1, d0 + 1)
  firstNDims: 2
  check_reduction (input): 1
  lower_bound_val: 0
  dimidx: -1
  check_reduction (output): 1
  new map (map2): (d0, d1, d2) -> (d1, d0 + 1)
  validDims: 2, validSims: 0
  Created SubmapOp with type: memref<?x?x?xf64>
=== remap_in_affine_dim END ===

Processing linalg.generic:
linalg.generic {indexing_maps = [affine_map<(d0, d1) -> (d0, d1)>, affine_map<(d0, d1) -> (d0, d1)>, affine_map<(d0, d1) -> (d0, d1)>, affine_map<(d0, d1) -> (d0, d1)>, affine_map<(d0, d1) -> (d0, d1)>], iterator_types = ["parallel", "parallel"]} ins(%34, %36, %38, %40 : memref<?x?xf64>, memref<?x?xf64>, memref<?x?xf64>, memref<?x?xf64>) outs(%42 : memref<?x?xf64>) {
^bb0(%in: f64, %in_1: f64, %in_2: f64, %in_3: f64, %out: f64):
  %43 = arith.subf %in, %in_1 : f64
  %44 = arith.addf %43, %in_2 : f64
  %45 = arith.subf %44, %in_3 : f64
  %46 = arith.mulf %45, %cst_0 : f64
  %47 = arith.subf %out, %46 : f64
  linalg.yield %47 : f64
}
  Processing 4 inputs
  Input 0 indexing map: (d0, d1) -> (d0, d1)

=== getLinalgArgMap ===
  Initial lgMap: (d0, d1) -> (d0, d1)
  Found SubmapOp with map: (d0, d1) -> (d1, d0 + 1)
  Composed map: (d0, d1) -> (d1, d0 + 1)
  Final lgMap: (d0, d1) -> (d1, d0 + 1)
=== getLinalgArgMap END ===

  Calling remap_in_affine_dim for input 0

=== remap_in_affine_dim ===
  oldmap: (d0, d1) -> (d1, d0 + 1)
  firstNDims: 2
  check_reduction (input): 0
  lower_bound_val: 0
  dimidx: -1
  check_reduction (output): 0
  new map (map2): (d0, d1, d2) -> (d1, d0 + 1)
  validDims: 2, validSims: 0
  Created SubmapOp with type: memref<?x?x?xf64>
=== remap_in_affine_dim END ===

  Input 1 indexing map: (d0, d1) -> (d0, d1)

=== getLinalgArgMap ===
  Initial lgMap: (d0, d1) -> (d0, d1)
  Found SubmapOp with map: (d0, d1) -> (d1, d0)
  Composed map: (d0, d1) -> (d1, d0)
  Final lgMap: (d0, d1) -> (d1, d0)
=== getLinalgArgMap END ===

  Calling remap_in_affine_dim for input 1

=== remap_in_affine_dim ===
  oldmap: (d0, d1) -> (d1, d0)
  firstNDims: 2
  check_reduction (input): 0
  lower_bound_val: 0
  dimidx: -1
  check_reduction (output): 0
  new map (map2): (d0, d1, d2) -> (d1, d0)
  validDims: 2, validSims: 0
  Created SubmapOp with type: memref<?x?x?xf64>
=== remap_in_affine_dim END ===

  Input 2 indexing map: (d0, d1) -> (d0, d1)

=== getLinalgArgMap ===
  Initial lgMap: (d0, d1) -> (d0, d1)
  Found SubmapOp with map: (d0, d1) -> (d1 + 1, d0)
  Composed map: (d0, d1) -> (d1 + 1, d0)
  Final lgMap: (d0, d1) -> (d1 + 1, d0)
=== getLinalgArgMap END ===

  Calling remap_in_affine_dim for input 2

=== remap_in_affine_dim ===
  oldmap: (d0, d1) -> (d1 + 1, d0)
  firstNDims: 2
  check_reduction (input): 0
  lower_bound_val: 0
  dimidx: -1
  check_reduction (output): 0
  new map (map2): (d0, d1, d2) -> (d1 + 1, d0)
  validDims: 2, validSims: 0
  Created SubmapOp with type: memref<?x?x?xf64>
=== remap_in_affine_dim END ===

  Input 3 indexing map: (d0, d1) -> (d0, d1)

=== getLinalgArgMap ===
  Initial lgMap: (d0, d1) -> (d0, d1)
  Found SubmapOp with map: (d0, d1) -> (d1, d0)
  Composed map: (d0, d1) -> (d1, d0)
  Final lgMap: (d0, d1) -> (d1, d0)
=== getLinalgArgMap END ===

  Calling remap_in_affine_dim for input 3

=== remap_in_affine_dim ===
  oldmap: (d0, d1) -> (d1, d0)
  firstNDims: 2
  check_reduction (input): 0
  lower_bound_val: 0
  dimidx: -1
  check_reduction (output): 0
  new map (map2): (d0, d1, d2) -> (d1, d0)
  validDims: 2, validSims: 0
  Created SubmapOp with type: memref<?x?x?xf64>
=== remap_in_affine_dim END ===

  Processing 1 outputs

=== getLinalgArgMap ===
  Initial lgMap: (d0, d1) -> (d0, d1)
  Found SubmapOp with map: (d0, d1) -> (d1, d0)
  Composed map: (d0, d1) -> (d1, d0)
  Final lgMap: (d0, d1) -> (d1, d0)
=== getLinalgArgMap END ===

  Calling remap_in_affine_dim for output 0

=== remap_in_affine_dim ===
  oldmap: (d0, d1) -> (d1, d0)
  firstNDims: 2
  check_reduction (input): 1
  lower_bound_val: 0
  dimidx: -1
  check_reduction (output): 1
  new map (map2): (d0, d1, d2) -> (d1, d0)
  validDims: 2, validSims: 0
  Created SubmapOp with type: memref<?x?x?xf64>
=== remap_in_affine_dim END ===


--- Processing Loads ---

--- Processing Stores ---
REJECTED: More than one linalg generic


========================================
=== AffineForOpRaising::matchAndRewrite ===
========================================
Processing loop:
affine.for %arg7 = 0 to %2 {
  %3 = polygeist.submap(%arg6, %arg7, %1) {map = affine_map<(d0)[s0] -> (s0)>} : (memref<?xf64>, index, index) -> memref<?xf64>
  %4 = polygeist.submap(%arg4, %1) {map = affine_map<(d0) -> (0, d0)>} : (memref<?x30xf64>, index) -> memref<?xf64>
  linalg.generic {indexing_maps = [affine_map<(d0) -> (d0)>, affine_map<(d0) -> (d0)>], iterator_types = ["parallel"]} ins(%3 : memref<?xf64>) outs(%4 : memref<?xf64>) {
  ^bb0(%in: f64, %out: f64):
    linalg.yield %in : f64
  }
  %5 = arith.subi %0, %c1 : index
  %6 = polygeist.submap(%arg5, %1, %5) {map = affine_map<(d0, d1) -> (d1 + 1, d0)>} : (memref<?x30xf64>, index, index) -> memref<?x?xf64>
  %7 = polygeist.submap(%arg5, %1, %5) {map = affine_map<(d0, d1) -> (d1, d0)>} : (memref<?x30xf64>, index, index) -> memref<?x?xf64>
  %8 = polygeist.submap(%arg4, %1, %5) {map = affine_map<(d0, d1) -> (d1 + 1, d0)>} : (memref<?x30xf64>, index, index) -> memref<?x?xf64>
  linalg.generic {indexing_maps = [affine_map<(d0, d1) -> (d0, d1)>, affine_map<(d0, d1) -> (d0, d1)>, affine_map<(d0, d1) -> (d0, d1)>], iterator_types = ["parallel", "parallel"]} ins(%6, %7 : memref<?x?xf64>, memref<?x?xf64>) outs(%8 : memref<?x?xf64>) {
  ^bb0(%in: f64, %in_1: f64, %out: f64):
    %26 = arith.subf %in, %in_1 : f64
    %27 = arith.mulf %26, %cst : f64
    %28 = arith.subf %out, %27 : f64
    linalg.yield %28 : f64
  }
  %9 = arith.subi %1, %c1 : index
  %10 = polygeist.submap(%arg5, %9, %0) {map = affine_map<(d0, d1) -> (d1, d0 + 1)>} : (memref<?x30xf64>, index, index) -> memref<?x?xf64>
  %11 = arith.subi %1, %c1 : index
  %12 = polygeist.submap(%arg5, %11, %0) {map = affine_map<(d0, d1) -> (d1, d0)>} : (memref<?x30xf64>, index, index) -> memref<?x?xf64>
  %13 = arith.subi %1, %c1 : index
  %14 = polygeist.submap(%arg3, %13, %0) {map = affine_map<(d0, d1) -> (d1, d0 + 1)>} : (memref<?x30xf64>, index, index) -> memref<?x?xf64>
  linalg.generic {indexing_maps = [affine_map<(d0, d1) -> (d0, d1)>, affine_map<(d0, d1) -> (d0, d1)>, affine_map<(d0, d1) -> (d0, d1)>], iterator_types = ["parallel", "parallel"]} ins(%10, %12 : memref<?x?xf64>, memref<?x?xf64>) outs(%14 : memref<?x?xf64>) {
  ^bb0(%in: f64, %in_1: f64, %out: f64):
    %26 = arith.subf %in, %in_1 : f64
    %27 = arith.mulf %26, %cst : f64
    %28 = arith.subf %out, %27 : f64
    linalg.yield %28 : f64
  }
  %15 = affine.apply affine_map<()[s0] -> (s0 - 1)>()[%0]
  %16 = affine.apply affine_map<()[s0] -> (s0 - 1)>()[%1]
  %17 = polygeist.submap(%arg3, %16, %15) {map = affine_map<(d0, d1) -> (d1, d0 + 1)>} : (memref<?x30xf64>, index, index) -> memref<?x?xf64>
  %18 = affine.apply affine_map<()[s0] -> (s0 - 1)>()[%1]
  %19 = polygeist.submap(%arg3, %18, %15) {map = affine_map<(d0, d1) -> (d1, d0)>} : (memref<?x30xf64>, index, index) -> memref<?x?xf64>
  %20 = affine.apply affine_map<()[s0] -> (s0 - 1)>()[%1]
  %21 = polygeist.submap(%arg4, %20, %15) {map = affine_map<(d0, d1) -> (d1 + 1, d0)>} : (memref<?x30xf64>, index, index) -> memref<?x?xf64>
  %22 = affine.apply affine_map<()[s0] -> (s0 - 1)>()[%1]
  %23 = polygeist.submap(%arg4, %22, %15) {map = affine_map<(d0, d1) -> (d1, d0)>} : (memref<?x30xf64>, index, index) -> memref<?x?xf64>
  %24 = affine.apply affine_map<()[s0] -> (s0 - 1)>()[%1]
  %25 = polygeist.submap(%arg5, %24, %15) {map = affine_map<(d0, d1) -> (d1, d0)>} : (memref<?x30xf64>, index, index) -> memref<?x?xf64>
  linalg.generic {indexing_maps = [affine_map<(d0, d1) -> (d0, d1)>, affine_map<(d0, d1) -> (d0, d1)>, affine_map<(d0, d1) -> (d0, d1)>, affine_map<(d0, d1) -> (d0, d1)>, affine_map<(d0, d1) -> (d0, d1)>], iterator_types = ["parallel", "parallel"]} ins(%17, %19, %21, %23 : memref<?x?xf64>, memref<?x?xf64>, memref<?x?xf64>, memref<?x?xf64>) outs(%25 : memref<?x?xf64>) {
  ^bb0(%in: f64, %in_1: f64, %in_2: f64, %in_3: f64, %out: f64):
    %26 = arith.subf %in, %in_1 : f64
    %27 = arith.addf %26, %in_2 : f64
    %28 = arith.subf %27, %in_3 : f64
    %29 = arith.mulf %28, %cst_0 : f64
    %30 = arith.subf %out, %29 : f64
    linalg.yield %30 : f64
  }
}

Pattern recognition complete:
  Loads: 0
  Stores: 0
  LinalgGenerics: 4

Loop bounds:
  lbMap: () -> (0)
  ubMap: ()[s0] -> (s0)

--- Processing Linalg Generics ---
Processing linalg.generic:
linalg.generic {indexing_maps = [affine_map<(d0) -> (d0)>, affine_map<(d0) -> (d0)>], iterator_types = ["parallel"]} ins(%6 : memref<?xf64>) outs(%7 : memref<?xf64>) {
^bb0(%in: f64, %out: f64):
  linalg.yield %in : f64
}
  Processing 1 inputs
  Input 0 indexing map: (d0) -> (d0)

=== getLinalgArgMap ===
  Initial lgMap: (d0) -> (d0)
  Found SubmapOp with map: (d0)[s0] -> (s0)
  Composed map: (d0)[s0] -> (s0)
  Final lgMap: (d0)[s0] -> (s0)
=== getLinalgArgMap END ===

  Calling remap_in_affine_dim for input 0

=== remap_in_affine_dim ===
  oldmap: (d0)[s0] -> (s0)
  firstNDims: 1
  check_reduction (input): 0
  lower_bound_val: 0
  dimidx: 1
  check_reduction (output): 0
  new map (map2): (d0, d1) -> (d1)
  validDims: 2, validSims: 0
  Created SubmapOp with type: memref<?x?xf64>
=== remap_in_affine_dim END ===

  Processing 1 outputs

=== getLinalgArgMap ===
  Initial lgMap: (d0) -> (d0)
  Found SubmapOp with map: (d0) -> (0, d0)
  Composed map: (d0) -> (0, d0)
  Final lgMap: (d0) -> (0, d0)
=== getLinalgArgMap END ===

  Calling remap_in_affine_dim for output 0

=== remap_in_affine_dim ===
  oldmap: (d0) -> (0, d0)
  firstNDims: 1
  check_reduction (input): 1
  lower_bound_val: 0
  dimidx: -1
  check_reduction (output): 1
  new map (map2): (d0, d1) -> (0, d0)
  validDims: 1, validSims: 0
  Created SubmapOp with type: memref<?x?xf64>
=== remap_in_affine_dim END ===

Processing linalg.generic:
linalg.generic {indexing_maps = [affine_map<(d0, d1) -> (d0, d1)>, affine_map<(d0, d1) -> (d0, d1)>, affine_map<(d0, d1) -> (d0, d1)>], iterator_types = ["parallel", "parallel"]} ins(%11, %12 : memref<?x?xf64>, memref<?x?xf64>) outs(%13 : memref<?x?xf64>) {
^bb0(%in: f64, %in_1: f64, %out: f64):
  %31 = arith.subf %in, %in_1 : f64
  %32 = arith.mulf %31, %cst : f64
  %33 = arith.subf %out, %32 : f64
  linalg.yield %33 : f64
}
  Processing 2 inputs
  Input 0 indexing map: (d0, d1) -> (d0, d1)

=== getLinalgArgMap ===
  Initial lgMap: (d0, d1) -> (d0, d1)
  Found SubmapOp with map: (d0, d1) -> (d1 + 1, d0)
  Composed map: (d0, d1) -> (d1 + 1, d0)
  Final lgMap: (d0, d1) -> (d1 + 1, d0)
=== getLinalgArgMap END ===

  Calling remap_in_affine_dim for input 0

=== remap_in_affine_dim ===
  oldmap: (d0, d1) -> (d1 + 1, d0)
  firstNDims: 2
  check_reduction (input): 0
  lower_bound_val: 0
  dimidx: -1
  check_reduction (output): 0
  new map (map2): (d0, d1, d2) -> (d1 + 1, d0)
  validDims: 2, validSims: 0
  Created SubmapOp with type: memref<?x?x?xf64>
=== remap_in_affine_dim END ===

  Input 1 indexing map: (d0, d1) -> (d0, d1)

=== getLinalgArgMap ===
  Initial lgMap: (d0, d1) -> (d0, d1)
  Found SubmapOp with map: (d0, d1) -> (d1, d0)
  Composed map: (d0, d1) -> (d1, d0)
  Final lgMap: (d0, d1) -> (d1, d0)
=== getLinalgArgMap END ===

  Calling remap_in_affine_dim for input 1

=== remap_in_affine_dim ===
  oldmap: (d0, d1) -> (d1, d0)
  firstNDims: 2
  check_reduction (input): 0
  lower_bound_val: 0
  dimidx: -1
  check_reduction (output): 0
  new map (map2): (d0, d1, d2) -> (d1, d0)
  validDims: 2, validSims: 0
  Created SubmapOp with type: memref<?x?x?xf64>
=== remap_in_affine_dim END ===

  Processing 1 outputs

=== getLinalgArgMap ===
  Initial lgMap: (d0, d1) -> (d0, d1)
  Found SubmapOp with map: (d0, d1) -> (d1 + 1, d0)
  Composed map: (d0, d1) -> (d1 + 1, d0)
  Final lgMap: (d0, d1) -> (d1 + 1, d0)
=== getLinalgArgMap END ===

  Calling remap_in_affine_dim for output 0

=== remap_in_affine_dim ===
  oldmap: (d0, d1) -> (d1 + 1, d0)
  firstNDims: 2
  check_reduction (input): 1
  lower_bound_val: 0
  dimidx: -1
  check_reduction (output): 1
  new map (map2): (d0, d1, d2) -> (d1 + 1, d0)
  validDims: 2, validSims: 0
  Created SubmapOp with type: memref<?x?x?xf64>
=== remap_in_affine_dim END ===

Processing linalg.generic:
linalg.generic {indexing_maps = [affine_map<(d0, d1) -> (d0, d1)>, affine_map<(d0, d1) -> (d0, d1)>, affine_map<(d0, d1) -> (d0, d1)>], iterator_types = ["parallel", "parallel"]} ins(%21, %23 : memref<?x?xf64>, memref<?x?xf64>) outs(%25 : memref<?x?xf64>) {
^bb0(%in: f64, %in_1: f64, %out: f64):
  %37 = arith.subf %in, %in_1 : f64
  %38 = arith.mulf %37, %cst : f64
  %39 = arith.subf %out, %38 : f64
  linalg.yield %39 : f64
}
  Processing 2 inputs
  Input 0 indexing map: (d0, d1) -> (d0, d1)

=== getLinalgArgMap ===
  Initial lgMap: (d0, d1) -> (d0, d1)
  Found SubmapOp with map: (d0, d1) -> (d1, d0 + 1)
  Composed map: (d0, d1) -> (d1, d0 + 1)
  Final lgMap: (d0, d1) -> (d1, d0 + 1)
=== getLinalgArgMap END ===

  Calling remap_in_affine_dim for input 0

=== remap_in_affine_dim ===
  oldmap: (d0, d1) -> (d1, d0 + 1)
  firstNDims: 2
  check_reduction (input): 0
  lower_bound_val: 0
  dimidx: -1
  check_reduction (output): 0
  new map (map2): (d0, d1, d2) -> (d1, d0 + 1)
  validDims: 2, validSims: 0
  Created SubmapOp with type: memref<?x?x?xf64>
=== remap_in_affine_dim END ===

  Input 1 indexing map: (d0, d1) -> (d0, d1)

=== getLinalgArgMap ===
  Initial lgMap: (d0, d1) -> (d0, d1)
  Found SubmapOp with map: (d0, d1) -> (d1, d0)
  Composed map: (d0, d1) -> (d1, d0)
  Final lgMap: (d0, d1) -> (d1, d0)
=== getLinalgArgMap END ===

  Calling remap_in_affine_dim for input 1

=== remap_in_affine_dim ===
  oldmap: (d0, d1) -> (d1, d0)
  firstNDims: 2
  check_reduction (input): 0
  lower_bound_val: 0
  dimidx: -1
  check_reduction (output): 0
  new map (map2): (d0, d1, d2) -> (d1, d0)
  validDims: 2, validSims: 0
  Created SubmapOp with type: memref<?x?x?xf64>
=== remap_in_affine_dim END ===

  Processing 1 outputs

=== getLinalgArgMap ===
  Initial lgMap: (d0, d1) -> (d0, d1)
  Found SubmapOp with map: (d0, d1) -> (d1, d0 + 1)
  Composed map: (d0, d1) -> (d1, d0 + 1)
  Final lgMap: (d0, d1) -> (d1, d0 + 1)
=== getLinalgArgMap END ===

  Calling remap_in_affine_dim for output 0

=== remap_in_affine_dim ===
  oldmap: (d0, d1) -> (d1, d0 + 1)
  firstNDims: 2
  check_reduction (input): 1
  lower_bound_val: 0
  dimidx: -1
  check_reduction (output): 1
  new map (map2): (d0, d1, d2) -> (d1, d0 + 1)
  validDims: 2, validSims: 0
  Created SubmapOp with type: memref<?x?x?xf64>
=== remap_in_affine_dim END ===

Processing linalg.generic:
linalg.generic {indexing_maps = [affine_map<(d0, d1) -> (d0, d1)>, affine_map<(d0, d1) -> (d0, d1)>, affine_map<(d0, d1) -> (d0, d1)>, affine_map<(d0, d1) -> (d0, d1)>, affine_map<(d0, d1) -> (d0, d1)>], iterator_types = ["parallel", "parallel"]} ins(%34, %36, %38, %40 : memref<?x?xf64>, memref<?x?xf64>, memref<?x?xf64>, memref<?x?xf64>) outs(%42 : memref<?x?xf64>) {
^bb0(%in: f64, %in_1: f64, %in_2: f64, %in_3: f64, %out: f64):
  %43 = arith.subf %in, %in_1 : f64
  %44 = arith.addf %43, %in_2 : f64
  %45 = arith.subf %44, %in_3 : f64
  %46 = arith.mulf %45, %cst_0 : f64
  %47 = arith.subf %out, %46 : f64
  linalg.yield %47 : f64
}
  Processing 4 inputs
  Input 0 indexing map: (d0, d1) -> (d0, d1)

=== getLinalgArgMap ===
  Initial lgMap: (d0, d1) -> (d0, d1)
  Found SubmapOp with map: (d0, d1) -> (d1, d0 + 1)
  Composed map: (d0, d1) -> (d1, d0 + 1)
  Final lgMap: (d0, d1) -> (d1, d0 + 1)
=== getLinalgArgMap END ===

  Calling remap_in_affine_dim for input 0

=== remap_in_affine_dim ===
  oldmap: (d0, d1) -> (d1, d0 + 1)
  firstNDims: 2
  check_reduction (input): 0
  lower_bound_val: 0
  dimidx: -1
  check_reduction (output): 0
  new map (map2): (d0, d1, d2) -> (d1, d0 + 1)
  validDims: 2, validSims: 0
  Created SubmapOp with type: memref<?x?x?xf64>
=== remap_in_affine_dim END ===

  Input 1 indexing map: (d0, d1) -> (d0, d1)

=== getLinalgArgMap ===
  Initial lgMap: (d0, d1) -> (d0, d1)
  Found SubmapOp with map: (d0, d1) -> (d1, d0)
  Composed map: (d0, d1) -> (d1, d0)
  Final lgMap: (d0, d1) -> (d1, d0)
=== getLinalgArgMap END ===

  Calling remap_in_affine_dim for input 1

=== remap_in_affine_dim ===
  oldmap: (d0, d1) -> (d1, d0)
  firstNDims: 2
  check_reduction (input): 0
  lower_bound_val: 0
  dimidx: -1
  check_reduction (output): 0
  new map (map2): (d0, d1, d2) -> (d1, d0)
  validDims: 2, validSims: 0
  Created SubmapOp with type: memref<?x?x?xf64>
=== remap_in_affine_dim END ===

  Input 2 indexing map: (d0, d1) -> (d0, d1)

=== getLinalgArgMap ===
  Initial lgMap: (d0, d1) -> (d0, d1)
  Found SubmapOp with map: (d0, d1) -> (d1 + 1, d0)
  Composed map: (d0, d1) -> (d1 + 1, d0)
  Final lgMap: (d0, d1) -> (d1 + 1, d0)
=== getLinalgArgMap END ===

  Calling remap_in_affine_dim for input 2

=== remap_in_affine_dim ===
  oldmap: (d0, d1) -> (d1 + 1, d0)
  firstNDims: 2
  check_reduction (input): 0
  lower_bound_val: 0
  dimidx: -1
  check_reduction (output): 0
  new map (map2): (d0, d1, d2) -> (d1 + 1, d0)
  validDims: 2, validSims: 0
  Created SubmapOp with type: memref<?x?x?xf64>
=== remap_in_affine_dim END ===

  Input 3 indexing map: (d0, d1) -> (d0, d1)

=== getLinalgArgMap ===
  Initial lgMap: (d0, d1) -> (d0, d1)
  Found SubmapOp with map: (d0, d1) -> (d1, d0)
  Composed map: (d0, d1) -> (d1, d0)
  Final lgMap: (d0, d1) -> (d1, d0)
=== getLinalgArgMap END ===

  Calling remap_in_affine_dim for input 3

=== remap_in_affine_dim ===
  oldmap: (d0, d1) -> (d1, d0)
  firstNDims: 2
  check_reduction (input): 0
  lower_bound_val: 0
  dimidx: -1
  check_reduction (output): 0
  new map (map2): (d0, d1, d2) -> (d1, d0)
  validDims: 2, validSims: 0
  Created SubmapOp with type: memref<?x?x?xf64>
=== remap_in_affine_dim END ===

  Processing 1 outputs

=== getLinalgArgMap ===
  Initial lgMap: (d0, d1) -> (d0, d1)
  Found SubmapOp with map: (d0, d1) -> (d1, d0)
  Composed map: (d0, d1) -> (d1, d0)
  Final lgMap: (d0, d1) -> (d1, d0)
=== getLinalgArgMap END ===

  Calling remap_in_affine_dim for output 0

=== remap_in_affine_dim ===
  oldmap: (d0, d1) -> (d1, d0)
  firstNDims: 2
  check_reduction (input): 1
  lower_bound_val: 0
  dimidx: -1
  check_reduction (output): 1
  new map (map2): (d0, d1, d2) -> (d1, d0)
  validDims: 2, validSims: 0
  Created SubmapOp with type: memref<?x?x?xf64>
=== remap_in_affine_dim END ===


--- Processing Loads ---

--- Processing Stores ---
REJECTED: More than one linalg generic


========================================
=== AffineForOpRaising::matchAndRewrite ===
========================================
Processing loop:
affine.for %arg7 = 0 to %2 {
  %3 = polygeist.submap(%arg6, %arg7, %1) {map = affine_map<(d0)[s0] -> (s0)>} : (memref<?xf64>, index, index) -> memref<?xf64>
  %4 = polygeist.submap(%arg4, %1) {map = affine_map<(d0) -> (0, d0)>} : (memref<?x30xf64>, index) -> memref<?xf64>
  linalg.generic {indexing_maps = [affine_map<(d0) -> (d0)>, affine_map<(d0) -> (d0)>], iterator_types = ["parallel"]} ins(%3 : memref<?xf64>) outs(%4 : memref<?xf64>) {
  ^bb0(%in: f64, %out: f64):
    linalg.yield %in : f64
  }
  %5 = arith.subi %0, %c1 : index
  %6 = polygeist.submap(%arg5, %1, %5) {map = affine_map<(d0, d1) -> (d1 + 1, d0)>} : (memref<?x30xf64>, index, index) -> memref<?x?xf64>
  %7 = polygeist.submap(%arg5, %1, %5) {map = affine_map<(d0, d1) -> (d1, d0)>} : (memref<?x30xf64>, index, index) -> memref<?x?xf64>
  %8 = polygeist.submap(%arg4, %1, %5) {map = affine_map<(d0, d1) -> (d1 + 1, d0)>} : (memref<?x30xf64>, index, index) -> memref<?x?xf64>
  linalg.generic {indexing_maps = [affine_map<(d0, d1) -> (d0, d1)>, affine_map<(d0, d1) -> (d0, d1)>, affine_map<(d0, d1) -> (d0, d1)>], iterator_types = ["parallel", "parallel"]} ins(%6, %7 : memref<?x?xf64>, memref<?x?xf64>) outs(%8 : memref<?x?xf64>) {
  ^bb0(%in: f64, %in_1: f64, %out: f64):
    %26 = arith.subf %in, %in_1 : f64
    %27 = arith.mulf %26, %cst : f64
    %28 = arith.subf %out, %27 : f64
    linalg.yield %28 : f64
  }
  %9 = arith.subi %1, %c1 : index
  %10 = polygeist.submap(%arg5, %9, %0) {map = affine_map<(d0, d1) -> (d1, d0 + 1)>} : (memref<?x30xf64>, index, index) -> memref<?x?xf64>
  %11 = arith.subi %1, %c1 : index
  %12 = polygeist.submap(%arg5, %11, %0) {map = affine_map<(d0, d1) -> (d1, d0)>} : (memref<?x30xf64>, index, index) -> memref<?x?xf64>
  %13 = arith.subi %1, %c1 : index
  %14 = polygeist.submap(%arg3, %13, %0) {map = affine_map<(d0, d1) -> (d1, d0 + 1)>} : (memref<?x30xf64>, index, index) -> memref<?x?xf64>
  linalg.generic {indexing_maps = [affine_map<(d0, d1) -> (d0, d1)>, affine_map<(d0, d1) -> (d0, d1)>, affine_map<(d0, d1) -> (d0, d1)>], iterator_types = ["parallel", "parallel"]} ins(%10, %12 : memref<?x?xf64>, memref<?x?xf64>) outs(%14 : memref<?x?xf64>) {
  ^bb0(%in: f64, %in_1: f64, %out: f64):
    %26 = arith.subf %in, %in_1 : f64
    %27 = arith.mulf %26, %cst : f64
    %28 = arith.subf %out, %27 : f64
    linalg.yield %28 : f64
  }
  %15 = affine.apply affine_map<()[s0] -> (s0 - 1)>()[%0]
  %16 = affine.apply affine_map<()[s0] -> (s0 - 1)>()[%1]
  %17 = polygeist.submap(%arg3, %16, %15) {map = affine_map<(d0, d1) -> (d1, d0 + 1)>} : (memref<?x30xf64>, index, index) -> memref<?x?xf64>
  %18 = affine.apply affine_map<()[s0] -> (s0 - 1)>()[%1]
  %19 = polygeist.submap(%arg3, %18, %15) {map = affine_map<(d0, d1) -> (d1, d0)>} : (memref<?x30xf64>, index, index) -> memref<?x?xf64>
  %20 = affine.apply affine_map<()[s0] -> (s0 - 1)>()[%1]
  %21 = polygeist.submap(%arg4, %20, %15) {map = affine_map<(d0, d1) -> (d1 + 1, d0)>} : (memref<?x30xf64>, index, index) -> memref<?x?xf64>
  %22 = affine.apply affine_map<()[s0] -> (s0 - 1)>()[%1]
  %23 = polygeist.submap(%arg4, %22, %15) {map = affine_map<(d0, d1) -> (d1, d0)>} : (memref<?x30xf64>, index, index) -> memref<?x?xf64>
  %24 = affine.apply affine_map<()[s0] -> (s0 - 1)>()[%1]
  %25 = polygeist.submap(%arg5, %24, %15) {map = affine_map<(d0, d1) -> (d1, d0)>} : (memref<?x30xf64>, index, index) -> memref<?x?xf64>
  linalg.generic {indexing_maps = [affine_map<(d0, d1) -> (d0, d1)>, affine_map<(d0, d1) -> (d0, d1)>, affine_map<(d0, d1) -> (d0, d1)>, affine_map<(d0, d1) -> (d0, d1)>, affine_map<(d0, d1) -> (d0, d1)>], iterator_types = ["parallel", "parallel"]} ins(%17, %19, %21, %23 : memref<?x?xf64>, memref<?x?xf64>, memref<?x?xf64>, memref<?x?xf64>) outs(%25 : memref<?x?xf64>) {
  ^bb0(%in: f64, %in_1: f64, %in_2: f64, %in_3: f64, %out: f64):
    %26 = arith.subf %in, %in_1 : f64
    %27 = arith.addf %26, %in_2 : f64
    %28 = arith.subf %27, %in_3 : f64
    %29 = arith.mulf %28, %cst_0 : f64
    %30 = arith.subf %out, %29 : f64
    linalg.yield %30 : f64
  }
}

Pattern recognition complete:
  Loads: 0
  Stores: 0
  LinalgGenerics: 4

Loop bounds:
  lbMap: () -> (0)
  ubMap: ()[s0] -> (s0)

--- Processing Linalg Generics ---
Processing linalg.generic:
linalg.generic {indexing_maps = [affine_map<(d0) -> (d0)>, affine_map<(d0) -> (d0)>], iterator_types = ["parallel"]} ins(%6 : memref<?xf64>) outs(%7 : memref<?xf64>) {
^bb0(%in: f64, %out: f64):
  linalg.yield %in : f64
}
  Processing 1 inputs
  Input 0 indexing map: (d0) -> (d0)

=== getLinalgArgMap ===
  Initial lgMap: (d0) -> (d0)
  Found SubmapOp with map: (d0)[s0] -> (s0)
  Composed map: (d0)[s0] -> (s0)
  Final lgMap: (d0)[s0] -> (s0)
=== getLinalgArgMap END ===

  Calling remap_in_affine_dim for input 0

=== remap_in_affine_dim ===
  oldmap: (d0)[s0] -> (s0)
  firstNDims: 1
  check_reduction (input): 0
  lower_bound_val: 0
  dimidx: 1
  check_reduction (output): 0
  new map (map2): (d0, d1) -> (d1)
  validDims: 2, validSims: 0
  Created SubmapOp with type: memref<?x?xf64>
=== remap_in_affine_dim END ===

  Processing 1 outputs

=== getLinalgArgMap ===
  Initial lgMap: (d0) -> (d0)
  Found SubmapOp with map: (d0) -> (0, d0)
  Composed map: (d0) -> (0, d0)
  Final lgMap: (d0) -> (0, d0)
=== getLinalgArgMap END ===

  Calling remap_in_affine_dim for output 0

=== remap_in_affine_dim ===
  oldmap: (d0) -> (0, d0)
  firstNDims: 1
  check_reduction (input): 1
  lower_bound_val: 0
  dimidx: -1
  check_reduction (output): 1
  new map (map2): (d0, d1) -> (0, d0)
  validDims: 1, validSims: 0
  Created SubmapOp with type: memref<?x?xf64>
=== remap_in_affine_dim END ===

Processing linalg.generic:
linalg.generic {indexing_maps = [affine_map<(d0, d1) -> (d0, d1)>, affine_map<(d0, d1) -> (d0, d1)>, affine_map<(d0, d1) -> (d0, d1)>], iterator_types = ["parallel", "parallel"]} ins(%11, %12 : memref<?x?xf64>, memref<?x?xf64>) outs(%13 : memref<?x?xf64>) {
^bb0(%in: f64, %in_1: f64, %out: f64):
  %31 = arith.subf %in, %in_1 : f64
  %32 = arith.mulf %31, %cst : f64
  %33 = arith.subf %out, %32 : f64
  linalg.yield %33 : f64
}
  Processing 2 inputs
  Input 0 indexing map: (d0, d1) -> (d0, d1)

=== getLinalgArgMap ===
  Initial lgMap: (d0, d1) -> (d0, d1)
  Found SubmapOp with map: (d0, d1) -> (d1 + 1, d0)
  Composed map: (d0, d1) -> (d1 + 1, d0)
  Final lgMap: (d0, d1) -> (d1 + 1, d0)
=== getLinalgArgMap END ===

  Calling remap_in_affine_dim for input 0

=== remap_in_affine_dim ===
  oldmap: (d0, d1) -> (d1 + 1, d0)
  firstNDims: 2
  check_reduction (input): 0
  lower_bound_val: 0
  dimidx: -1
  check_reduction (output): 0
  new map (map2): (d0, d1, d2) -> (d1 + 1, d0)
  validDims: 2, validSims: 0
  Created SubmapOp with type: memref<?x?x?xf64>
=== remap_in_affine_dim END ===

  Input 1 indexing map: (d0, d1) -> (d0, d1)

=== getLinalgArgMap ===
  Initial lgMap: (d0, d1) -> (d0, d1)
  Found SubmapOp with map: (d0, d1) -> (d1, d0)
  Composed map: (d0, d1) -> (d1, d0)
  Final lgMap: (d0, d1) -> (d1, d0)
=== getLinalgArgMap END ===

  Calling remap_in_affine_dim for input 1

=== remap_in_affine_dim ===
  oldmap: (d0, d1) -> (d1, d0)
  firstNDims: 2
  check_reduction (input): 0
  lower_bound_val: 0
  dimidx: -1
  check_reduction (output): 0
  new map (map2): (d0, d1, d2) -> (d1, d0)
  validDims: 2, validSims: 0
  Created SubmapOp with type: memref<?x?x?xf64>
=== remap_in_affine_dim END ===

  Processing 1 outputs

=== getLinalgArgMap ===
  Initial lgMap: (d0, d1) -> (d0, d1)
  Found SubmapOp with map: (d0, d1) -> (d1 + 1, d0)
  Composed map: (d0, d1) -> (d1 + 1, d0)
  Final lgMap: (d0, d1) -> (d1 + 1, d0)
=== getLinalgArgMap END ===

  Calling remap_in_affine_dim for output 0

=== remap_in_affine_dim ===
  oldmap: (d0, d1) -> (d1 + 1, d0)
  firstNDims: 2
  check_reduction (input): 1
  lower_bound_val: 0
  dimidx: -1
  check_reduction (output): 1
  new map (map2): (d0, d1, d2) -> (d1 + 1, d0)
  validDims: 2, validSims: 0
  Created SubmapOp with type: memref<?x?x?xf64>
=== remap_in_affine_dim END ===

Processing linalg.generic:
linalg.generic {indexing_maps = [affine_map<(d0, d1) -> (d0, d1)>, affine_map<(d0, d1) -> (d0, d1)>, affine_map<(d0, d1) -> (d0, d1)>], iterator_types = ["parallel", "parallel"]} ins(%21, %23 : memref<?x?xf64>, memref<?x?xf64>) outs(%25 : memref<?x?xf64>) {
^bb0(%in: f64, %in_1: f64, %out: f64):
  %37 = arith.subf %in, %in_1 : f64
  %38 = arith.mulf %37, %cst : f64
  %39 = arith.subf %out, %38 : f64
  linalg.yield %39 : f64
}
  Processing 2 inputs
  Input 0 indexing map: (d0, d1) -> (d0, d1)

=== getLinalgArgMap ===
  Initial lgMap: (d0, d1) -> (d0, d1)
  Found SubmapOp with map: (d0, d1) -> (d1, d0 + 1)
  Composed map: (d0, d1) -> (d1, d0 + 1)
  Final lgMap: (d0, d1) -> (d1, d0 + 1)
=== getLinalgArgMap END ===

  Calling remap_in_affine_dim for input 0

=== remap_in_affine_dim ===
  oldmap: (d0, d1) -> (d1, d0 + 1)
  firstNDims: 2
  check_reduction (input): 0
  lower_bound_val: 0
  dimidx: -1
  check_reduction (output): 0
  new map (map2): (d0, d1, d2) -> (d1, d0 + 1)
  validDims: 2, validSims: 0
  Created SubmapOp with type: memref<?x?x?xf64>
=== remap_in_affine_dim END ===

  Input 1 indexing map: (d0, d1) -> (d0, d1)

=== getLinalgArgMap ===
  Initial lgMap: (d0, d1) -> (d0, d1)
  Found SubmapOp with map: (d0, d1) -> (d1, d0)
  Composed map: (d0, d1) -> (d1, d0)
  Final lgMap: (d0, d1) -> (d1, d0)
=== getLinalgArgMap END ===

  Calling remap_in_affine_dim for input 1

=== remap_in_affine_dim ===
  oldmap: (d0, d1) -> (d1, d0)
  firstNDims: 2
  check_reduction (input): 0
  lower_bound_val: 0
  dimidx: -1
  check_reduction (output): 0
  new map (map2): (d0, d1, d2) -> (d1, d0)
  validDims: 2, validSims: 0
  Created SubmapOp with type: memref<?x?x?xf64>
=== remap_in_affine_dim END ===

  Processing 1 outputs

=== getLinalgArgMap ===
  Initial lgMap: (d0, d1) -> (d0, d1)
  Found SubmapOp with map: (d0, d1) -> (d1, d0 + 1)
  Composed map: (d0, d1) -> (d1, d0 + 1)
  Final lgMap: (d0, d1) -> (d1, d0 + 1)
=== getLinalgArgMap END ===

  Calling remap_in_affine_dim for output 0

=== remap_in_affine_dim ===
  oldmap: (d0, d1) -> (d1, d0 + 1)
  firstNDims: 2
  check_reduction (input): 1
  lower_bound_val: 0
  dimidx: -1
  check_reduction (output): 1
  new map (map2): (d0, d1, d2) -> (d1, d0 + 1)
  validDims: 2, validSims: 0
  Created SubmapOp with type: memref<?x?x?xf64>
=== remap_in_affine_dim END ===

Processing linalg.generic:
linalg.generic {indexing_maps = [affine_map<(d0, d1) -> (d0, d1)>, affine_map<(d0, d1) -> (d0, d1)>, affine_map<(d0, d1) -> (d0, d1)>, affine_map<(d0, d1) -> (d0, d1)>, affine_map<(d0, d1) -> (d0, d1)>], iterator_types = ["parallel", "parallel"]} ins(%34, %36, %38, %40 : memref<?x?xf64>, memref<?x?xf64>, memref<?x?xf64>, memref<?x?xf64>) outs(%42 : memref<?x?xf64>) {
^bb0(%in: f64, %in_1: f64, %in_2: f64, %in_3: f64, %out: f64):
  %43 = arith.subf %in, %in_1 : f64
  %44 = arith.addf %43, %in_2 : f64
  %45 = arith.subf %44, %in_3 : f64
  %46 = arith.mulf %45, %cst_0 : f64
  %47 = arith.subf %out, %46 : f64
  linalg.yield %47 : f64
}
  Processing 4 inputs
  Input 0 indexing map: (d0, d1) -> (d0, d1)

=== getLinalgArgMap ===
  Initial lgMap: (d0, d1) -> (d0, d1)
  Found SubmapOp with map: (d0, d1) -> (d1, d0 + 1)
  Composed map: (d0, d1) -> (d1, d0 + 1)
  Final lgMap: (d0, d1) -> (d1, d0 + 1)
=== getLinalgArgMap END ===

  Calling remap_in_affine_dim for input 0

=== remap_in_affine_dim ===
  oldmap: (d0, d1) -> (d1, d0 + 1)
  firstNDims: 2
  check_reduction (input): 0
  lower_bound_val: 0
  dimidx: -1
  check_reduction (output): 0
  new map (map2): (d0, d1, d2) -> (d1, d0 + 1)
  validDims: 2, validSims: 0
  Created SubmapOp with type: memref<?x?x?xf64>
=== remap_in_affine_dim END ===

  Input 1 indexing map: (d0, d1) -> (d0, d1)

=== getLinalgArgMap ===
  Initial lgMap: (d0, d1) -> (d0, d1)
  Found SubmapOp with map: (d0, d1) -> (d1, d0)
  Composed map: (d0, d1) -> (d1, d0)
  Final lgMap: (d0, d1) -> (d1, d0)
=== getLinalgArgMap END ===

  Calling remap_in_affine_dim for input 1

=== remap_in_affine_dim ===
  oldmap: (d0, d1) -> (d1, d0)
  firstNDims: 2
  check_reduction (input): 0
  lower_bound_val: 0
  dimidx: -1
  check_reduction (output): 0
  new map (map2): (d0, d1, d2) -> (d1, d0)
  validDims: 2, validSims: 0
  Created SubmapOp with type: memref<?x?x?xf64>
=== remap_in_affine_dim END ===

  Input 2 indexing map: (d0, d1) -> (d0, d1)

=== getLinalgArgMap ===
  Initial lgMap: (d0, d1) -> (d0, d1)
  Found SubmapOp with map: (d0, d1) -> (d1 + 1, d0)
  Composed map: (d0, d1) -> (d1 + 1, d0)
  Final lgMap: (d0, d1) -> (d1 + 1, d0)
=== getLinalgArgMap END ===

  Calling remap_in_affine_dim for input 2

=== remap_in_affine_dim ===
  oldmap: (d0, d1) -> (d1 + 1, d0)
  firstNDims: 2
  check_reduction (input): 0
  lower_bound_val: 0
  dimidx: -1
  check_reduction (output): 0
  new map (map2): (d0, d1, d2) -> (d1 + 1, d0)
  validDims: 2, validSims: 0
  Created SubmapOp with type: memref<?x?x?xf64>
=== remap_in_affine_dim END ===

  Input 3 indexing map: (d0, d1) -> (d0, d1)

=== getLinalgArgMap ===
  Initial lgMap: (d0, d1) -> (d0, d1)
  Found SubmapOp with map: (d0, d1) -> (d1, d0)
  Composed map: (d0, d1) -> (d1, d0)
  Final lgMap: (d0, d1) -> (d1, d0)
=== getLinalgArgMap END ===

  Calling remap_in_affine_dim for input 3

=== remap_in_affine_dim ===
  oldmap: (d0, d1) -> (d1, d0)
  firstNDims: 2
  check_reduction (input): 0
  lower_bound_val: 0
  dimidx: -1
  check_reduction (output): 0
  new map (map2): (d0, d1, d2) -> (d1, d0)
  validDims: 2, validSims: 0
  Created SubmapOp with type: memref<?x?x?xf64>
=== remap_in_affine_dim END ===

  Processing 1 outputs

=== getLinalgArgMap ===
  Initial lgMap: (d0, d1) -> (d0, d1)
  Found SubmapOp with map: (d0, d1) -> (d1, d0)
  Composed map: (d0, d1) -> (d1, d0)
  Final lgMap: (d0, d1) -> (d1, d0)
=== getLinalgArgMap END ===

  Calling remap_in_affine_dim for output 0

=== remap_in_affine_dim ===
  oldmap: (d0, d1) -> (d1, d0)
  firstNDims: 2
  check_reduction (input): 1
  lower_bound_val: 0
  dimidx: -1
  check_reduction (output): 1
  new map (map2): (d0, d1, d2) -> (d1, d0)
  validDims: 2, validSims: 0
  Created SubmapOp with type: memref<?x?x?xf64>
=== remap_in_affine_dim END ===


--- Processing Loads ---

--- Processing Stores ---
REJECTED: More than one linalg generic


========================================
=== AffineForOpRaising::matchAndRewrite ===
========================================
Processing loop:
affine.for %arg7 = 0 to %2 {
  %3 = polygeist.submap(%arg6, %arg7, %1) {map = affine_map<(d0)[s0] -> (s0)>} : (memref<?xf64>, index, index) -> memref<?xf64>
  %4 = polygeist.submap(%arg4, %1) {map = affine_map<(d0) -> (0, d0)>} : (memref<?x30xf64>, index) -> memref<?xf64>
  linalg.generic {indexing_maps = [affine_map<(d0) -> (d0)>, affine_map<(d0) -> (d0)>], iterator_types = ["parallel"]} ins(%3 : memref<?xf64>) outs(%4 : memref<?xf64>) {
  ^bb0(%in: f64, %out: f64):
    linalg.yield %in : f64
  }
  %5 = arith.subi %0, %c1 : index
  %6 = polygeist.submap(%arg5, %1, %5) {map = affine_map<(d0, d1) -> (d1 + 1, d0)>} : (memref<?x30xf64>, index, index) -> memref<?x?xf64>
  %7 = polygeist.submap(%arg5, %1, %5) {map = affine_map<(d0, d1) -> (d1, d0)>} : (memref<?x30xf64>, index, index) -> memref<?x?xf64>
  %8 = polygeist.submap(%arg4, %1, %5) {map = affine_map<(d0, d1) -> (d1 + 1, d0)>} : (memref<?x30xf64>, index, index) -> memref<?x?xf64>
  linalg.generic {indexing_maps = [affine_map<(d0, d1) -> (d0, d1)>, affine_map<(d0, d1) -> (d0, d1)>, affine_map<(d0, d1) -> (d0, d1)>], iterator_types = ["parallel", "parallel"]} ins(%6, %7 : memref<?x?xf64>, memref<?x?xf64>) outs(%8 : memref<?x?xf64>) {
  ^bb0(%in: f64, %in_1: f64, %out: f64):
    %26 = arith.subf %in, %in_1 : f64
    %27 = arith.mulf %26, %cst : f64
    %28 = arith.subf %out, %27 : f64
    linalg.yield %28 : f64
  }
  %9 = arith.subi %1, %c1 : index
  %10 = polygeist.submap(%arg5, %9, %0) {map = affine_map<(d0, d1) -> (d1, d0 + 1)>} : (memref<?x30xf64>, index, index) -> memref<?x?xf64>
  %11 = arith.subi %1, %c1 : index
  %12 = polygeist.submap(%arg5, %11, %0) {map = affine_map<(d0, d1) -> (d1, d0)>} : (memref<?x30xf64>, index, index) -> memref<?x?xf64>
  %13 = arith.subi %1, %c1 : index
  %14 = polygeist.submap(%arg3, %13, %0) {map = affine_map<(d0, d1) -> (d1, d0 + 1)>} : (memref<?x30xf64>, index, index) -> memref<?x?xf64>
  linalg.generic {indexing_maps = [affine_map<(d0, d1) -> (d0, d1)>, affine_map<(d0, d1) -> (d0, d1)>, affine_map<(d0, d1) -> (d0, d1)>], iterator_types = ["parallel", "parallel"]} ins(%10, %12 : memref<?x?xf64>, memref<?x?xf64>) outs(%14 : memref<?x?xf64>) {
  ^bb0(%in: f64, %in_1: f64, %out: f64):
    %26 = arith.subf %in, %in_1 : f64
    %27 = arith.mulf %26, %cst : f64
    %28 = arith.subf %out, %27 : f64
    linalg.yield %28 : f64
  }
  %15 = affine.apply affine_map<()[s0] -> (s0 - 1)>()[%0]
  %16 = affine.apply affine_map<()[s0] -> (s0 - 1)>()[%1]
  %17 = polygeist.submap(%arg3, %16, %15) {map = affine_map<(d0, d1) -> (d1, d0 + 1)>} : (memref<?x30xf64>, index, index) -> memref<?x?xf64>
  %18 = affine.apply affine_map<()[s0] -> (s0 - 1)>()[%1]
  %19 = polygeist.submap(%arg3, %18, %15) {map = affine_map<(d0, d1) -> (d1, d0)>} : (memref<?x30xf64>, index, index) -> memref<?x?xf64>
  %20 = affine.apply affine_map<()[s0] -> (s0 - 1)>()[%1]
  %21 = polygeist.submap(%arg4, %20, %15) {map = affine_map<(d0, d1) -> (d1 + 1, d0)>} : (memref<?x30xf64>, index, index) -> memref<?x?xf64>
  %22 = affine.apply affine_map<()[s0] -> (s0 - 1)>()[%1]
  %23 = polygeist.submap(%arg4, %22, %15) {map = affine_map<(d0, d1) -> (d1, d0)>} : (memref<?x30xf64>, index, index) -> memref<?x?xf64>
  %24 = affine.apply affine_map<()[s0] -> (s0 - 1)>()[%1]
  %25 = polygeist.submap(%arg5, %24, %15) {map = affine_map<(d0, d1) -> (d1, d0)>} : (memref<?x30xf64>, index, index) -> memref<?x?xf64>
  linalg.generic {indexing_maps = [affine_map<(d0, d1) -> (d0, d1)>, affine_map<(d0, d1) -> (d0, d1)>, affine_map<(d0, d1) -> (d0, d1)>, affine_map<(d0, d1) -> (d0, d1)>, affine_map<(d0, d1) -> (d0, d1)>], iterator_types = ["parallel", "parallel"]} ins(%17, %19, %21, %23 : memref<?x?xf64>, memref<?x?xf64>, memref<?x?xf64>, memref<?x?xf64>) outs(%25 : memref<?x?xf64>) {
  ^bb0(%in: f64, %in_1: f64, %in_2: f64, %in_3: f64, %out: f64):
    %26 = arith.subf %in, %in_1 : f64
    %27 = arith.addf %26, %in_2 : f64
    %28 = arith.subf %27, %in_3 : f64
    %29 = arith.mulf %28, %cst_0 : f64
    %30 = arith.subf %out, %29 : f64
    linalg.yield %30 : f64
  }
}

Pattern recognition complete:
  Loads: 0
  Stores: 0
  LinalgGenerics: 4

Loop bounds:
  lbMap: () -> (0)
  ubMap: ()[s0] -> (s0)

--- Processing Linalg Generics ---
Processing linalg.generic:
linalg.generic {indexing_maps = [affine_map<(d0) -> (d0)>, affine_map<(d0) -> (d0)>], iterator_types = ["parallel"]} ins(%6 : memref<?xf64>) outs(%7 : memref<?xf64>) {
^bb0(%in: f64, %out: f64):
  linalg.yield %in : f64
}
  Processing 1 inputs
  Input 0 indexing map: (d0) -> (d0)

=== getLinalgArgMap ===
  Initial lgMap: (d0) -> (d0)
  Found SubmapOp with map: (d0)[s0] -> (s0)
  Composed map: (d0)[s0] -> (s0)
  Final lgMap: (d0)[s0] -> (s0)
=== getLinalgArgMap END ===

  Calling remap_in_affine_dim for input 0

=== remap_in_affine_dim ===
  oldmap: (d0)[s0] -> (s0)
  firstNDims: 1
  check_reduction (input): 0
  lower_bound_val: 0
  dimidx: 1
  check_reduction (output): 0
  new map (map2): (d0, d1) -> (d1)
  validDims: 2, validSims: 0
  Created SubmapOp with type: memref<?x?xf64>
=== remap_in_affine_dim END ===

  Processing 1 outputs

=== getLinalgArgMap ===
  Initial lgMap: (d0) -> (d0)
  Found SubmapOp with map: (d0) -> (0, d0)
  Composed map: (d0) -> (0, d0)
  Final lgMap: (d0) -> (0, d0)
=== getLinalgArgMap END ===

  Calling remap_in_affine_dim for output 0

=== remap_in_affine_dim ===
  oldmap: (d0) -> (0, d0)
  firstNDims: 1
  check_reduction (input): 1
  lower_bound_val: 0
  dimidx: -1
  check_reduction (output): 1
  new map (map2): (d0, d1) -> (0, d0)
  validDims: 1, validSims: 0
  Created SubmapOp with type: memref<?x?xf64>
=== remap_in_affine_dim END ===

Processing linalg.generic:
linalg.generic {indexing_maps = [affine_map<(d0, d1) -> (d0, d1)>, affine_map<(d0, d1) -> (d0, d1)>, affine_map<(d0, d1) -> (d0, d1)>], iterator_types = ["parallel", "parallel"]} ins(%11, %12 : memref<?x?xf64>, memref<?x?xf64>) outs(%13 : memref<?x?xf64>) {
^bb0(%in: f64, %in_1: f64, %out: f64):
  %31 = arith.subf %in, %in_1 : f64
  %32 = arith.mulf %31, %cst : f64
  %33 = arith.subf %out, %32 : f64
  linalg.yield %33 : f64
}
  Processing 2 inputs
  Input 0 indexing map: (d0, d1) -> (d0, d1)

=== getLinalgArgMap ===
  Initial lgMap: (d0, d1) -> (d0, d1)
  Found SubmapOp with map: (d0, d1) -> (d1 + 1, d0)
  Composed map: (d0, d1) -> (d1 + 1, d0)
  Final lgMap: (d0, d1) -> (d1 + 1, d0)
=== getLinalgArgMap END ===

  Calling remap_in_affine_dim for input 0

=== remap_in_affine_dim ===
  oldmap: (d0, d1) -> (d1 + 1, d0)
  firstNDims: 2
  check_reduction (input): 0
  lower_bound_val: 0
  dimidx: -1
  check_reduction (output): 0
  new map (map2): (d0, d1, d2) -> (d1 + 1, d0)
  validDims: 2, validSims: 0
  Created SubmapOp with type: memref<?x?x?xf64>
=== remap_in_affine_dim END ===

  Input 1 indexing map: (d0, d1) -> (d0, d1)

=== getLinalgArgMap ===
  Initial lgMap: (d0, d1) -> (d0, d1)
  Found SubmapOp with map: (d0, d1) -> (d1, d0)
  Composed map: (d0, d1) -> (d1, d0)
  Final lgMap: (d0, d1) -> (d1, d0)
=== getLinalgArgMap END ===

  Calling remap_in_affine_dim for input 1

=== remap_in_affine_dim ===
  oldmap: (d0, d1) -> (d1, d0)
  firstNDims: 2
  check_reduction (input): 0
  lower_bound_val: 0
  dimidx: -1
  check_reduction (output): 0
  new map (map2): (d0, d1, d2) -> (d1, d0)
  validDims: 2, validSims: 0
  Created SubmapOp with type: memref<?x?x?xf64>
=== remap_in_affine_dim END ===

  Processing 1 outputs

=== getLinalgArgMap ===
  Initial lgMap: (d0, d1) -> (d0, d1)
  Found SubmapOp with map: (d0, d1) -> (d1 + 1, d0)
  Composed map: (d0, d1) -> (d1 + 1, d0)
  Final lgMap: (d0, d1) -> (d1 + 1, d0)
=== getLinalgArgMap END ===

  Calling remap_in_affine_dim for output 0

=== remap_in_affine_dim ===
  oldmap: (d0, d1) -> (d1 + 1, d0)
  firstNDims: 2
  check_reduction (input): 1
  lower_bound_val: 0
  dimidx: -1
  check_reduction (output): 1
  new map (map2): (d0, d1, d2) -> (d1 + 1, d0)
  validDims: 2, validSims: 0
  Created SubmapOp with type: memref<?x?x?xf64>
=== remap_in_affine_dim END ===

Processing linalg.generic:
linalg.generic {indexing_maps = [affine_map<(d0, d1) -> (d0, d1)>, affine_map<(d0, d1) -> (d0, d1)>, affine_map<(d0, d1) -> (d0, d1)>], iterator_types = ["parallel", "parallel"]} ins(%21, %23 : memref<?x?xf64>, memref<?x?xf64>) outs(%25 : memref<?x?xf64>) {
^bb0(%in: f64, %in_1: f64, %out: f64):
  %37 = arith.subf %in, %in_1 : f64
  %38 = arith.mulf %37, %cst : f64
  %39 = arith.subf %out, %38 : f64
  linalg.yield %39 : f64
}
  Processing 2 inputs
  Input 0 indexing map: (d0, d1) -> (d0, d1)

=== getLinalgArgMap ===
  Initial lgMap: (d0, d1) -> (d0, d1)
  Found SubmapOp with map: (d0, d1) -> (d1, d0 + 1)
  Composed map: (d0, d1) -> (d1, d0 + 1)
  Final lgMap: (d0, d1) -> (d1, d0 + 1)
=== getLinalgArgMap END ===

  Calling remap_in_affine_dim for input 0

=== remap_in_affine_dim ===
  oldmap: (d0, d1) -> (d1, d0 + 1)
  firstNDims: 2
  check_reduction (input): 0
  lower_bound_val: 0
  dimidx: -1
  check_reduction (output): 0
  new map (map2): (d0, d1, d2) -> (d1, d0 + 1)
  validDims: 2, validSims: 0
  Created SubmapOp with type: memref<?x?x?xf64>
=== remap_in_affine_dim END ===

  Input 1 indexing map: (d0, d1) -> (d0, d1)

=== getLinalgArgMap ===
  Initial lgMap: (d0, d1) -> (d0, d1)
  Found SubmapOp with map: (d0, d1) -> (d1, d0)
  Composed map: (d0, d1) -> (d1, d0)
  Final lgMap: (d0, d1) -> (d1, d0)
=== getLinalgArgMap END ===

  Calling remap_in_affine_dim for input 1

=== remap_in_affine_dim ===
  oldmap: (d0, d1) -> (d1, d0)
  firstNDims: 2
  check_reduction (input): 0
  lower_bound_val: 0
  dimidx: -1
  check_reduction (output): 0
  new map (map2): (d0, d1, d2) -> (d1, d0)
  validDims: 2, validSims: 0
  Created SubmapOp with type: memref<?x?x?xf64>
=== remap_in_affine_dim END ===

  Processing 1 outputs

=== getLinalgArgMap ===
  Initial lgMap: (d0, d1) -> (d0, d1)
  Found SubmapOp with map: (d0, d1) -> (d1, d0 + 1)
  Composed map: (d0, d1) -> (d1, d0 + 1)
  Final lgMap: (d0, d1) -> (d1, d0 + 1)
=== getLinalgArgMap END ===

  Calling remap_in_affine_dim for output 0

=== remap_in_affine_dim ===
  oldmap: (d0, d1) -> (d1, d0 + 1)
  firstNDims: 2
  check_reduction (input): 1
  lower_bound_val: 0
  dimidx: -1
  check_reduction (output): 1
  new map (map2): (d0, d1, d2) -> (d1, d0 + 1)
  validDims: 2, validSims: 0
  Created SubmapOp with type: memref<?x?x?xf64>
=== remap_in_affine_dim END ===

Processing linalg.generic:
linalg.generic {indexing_maps = [affine_map<(d0, d1) -> (d0, d1)>, affine_map<(d0, d1) -> (d0, d1)>, affine_map<(d0, d1) -> (d0, d1)>, affine_map<(d0, d1) -> (d0, d1)>, affine_map<(d0, d1) -> (d0, d1)>], iterator_types = ["parallel", "parallel"]} ins(%34, %36, %38, %40 : memref<?x?xf64>, memref<?x?xf64>, memref<?x?xf64>, memref<?x?xf64>) outs(%42 : memref<?x?xf64>) {
^bb0(%in: f64, %in_1: f64, %in_2: f64, %in_3: f64, %out: f64):
  %43 = arith.subf %in, %in_1 : f64
  %44 = arith.addf %43, %in_2 : f64
  %45 = arith.subf %44, %in_3 : f64
  %46 = arith.mulf %45, %cst_0 : f64
  %47 = arith.subf %out, %46 : f64
  linalg.yield %47 : f64
}
  Processing 4 inputs
  Input 0 indexing map: (d0, d1) -> (d0, d1)

=== getLinalgArgMap ===
  Initial lgMap: (d0, d1) -> (d0, d1)
  Found SubmapOp with map: (d0, d1) -> (d1, d0 + 1)
  Composed map: (d0, d1) -> (d1, d0 + 1)
  Final lgMap: (d0, d1) -> (d1, d0 + 1)
=== getLinalgArgMap END ===

  Calling remap_in_affine_dim for input 0

=== remap_in_affine_dim ===
  oldmap: (d0, d1) -> (d1, d0 + 1)
  firstNDims: 2
  check_reduction (input): 0
  lower_bound_val: 0
  dimidx: -1
  check_reduction (output): 0
  new map (map2): (d0, d1, d2) -> (d1, d0 + 1)
  validDims: 2, validSims: 0
  Created SubmapOp with type: memref<?x?x?xf64>
=== remap_in_affine_dim END ===

  Input 1 indexing map: (d0, d1) -> (d0, d1)

=== getLinalgArgMap ===
  Initial lgMap: (d0, d1) -> (d0, d1)
  Found SubmapOp with map: (d0, d1) -> (d1, d0)
  Composed map: (d0, d1) -> (d1, d0)
  Final lgMap: (d0, d1) -> (d1, d0)
=== getLinalgArgMap END ===

  Calling remap_in_affine_dim for input 1

=== remap_in_affine_dim ===
  oldmap: (d0, d1) -> (d1, d0)
  firstNDims: 2
  check_reduction (input): 0
  lower_bound_val: 0
  dimidx: -1
  check_reduction (output): 0
  new map (map2): (d0, d1, d2) -> (d1, d0)
  validDims: 2, validSims: 0
  Created SubmapOp with type: memref<?x?x?xf64>
=== remap_in_affine_dim END ===

  Input 2 indexing map: (d0, d1) -> (d0, d1)

=== getLinalgArgMap ===
  Initial lgMap: (d0, d1) -> (d0, d1)
  Found SubmapOp with map: (d0, d1) -> (d1 + 1, d0)
  Composed map: (d0, d1) -> (d1 + 1, d0)
  Final lgMap: (d0, d1) -> (d1 + 1, d0)
=== getLinalgArgMap END ===

  Calling remap_in_affine_dim for input 2

=== remap_in_affine_dim ===
  oldmap: (d0, d1) -> (d1 + 1, d0)
  firstNDims: 2
  check_reduction (input): 0
  lower_bound_val: 0
  dimidx: -1
  check_reduction (output): 0
  new map (map2): (d0, d1, d2) -> (d1 + 1, d0)
  validDims: 2, validSims: 0
  Created SubmapOp with type: memref<?x?x?xf64>
=== remap_in_affine_dim END ===

  Input 3 indexing map: (d0, d1) -> (d0, d1)

=== getLinalgArgMap ===
  Initial lgMap: (d0, d1) -> (d0, d1)
  Found SubmapOp with map: (d0, d1) -> (d1, d0)
  Composed map: (d0, d1) -> (d1, d0)
  Final lgMap: (d0, d1) -> (d1, d0)
=== getLinalgArgMap END ===

  Calling remap_in_affine_dim for input 3

=== remap_in_affine_dim ===
  oldmap: (d0, d1) -> (d1, d0)
  firstNDims: 2
  check_reduction (input): 0
  lower_bound_val: 0
  dimidx: -1
  check_reduction (output): 0
  new map (map2): (d0, d1, d2) -> (d1, d0)
  validDims: 2, validSims: 0
  Created SubmapOp with type: memref<?x?x?xf64>
=== remap_in_affine_dim END ===

  Processing 1 outputs

=== getLinalgArgMap ===
  Initial lgMap: (d0, d1) -> (d0, d1)
  Found SubmapOp with map: (d0, d1) -> (d1, d0)
  Composed map: (d0, d1) -> (d1, d0)
  Final lgMap: (d0, d1) -> (d1, d0)
=== getLinalgArgMap END ===

  Calling remap_in_affine_dim for output 0

=== remap_in_affine_dim ===
  oldmap: (d0, d1) -> (d1, d0)
  firstNDims: 2
  check_reduction (input): 1
  lower_bound_val: 0
  dimidx: -1
  check_reduction (output): 1
  new map (map2): (d0, d1, d2) -> (d1, d0)
  validDims: 2, validSims: 0
  Created SubmapOp with type: memref<?x?x?xf64>
=== remap_in_affine_dim END ===


--- Processing Loads ---

--- Processing Stores ---
REJECTED: More than one linalg generic


========================================
=== AffineForOpRaising::matchAndRewrite ===
========================================
Processing loop:
affine.for %arg7 = 0 to %2 {
  %3 = polygeist.submap(%arg6, %arg7, %1) {map = affine_map<(d0)[s0] -> (s0)>} : (memref<?xf64>, index, index) -> memref<?xf64>
  %4 = polygeist.submap(%arg4, %1) {map = affine_map<(d0) -> (0, d0)>} : (memref<?x30xf64>, index) -> memref<?xf64>
  linalg.generic {indexing_maps = [affine_map<(d0) -> (d0)>, affine_map<(d0) -> (d0)>], iterator_types = ["parallel"]} ins(%3 : memref<?xf64>) outs(%4 : memref<?xf64>) {
  ^bb0(%in: f64, %out: f64):
    linalg.yield %in : f64
  }
  %5 = arith.subi %0, %c1 : index
  %6 = polygeist.submap(%arg5, %1, %5) {map = affine_map<(d0, d1) -> (d1 + 1, d0)>} : (memref<?x30xf64>, index, index) -> memref<?x?xf64>
  %7 = polygeist.submap(%arg5, %1, %5) {map = affine_map<(d0, d1) -> (d1, d0)>} : (memref<?x30xf64>, index, index) -> memref<?x?xf64>
  %8 = polygeist.submap(%arg4, %1, %5) {map = affine_map<(d0, d1) -> (d1 + 1, d0)>} : (memref<?x30xf64>, index, index) -> memref<?x?xf64>
  linalg.generic {indexing_maps = [affine_map<(d0, d1) -> (d0, d1)>, affine_map<(d0, d1) -> (d0, d1)>, affine_map<(d0, d1) -> (d0, d1)>], iterator_types = ["parallel", "parallel"]} ins(%6, %7 : memref<?x?xf64>, memref<?x?xf64>) outs(%8 : memref<?x?xf64>) {
  ^bb0(%in: f64, %in_1: f64, %out: f64):
    %26 = arith.subf %in, %in_1 : f64
    %27 = arith.mulf %26, %cst : f64
    %28 = arith.subf %out, %27 : f64
    linalg.yield %28 : f64
  }
  %9 = arith.subi %1, %c1 : index
  %10 = polygeist.submap(%arg5, %9, %0) {map = affine_map<(d0, d1) -> (d1, d0 + 1)>} : (memref<?x30xf64>, index, index) -> memref<?x?xf64>
  %11 = arith.subi %1, %c1 : index
  %12 = polygeist.submap(%arg5, %11, %0) {map = affine_map<(d0, d1) -> (d1, d0)>} : (memref<?x30xf64>, index, index) -> memref<?x?xf64>
  %13 = arith.subi %1, %c1 : index
  %14 = polygeist.submap(%arg3, %13, %0) {map = affine_map<(d0, d1) -> (d1, d0 + 1)>} : (memref<?x30xf64>, index, index) -> memref<?x?xf64>
  linalg.generic {indexing_maps = [affine_map<(d0, d1) -> (d0, d1)>, affine_map<(d0, d1) -> (d0, d1)>, affine_map<(d0, d1) -> (d0, d1)>], iterator_types = ["parallel", "parallel"]} ins(%10, %12 : memref<?x?xf64>, memref<?x?xf64>) outs(%14 : memref<?x?xf64>) {
  ^bb0(%in: f64, %in_1: f64, %out: f64):
    %26 = arith.subf %in, %in_1 : f64
    %27 = arith.mulf %26, %cst : f64
    %28 = arith.subf %out, %27 : f64
    linalg.yield %28 : f64
  }
  %15 = affine.apply affine_map<()[s0] -> (s0 - 1)>()[%0]
  %16 = affine.apply affine_map<()[s0] -> (s0 - 1)>()[%1]
  %17 = polygeist.submap(%arg3, %16, %15) {map = affine_map<(d0, d1) -> (d1, d0 + 1)>} : (memref<?x30xf64>, index, index) -> memref<?x?xf64>
  %18 = affine.apply affine_map<()[s0] -> (s0 - 1)>()[%1]
  %19 = polygeist.submap(%arg3, %18, %15) {map = affine_map<(d0, d1) -> (d1, d0)>} : (memref<?x30xf64>, index, index) -> memref<?x?xf64>
  %20 = affine.apply affine_map<()[s0] -> (s0 - 1)>()[%1]
  %21 = polygeist.submap(%arg4, %20, %15) {map = affine_map<(d0, d1) -> (d1 + 1, d0)>} : (memref<?x30xf64>, index, index) -> memref<?x?xf64>
  %22 = affine.apply affine_map<()[s0] -> (s0 - 1)>()[%1]
  %23 = polygeist.submap(%arg4, %22, %15) {map = affine_map<(d0, d1) -> (d1, d0)>} : (memref<?x30xf64>, index, index) -> memref<?x?xf64>
  %24 = affine.apply affine_map<()[s0] -> (s0 - 1)>()[%1]
  %25 = polygeist.submap(%arg5, %24, %15) {map = affine_map<(d0, d1) -> (d1, d0)>} : (memref<?x30xf64>, index, index) -> memref<?x?xf64>
  linalg.generic {indexing_maps = [affine_map<(d0, d1) -> (d0, d1)>, affine_map<(d0, d1) -> (d0, d1)>, affine_map<(d0, d1) -> (d0, d1)>, affine_map<(d0, d1) -> (d0, d1)>, affine_map<(d0, d1) -> (d0, d1)>], iterator_types = ["parallel", "parallel"]} ins(%17, %19, %21, %23 : memref<?x?xf64>, memref<?x?xf64>, memref<?x?xf64>, memref<?x?xf64>) outs(%25 : memref<?x?xf64>) {
  ^bb0(%in: f64, %in_1: f64, %in_2: f64, %in_3: f64, %out: f64):
    %26 = arith.subf %in, %in_1 : f64
    %27 = arith.addf %26, %in_2 : f64
    %28 = arith.subf %27, %in_3 : f64
    %29 = arith.mulf %28, %cst_0 : f64
    %30 = arith.subf %out, %29 : f64
    linalg.yield %30 : f64
  }
}

Pattern recognition complete:
  Loads: 0
  Stores: 0
  LinalgGenerics: 4

Loop bounds:
  lbMap: () -> (0)
  ubMap: ()[s0] -> (s0)

--- Processing Linalg Generics ---
Processing linalg.generic:
linalg.generic {indexing_maps = [affine_map<(d0) -> (d0)>, affine_map<(d0) -> (d0)>], iterator_types = ["parallel"]} ins(%6 : memref<?xf64>) outs(%7 : memref<?xf64>) {
^bb0(%in: f64, %out: f64):
  linalg.yield %in : f64
}
  Processing 1 inputs
  Input 0 indexing map: (d0) -> (d0)

=== getLinalgArgMap ===
  Initial lgMap: (d0) -> (d0)
  Found SubmapOp with map: (d0)[s0] -> (s0)
  Composed map: (d0)[s0] -> (s0)
  Final lgMap: (d0)[s0] -> (s0)
=== getLinalgArgMap END ===

  Calling remap_in_affine_dim for input 0

=== remap_in_affine_dim ===
  oldmap: (d0)[s0] -> (s0)
  firstNDims: 1
  check_reduction (input): 0
  lower_bound_val: 0
  dimidx: 1
  check_reduction (output): 0
  new map (map2): (d0, d1) -> (d1)
  validDims: 2, validSims: 0
  Created SubmapOp with type: memref<?x?xf64>
=== remap_in_affine_dim END ===

  Processing 1 outputs

=== getLinalgArgMap ===
  Initial lgMap: (d0) -> (d0)
  Found SubmapOp with map: (d0) -> (0, d0)
  Composed map: (d0) -> (0, d0)
  Final lgMap: (d0) -> (0, d0)
=== getLinalgArgMap END ===

  Calling remap_in_affine_dim for output 0

=== remap_in_affine_dim ===
  oldmap: (d0) -> (0, d0)
  firstNDims: 1
  check_reduction (input): 1
  lower_bound_val: 0
  dimidx: -1
  check_reduction (output): 1
  new map (map2): (d0, d1) -> (0, d0)
  validDims: 1, validSims: 0
  Created SubmapOp with type: memref<?x?xf64>
=== remap_in_affine_dim END ===

Processing linalg.generic:
linalg.generic {indexing_maps = [affine_map<(d0, d1) -> (d0, d1)>, affine_map<(d0, d1) -> (d0, d1)>, affine_map<(d0, d1) -> (d0, d1)>], iterator_types = ["parallel", "parallel"]} ins(%11, %12 : memref<?x?xf64>, memref<?x?xf64>) outs(%13 : memref<?x?xf64>) {
^bb0(%in: f64, %in_1: f64, %out: f64):
  %31 = arith.subf %in, %in_1 : f64
  %32 = arith.mulf %31, %cst : f64
  %33 = arith.subf %out, %32 : f64
  linalg.yield %33 : f64
}
  Processing 2 inputs
  Input 0 indexing map: (d0, d1) -> (d0, d1)

=== getLinalgArgMap ===
  Initial lgMap: (d0, d1) -> (d0, d1)
  Found SubmapOp with map: (d0, d1) -> (d1 + 1, d0)
  Composed map: (d0, d1) -> (d1 + 1, d0)
  Final lgMap: (d0, d1) -> (d1 + 1, d0)
=== getLinalgArgMap END ===

  Calling remap_in_affine_dim for input 0

=== remap_in_affine_dim ===
  oldmap: (d0, d1) -> (d1 + 1, d0)
  firstNDims: 2
  check_reduction (input): 0
  lower_bound_val: 0
  dimidx: -1
  check_reduction (output): 0
  new map (map2): (d0, d1, d2) -> (d1 + 1, d0)
  validDims: 2, validSims: 0
  Created SubmapOp with type: memref<?x?x?xf64>
=== remap_in_affine_dim END ===

  Input 1 indexing map: (d0, d1) -> (d0, d1)

=== getLinalgArgMap ===
  Initial lgMap: (d0, d1) -> (d0, d1)
  Found SubmapOp with map: (d0, d1) -> (d1, d0)
  Composed map: (d0, d1) -> (d1, d0)
  Final lgMap: (d0, d1) -> (d1, d0)
=== getLinalgArgMap END ===

  Calling remap_in_affine_dim for input 1

=== remap_in_affine_dim ===
  oldmap: (d0, d1) -> (d1, d0)
  firstNDims: 2
  check_reduction (input): 0
  lower_bound_val: 0
  dimidx: -1
  check_reduction (output): 0
  new map (map2): (d0, d1, d2) -> (d1, d0)
  validDims: 2, validSims: 0
  Created SubmapOp with type: memref<?x?x?xf64>
=== remap_in_affine_dim END ===

  Processing 1 outputs

=== getLinalgArgMap ===
  Initial lgMap: (d0, d1) -> (d0, d1)
  Found SubmapOp with map: (d0, d1) -> (d1 + 1, d0)
  Composed map: (d0, d1) -> (d1 + 1, d0)
  Final lgMap: (d0, d1) -> (d1 + 1, d0)
=== getLinalgArgMap END ===

  Calling remap_in_affine_dim for output 0

=== remap_in_affine_dim ===
  oldmap: (d0, d1) -> (d1 + 1, d0)
  firstNDims: 2
  check_reduction (input): 1
  lower_bound_val: 0
  dimidx: -1
  check_reduction (output): 1
  new map (map2): (d0, d1, d2) -> (d1 + 1, d0)
  validDims: 2, validSims: 0
  Created SubmapOp with type: memref<?x?x?xf64>
=== remap_in_affine_dim END ===

Processing linalg.generic:
linalg.generic {indexing_maps = [affine_map<(d0, d1) -> (d0, d1)>, affine_map<(d0, d1) -> (d0, d1)>, affine_map<(d0, d1) -> (d0, d1)>], iterator_types = ["parallel", "parallel"]} ins(%21, %23 : memref<?x?xf64>, memref<?x?xf64>) outs(%25 : memref<?x?xf64>) {
^bb0(%in: f64, %in_1: f64, %out: f64):
  %37 = arith.subf %in, %in_1 : f64
  %38 = arith.mulf %37, %cst : f64
  %39 = arith.subf %out, %38 : f64
  linalg.yield %39 : f64
}
  Processing 2 inputs
  Input 0 indexing map: (d0, d1) -> (d0, d1)

=== getLinalgArgMap ===
  Initial lgMap: (d0, d1) -> (d0, d1)
  Found SubmapOp with map: (d0, d1) -> (d1, d0 + 1)
  Composed map: (d0, d1) -> (d1, d0 + 1)
  Final lgMap: (d0, d1) -> (d1, d0 + 1)
=== getLinalgArgMap END ===

  Calling remap_in_affine_dim for input 0

=== remap_in_affine_dim ===
  oldmap: (d0, d1) -> (d1, d0 + 1)
  firstNDims: 2
  check_reduction (input): 0
  lower_bound_val: 0
  dimidx: -1
  check_reduction (output): 0
  new map (map2): (d0, d1, d2) -> (d1, d0 + 1)
  validDims: 2, validSims: 0
  Created SubmapOp with type: memref<?x?x?xf64>
=== remap_in_affine_dim END ===

  Input 1 indexing map: (d0, d1) -> (d0, d1)

=== getLinalgArgMap ===
  Initial lgMap: (d0, d1) -> (d0, d1)
  Found SubmapOp with map: (d0, d1) -> (d1, d0)
  Composed map: (d0, d1) -> (d1, d0)
  Final lgMap: (d0, d1) -> (d1, d0)
=== getLinalgArgMap END ===

  Calling remap_in_affine_dim for input 1

=== remap_in_affine_dim ===
  oldmap: (d0, d1) -> (d1, d0)
  firstNDims: 2
  check_reduction (input): 0
  lower_bound_val: 0
  dimidx: -1
  check_reduction (output): 0
  new map (map2): (d0, d1, d2) -> (d1, d0)
  validDims: 2, validSims: 0
  Created SubmapOp with type: memref<?x?x?xf64>
=== remap_in_affine_dim END ===

  Processing 1 outputs

=== getLinalgArgMap ===
  Initial lgMap: (d0, d1) -> (d0, d1)
  Found SubmapOp with map: (d0, d1) -> (d1, d0 + 1)
  Composed map: (d0, d1) -> (d1, d0 + 1)
  Final lgMap: (d0, d1) -> (d1, d0 + 1)
=== getLinalgArgMap END ===

  Calling remap_in_affine_dim for output 0

=== remap_in_affine_dim ===
  oldmap: (d0, d1) -> (d1, d0 + 1)
  firstNDims: 2
  check_reduction (input): 1
  lower_bound_val: 0
  dimidx: -1
  check_reduction (output): 1
  new map (map2): (d0, d1, d2) -> (d1, d0 + 1)
  validDims: 2, validSims: 0
  Created SubmapOp with type: memref<?x?x?xf64>
=== remap_in_affine_dim END ===

Processing linalg.generic:
linalg.generic {indexing_maps = [affine_map<(d0, d1) -> (d0, d1)>, affine_map<(d0, d1) -> (d0, d1)>, affine_map<(d0, d1) -> (d0, d1)>, affine_map<(d0, d1) -> (d0, d1)>, affine_map<(d0, d1) -> (d0, d1)>], iterator_types = ["parallel", "parallel"]} ins(%34, %36, %38, %40 : memref<?x?xf64>, memref<?x?xf64>, memref<?x?xf64>, memref<?x?xf64>) outs(%42 : memref<?x?xf64>) {
^bb0(%in: f64, %in_1: f64, %in_2: f64, %in_3: f64, %out: f64):
  %43 = arith.subf %in, %in_1 : f64
  %44 = arith.addf %43, %in_2 : f64
  %45 = arith.subf %44, %in_3 : f64
  %46 = arith.mulf %45, %cst_0 : f64
  %47 = arith.subf %out, %46 : f64
  linalg.yield %47 : f64
}
  Processing 4 inputs
  Input 0 indexing map: (d0, d1) -> (d0, d1)

=== getLinalgArgMap ===
  Initial lgMap: (d0, d1) -> (d0, d1)
  Found SubmapOp with map: (d0, d1) -> (d1, d0 + 1)
  Composed map: (d0, d1) -> (d1, d0 + 1)
  Final lgMap: (d0, d1) -> (d1, d0 + 1)
=== getLinalgArgMap END ===

  Calling remap_in_affine_dim for input 0

=== remap_in_affine_dim ===
  oldmap: (d0, d1) -> (d1, d0 + 1)
  firstNDims: 2
  check_reduction (input): 0
  lower_bound_val: 0
  dimidx: -1
  check_reduction (output): 0
  new map (map2): (d0, d1, d2) -> (d1, d0 + 1)
  validDims: 2, validSims: 0
  Created SubmapOp with type: memref<?x?x?xf64>
=== remap_in_affine_dim END ===

  Input 1 indexing map: (d0, d1) -> (d0, d1)

=== getLinalgArgMap ===
  Initial lgMap: (d0, d1) -> (d0, d1)
  Found SubmapOp with map: (d0, d1) -> (d1, d0)
  Composed map: (d0, d1) -> (d1, d0)
  Final lgMap: (d0, d1) -> (d1, d0)
=== getLinalgArgMap END ===

  Calling remap_in_affine_dim for input 1

=== remap_in_affine_dim ===
  oldmap: (d0, d1) -> (d1, d0)
  firstNDims: 2
  check_reduction (input): 0
  lower_bound_val: 0
  dimidx: -1
  check_reduction (output): 0
  new map (map2): (d0, d1, d2) -> (d1, d0)
  validDims: 2, validSims: 0
  Created SubmapOp with type: memref<?x?x?xf64>
=== remap_in_affine_dim END ===

  Input 2 indexing map: (d0, d1) -> (d0, d1)

=== getLinalgArgMap ===
  Initial lgMap: (d0, d1) -> (d0, d1)
  Found SubmapOp with map: (d0, d1) -> (d1 + 1, d0)
  Composed map: (d0, d1) -> (d1 + 1, d0)
  Final lgMap: (d0, d1) -> (d1 + 1, d0)
=== getLinalgArgMap END ===

  Calling remap_in_affine_dim for input 2

=== remap_in_affine_dim ===
  oldmap: (d0, d1) -> (d1 + 1, d0)
  firstNDims: 2
  check_reduction (input): 0
  lower_bound_val: 0
  dimidx: -1
  check_reduction (output): 0
  new map (map2): (d0, d1, d2) -> (d1 + 1, d0)
  validDims: 2, validSims: 0
  Created SubmapOp with type: memref<?x?x?xf64>
=== remap_in_affine_dim END ===

  Input 3 indexing map: (d0, d1) -> (d0, d1)

=== getLinalgArgMap ===
  Initial lgMap: (d0, d1) -> (d0, d1)
  Found SubmapOp with map: (d0, d1) -> (d1, d0)
  Composed map: (d0, d1) -> (d1, d0)
  Final lgMap: (d0, d1) -> (d1, d0)
=== getLinalgArgMap END ===

  Calling remap_in_affine_dim for input 3

=== remap_in_affine_dim ===
  oldmap: (d0, d1) -> (d1, d0)
  firstNDims: 2
  check_reduction (input): 0
  lower_bound_val: 0
  dimidx: -1
  check_reduction (output): 0
  new map (map2): (d0, d1, d2) -> (d1, d0)
  validDims: 2, validSims: 0
  Created SubmapOp with type: memref<?x?x?xf64>
=== remap_in_affine_dim END ===

  Processing 1 outputs

=== getLinalgArgMap ===
  Initial lgMap: (d0, d1) -> (d0, d1)
  Found SubmapOp with map: (d0, d1) -> (d1, d0)
  Composed map: (d0, d1) -> (d1, d0)
  Final lgMap: (d0, d1) -> (d1, d0)
=== getLinalgArgMap END ===

  Calling remap_in_affine_dim for output 0

=== remap_in_affine_dim ===
  oldmap: (d0, d1) -> (d1, d0)
  firstNDims: 2
  check_reduction (input): 1
  lower_bound_val: 0
  dimidx: -1
  check_reduction (output): 1
  new map (map2): (d0, d1, d2) -> (d1, d0)
  validDims: 2, validSims: 0
  Created SubmapOp with type: memref<?x?x?xf64>
=== remap_in_affine_dim END ===


--- Processing Loads ---

--- Processing Stores ---
REJECTED: More than one linalg generic


========================================
=== AffineForOpRaising::matchAndRewrite ===
========================================
Processing loop:
affine.for %arg7 = 0 to %2 {
  %3 = polygeist.submap(%arg6, %arg7, %1) {map = affine_map<(d0)[s0] -> (s0)>} : (memref<?xf64>, index, index) -> memref<?xf64>
  %4 = polygeist.submap(%arg4, %1) {map = affine_map<(d0) -> (0, d0)>} : (memref<?x30xf64>, index) -> memref<?xf64>
  linalg.generic {indexing_maps = [affine_map<(d0) -> (d0)>, affine_map<(d0) -> (d0)>], iterator_types = ["parallel"]} ins(%3 : memref<?xf64>) outs(%4 : memref<?xf64>) {
  ^bb0(%in: f64, %out: f64):
    linalg.yield %in : f64
  }
  %5 = arith.subi %0, %c1 : index
  %6 = polygeist.submap(%arg5, %1, %5) {map = affine_map<(d0, d1) -> (d1 + 1, d0)>} : (memref<?x30xf64>, index, index) -> memref<?x?xf64>
  %7 = polygeist.submap(%arg5, %1, %5) {map = affine_map<(d0, d1) -> (d1, d0)>} : (memref<?x30xf64>, index, index) -> memref<?x?xf64>
  %8 = polygeist.submap(%arg4, %1, %5) {map = affine_map<(d0, d1) -> (d1 + 1, d0)>} : (memref<?x30xf64>, index, index) -> memref<?x?xf64>
  linalg.generic {indexing_maps = [affine_map<(d0, d1) -> (d0, d1)>, affine_map<(d0, d1) -> (d0, d1)>, affine_map<(d0, d1) -> (d0, d1)>], iterator_types = ["parallel", "parallel"]} ins(%6, %7 : memref<?x?xf64>, memref<?x?xf64>) outs(%8 : memref<?x?xf64>) {
  ^bb0(%in: f64, %in_1: f64, %out: f64):
    %26 = arith.subf %in, %in_1 : f64
    %27 = arith.mulf %26, %cst : f64
    %28 = arith.subf %out, %27 : f64
    linalg.yield %28 : f64
  }
  %9 = arith.subi %1, %c1 : index
  %10 = polygeist.submap(%arg5, %9, %0) {map = affine_map<(d0, d1) -> (d1, d0 + 1)>} : (memref<?x30xf64>, index, index) -> memref<?x?xf64>
  %11 = arith.subi %1, %c1 : index
  %12 = polygeist.submap(%arg5, %11, %0) {map = affine_map<(d0, d1) -> (d1, d0)>} : (memref<?x30xf64>, index, index) -> memref<?x?xf64>
  %13 = arith.subi %1, %c1 : index
  %14 = polygeist.submap(%arg3, %13, %0) {map = affine_map<(d0, d1) -> (d1, d0 + 1)>} : (memref<?x30xf64>, index, index) -> memref<?x?xf64>
  linalg.generic {indexing_maps = [affine_map<(d0, d1) -> (d0, d1)>, affine_map<(d0, d1) -> (d0, d1)>, affine_map<(d0, d1) -> (d0, d1)>], iterator_types = ["parallel", "parallel"]} ins(%10, %12 : memref<?x?xf64>, memref<?x?xf64>) outs(%14 : memref<?x?xf64>) {
  ^bb0(%in: f64, %in_1: f64, %out: f64):
    %26 = arith.subf %in, %in_1 : f64
    %27 = arith.mulf %26, %cst : f64
    %28 = arith.subf %out, %27 : f64
    linalg.yield %28 : f64
  }
  %15 = affine.apply affine_map<()[s0] -> (s0 - 1)>()[%0]
  %16 = affine.apply affine_map<()[s0] -> (s0 - 1)>()[%1]
  %17 = polygeist.submap(%arg3, %16, %15) {map = affine_map<(d0, d1) -> (d1, d0 + 1)>} : (memref<?x30xf64>, index, index) -> memref<?x?xf64>
  %18 = affine.apply affine_map<()[s0] -> (s0 - 1)>()[%1]
  %19 = polygeist.submap(%arg3, %18, %15) {map = affine_map<(d0, d1) -> (d1, d0)>} : (memref<?x30xf64>, index, index) -> memref<?x?xf64>
  %20 = affine.apply affine_map<()[s0] -> (s0 - 1)>()[%1]
  %21 = polygeist.submap(%arg4, %20, %15) {map = affine_map<(d0, d1) -> (d1 + 1, d0)>} : (memref<?x30xf64>, index, index) -> memref<?x?xf64>
  %22 = affine.apply affine_map<()[s0] -> (s0 - 1)>()[%1]
  %23 = polygeist.submap(%arg4, %22, %15) {map = affine_map<(d0, d1) -> (d1, d0)>} : (memref<?x30xf64>, index, index) -> memref<?x?xf64>
  %24 = affine.apply affine_map<()[s0] -> (s0 - 1)>()[%1]
  %25 = polygeist.submap(%arg5, %24, %15) {map = affine_map<(d0, d1) -> (d1, d0)>} : (memref<?x30xf64>, index, index) -> memref<?x?xf64>
  linalg.generic {indexing_maps = [affine_map<(d0, d1) -> (d0, d1)>, affine_map<(d0, d1) -> (d0, d1)>, affine_map<(d0, d1) -> (d0, d1)>, affine_map<(d0, d1) -> (d0, d1)>, affine_map<(d0, d1) -> (d0, d1)>], iterator_types = ["parallel", "parallel"]} ins(%17, %19, %21, %23 : memref<?x?xf64>, memref<?x?xf64>, memref<?x?xf64>, memref<?x?xf64>) outs(%25 : memref<?x?xf64>) {
  ^bb0(%in: f64, %in_1: f64, %in_2: f64, %in_3: f64, %out: f64):
    %26 = arith.subf %in, %in_1 : f64
    %27 = arith.addf %26, %in_2 : f64
    %28 = arith.subf %27, %in_3 : f64
    %29 = arith.mulf %28, %cst_0 : f64
    %30 = arith.subf %out, %29 : f64
    linalg.yield %30 : f64
  }
}

Pattern recognition complete:
  Loads: 0
  Stores: 0
  LinalgGenerics: 4

Loop bounds:
  lbMap: () -> (0)
  ubMap: ()[s0] -> (s0)

--- Processing Linalg Generics ---
Processing linalg.generic:
linalg.generic {indexing_maps = [affine_map<(d0) -> (d0)>, affine_map<(d0) -> (d0)>], iterator_types = ["parallel"]} ins(%6 : memref<?xf64>) outs(%7 : memref<?xf64>) {
^bb0(%in: f64, %out: f64):
  linalg.yield %in : f64
}
  Processing 1 inputs
  Input 0 indexing map: (d0) -> (d0)

=== getLinalgArgMap ===
  Initial lgMap: (d0) -> (d0)
  Found SubmapOp with map: (d0)[s0] -> (s0)
  Composed map: (d0)[s0] -> (s0)
  Final lgMap: (d0)[s0] -> (s0)
=== getLinalgArgMap END ===

  Calling remap_in_affine_dim for input 0

=== remap_in_affine_dim ===
  oldmap: (d0)[s0] -> (s0)
  firstNDims: 1
  check_reduction (input): 0
  lower_bound_val: 0
  dimidx: 1
  check_reduction (output): 0
  new map (map2): (d0, d1) -> (d1)
  validDims: 2, validSims: 0
  Created SubmapOp with type: memref<?x?xf64>
=== remap_in_affine_dim END ===

  Processing 1 outputs

=== getLinalgArgMap ===
  Initial lgMap: (d0) -> (d0)
  Found SubmapOp with map: (d0) -> (0, d0)
  Composed map: (d0) -> (0, d0)
  Final lgMap: (d0) -> (0, d0)
=== getLinalgArgMap END ===

  Calling remap_in_affine_dim for output 0

=== remap_in_affine_dim ===
  oldmap: (d0) -> (0, d0)
  firstNDims: 1
  check_reduction (input): 1
  lower_bound_val: 0
  dimidx: -1
  check_reduction (output): 1
  new map (map2): (d0, d1) -> (0, d0)
  validDims: 1, validSims: 0
  Created SubmapOp with type: memref<?x?xf64>
=== remap_in_affine_dim END ===

Processing linalg.generic:
linalg.generic {indexing_maps = [affine_map<(d0, d1) -> (d0, d1)>, affine_map<(d0, d1) -> (d0, d1)>, affine_map<(d0, d1) -> (d0, d1)>], iterator_types = ["parallel", "parallel"]} ins(%11, %12 : memref<?x?xf64>, memref<?x?xf64>) outs(%13 : memref<?x?xf64>) {
^bb0(%in: f64, %in_1: f64, %out: f64):
  %31 = arith.subf %in, %in_1 : f64
  %32 = arith.mulf %31, %cst : f64
  %33 = arith.subf %out, %32 : f64
  linalg.yield %33 : f64
}
  Processing 2 inputs
  Input 0 indexing map: (d0, d1) -> (d0, d1)

=== getLinalgArgMap ===
  Initial lgMap: (d0, d1) -> (d0, d1)
  Found SubmapOp with map: (d0, d1) -> (d1 + 1, d0)
  Composed map: (d0, d1) -> (d1 + 1, d0)
  Final lgMap: (d0, d1) -> (d1 + 1, d0)
=== getLinalgArgMap END ===

  Calling remap_in_affine_dim for input 0

=== remap_in_affine_dim ===
  oldmap: (d0, d1) -> (d1 + 1, d0)
  firstNDims: 2
  check_reduction (input): 0
  lower_bound_val: 0
  dimidx: -1
  check_reduction (output): 0
  new map (map2): (d0, d1, d2) -> (d1 + 1, d0)
  validDims: 2, validSims: 0
  Created SubmapOp with type: memref<?x?x?xf64>
=== remap_in_affine_dim END ===

  Input 1 indexing map: (d0, d1) -> (d0, d1)

=== getLinalgArgMap ===
  Initial lgMap: (d0, d1) -> (d0, d1)
  Found SubmapOp with map: (d0, d1) -> (d1, d0)
  Composed map: (d0, d1) -> (d1, d0)
  Final lgMap: (d0, d1) -> (d1, d0)
=== getLinalgArgMap END ===

  Calling remap_in_affine_dim for input 1

=== remap_in_affine_dim ===
  oldmap: (d0, d1) -> (d1, d0)
  firstNDims: 2
  check_reduction (input): 0
  lower_bound_val: 0
  dimidx: -1
  check_reduction (output): 0
  new map (map2): (d0, d1, d2) -> (d1, d0)
  validDims: 2, validSims: 0
  Created SubmapOp with type: memref<?x?x?xf64>
=== remap_in_affine_dim END ===

  Processing 1 outputs

=== getLinalgArgMap ===
  Initial lgMap: (d0, d1) -> (d0, d1)
  Found SubmapOp with map: (d0, d1) -> (d1 + 1, d0)
  Composed map: (d0, d1) -> (d1 + 1, d0)
  Final lgMap: (d0, d1) -> (d1 + 1, d0)
=== getLinalgArgMap END ===

  Calling remap_in_affine_dim for output 0

=== remap_in_affine_dim ===
  oldmap: (d0, d1) -> (d1 + 1, d0)
  firstNDims: 2
  check_reduction (input): 1
  lower_bound_val: 0
  dimidx: -1
  check_reduction (output): 1
  new map (map2): (d0, d1, d2) -> (d1 + 1, d0)
  validDims: 2, validSims: 0
  Created SubmapOp with type: memref<?x?x?xf64>
=== remap_in_affine_dim END ===

Processing linalg.generic:
linalg.generic {indexing_maps = [affine_map<(d0, d1) -> (d0, d1)>, affine_map<(d0, d1) -> (d0, d1)>, affine_map<(d0, d1) -> (d0, d1)>], iterator_types = ["parallel", "parallel"]} ins(%21, %23 : memref<?x?xf64>, memref<?x?xf64>) outs(%25 : memref<?x?xf64>) {
^bb0(%in: f64, %in_1: f64, %out: f64):
  %37 = arith.subf %in, %in_1 : f64
  %38 = arith.mulf %37, %cst : f64
  %39 = arith.subf %out, %38 : f64
  linalg.yield %39 : f64
}
  Processing 2 inputs
  Input 0 indexing map: (d0, d1) -> (d0, d1)

=== getLinalgArgMap ===
  Initial lgMap: (d0, d1) -> (d0, d1)
  Found SubmapOp with map: (d0, d1) -> (d1, d0 + 1)
  Composed map: (d0, d1) -> (d1, d0 + 1)
  Final lgMap: (d0, d1) -> (d1, d0 + 1)
=== getLinalgArgMap END ===

  Calling remap_in_affine_dim for input 0

=== remap_in_affine_dim ===
  oldmap: (d0, d1) -> (d1, d0 + 1)
  firstNDims: 2
  check_reduction (input): 0
  lower_bound_val: 0
  dimidx: -1
  check_reduction (output): 0
  new map (map2): (d0, d1, d2) -> (d1, d0 + 1)
  validDims: 2, validSims: 0
  Created SubmapOp with type: memref<?x?x?xf64>
=== remap_in_affine_dim END ===

  Input 1 indexing map: (d0, d1) -> (d0, d1)

=== getLinalgArgMap ===
  Initial lgMap: (d0, d1) -> (d0, d1)
  Found SubmapOp with map: (d0, d1) -> (d1, d0)
  Composed map: (d0, d1) -> (d1, d0)
  Final lgMap: (d0, d1) -> (d1, d0)
=== getLinalgArgMap END ===

  Calling remap_in_affine_dim for input 1

=== remap_in_affine_dim ===
  oldmap: (d0, d1) -> (d1, d0)
  firstNDims: 2
  check_reduction (input): 0
  lower_bound_val: 0
  dimidx: -1
  check_reduction (output): 0
  new map (map2): (d0, d1, d2) -> (d1, d0)
  validDims: 2, validSims: 0
  Created SubmapOp with type: memref<?x?x?xf64>
=== remap_in_affine_dim END ===

  Processing 1 outputs

=== getLinalgArgMap ===
  Initial lgMap: (d0, d1) -> (d0, d1)
  Found SubmapOp with map: (d0, d1) -> (d1, d0 + 1)
  Composed map: (d0, d1) -> (d1, d0 + 1)
  Final lgMap: (d0, d1) -> (d1, d0 + 1)
=== getLinalgArgMap END ===

  Calling remap_in_affine_dim for output 0

=== remap_in_affine_dim ===
  oldmap: (d0, d1) -> (d1, d0 + 1)
  firstNDims: 2
  check_reduction (input): 1
  lower_bound_val: 0
  dimidx: -1
  check_reduction (output): 1
  new map (map2): (d0, d1, d2) -> (d1, d0 + 1)
  validDims: 2, validSims: 0
  Created SubmapOp with type: memref<?x?x?xf64>
=== remap_in_affine_dim END ===

Processing linalg.generic:
linalg.generic {indexing_maps = [affine_map<(d0, d1) -> (d0, d1)>, affine_map<(d0, d1) -> (d0, d1)>, affine_map<(d0, d1) -> (d0, d1)>, affine_map<(d0, d1) -> (d0, d1)>, affine_map<(d0, d1) -> (d0, d1)>], iterator_types = ["parallel", "parallel"]} ins(%34, %36, %38, %40 : memref<?x?xf64>, memref<?x?xf64>, memref<?x?xf64>, memref<?x?xf64>) outs(%42 : memref<?x?xf64>) {
^bb0(%in: f64, %in_1: f64, %in_2: f64, %in_3: f64, %out: f64):
  %43 = arith.subf %in, %in_1 : f64
  %44 = arith.addf %43, %in_2 : f64
  %45 = arith.subf %44, %in_3 : f64
  %46 = arith.mulf %45, %cst_0 : f64
  %47 = arith.subf %out, %46 : f64
  linalg.yield %47 : f64
}
  Processing 4 inputs
  Input 0 indexing map: (d0, d1) -> (d0, d1)

=== getLinalgArgMap ===
  Initial lgMap: (d0, d1) -> (d0, d1)
  Found SubmapOp with map: (d0, d1) -> (d1, d0 + 1)
  Composed map: (d0, d1) -> (d1, d0 + 1)
  Final lgMap: (d0, d1) -> (d1, d0 + 1)
=== getLinalgArgMap END ===

  Calling remap_in_affine_dim for input 0

=== remap_in_affine_dim ===
  oldmap: (d0, d1) -> (d1, d0 + 1)
  firstNDims: 2
  check_reduction (input): 0
  lower_bound_val: 0
  dimidx: -1
  check_reduction (output): 0
  new map (map2): (d0, d1, d2) -> (d1, d0 + 1)
  validDims: 2, validSims: 0
  Created SubmapOp with type: memref<?x?x?xf64>
=== remap_in_affine_dim END ===

  Input 1 indexing map: (d0, d1) -> (d0, d1)

=== getLinalgArgMap ===
  Initial lgMap: (d0, d1) -> (d0, d1)
  Found SubmapOp with map: (d0, d1) -> (d1, d0)
  Composed map: (d0, d1) -> (d1, d0)
  Final lgMap: (d0, d1) -> (d1, d0)
=== getLinalgArgMap END ===

  Calling remap_in_affine_dim for input 1

=== remap_in_affine_dim ===
  oldmap: (d0, d1) -> (d1, d0)
  firstNDims: 2
  check_reduction (input): 0
  lower_bound_val: 0
  dimidx: -1
  check_reduction (output): 0
  new map (map2): (d0, d1, d2) -> (d1, d0)
  validDims: 2, validSims: 0
  Created SubmapOp with type: memref<?x?x?xf64>
=== remap_in_affine_dim END ===

  Input 2 indexing map: (d0, d1) -> (d0, d1)

=== getLinalgArgMap ===
  Initial lgMap: (d0, d1) -> (d0, d1)
  Found SubmapOp with map: (d0, d1) -> (d1 + 1, d0)
  Composed map: (d0, d1) -> (d1 + 1, d0)
  Final lgMap: (d0, d1) -> (d1 + 1, d0)
=== getLinalgArgMap END ===

  Calling remap_in_affine_dim for input 2

=== remap_in_affine_dim ===
  oldmap: (d0, d1) -> (d1 + 1, d0)
  firstNDims: 2
  check_reduction (input): 0
  lower_bound_val: 0
  dimidx: -1
  check_reduction (output): 0
  new map (map2): (d0, d1, d2) -> (d1 + 1, d0)
  validDims: 2, validSims: 0
  Created SubmapOp with type: memref<?x?x?xf64>
=== remap_in_affine_dim END ===

  Input 3 indexing map: (d0, d1) -> (d0, d1)

=== getLinalgArgMap ===
  Initial lgMap: (d0, d1) -> (d0, d1)
  Found SubmapOp with map: (d0, d1) -> (d1, d0)
  Composed map: (d0, d1) -> (d1, d0)
  Final lgMap: (d0, d1) -> (d1, d0)
=== getLinalgArgMap END ===

  Calling remap_in_affine_dim for input 3

=== remap_in_affine_dim ===
  oldmap: (d0, d1) -> (d1, d0)
  firstNDims: 2
  check_reduction (input): 0
  lower_bound_val: 0
  dimidx: -1
  check_reduction (output): 0
  new map (map2): (d0, d1, d2) -> (d1, d0)
  validDims: 2, validSims: 0
  Created SubmapOp with type: memref<?x?x?xf64>
=== remap_in_affine_dim END ===

  Processing 1 outputs

=== getLinalgArgMap ===
  Initial lgMap: (d0, d1) -> (d0, d1)
  Found SubmapOp with map: (d0, d1) -> (d1, d0)
  Composed map: (d0, d1) -> (d1, d0)
  Final lgMap: (d0, d1) -> (d1, d0)
=== getLinalgArgMap END ===

  Calling remap_in_affine_dim for output 0

=== remap_in_affine_dim ===
  oldmap: (d0, d1) -> (d1, d0)
  firstNDims: 2
  check_reduction (input): 1
  lower_bound_val: 0
  dimidx: -1
  check_reduction (output): 1
  new map (map2): (d0, d1, d2) -> (d1, d0)
  validDims: 2, validSims: 0
  Created SubmapOp with type: memref<?x?x?xf64>
=== remap_in_affine_dim END ===


--- Processing Loads ---

--- Processing Stores ---
REJECTED: More than one linalg generic

WARNING: AffineForOpRaising didn't converge
fdtd-2d.mlir:3:3: warning: AffineForOpRaising didn't converge, continuing anyway
  func.func @kernel_fdtd_2d(%arg0: i32, %arg1: i32, %arg2: i32, %arg3: memref<?x30xf64>, %arg4: memref<?x30xf64>, %arg5: memref<?x30xf64>, %arg6: memref<?xf64>) attributes {llvm.linkage = #llvm.linkage<external>} {
  ^
fdtd-2d.mlir:3:3: note: see current operation: 
func.func @kernel_fdtd_2d(%arg0: i32, %arg1: i32, %arg2: i32, %arg3: memref<?x30xf64>, %arg4: memref<?x30xf64>, %arg5: memref<?x30xf64>, %arg6: memref<?xf64>) attributes {llvm.linkage = #llvm.linkage<external>} {
  %c1 = arith.constant 1 : index
  %cst = arith.constant 5.000000e-01 : f64
  %cst_0 = arith.constant 0.69999999999999996 : f64
  %0 = arith.index_cast %arg1 : i32 to index
  %1 = arith.index_cast %arg2 : i32 to index
  %2 = arith.index_cast %arg0 : i32 to index
  affine.for %arg7 = 0 to %2 {
    %3 = polygeist.submap(%arg6, %arg7, %1) {map = affine_map<(d0)[s0] -> (s0)>} : (memref<?xf64>, index, index) -> memref<?xf64>
    %4 = polygeist.submap(%arg4, %1) {map = affine_map<(d0) -> (0, d0)>} : (memref<?x30xf64>, index) -> memref<?xf64>
    linalg.generic {indexing_maps = [affine_map<(d0) -> (d0)>, affine_map<(d0) -> (d0)>], iterator_types = ["parallel"]} ins(%3 : memref<?xf64>) outs(%4 : memref<?xf64>) {
    ^bb0(%in: f64, %out: f64):
      linalg.yield %in : f64
    }
    %5 = arith.subi %0, %c1 : index
    %6 = polygeist.submap(%arg5, %1, %5) {map = affine_map<(d0, d1) -> (d1 + 1, d0)>} : (memref<?x30xf64>, index, index) -> memref<?x?xf64>
    %7 = polygeist.submap(%arg5, %1, %5) {map = affine_map<(d0, d1) -> (d1, d0)>} : (memref<?x30xf64>, index, index) -> memref<?x?xf64>
    %8 = polygeist.submap(%arg4, %1, %5) {map = affine_map<(d0, d1) -> (d1 + 1, d0)>} : (memref<?x30xf64>, index, index) -> memref<?x?xf64>
    linalg.generic {indexing_maps = [affine_map<(d0, d1) -> (d0, d1)>, affine_map<(d0, d1) -> (d0, d1)>, affine_map<(d0, d1) -> (d0, d1)>], iterator_types = ["parallel", "parallel"]} ins(%6, %7 : memref<?x?xf64>, memref<?x?xf64>) outs(%8 : memref<?x?xf64>) {
    ^bb0(%in: f64, %in_1: f64, %out: f64):
      %26 = arith.subf %in, %in_1 : f64
      %27 = arith.mulf %26, %cst : f64
      %28 = arith.subf %out, %27 : f64
      linalg.yield %28 : f64
    }
    %9 = arith.subi %1, %c1 : index
    %10 = polygeist.submap(%arg5, %9, %0) {map = affine_map<(d0, d1) -> (d1, d0 + 1)>} : (memref<?x30xf64>, index, index) -> memref<?x?xf64>
    %11 = arith.subi %1, %c1 : index
    %12 = polygeist.submap(%arg5, %11, %0) {map = affine_map<(d0, d1) -> (d1, d0)>} : (memref<?x30xf64>, index, index) -> memref<?x?xf64>
    %13 = arith.subi %1, %c1 : index
    %14 = polygeist.submap(%arg3, %13, %0) {map = affine_map<(d0, d1) -> (d1, d0 + 1)>} : (memref<?x30xf64>, index, index) -> memref<?x?xf64>
    linalg.generic {indexing_maps = [affine_map<(d0, d1) -> (d0, d1)>, affine_map<(d0, d1) -> (d0, d1)>, affine_map<(d0, d1) -> (d0, d1)>], iterator_types = ["parallel", "parallel"]} ins(%10, %12 : memref<?x?xf64>, memref<?x?xf64>) outs(%14 : memref<?x?xf64>) {
    ^bb0(%in: f64, %in_1: f64, %out: f64):
      %26 = arith.subf %in, %in_1 : f64
      %27 = arith.mulf %26, %cst : f64
      %28 = arith.subf %out, %27 : f64
      linalg.yield %28 : f64
    }
    %15 = affine.apply affine_map<()[s0] -> (s0 - 1)>()[%0]
    %16 = affine.apply affine_map<()[s0] -> (s0 - 1)>()[%1]
    %17 = polygeist.submap(%arg3, %16, %15) {map = affine_map<(d0, d1) -> (d1, d0 + 1)>} : (memref<?x30xf64>, index, index) -> memref<?x?xf64>
    %18 = affine.apply affine_map<()[s0] -> (s0 - 1)>()[%1]
    %19 = polygeist.submap(%arg3, %18, %15) {map = affine_map<(d0, d1) -> (d1, d0)>} : (memref<?x30xf64>, index, index) -> memref<?x?xf64>
    %20 = affine.apply affine_map<()[s0] -> (s0 - 1)>()[%1]
    %21 = polygeist.submap(%arg4, %20, %15) {map = affine_map<(d0, d1) -> (d1 + 1, d0)>} : (memref<?x30xf64>, index, index) -> memref<?x?xf64>
    %22 = affine.apply affine_map<()[s0] -> (s0 - 1)>()[%1]
    %23 = polygeist.submap(%arg4, %22, %15) {map = affine_map<(d0, d1) -> (d1, d0)>} : (memref<?x30xf64>, index, index) -> memref<?x?xf64>
    %24 = affine.apply affine_map<()[s0] -> (s0 - 1)>()[%1]
    %25 = polygeist.submap(%arg5, %24, %15) {map = affine_map<(d0, d1) -> (d1, d0)>} : (memref<?x30xf64>, index, index) -> memref<?x?xf64>
    linalg.generic {indexing_maps = [affine_map<(d0, d1) -> (d0, d1)>, affine_map<(d0, d1) -> (d0, d1)>, affine_map<(d0, d1) -> (d0, d1)>, affine_map<(d0, d1) -> (d0, d1)>, affine_map<(d0, d1) -> (d0, d1)>], iterator_types = ["parallel", "parallel"]} ins(%17, %19, %21, %23 : memref<?x?xf64>, memref<?x?xf64>, memref<?x?xf64>, memref<?x?xf64>) outs(%25 : memref<?x?xf64>) {
    ^bb0(%in: f64, %in_1: f64, %in_2: f64, %in_3: f64, %out: f64):
      %26 = arith.subf %in, %in_1 : f64
      %27 = arith.addf %26, %in_2 : f64
      %28 = arith.subf %27, %in_3 : f64
      %29 = arith.mulf %28, %cst_0 : f64
      %30 = arith.subf %out, %29 : f64
      linalg.yield %30 : f64
    }
  }
  return
}
### Step 3 Complete ###

****************************************
*** RaiseAffineToLinalg END ***
****************************************


****************************************
*** RaiseAffineToLinalgPipeline END ***
****************************************

