
****************************************
*** RaiseAffineToLinalgPipeline START ***
****************************************

Running pipeline...

****************************************
*** RaiseAffineToLinalg START ***
****************************************

### Step 1: Applying AffineParallelFission ###

=== AffineParallelFission ===
Processing affine.parallel:
affine.parallel (%arg5) = (1) to (symbol(%0) - 1) {
  affine.parallel (%arg6) = (1) to (symbol(%0) - 1) {
    affine.parallel (%arg7) = (1) to (symbol(%0) - 1) {
      %1 = affine.load %arg3[%arg5 + 1, %arg6, %arg7] : memref<?x10x10xf64>
      %2 = affine.load %arg3[%arg5, %arg6, %arg7] : memref<?x10x10xf64>
      %3 = arith.mulf %2, %cst_0 : f64
      %4 = arith.subf %1, %3 : f64
      %5 = affine.load %arg3[%arg5 - 1, %arg6, %arg7] : memref<?x10x10xf64>
      %6 = arith.addf %4, %5 : f64
      %7 = arith.mulf %6, %cst : f64
      %8 = affine.load %arg3[%arg5, %arg6 + 1, %arg7] : memref<?x10x10xf64>
      %9 = arith.subf %8, %3 : f64
      %10 = affine.load %arg3[%arg5, %arg6 - 1, %arg7] : memref<?x10x10xf64>
      %11 = arith.addf %9, %10 : f64
      %12 = arith.mulf %11, %cst : f64
      %13 = arith.addf %7, %12 : f64
      %14 = affine.load %arg3[%arg5, %arg6, %arg7 + 1] : memref<?x10x10xf64>
      %15 = arith.subf %14, %3 : f64
      %16 = affine.load %arg3[%arg5, %arg6, %arg7 - 1] : memref<?x10x10xf64>
      %17 = arith.addf %15, %16 : f64
      %18 = arith.mulf %17, %cst : f64
      %19 = arith.addf %13, %18 : f64
      %20 = arith.addf %19, %2 : f64
      affine.store %20, %arg2[%arg5, %arg6, %arg7] : memref<?x10x10xf64>
    }
  }
}
REJECTED: Less than 2 nested loops (found 1)


=== AffineParallelFission ===
Processing affine.parallel:
affine.parallel (%arg6) = (1) to (symbol(%0) - 1) {
  affine.parallel (%arg7) = (1) to (symbol(%0) - 1) {
    %1 = affine.load %arg3[%arg5 + 1, %arg6, %arg7] : memref<?x10x10xf64>
    %2 = affine.load %arg3[%arg5, %arg6, %arg7] : memref<?x10x10xf64>
    %3 = arith.mulf %2, %cst_0 : f64
    %4 = arith.subf %1, %3 : f64
    %5 = affine.load %arg3[%arg5 - 1, %arg6, %arg7] : memref<?x10x10xf64>
    %6 = arith.addf %4, %5 : f64
    %7 = arith.mulf %6, %cst : f64
    %8 = affine.load %arg3[%arg5, %arg6 + 1, %arg7] : memref<?x10x10xf64>
    %9 = arith.subf %8, %3 : f64
    %10 = affine.load %arg3[%arg5, %arg6 - 1, %arg7] : memref<?x10x10xf64>
    %11 = arith.addf %9, %10 : f64
    %12 = arith.mulf %11, %cst : f64
    %13 = arith.addf %7, %12 : f64
    %14 = affine.load %arg3[%arg5, %arg6, %arg7 + 1] : memref<?x10x10xf64>
    %15 = arith.subf %14, %3 : f64
    %16 = affine.load %arg3[%arg5, %arg6, %arg7 - 1] : memref<?x10x10xf64>
    %17 = arith.addf %15, %16 : f64
    %18 = arith.mulf %17, %cst : f64
    %19 = arith.addf %13, %18 : f64
    %20 = arith.addf %19, %2 : f64
    affine.store %20, %arg2[%arg5, %arg6, %arg7] : memref<?x10x10xf64>
  }
}
REJECTED: Less than 2 nested loops (found 1)


=== AffineParallelFission ===
Processing affine.parallel:
affine.parallel (%arg7) = (1) to (symbol(%0) - 1) {
  %1 = affine.load %arg3[%arg5 + 1, %arg6, %arg7] : memref<?x10x10xf64>
  %2 = affine.load %arg3[%arg5, %arg6, %arg7] : memref<?x10x10xf64>
  %3 = arith.mulf %2, %cst_0 : f64
  %4 = arith.subf %1, %3 : f64
  %5 = affine.load %arg3[%arg5 - 1, %arg6, %arg7] : memref<?x10x10xf64>
  %6 = arith.addf %4, %5 : f64
  %7 = arith.mulf %6, %cst : f64
  %8 = affine.load %arg3[%arg5, %arg6 + 1, %arg7] : memref<?x10x10xf64>
  %9 = arith.subf %8, %3 : f64
  %10 = affine.load %arg3[%arg5, %arg6 - 1, %arg7] : memref<?x10x10xf64>
  %11 = arith.addf %9, %10 : f64
  %12 = arith.mulf %11, %cst : f64
  %13 = arith.addf %7, %12 : f64
  %14 = affine.load %arg3[%arg5, %arg6, %arg7 + 1] : memref<?x10x10xf64>
  %15 = arith.subf %14, %3 : f64
  %16 = affine.load %arg3[%arg5, %arg6, %arg7 - 1] : memref<?x10x10xf64>
  %17 = arith.addf %15, %16 : f64
  %18 = arith.mulf %17, %cst : f64
  %19 = arith.addf %13, %18 : f64
  %20 = arith.addf %19, %2 : f64
  affine.store %20, %arg2[%arg5, %arg6, %arg7] : memref<?x10x10xf64>
}

=== AffineParallelFission ===
Processing affine.parallel:
affine.parallel (%arg5) = (1) to (symbol(%0) - 1) {
  affine.parallel (%arg6) = (1) to (symbol(%0) - 1) {
    affine.parallel (%arg7) = (1) to (symbol(%0) - 1) {
      %1 = affine.load %arg2[%arg5 + 1, %arg6, %arg7] : memref<?x10x10xf64>
      %2 = affine.load %arg2[%arg5, %arg6, %arg7] : memref<?x10x10xf64>
      %3 = arith.mulf %2, %cst_0 : f64
      %4 = arith.subf %1, %3 : f64
      %5 = affine.load %arg2[%arg5 - 1, %arg6, %arg7] : memref<?x10x10xf64>
      %6 = arith.addf %4, %5 : f64
      %7 = arith.mulf %6, %cst : f64
      %8 = affine.load %arg2[%arg5, %arg6 + 1, %arg7] : memref<?x10x10xf64>
      %9 = arith.subf %8, %3 : f64
      %10 = affine.load %arg2[%arg5, %arg6 - 1, %arg7] : memref<?x10x10xf64>
      %11 = arith.addf %9, %10 : f64
      %12 = arith.mulf %11, %cst : f64
      %13 = arith.addf %7, %12 : f64
      %14 = affine.load %arg2[%arg5, %arg6, %arg7 + 1] : memref<?x10x10xf64>
      %15 = arith.subf %14, %3 : f64
      %16 = affine.load %arg2[%arg5, %arg6, %arg7 - 1] : memref<?x10x10xf64>
      %17 = arith.addf %15, %16 : f64
      %18 = arith.mulf %17, %cst : f64
      %19 = arith.addf %13, %18 : f64
      %20 = arith.addf %19, %2 : f64
      affine.store %20, %arg3[%arg5, %arg6, %arg7] : memref<?x10x10xf64>
    }
  }
}
REJECTED: Less than 2 nested loops (found 1)


=== AffineParallelFission ===
Processing affine.parallel:
affine.parallel (%arg6) = (1) to (symbol(%0) - 1) {
  affine.parallel (%arg7) = (1) to (symbol(%0) - 1) {
    %1 = affine.load %arg2[%arg5 + 1, %arg6, %arg7] : memref<?x10x10xf64>
    %2 = affine.load %arg2[%arg5, %arg6, %arg7] : memref<?x10x10xf64>
    %3 = arith.mulf %2, %cst_0 : f64
    %4 = arith.subf %1, %3 : f64
    %5 = affine.load %arg2[%arg5 - 1, %arg6, %arg7] : memref<?x10x10xf64>
    %6 = arith.addf %4, %5 : f64
    %7 = arith.mulf %6, %cst : f64
    %8 = affine.load %arg2[%arg5, %arg6 + 1, %arg7] : memref<?x10x10xf64>
    %9 = arith.subf %8, %3 : f64
    %10 = affine.load %arg2[%arg5, %arg6 - 1, %arg7] : memref<?x10x10xf64>
    %11 = arith.addf %9, %10 : f64
    %12 = arith.mulf %11, %cst : f64
    %13 = arith.addf %7, %12 : f64
    %14 = affine.load %arg2[%arg5, %arg6, %arg7 + 1] : memref<?x10x10xf64>
    %15 = arith.subf %14, %3 : f64
    %16 = affine.load %arg2[%arg5, %arg6, %arg7 - 1] : memref<?x10x10xf64>
    %17 = arith.addf %15, %16 : f64
    %18 = arith.mulf %17, %cst : f64
    %19 = arith.addf %13, %18 : f64
    %20 = arith.addf %19, %2 : f64
    affine.store %20, %arg3[%arg5, %arg6, %arg7] : memref<?x10x10xf64>
  }
}
REJECTED: Less than 2 nested loops (found 1)


=== AffineParallelFission ===
Processing affine.parallel:
affine.parallel (%arg7) = (1) to (symbol(%0) - 1) {
  %1 = affine.load %arg2[%arg5 + 1, %arg6, %arg7] : memref<?x10x10xf64>
  %2 = affine.load %arg2[%arg5, %arg6, %arg7] : memref<?x10x10xf64>
  %3 = arith.mulf %2, %cst_0 : f64
  %4 = arith.subf %1, %3 : f64
  %5 = affine.load %arg2[%arg5 - 1, %arg6, %arg7] : memref<?x10x10xf64>
  %6 = arith.addf %4, %5 : f64
  %7 = arith.mulf %6, %cst : f64
  %8 = affine.load %arg2[%arg5, %arg6 + 1, %arg7] : memref<?x10x10xf64>
  %9 = arith.subf %8, %3 : f64
  %10 = affine.load %arg2[%arg5, %arg6 - 1, %arg7] : memref<?x10x10xf64>
  %11 = arith.addf %9, %10 : f64
  %12 = arith.mulf %11, %cst : f64
  %13 = arith.addf %7, %12 : f64
  %14 = affine.load %arg2[%arg5, %arg6, %arg7 + 1] : memref<?x10x10xf64>
  %15 = arith.subf %14, %3 : f64
  %16 = affine.load %arg2[%arg5, %arg6, %arg7 - 1] : memref<?x10x10xf64>
  %17 = arith.addf %15, %16 : f64
  %18 = arith.mulf %17, %cst : f64
  %19 = arith.addf %13, %18 : f64
  %20 = arith.addf %19, %2 : f64
  affine.store %20, %arg3[%arg5, %arg6, %arg7] : memref<?x10x10xf64>
}
### Step 1 Complete ###

### Step 2: Applying AffineParallelToFor ###

=== AffineParallelToFor ===
Processing affine.parallel:
affine.parallel (%arg5) = (1) to (symbol(%0) - 1) {
  affine.parallel (%arg6) = (1) to (symbol(%0) - 1) {
    affine.parallel (%arg7) = (1) to (symbol(%0) - 1) {
      %1 = affine.load %arg3[%arg5 + 1, %arg6, %arg7] : memref<?x10x10xf64>
      %2 = affine.load %arg3[%arg5, %arg6, %arg7] : memref<?x10x10xf64>
      %3 = arith.mulf %2, %cst_0 : f64
      %4 = arith.subf %1, %3 : f64
      %5 = affine.load %arg3[%arg5 - 1, %arg6, %arg7] : memref<?x10x10xf64>
      %6 = arith.addf %4, %5 : f64
      %7 = arith.mulf %6, %cst : f64
      %8 = affine.load %arg3[%arg5, %arg6 + 1, %arg7] : memref<?x10x10xf64>
      %9 = arith.subf %8, %3 : f64
      %10 = affine.load %arg3[%arg5, %arg6 - 1, %arg7] : memref<?x10x10xf64>
      %11 = arith.addf %9, %10 : f64
      %12 = arith.mulf %11, %cst : f64
      %13 = arith.addf %7, %12 : f64
      %14 = affine.load %arg3[%arg5, %arg6, %arg7 + 1] : memref<?x10x10xf64>
      %15 = arith.subf %14, %3 : f64
      %16 = affine.load %arg3[%arg5, %arg6, %arg7 - 1] : memref<?x10x10xf64>
      %17 = arith.addf %15, %16 : f64
      %18 = arith.mulf %17, %cst : f64
      %19 = arith.addf %13, %18 : f64
      %20 = arith.addf %19, %2 : f64
      affine.store %20, %arg2[%arg5, %arg6, %arg7] : memref<?x10x10xf64>
    }
  }
}
Converting parallel loop with 1 induction variables
=== AffineParallelToFor SUCCESS ===


=== AffineParallelToFor ===
Processing affine.parallel:
affine.parallel (%arg6) = (1) to (symbol(%0) - 1) {
  affine.parallel (%arg7) = (1) to (symbol(%0) - 1) {
    %1 = affine.load %arg3[%arg5 + 1, %arg6, %arg7] : memref<?x10x10xf64>
    %2 = affine.load %arg3[%arg5, %arg6, %arg7] : memref<?x10x10xf64>
    %3 = arith.mulf %2, %cst_0 : f64
    %4 = arith.subf %1, %3 : f64
    %5 = affine.load %arg3[%arg5 - 1, %arg6, %arg7] : memref<?x10x10xf64>
    %6 = arith.addf %4, %5 : f64
    %7 = arith.mulf %6, %cst : f64
    %8 = affine.load %arg3[%arg5, %arg6 + 1, %arg7] : memref<?x10x10xf64>
    %9 = arith.subf %8, %3 : f64
    %10 = affine.load %arg3[%arg5, %arg6 - 1, %arg7] : memref<?x10x10xf64>
    %11 = arith.addf %9, %10 : f64
    %12 = arith.mulf %11, %cst : f64
    %13 = arith.addf %7, %12 : f64
    %14 = affine.load %arg3[%arg5, %arg6, %arg7 + 1] : memref<?x10x10xf64>
    %15 = arith.subf %14, %3 : f64
    %16 = affine.load %arg3[%arg5, %arg6, %arg7 - 1] : memref<?x10x10xf64>
    %17 = arith.addf %15, %16 : f64
    %18 = arith.mulf %17, %cst : f64
    %19 = arith.addf %13, %18 : f64
    %20 = arith.addf %19, %2 : f64
    affine.store %20, %arg2[%arg5, %arg6, %arg7] : memref<?x10x10xf64>
  }
}
Converting parallel loop with 1 induction variables
=== AffineParallelToFor SUCCESS ===


=== AffineParallelToFor ===
Processing affine.parallel:
affine.parallel (%arg7) = (1) to (symbol(%0) - 1) {
  %1 = affine.load %arg3[%arg5 + 1, %arg6, %arg7] : memref<?x10x10xf64>
  %2 = affine.load %arg3[%arg5, %arg6, %arg7] : memref<?x10x10xf64>
  %3 = arith.mulf %2, %cst_0 : f64
  %4 = arith.subf %1, %3 : f64
  %5 = affine.load %arg3[%arg5 - 1, %arg6, %arg7] : memref<?x10x10xf64>
  %6 = arith.addf %4, %5 : f64
  %7 = arith.mulf %6, %cst : f64
  %8 = affine.load %arg3[%arg5, %arg6 + 1, %arg7] : memref<?x10x10xf64>
  %9 = arith.subf %8, %3 : f64
  %10 = affine.load %arg3[%arg5, %arg6 - 1, %arg7] : memref<?x10x10xf64>
  %11 = arith.addf %9, %10 : f64
  %12 = arith.mulf %11, %cst : f64
  %13 = arith.addf %7, %12 : f64
  %14 = affine.load %arg3[%arg5, %arg6, %arg7 + 1] : memref<?x10x10xf64>
  %15 = arith.subf %14, %3 : f64
  %16 = affine.load %arg3[%arg5, %arg6, %arg7 - 1] : memref<?x10x10xf64>
  %17 = arith.addf %15, %16 : f64
  %18 = arith.mulf %17, %cst : f64
  %19 = arith.addf %13, %18 : f64
  %20 = arith.addf %19, %2 : f64
  affine.store %20, %arg2[%arg5, %arg6, %arg7] : memref<?x10x10xf64>
}
Converting parallel loop with 1 induction variables
=== AffineParallelToFor SUCCESS ===


=== AffineParallelToFor ===
Processing affine.parallel:
affine.parallel (%arg5) = (1) to (symbol(%0) - 1) {
  affine.parallel (%arg6) = (1) to (symbol(%0) - 1) {
    affine.parallel (%arg7) = (1) to (symbol(%0) - 1) {
      %1 = affine.load %arg2[%arg5 + 1, %arg6, %arg7] : memref<?x10x10xf64>
      %2 = affine.load %arg2[%arg5, %arg6, %arg7] : memref<?x10x10xf64>
      %3 = arith.mulf %2, %cst_0 : f64
      %4 = arith.subf %1, %3 : f64
      %5 = affine.load %arg2[%arg5 - 1, %arg6, %arg7] : memref<?x10x10xf64>
      %6 = arith.addf %4, %5 : f64
      %7 = arith.mulf %6, %cst : f64
      %8 = affine.load %arg2[%arg5, %arg6 + 1, %arg7] : memref<?x10x10xf64>
      %9 = arith.subf %8, %3 : f64
      %10 = affine.load %arg2[%arg5, %arg6 - 1, %arg7] : memref<?x10x10xf64>
      %11 = arith.addf %9, %10 : f64
      %12 = arith.mulf %11, %cst : f64
      %13 = arith.addf %7, %12 : f64
      %14 = affine.load %arg2[%arg5, %arg6, %arg7 + 1] : memref<?x10x10xf64>
      %15 = arith.subf %14, %3 : f64
      %16 = affine.load %arg2[%arg5, %arg6, %arg7 - 1] : memref<?x10x10xf64>
      %17 = arith.addf %15, %16 : f64
      %18 = arith.mulf %17, %cst : f64
      %19 = arith.addf %13, %18 : f64
      %20 = arith.addf %19, %2 : f64
      affine.store %20, %arg3[%arg5, %arg6, %arg7] : memref<?x10x10xf64>
    }
  }
}
Converting parallel loop with 1 induction variables
=== AffineParallelToFor SUCCESS ===


=== AffineParallelToFor ===
Processing affine.parallel:
affine.parallel (%arg6) = (1) to (symbol(%0) - 1) {
  affine.parallel (%arg7) = (1) to (symbol(%0) - 1) {
    %1 = affine.load %arg2[%arg5 + 1, %arg6, %arg7] : memref<?x10x10xf64>
    %2 = affine.load %arg2[%arg5, %arg6, %arg7] : memref<?x10x10xf64>
    %3 = arith.mulf %2, %cst_0 : f64
    %4 = arith.subf %1, %3 : f64
    %5 = affine.load %arg2[%arg5 - 1, %arg6, %arg7] : memref<?x10x10xf64>
    %6 = arith.addf %4, %5 : f64
    %7 = arith.mulf %6, %cst : f64
    %8 = affine.load %arg2[%arg5, %arg6 + 1, %arg7] : memref<?x10x10xf64>
    %9 = arith.subf %8, %3 : f64
    %10 = affine.load %arg2[%arg5, %arg6 - 1, %arg7] : memref<?x10x10xf64>
    %11 = arith.addf %9, %10 : f64
    %12 = arith.mulf %11, %cst : f64
    %13 = arith.addf %7, %12 : f64
    %14 = affine.load %arg2[%arg5, %arg6, %arg7 + 1] : memref<?x10x10xf64>
    %15 = arith.subf %14, %3 : f64
    %16 = affine.load %arg2[%arg5, %arg6, %arg7 - 1] : memref<?x10x10xf64>
    %17 = arith.addf %15, %16 : f64
    %18 = arith.mulf %17, %cst : f64
    %19 = arith.addf %13, %18 : f64
    %20 = arith.addf %19, %2 : f64
    affine.store %20, %arg3[%arg5, %arg6, %arg7] : memref<?x10x10xf64>
  }
}
Converting parallel loop with 1 induction variables
=== AffineParallelToFor SUCCESS ===


=== AffineParallelToFor ===
Processing affine.parallel:
affine.parallel (%arg7) = (1) to (symbol(%0) - 1) {
  %1 = affine.load %arg2[%arg5 + 1, %arg6, %arg7] : memref<?x10x10xf64>
  %2 = affine.load %arg2[%arg5, %arg6, %arg7] : memref<?x10x10xf64>
  %3 = arith.mulf %2, %cst_0 : f64
  %4 = arith.subf %1, %3 : f64
  %5 = affine.load %arg2[%arg5 - 1, %arg6, %arg7] : memref<?x10x10xf64>
  %6 = arith.addf %4, %5 : f64
  %7 = arith.mulf %6, %cst : f64
  %8 = affine.load %arg2[%arg5, %arg6 + 1, %arg7] : memref<?x10x10xf64>
  %9 = arith.subf %8, %3 : f64
  %10 = affine.load %arg2[%arg5, %arg6 - 1, %arg7] : memref<?x10x10xf64>
  %11 = arith.addf %9, %10 : f64
  %12 = arith.mulf %11, %cst : f64
  %13 = arith.addf %7, %12 : f64
  %14 = affine.load %arg2[%arg5, %arg6, %arg7 + 1] : memref<?x10x10xf64>
  %15 = arith.subf %14, %3 : f64
  %16 = affine.load %arg2[%arg5, %arg6, %arg7 - 1] : memref<?x10x10xf64>
  %17 = arith.addf %15, %16 : f64
  %18 = arith.mulf %17, %cst : f64
  %19 = arith.addf %13, %18 : f64
  %20 = arith.addf %19, %2 : f64
  affine.store %20, %arg3[%arg5, %arg6, %arg7] : memref<?x10x10xf64>
}
Converting parallel loop with 1 induction variables
=== AffineParallelToFor SUCCESS ===

### Step 2 Complete ###

### Step 3: Applying AffineForOpRaising ###

========================================
=== AffineForOpRaising::matchAndRewrite ===
========================================
Processing loop:
affine.for %arg5 = 1 to affine_map<()[s0] -> (s0 - 1)>()[%0] {
  affine.for %arg6 = 1 to affine_map<()[s0] -> (s0 - 1)>()[%0] {
    affine.for %arg7 = 1 to affine_map<()[s0] -> (s0 - 1)>()[%0] {
      %1 = affine.load %arg3[%arg5 + 1, %arg6, %arg7] : memref<?x10x10xf64>
      %2 = affine.load %arg3[%arg5, %arg6, %arg7] : memref<?x10x10xf64>
      %3 = arith.mulf %2, %cst_0 : f64
      %4 = arith.subf %1, %3 : f64
      %5 = affine.load %arg3[%arg5 - 1, %arg6, %arg7] : memref<?x10x10xf64>
      %6 = arith.addf %4, %5 : f64
      %7 = arith.mulf %6, %cst : f64
      %8 = affine.load %arg3[%arg5, %arg6 + 1, %arg7] : memref<?x10x10xf64>
      %9 = arith.subf %8, %3 : f64
      %10 = affine.load %arg3[%arg5, %arg6 - 1, %arg7] : memref<?x10x10xf64>
      %11 = arith.addf %9, %10 : f64
      %12 = arith.mulf %11, %cst : f64
      %13 = arith.addf %7, %12 : f64
      %14 = affine.load %arg3[%arg5, %arg6, %arg7 + 1] : memref<?x10x10xf64>
      %15 = arith.subf %14, %3 : f64
      %16 = affine.load %arg3[%arg5, %arg6, %arg7 - 1] : memref<?x10x10xf64>
      %17 = arith.addf %15, %16 : f64
      %18 = arith.mulf %17, %cst : f64
      %19 = arith.addf %13, %18 : f64
      %20 = arith.addf %19, %2 : f64
      affine.store %20, %arg2[%arg5, %arg6, %arg7] : memref<?x10x10xf64>
    }
  }
}

REJECTED: Walk was interrupted (invalid operations found)


========================================
=== AffineForOpRaising::matchAndRewrite ===
========================================
Processing loop:
affine.for %arg6 = 1 to affine_map<()[s0] -> (s0 - 1)>()[%0] {
  affine.for %arg7 = 1 to affine_map<()[s0] -> (s0 - 1)>()[%0] {
    %1 = affine.load %arg3[%arg5 + 1, %arg6, %arg7] : memref<?x10x10xf64>
    %2 = affine.load %arg3[%arg5, %arg6, %arg7] : memref<?x10x10xf64>
    %3 = arith.mulf %2, %cst_0 : f64
    %4 = arith.subf %1, %3 : f64
    %5 = affine.load %arg3[%arg5 - 1, %arg6, %arg7] : memref<?x10x10xf64>
    %6 = arith.addf %4, %5 : f64
    %7 = arith.mulf %6, %cst : f64
    %8 = affine.load %arg3[%arg5, %arg6 + 1, %arg7] : memref<?x10x10xf64>
    %9 = arith.subf %8, %3 : f64
    %10 = affine.load %arg3[%arg5, %arg6 - 1, %arg7] : memref<?x10x10xf64>
    %11 = arith.addf %9, %10 : f64
    %12 = arith.mulf %11, %cst : f64
    %13 = arith.addf %7, %12 : f64
    %14 = affine.load %arg3[%arg5, %arg6, %arg7 + 1] : memref<?x10x10xf64>
    %15 = arith.subf %14, %3 : f64
    %16 = affine.load %arg3[%arg5, %arg6, %arg7 - 1] : memref<?x10x10xf64>
    %17 = arith.addf %15, %16 : f64
    %18 = arith.mulf %17, %cst : f64
    %19 = arith.addf %13, %18 : f64
    %20 = arith.addf %19, %2 : f64
    affine.store %20, %arg2[%arg5, %arg6, %arg7] : memref<?x10x10xf64>
  }
}

REJECTED: Walk was interrupted (invalid operations found)


========================================
=== AffineForOpRaising::matchAndRewrite ===
========================================
Processing loop:
affine.for %arg7 = 1 to affine_map<()[s0] -> (s0 - 1)>()[%0] {
  %1 = affine.load %arg3[%arg5 + 1, %arg6, %arg7] : memref<?x10x10xf64>
  %2 = affine.load %arg3[%arg5, %arg6, %arg7] : memref<?x10x10xf64>
  %3 = arith.mulf %2, %cst_0 : f64
  %4 = arith.subf %1, %3 : f64
  %5 = affine.load %arg3[%arg5 - 1, %arg6, %arg7] : memref<?x10x10xf64>
  %6 = arith.addf %4, %5 : f64
  %7 = arith.mulf %6, %cst : f64
  %8 = affine.load %arg3[%arg5, %arg6 + 1, %arg7] : memref<?x10x10xf64>
  %9 = arith.subf %8, %3 : f64
  %10 = affine.load %arg3[%arg5, %arg6 - 1, %arg7] : memref<?x10x10xf64>
  %11 = arith.addf %9, %10 : f64
  %12 = arith.mulf %11, %cst : f64
  %13 = arith.addf %7, %12 : f64
  %14 = affine.load %arg3[%arg5, %arg6, %arg7 + 1] : memref<?x10x10xf64>
  %15 = arith.subf %14, %3 : f64
  %16 = affine.load %arg3[%arg5, %arg6, %arg7 - 1] : memref<?x10x10xf64>
  %17 = arith.addf %15, %16 : f64
  %18 = arith.mulf %17, %cst : f64
  %19 = arith.addf %13, %18 : f64
  %20 = arith.addf %19, %2 : f64
  affine.store %20, %arg2[%arg5, %arg6, %arg7] : memref<?x10x10xf64>
}

Pattern recognition complete:
  Loads: 7
  Stores: 1
  LinalgGenerics: 0

Loop bounds:
  lbMap: () -> (1)
  ubMap: ()[s0] -> (s0 - 1)

--- Processing Linalg Generics ---

--- Processing Loads ---
Processing load: %4 = affine.load %arg3[%arg5 + 1, %arg6, %arg7] : memref<?x10x10xf64>

=== remap_in_affine_dim ===
  oldmap: (d0, d1, d2) -> (d0 + 1, d1, d2)
  firstNDims: 0
  check_reduction (input): 0
  lower_bound_val: 1
  dimidx: 2
  check_reduction (output): 0
  new map (map2): (d0)[s0, s1] -> (s0 + 1, s1, d0 + 1)
  validDims: 1, validSims: 2
  Created SubmapOp with type: memref<?xf64>
=== remap_in_affine_dim END ===

Processing load: %6 = affine.load %arg3[%arg5, %arg6, %arg7] : memref<?x10x10xf64>

=== remap_in_affine_dim ===
  oldmap: (d0, d1, d2) -> (d0, d1, d2)
  firstNDims: 0
  check_reduction (input): 0
  lower_bound_val: 1
  dimidx: 2
  check_reduction (output): 0
  new map (map2): (d0)[s0, s1] -> (s0, s1, d0 + 1)
  validDims: 1, validSims: 2
  Created SubmapOp with type: memref<?xf64>
=== remap_in_affine_dim END ===

Processing load: %10 = affine.load %arg3[%arg5 - 1, %arg6, %arg7] : memref<?x10x10xf64>

=== remap_in_affine_dim ===
  oldmap: (d0, d1, d2) -> (d0 - 1, d1, d2)
  firstNDims: 0
  check_reduction (input): 0
  lower_bound_val: 1
  dimidx: 2
  check_reduction (output): 0
  new map (map2): (d0)[s0, s1] -> (s0 - 1, s1, d0 + 1)
  validDims: 1, validSims: 2
  Created SubmapOp with type: memref<?xf64>
=== remap_in_affine_dim END ===

Processing load: %14 = affine.load %arg3[%arg5, %arg6 + 1, %arg7] : memref<?x10x10xf64>

=== remap_in_affine_dim ===
  oldmap: (d0, d1, d2) -> (d0, d1 + 1, d2)
  firstNDims: 0
  check_reduction (input): 0
  lower_bound_val: 1
  dimidx: 2
  check_reduction (output): 0
  new map (map2): (d0)[s0, s1] -> (s0, s1 + 1, d0 + 1)
  validDims: 1, validSims: 2
  Created SubmapOp with type: memref<?xf64>
=== remap_in_affine_dim END ===

Processing load: %17 = affine.load %arg3[%arg5, %arg6 - 1, %arg7] : memref<?x10x10xf64>

=== remap_in_affine_dim ===
  oldmap: (d0, d1, d2) -> (d0, d1 - 1, d2)
  firstNDims: 0
  check_reduction (input): 0
  lower_bound_val: 1
  dimidx: 2
  check_reduction (output): 0
  new map (map2): (d0)[s0, s1] -> (s0, s1 - 1, d0 + 1)
  validDims: 1, validSims: 2
  Created SubmapOp with type: memref<?xf64>
=== remap_in_affine_dim END ===

Processing load: %22 = affine.load %arg3[%arg5, %arg6, %arg7 + 1] : memref<?x10x10xf64>

=== remap_in_affine_dim ===
  oldmap: (d0, d1, d2) -> (d0, d1, d2 + 1)
  firstNDims: 0
  check_reduction (input): 0
  lower_bound_val: 1
  dimidx: 2
  check_reduction (output): 0
  new map (map2): (d0)[s0, s1] -> (s0, s1, d0 + 2)
  validDims: 1, validSims: 2
  Created SubmapOp with type: memref<?xf64>
=== remap_in_affine_dim END ===

Processing load: %25 = affine.load %arg3[%arg5, %arg6, %arg7 - 1] : memref<?x10x10xf64>

=== remap_in_affine_dim ===
  oldmap: (d0, d1, d2) -> (d0, d1, d2 - 1)
  firstNDims: 0
  check_reduction (input): 0
  lower_bound_val: 1
  dimidx: 2
  check_reduction (output): 0
  new map (map2): (d0)[s0, s1] -> (s0, s1, d0)
  validDims: 1, validSims: 2
  Created SubmapOp with type: memref<?xf64>
=== remap_in_affine_dim END ===


--- Processing Stores ---
Processing store: affine.store %30, %arg2[%arg5, %arg6, %arg7] : memref<?x10x10xf64>

=== remap_in_affine_dim ===
  oldmap: (d0, d1, d2) -> (d0, d1, d2)
  firstNDims: 0
  check_reduction (input): 1
  lower_bound_val: 1
  dimidx: 2
  check_reduction (output): 0
  new map (map2): (d0)[s0, s1] -> (s0, s1, d0 + 1)
  validDims: 1, validSims: 2
  Created SubmapOp with type: memref<?xf64>
=== remap_in_affine_dim END ===


--- Creating linalg.generic ---
Iterator type for this loop: parallel
Total iterator types: 1
Total inputs: 7
Total outputs: 1

=== AffineForOpRaising SUCCESS ===
========================================


========================================
=== AffineForOpRaising::matchAndRewrite ===
========================================
Processing loop:
affine.for %arg5 = 1 to affine_map<()[s0] -> (s0 - 1)>()[%0] {
  affine.for %arg6 = 1 to affine_map<()[s0] -> (s0 - 1)>()[%0] {
    %1 = affine.apply affine_map<()[s0] -> (s0 - 1)>()[%0]
    %2 = arith.subi %1, %c1 : index
    %3 = polygeist.submap(%arg3, %arg5, %arg6, %2) {map = affine_map<(d0)[s0, s1] -> (s0 + 1, s1, d0 + 1)>} : (memref<?x10x10xf64>, index, index, index) -> memref<?xf64>
    %4 = polygeist.submap(%arg3, %arg5, %arg6, %2) {map = affine_map<(d0)[s0, s1] -> (s0, s1, d0 + 1)>} : (memref<?x10x10xf64>, index, index, index) -> memref<?xf64>
    %5 = polygeist.submap(%arg3, %arg5, %arg6, %2) {map = affine_map<(d0)[s0, s1] -> (s0 - 1, s1, d0 + 1)>} : (memref<?x10x10xf64>, index, index, index) -> memref<?xf64>
    %6 = polygeist.submap(%arg3, %arg5, %arg6, %2) {map = affine_map<(d0)[s0, s1] -> (s0, s1 + 1, d0 + 1)>} : (memref<?x10x10xf64>, index, index, index) -> memref<?xf64>
    %7 = polygeist.submap(%arg3, %arg5, %arg6, %2) {map = affine_map<(d0)[s0, s1] -> (s0, s1 - 1, d0 + 1)>} : (memref<?x10x10xf64>, index, index, index) -> memref<?xf64>
    %8 = polygeist.submap(%arg3, %arg5, %arg6, %2) {map = affine_map<(d0)[s0, s1] -> (s0, s1, d0 + 2)>} : (memref<?x10x10xf64>, index, index, index) -> memref<?xf64>
    %9 = polygeist.submap(%arg3, %arg5, %arg6, %2) {map = affine_map<(d0)[s0, s1] -> (s0, s1, d0)>} : (memref<?x10x10xf64>, index, index, index) -> memref<?xf64>
    %10 = polygeist.submap(%arg2, %arg5, %arg6, %2) {map = affine_map<(d0)[s0, s1] -> (s0, s1, d0 + 1)>} : (memref<?x10x10xf64>, index, index, index) -> memref<?xf64>
    linalg.generic {indexing_maps = [affine_map<(d0) -> (d0)>, affine_map<(d0) -> (d0)>, affine_map<(d0) -> (d0)>, affine_map<(d0) -> (d0)>, affine_map<(d0) -> (d0)>, affine_map<(d0) -> (d0)>, affine_map<(d0) -> (d0)>, affine_map<(d0) -> (d0)>], iterator_types = ["parallel"]} ins(%3, %4, %5, %6, %7, %8, %9 : memref<?xf64>, memref<?xf64>, memref<?xf64>, memref<?xf64>, memref<?xf64>, memref<?xf64>, memref<?xf64>) outs(%10 : memref<?xf64>) {
    ^bb0(%in: f64, %in_1: f64, %in_2: f64, %in_3: f64, %in_4: f64, %in_5: f64, %in_6: f64, %out: f64):
      %11 = arith.mulf %in_1, %cst_0 : f64
      %12 = arith.subf %in, %11 : f64
      %13 = arith.addf %12, %in_2 : f64
      %14 = arith.mulf %13, %cst : f64
      %15 = arith.subf %in_3, %11 : f64
      %16 = arith.addf %15, %in_4 : f64
      %17 = arith.mulf %16, %cst : f64
      %18 = arith.addf %14, %17 : f64
      %19 = arith.subf %in_5, %11 : f64
      %20 = arith.addf %19, %in_6 : f64
      %21 = arith.mulf %20, %cst : f64
      %22 = arith.addf %18, %21 : f64
      %23 = arith.addf %22, %in_1 : f64
      linalg.yield %23 : f64
    }
  }
}

REJECTED: Walk was interrupted (invalid operations found)


========================================
=== AffineForOpRaising::matchAndRewrite ===
========================================
Processing loop:
affine.for %arg6 = 1 to affine_map<()[s0] -> (s0 - 1)>()[%0] {
  %1 = affine.apply affine_map<()[s0] -> (s0 - 1)>()[%0]
  %2 = arith.subi %1, %c1 : index
  %3 = polygeist.submap(%arg3, %arg5, %arg6, %2) {map = affine_map<(d0)[s0, s1] -> (s0 + 1, s1, d0 + 1)>} : (memref<?x10x10xf64>, index, index, index) -> memref<?xf64>
  %4 = polygeist.submap(%arg3, %arg5, %arg6, %2) {map = affine_map<(d0)[s0, s1] -> (s0, s1, d0 + 1)>} : (memref<?x10x10xf64>, index, index, index) -> memref<?xf64>
  %5 = polygeist.submap(%arg3, %arg5, %arg6, %2) {map = affine_map<(d0)[s0, s1] -> (s0 - 1, s1, d0 + 1)>} : (memref<?x10x10xf64>, index, index, index) -> memref<?xf64>
  %6 = polygeist.submap(%arg3, %arg5, %arg6, %2) {map = affine_map<(d0)[s0, s1] -> (s0, s1 + 1, d0 + 1)>} : (memref<?x10x10xf64>, index, index, index) -> memref<?xf64>
  %7 = polygeist.submap(%arg3, %arg5, %arg6, %2) {map = affine_map<(d0)[s0, s1] -> (s0, s1 - 1, d0 + 1)>} : (memref<?x10x10xf64>, index, index, index) -> memref<?xf64>
  %8 = polygeist.submap(%arg3, %arg5, %arg6, %2) {map = affine_map<(d0)[s0, s1] -> (s0, s1, d0 + 2)>} : (memref<?x10x10xf64>, index, index, index) -> memref<?xf64>
  %9 = polygeist.submap(%arg3, %arg5, %arg6, %2) {map = affine_map<(d0)[s0, s1] -> (s0, s1, d0)>} : (memref<?x10x10xf64>, index, index, index) -> memref<?xf64>
  %10 = polygeist.submap(%arg2, %arg5, %arg6, %2) {map = affine_map<(d0)[s0, s1] -> (s0, s1, d0 + 1)>} : (memref<?x10x10xf64>, index, index, index) -> memref<?xf64>
  linalg.generic {indexing_maps = [affine_map<(d0) -> (d0)>, affine_map<(d0) -> (d0)>, affine_map<(d0) -> (d0)>, affine_map<(d0) -> (d0)>, affine_map<(d0) -> (d0)>, affine_map<(d0) -> (d0)>, affine_map<(d0) -> (d0)>, affine_map<(d0) -> (d0)>], iterator_types = ["parallel"]} ins(%3, %4, %5, %6, %7, %8, %9 : memref<?xf64>, memref<?xf64>, memref<?xf64>, memref<?xf64>, memref<?xf64>, memref<?xf64>, memref<?xf64>) outs(%10 : memref<?xf64>) {
  ^bb0(%in: f64, %in_1: f64, %in_2: f64, %in_3: f64, %in_4: f64, %in_5: f64, %in_6: f64, %out: f64):
    %11 = arith.mulf %in_1, %cst_0 : f64
    %12 = arith.subf %in, %11 : f64
    %13 = arith.addf %12, %in_2 : f64
    %14 = arith.mulf %13, %cst : f64
    %15 = arith.subf %in_3, %11 : f64
    %16 = arith.addf %15, %in_4 : f64
    %17 = arith.mulf %16, %cst : f64
    %18 = arith.addf %14, %17 : f64
    %19 = arith.subf %in_5, %11 : f64
    %20 = arith.addf %19, %in_6 : f64
    %21 = arith.mulf %20, %cst : f64
    %22 = arith.addf %18, %21 : f64
    %23 = arith.addf %22, %in_1 : f64
    linalg.yield %23 : f64
  }
}

Pattern recognition complete:
  Loads: 0
  Stores: 0
  LinalgGenerics: 1

Loop bounds:
  lbMap: () -> (1)
  ubMap: ()[s0] -> (s0 - 1)

--- Processing Linalg Generics ---
Processing linalg.generic:
linalg.generic {indexing_maps = [affine_map<(d0) -> (d0)>, affine_map<(d0) -> (d0)>, affine_map<(d0) -> (d0)>, affine_map<(d0) -> (d0)>, affine_map<(d0) -> (d0)>, affine_map<(d0) -> (d0)>, affine_map<(d0) -> (d0)>, affine_map<(d0) -> (d0)>], iterator_types = ["parallel"]} ins(%6, %7, %8, %9, %10, %11, %12 : memref<?xf64>, memref<?xf64>, memref<?xf64>, memref<?xf64>, memref<?xf64>, memref<?xf64>, memref<?xf64>) outs(%13 : memref<?xf64>) {
^bb0(%in: f64, %in_1: f64, %in_2: f64, %in_3: f64, %in_4: f64, %in_5: f64, %in_6: f64, %out: f64):
  %14 = arith.mulf %in_1, %cst_0 : f64
  %15 = arith.subf %in, %14 : f64
  %16 = arith.addf %15, %in_2 : f64
  %17 = arith.mulf %16, %cst : f64
  %18 = arith.subf %in_3, %14 : f64
  %19 = arith.addf %18, %in_4 : f64
  %20 = arith.mulf %19, %cst : f64
  %21 = arith.addf %17, %20 : f64
  %22 = arith.subf %in_5, %14 : f64
  %23 = arith.addf %22, %in_6 : f64
  %24 = arith.mulf %23, %cst : f64
  %25 = arith.addf %21, %24 : f64
  %26 = arith.addf %25, %in_1 : f64
  linalg.yield %26 : f64
}
  Processing 7 inputs
  Input 0 indexing map: (d0) -> (d0)

=== getLinalgArgMap ===
  Initial lgMap: (d0) -> (d0)
  Found SubmapOp with map: (d0)[s0, s1] -> (s0 + 1, s1, d0 + 1)
  Composed map: (d0)[s0, s1] -> (s0 + 1, s1, d0 + 1)
  Final lgMap: (d0)[s0, s1] -> (s0 + 1, s1, d0 + 1)
=== getLinalgArgMap END ===

  Calling remap_in_affine_dim for input 0

=== remap_in_affine_dim ===
  oldmap: (d0)[s0, s1] -> (s0 + 1, s1, d0 + 1)
  firstNDims: 1
  check_reduction (input): 0
  lower_bound_val: 1
  dimidx: 2
  check_reduction (output): 0
  new map (map2): (d0, d1)[s0] -> (s0 + 1, d1 + 1, d0 + 1)
  validDims: 2, validSims: 1
  Created SubmapOp with type: memref<?x?xf64>
=== remap_in_affine_dim END ===

  Input 1 indexing map: (d0) -> (d0)

=== getLinalgArgMap ===
  Initial lgMap: (d0) -> (d0)
  Found SubmapOp with map: (d0)[s0, s1] -> (s0, s1, d0 + 1)
  Composed map: (d0)[s0, s1] -> (s0, s1, d0 + 1)
  Final lgMap: (d0)[s0, s1] -> (s0, s1, d0 + 1)
=== getLinalgArgMap END ===

  Calling remap_in_affine_dim for input 1

=== remap_in_affine_dim ===
  oldmap: (d0)[s0, s1] -> (s0, s1, d0 + 1)
  firstNDims: 1
  check_reduction (input): 0
  lower_bound_val: 1
  dimidx: 2
  check_reduction (output): 0
  new map (map2): (d0, d1)[s0] -> (s0, d1 + 1, d0 + 1)
  validDims: 2, validSims: 1
  Created SubmapOp with type: memref<?x?xf64>
=== remap_in_affine_dim END ===

  Input 2 indexing map: (d0) -> (d0)

=== getLinalgArgMap ===
  Initial lgMap: (d0) -> (d0)
  Found SubmapOp with map: (d0)[s0, s1] -> (s0 - 1, s1, d0 + 1)
  Composed map: (d0)[s0, s1] -> (s0 - 1, s1, d0 + 1)
  Final lgMap: (d0)[s0, s1] -> (s0 - 1, s1, d0 + 1)
=== getLinalgArgMap END ===

  Calling remap_in_affine_dim for input 2

=== remap_in_affine_dim ===
  oldmap: (d0)[s0, s1] -> (s0 - 1, s1, d0 + 1)
  firstNDims: 1
  check_reduction (input): 0
  lower_bound_val: 1
  dimidx: 2
  check_reduction (output): 0
  new map (map2): (d0, d1)[s0] -> (s0 - 1, d1 + 1, d0 + 1)
  validDims: 2, validSims: 1
  Created SubmapOp with type: memref<?x?xf64>
=== remap_in_affine_dim END ===

  Input 3 indexing map: (d0) -> (d0)

=== getLinalgArgMap ===
  Initial lgMap: (d0) -> (d0)
  Found SubmapOp with map: (d0)[s0, s1] -> (s0, s1 + 1, d0 + 1)
  Composed map: (d0)[s0, s1] -> (s0, s1 + 1, d0 + 1)
  Final lgMap: (d0)[s0, s1] -> (s0, s1 + 1, d0 + 1)
=== getLinalgArgMap END ===

  Calling remap_in_affine_dim for input 3

=== remap_in_affine_dim ===
  oldmap: (d0)[s0, s1] -> (s0, s1 + 1, d0 + 1)
  firstNDims: 1
  check_reduction (input): 0
  lower_bound_val: 1
  dimidx: 2
  check_reduction (output): 0
  new map (map2): (d0, d1)[s0] -> (s0, d1 + 2, d0 + 1)
  validDims: 2, validSims: 1
  Created SubmapOp with type: memref<?x?xf64>
=== remap_in_affine_dim END ===

  Input 4 indexing map: (d0) -> (d0)

=== getLinalgArgMap ===
  Initial lgMap: (d0) -> (d0)
  Found SubmapOp with map: (d0)[s0, s1] -> (s0, s1 - 1, d0 + 1)
  Composed map: (d0)[s0, s1] -> (s0, s1 - 1, d0 + 1)
  Final lgMap: (d0)[s0, s1] -> (s0, s1 - 1, d0 + 1)
=== getLinalgArgMap END ===

  Calling remap_in_affine_dim for input 4

=== remap_in_affine_dim ===
  oldmap: (d0)[s0, s1] -> (s0, s1 - 1, d0 + 1)
  firstNDims: 1
  check_reduction (input): 0
  lower_bound_val: 1
  dimidx: 2
  check_reduction (output): 0
  new map (map2): (d0, d1)[s0] -> (s0, d1, d0 + 1)
  validDims: 2, validSims: 1
  Created SubmapOp with type: memref<?x?xf64>
=== remap_in_affine_dim END ===

  Input 5 indexing map: (d0) -> (d0)

=== getLinalgArgMap ===
  Initial lgMap: (d0) -> (d0)
  Found SubmapOp with map: (d0)[s0, s1] -> (s0, s1, d0 + 2)
  Composed map: (d0)[s0, s1] -> (s0, s1, d0 + 2)
  Final lgMap: (d0)[s0, s1] -> (s0, s1, d0 + 2)
=== getLinalgArgMap END ===

  Calling remap_in_affine_dim for input 5

=== remap_in_affine_dim ===
  oldmap: (d0)[s0, s1] -> (s0, s1, d0 + 2)
  firstNDims: 1
  check_reduction (input): 0
  lower_bound_val: 1
  dimidx: 2
  check_reduction (output): 0
  new map (map2): (d0, d1)[s0] -> (s0, d1 + 1, d0 + 2)
  validDims: 2, validSims: 1
  Created SubmapOp with type: memref<?x?xf64>
=== remap_in_affine_dim END ===

  Input 6 indexing map: (d0) -> (d0)

=== getLinalgArgMap ===
  Initial lgMap: (d0) -> (d0)
  Found SubmapOp with map: (d0)[s0, s1] -> (s0, s1, d0)
  Composed map: (d0)[s0, s1] -> (s0, s1, d0)
  Final lgMap: (d0)[s0, s1] -> (s0, s1, d0)
=== getLinalgArgMap END ===

  Calling remap_in_affine_dim for input 6

=== remap_in_affine_dim ===
  oldmap: (d0)[s0, s1] -> (s0, s1, d0)
  firstNDims: 1
  check_reduction (input): 0
  lower_bound_val: 1
  dimidx: 2
  check_reduction (output): 0
  new map (map2): (d0, d1)[s0] -> (s0, d1 + 1, d0)
  validDims: 2, validSims: 1
  Created SubmapOp with type: memref<?x?xf64>
=== remap_in_affine_dim END ===

  Processing 1 outputs

=== getLinalgArgMap ===
  Initial lgMap: (d0) -> (d0)
  Found SubmapOp with map: (d0)[s0, s1] -> (s0, s1, d0 + 1)
  Composed map: (d0)[s0, s1] -> (s0, s1, d0 + 1)
  Final lgMap: (d0)[s0, s1] -> (s0, s1, d0 + 1)
=== getLinalgArgMap END ===

  Calling remap_in_affine_dim for output 0

=== remap_in_affine_dim ===
  oldmap: (d0)[s0, s1] -> (s0, s1, d0 + 1)
  firstNDims: 1
  check_reduction (input): 1
  lower_bound_val: 1
  dimidx: 2
  check_reduction (output): 0
  new map (map2): (d0, d1)[s0] -> (s0, d1 + 1, d0 + 1)
  validDims: 2, validSims: 1
  Created SubmapOp with type: memref<?x?xf64>
=== remap_in_affine_dim END ===


--- Processing Loads ---

--- Processing Stores ---

--- Creating linalg.generic ---
Iterator type for this loop: parallel
Extending iterator types from nested linalg.generic
Total iterator types: 2
Total inputs: 7
Total outputs: 1

=== AffineForOpRaising SUCCESS ===
========================================


========================================
=== AffineForOpRaising::matchAndRewrite ===
========================================
Processing loop:
affine.for %arg5 = 1 to affine_map<()[s0] -> (s0 - 1)>()[%0] {
  %1 = affine.apply affine_map<()[s0] -> (s0 - 1)>()[%0]
  %2 = arith.subi %1, %c1 : index
  %3 = affine.apply affine_map<()[s0] -> (s0 - 1)>()[%0]
  %4 = arith.subi %3, %c1 : index
  %5 = polygeist.submap(%arg3, %arg5, %4, %2) {map = affine_map<(d0, d1)[s0] -> (s0 + 1, d1 + 1, d0 + 1)>} : (memref<?x10x10xf64>, index, index, index) -> memref<?x?xf64>
  %6 = affine.apply affine_map<()[s0] -> (s0 - 1)>()[%0]
  %7 = arith.subi %6, %c1 : index
  %8 = polygeist.submap(%arg3, %arg5, %7, %2) {map = affine_map<(d0, d1)[s0] -> (s0, d1 + 1, d0 + 1)>} : (memref<?x10x10xf64>, index, index, index) -> memref<?x?xf64>
  %9 = affine.apply affine_map<()[s0] -> (s0 - 1)>()[%0]
  %10 = arith.subi %9, %c1 : index
  %11 = polygeist.submap(%arg3, %arg5, %10, %2) {map = affine_map<(d0, d1)[s0] -> (s0 - 1, d1 + 1, d0 + 1)>} : (memref<?x10x10xf64>, index, index, index) -> memref<?x?xf64>
  %12 = affine.apply affine_map<()[s0] -> (s0 - 1)>()[%0]
  %13 = arith.subi %12, %c1 : index
  %14 = polygeist.submap(%arg3, %arg5, %13, %2) {map = affine_map<(d0, d1)[s0] -> (s0, d1 + 2, d0 + 1)>} : (memref<?x10x10xf64>, index, index, index) -> memref<?x?xf64>
  %15 = affine.apply affine_map<()[s0] -> (s0 - 1)>()[%0]
  %16 = arith.subi %15, %c1 : index
  %17 = polygeist.submap(%arg3, %arg5, %16, %2) {map = affine_map<(d0, d1)[s0] -> (s0, d1, d0 + 1)>} : (memref<?x10x10xf64>, index, index, index) -> memref<?x?xf64>
  %18 = affine.apply affine_map<()[s0] -> (s0 - 1)>()[%0]
  %19 = arith.subi %18, %c1 : index
  %20 = polygeist.submap(%arg3, %arg5, %19, %2) {map = affine_map<(d0, d1)[s0] -> (s0, d1 + 1, d0 + 2)>} : (memref<?x10x10xf64>, index, index, index) -> memref<?x?xf64>
  %21 = affine.apply affine_map<()[s0] -> (s0 - 1)>()[%0]
  %22 = arith.subi %21, %c1 : index
  %23 = polygeist.submap(%arg3, %arg5, %22, %2) {map = affine_map<(d0, d1)[s0] -> (s0, d1 + 1, d0)>} : (memref<?x10x10xf64>, index, index, index) -> memref<?x?xf64>
  %24 = affine.apply affine_map<()[s0] -> (s0 - 1)>()[%0]
  %25 = arith.subi %24, %c1 : index
  %26 = polygeist.submap(%arg2, %arg5, %25, %2) {map = affine_map<(d0, d1)[s0] -> (s0, d1 + 1, d0 + 1)>} : (memref<?x10x10xf64>, index, index, index) -> memref<?x?xf64>
  linalg.generic {indexing_maps = [affine_map<(d0, d1) -> (d0, d1)>, affine_map<(d0, d1) -> (d0, d1)>, affine_map<(d0, d1) -> (d0, d1)>, affine_map<(d0, d1) -> (d0, d1)>, affine_map<(d0, d1) -> (d0, d1)>, affine_map<(d0, d1) -> (d0, d1)>, affine_map<(d0, d1) -> (d0, d1)>, affine_map<(d0, d1) -> (d0, d1)>], iterator_types = ["parallel", "parallel"]} ins(%5, %8, %11, %14, %17, %20, %23 : memref<?x?xf64>, memref<?x?xf64>, memref<?x?xf64>, memref<?x?xf64>, memref<?x?xf64>, memref<?x?xf64>, memref<?x?xf64>) outs(%26 : memref<?x?xf64>) {
  ^bb0(%in: f64, %in_1: f64, %in_2: f64, %in_3: f64, %in_4: f64, %in_5: f64, %in_6: f64, %out: f64):
    %27 = affine.apply affine_map<()[s0] -> (s0 - 1)>()[%0]
    %28 = arith.mulf %in_1, %cst_0 : f64
    %29 = arith.subf %in, %28 : f64
    %30 = arith.addf %29, %in_2 : f64
    %31 = arith.mulf %30, %cst : f64
    %32 = arith.subf %in_3, %28 : f64
    %33 = arith.addf %32, %in_4 : f64
    %34 = arith.mulf %33, %cst : f64
    %35 = arith.addf %31, %34 : f64
    %36 = arith.subf %in_5, %28 : f64
    %37 = arith.addf %36, %in_6 : f64
    %38 = arith.mulf %37, %cst : f64
    %39 = arith.addf %35, %38 : f64
    %40 = arith.addf %39, %in_1 : f64
    linalg.yield %40 : f64
  }
}

Pattern recognition complete:
  Loads: 0
  Stores: 0
  LinalgGenerics: 1

Loop bounds:
  lbMap: () -> (1)
  ubMap: ()[s0] -> (s0 - 1)

--- Processing Linalg Generics ---
Processing linalg.generic:
linalg.generic {indexing_maps = [affine_map<(d0, d1) -> (d0, d1)>, affine_map<(d0, d1) -> (d0, d1)>, affine_map<(d0, d1) -> (d0, d1)>, affine_map<(d0, d1) -> (d0, d1)>, affine_map<(d0, d1) -> (d0, d1)>, affine_map<(d0, d1) -> (d0, d1)>, affine_map<(d0, d1) -> (d0, d1)>, affine_map<(d0, d1) -> (d0, d1)>], iterator_types = ["parallel", "parallel"]} ins(%8, %11, %14, %17, %20, %23, %26 : memref<?x?xf64>, memref<?x?xf64>, memref<?x?xf64>, memref<?x?xf64>, memref<?x?xf64>, memref<?x?xf64>, memref<?x?xf64>) outs(%29 : memref<?x?xf64>) {
^bb0(%in: f64, %in_1: f64, %in_2: f64, %in_3: f64, %in_4: f64, %in_5: f64, %in_6: f64, %out: f64):
  %30 = affine.apply affine_map<()[s0] -> (s0 - 1)>()[%0]
  %31 = arith.mulf %in_1, %cst_0 : f64
  %32 = arith.subf %in, %31 : f64
  %33 = arith.addf %32, %in_2 : f64
  %34 = arith.mulf %33, %cst : f64
  %35 = arith.subf %in_3, %31 : f64
  %36 = arith.addf %35, %in_4 : f64
  %37 = arith.mulf %36, %cst : f64
  %38 = arith.addf %34, %37 : f64
  %39 = arith.subf %in_5, %31 : f64
  %40 = arith.addf %39, %in_6 : f64
  %41 = arith.mulf %40, %cst : f64
  %42 = arith.addf %38, %41 : f64
  %43 = arith.addf %42, %in_1 : f64
  linalg.yield %43 : f64
}
  Processing 7 inputs
  Input 0 indexing map: (d0, d1) -> (d0, d1)

=== getLinalgArgMap ===
  Initial lgMap: (d0, d1) -> (d0, d1)
  Found SubmapOp with map: (d0, d1)[s0] -> (s0 + 1, d1 + 1, d0 + 1)
  Composed map: (d0, d1)[s0] -> (s0 + 1, d1 + 1, d0 + 1)
  Final lgMap: (d0, d1)[s0] -> (s0 + 1, d1 + 1, d0 + 1)
=== getLinalgArgMap END ===

  Calling remap_in_affine_dim for input 0

=== remap_in_affine_dim ===
  oldmap: (d0, d1)[s0] -> (s0 + 1, d1 + 1, d0 + 1)
  firstNDims: 2
  check_reduction (input): 0
  lower_bound_val: 1
  dimidx: 2
  check_reduction (output): 0
  new map (map2): (d0, d1, d2) -> (d2 + 2, d1 + 1, d0 + 1)
  validDims: 3, validSims: 0
  Created SubmapOp with type: memref<?x?x?xf64>
=== remap_in_affine_dim END ===

  Input 1 indexing map: (d0, d1) -> (d0, d1)

=== getLinalgArgMap ===
  Initial lgMap: (d0, d1) -> (d0, d1)
  Found SubmapOp with map: (d0, d1)[s0] -> (s0, d1 + 1, d0 + 1)
  Composed map: (d0, d1)[s0] -> (s0, d1 + 1, d0 + 1)
  Final lgMap: (d0, d1)[s0] -> (s0, d1 + 1, d0 + 1)
=== getLinalgArgMap END ===

  Calling remap_in_affine_dim for input 1

=== remap_in_affine_dim ===
  oldmap: (d0, d1)[s0] -> (s0, d1 + 1, d0 + 1)
  firstNDims: 2
  check_reduction (input): 0
  lower_bound_val: 1
  dimidx: 2
  check_reduction (output): 0
  new map (map2): (d0, d1, d2) -> (d2 + 1, d1 + 1, d0 + 1)
  validDims: 3, validSims: 0
  Created SubmapOp with type: memref<?x?x?xf64>
=== remap_in_affine_dim END ===

  Input 2 indexing map: (d0, d1) -> (d0, d1)

=== getLinalgArgMap ===
  Initial lgMap: (d0, d1) -> (d0, d1)
  Found SubmapOp with map: (d0, d1)[s0] -> (s0 - 1, d1 + 1, d0 + 1)
  Composed map: (d0, d1)[s0] -> (s0 - 1, d1 + 1, d0 + 1)
  Final lgMap: (d0, d1)[s0] -> (s0 - 1, d1 + 1, d0 + 1)
=== getLinalgArgMap END ===

  Calling remap_in_affine_dim for input 2

=== remap_in_affine_dim ===
  oldmap: (d0, d1)[s0] -> (s0 - 1, d1 + 1, d0 + 1)
  firstNDims: 2
  check_reduction (input): 0
  lower_bound_val: 1
  dimidx: 2
  check_reduction (output): 0
  new map (map2): (d0, d1, d2) -> (d2, d1 + 1, d0 + 1)
  validDims: 3, validSims: 0
  Created SubmapOp with type: memref<?x?x?xf64>
=== remap_in_affine_dim END ===

  Input 3 indexing map: (d0, d1) -> (d0, d1)

=== getLinalgArgMap ===
  Initial lgMap: (d0, d1) -> (d0, d1)
  Found SubmapOp with map: (d0, d1)[s0] -> (s0, d1 + 2, d0 + 1)
  Composed map: (d0, d1)[s0] -> (s0, d1 + 2, d0 + 1)
  Final lgMap: (d0, d1)[s0] -> (s0, d1 + 2, d0 + 1)
=== getLinalgArgMap END ===

  Calling remap_in_affine_dim for input 3

=== remap_in_affine_dim ===
  oldmap: (d0, d1)[s0] -> (s0, d1 + 2, d0 + 1)
  firstNDims: 2
  check_reduction (input): 0
  lower_bound_val: 1
  dimidx: 2
  check_reduction (output): 0
  new map (map2): (d0, d1, d2) -> (d2 + 1, d1 + 2, d0 + 1)
  validDims: 3, validSims: 0
  Created SubmapOp with type: memref<?x?x?xf64>
=== remap_in_affine_dim END ===

  Input 4 indexing map: (d0, d1) -> (d0, d1)

=== getLinalgArgMap ===
  Initial lgMap: (d0, d1) -> (d0, d1)
  Found SubmapOp with map: (d0, d1)[s0] -> (s0, d1, d0 + 1)
  Composed map: (d0, d1)[s0] -> (s0, d1, d0 + 1)
  Final lgMap: (d0, d1)[s0] -> (s0, d1, d0 + 1)
=== getLinalgArgMap END ===

  Calling remap_in_affine_dim for input 4

=== remap_in_affine_dim ===
  oldmap: (d0, d1)[s0] -> (s0, d1, d0 + 1)
  firstNDims: 2
  check_reduction (input): 0
  lower_bound_val: 1
  dimidx: 2
  check_reduction (output): 0
  new map (map2): (d0, d1, d2) -> (d2 + 1, d1, d0 + 1)
  validDims: 3, validSims: 0
  Created SubmapOp with type: memref<?x?x?xf64>
=== remap_in_affine_dim END ===

  Input 5 indexing map: (d0, d1) -> (d0, d1)

=== getLinalgArgMap ===
  Initial lgMap: (d0, d1) -> (d0, d1)
  Found SubmapOp with map: (d0, d1)[s0] -> (s0, d1 + 1, d0 + 2)
  Composed map: (d0, d1)[s0] -> (s0, d1 + 1, d0 + 2)
  Final lgMap: (d0, d1)[s0] -> (s0, d1 + 1, d0 + 2)
=== getLinalgArgMap END ===

  Calling remap_in_affine_dim for input 5

=== remap_in_affine_dim ===
  oldmap: (d0, d1)[s0] -> (s0, d1 + 1, d0 + 2)
  firstNDims: 2
  check_reduction (input): 0
  lower_bound_val: 1
  dimidx: 2
  check_reduction (output): 0
  new map (map2): (d0, d1, d2) -> (d2 + 1, d1 + 1, d0 + 2)
  validDims: 3, validSims: 0
  Created SubmapOp with type: memref<?x?x?xf64>
=== remap_in_affine_dim END ===

  Input 6 indexing map: (d0, d1) -> (d0, d1)

=== getLinalgArgMap ===
  Initial lgMap: (d0, d1) -> (d0, d1)
  Found SubmapOp with map: (d0, d1)[s0] -> (s0, d1 + 1, d0)
  Composed map: (d0, d1)[s0] -> (s0, d1 + 1, d0)
  Final lgMap: (d0, d1)[s0] -> (s0, d1 + 1, d0)
=== getLinalgArgMap END ===

  Calling remap_in_affine_dim for input 6

=== remap_in_affine_dim ===
  oldmap: (d0, d1)[s0] -> (s0, d1 + 1, d0)
  firstNDims: 2
  check_reduction (input): 0
  lower_bound_val: 1
  dimidx: 2
  check_reduction (output): 0
  new map (map2): (d0, d1, d2) -> (d2 + 1, d1 + 1, d0)
  validDims: 3, validSims: 0
  Created SubmapOp with type: memref<?x?x?xf64>
=== remap_in_affine_dim END ===

  Processing 1 outputs

=== getLinalgArgMap ===
  Initial lgMap: (d0, d1) -> (d0, d1)
  Found SubmapOp with map: (d0, d1)[s0] -> (s0, d1 + 1, d0 + 1)
  Composed map: (d0, d1)[s0] -> (s0, d1 + 1, d0 + 1)
  Final lgMap: (d0, d1)[s0] -> (s0, d1 + 1, d0 + 1)
=== getLinalgArgMap END ===

  Calling remap_in_affine_dim for output 0

=== remap_in_affine_dim ===
  oldmap: (d0, d1)[s0] -> (s0, d1 + 1, d0 + 1)
  firstNDims: 2
  check_reduction (input): 1
  lower_bound_val: 1
  dimidx: 2
  check_reduction (output): 0
  new map (map2): (d0, d1, d2) -> (d2 + 1, d1 + 1, d0 + 1)
  validDims: 3, validSims: 0
  Created SubmapOp with type: memref<?x?x?xf64>
=== remap_in_affine_dim END ===


--- Processing Loads ---

--- Processing Stores ---

--- Creating linalg.generic ---
Iterator type for this loop: parallel
Extending iterator types from nested linalg.generic
Total iterator types: 3
Total inputs: 7
Total outputs: 1

=== AffineForOpRaising SUCCESS ===
========================================


========================================
=== AffineForOpRaising::matchAndRewrite ===
========================================
Processing loop:
affine.for %arg4 = 1 to 21 {
  affine.for %arg5 = 1 to affine_map<()[s0] -> (s0 - 1)>()[%0] {
    affine.for %arg6 = 1 to affine_map<()[s0] -> (s0 - 1)>()[%0] {
      affine.for %arg7 = 1 to affine_map<()[s0] -> (s0 - 1)>()[%0] {
        %43 = affine.load %arg2[%arg5 + 1, %arg6, %arg7] : memref<?x10x10xf64>
        %44 = affine.load %arg2[%arg5, %arg6, %arg7] : memref<?x10x10xf64>
        %45 = arith.mulf %44, %cst_0 : f64
        %46 = arith.subf %43, %45 : f64
        %47 = affine.load %arg2[%arg5 - 1, %arg6, %arg7] : memref<?x10x10xf64>
        %48 = arith.addf %46, %47 : f64
        %49 = arith.mulf %48, %cst : f64
        %50 = affine.load %arg2[%arg5, %arg6 + 1, %arg7] : memref<?x10x10xf64>
        %51 = arith.subf %50, %45 : f64
        %52 = affine.load %arg2[%arg5, %arg6 - 1, %arg7] : memref<?x10x10xf64>
        %53 = arith.addf %51, %52 : f64
        %54 = arith.mulf %53, %cst : f64
        %55 = arith.addf %49, %54 : f64
        %56 = affine.load %arg2[%arg5, %arg6, %arg7 + 1] : memref<?x10x10xf64>
        %57 = arith.subf %56, %45 : f64
        %58 = affine.load %arg2[%arg5, %arg6, %arg7 - 1] : memref<?x10x10xf64>
        %59 = arith.addf %57, %58 : f64
        %60 = arith.mulf %59, %cst : f64
        %61 = arith.addf %55, %60 : f64
        %62 = arith.addf %61, %44 : f64
        affine.store %62, %arg3[%arg5, %arg6, %arg7] : memref<?x10x10xf64>
      }
    }
  }
  %1 = affine.apply affine_map<()[s0] -> (s0 - 1)>()[%0]
  %2 = arith.subi %1, %c1 : index
  %3 = affine.apply affine_map<()[s0] -> (s0 - 1)>()[%0]
  %4 = arith.subi %3, %c1 : index
  %5 = affine.apply affine_map<()[s0] -> (s0 - 1)>()[%0]
  %6 = arith.subi %5, %c1 : index
  %7 = polygeist.submap(%arg3, %4, %6, %2) {map = affine_map<(d0, d1, d2) -> (d2 + 2, d1 + 1, d0 + 1)>} : (memref<?x10x10xf64>, index, index, index) -> memref<?x?x?xf64>
  %8 = affine.apply affine_map<()[s0] -> (s0 - 1)>()[%0]
  %9 = arith.subi %8, %c1 : index
  %10 = affine.apply affine_map<()[s0] -> (s0 - 1)>()[%0]
  %11 = arith.subi %10, %c1 : index
  %12 = polygeist.submap(%arg3, %9, %11, %2) {map = affine_map<(d0, d1, d2) -> (d2 + 1, d1 + 1, d0 + 1)>} : (memref<?x10x10xf64>, index, index, index) -> memref<?x?x?xf64>
  %13 = affine.apply affine_map<()[s0] -> (s0 - 1)>()[%0]
  %14 = arith.subi %13, %c1 : index
  %15 = affine.apply affine_map<()[s0] -> (s0 - 1)>()[%0]
  %16 = arith.subi %15, %c1 : index
  %17 = polygeist.submap(%arg3, %14, %16, %2) {map = affine_map<(d0, d1, d2) -> (d2, d1 + 1, d0 + 1)>} : (memref<?x10x10xf64>, index, index, index) -> memref<?x?x?xf64>
  %18 = affine.apply affine_map<()[s0] -> (s0 - 1)>()[%0]
  %19 = arith.subi %18, %c1 : index
  %20 = affine.apply affine_map<()[s0] -> (s0 - 1)>()[%0]
  %21 = arith.subi %20, %c1 : index
  %22 = polygeist.submap(%arg3, %19, %21, %2) {map = affine_map<(d0, d1, d2) -> (d2 + 1, d1 + 2, d0 + 1)>} : (memref<?x10x10xf64>, index, index, index) -> memref<?x?x?xf64>
  %23 = affine.apply affine_map<()[s0] -> (s0 - 1)>()[%0]
  %24 = arith.subi %23, %c1 : index
  %25 = affine.apply affine_map<()[s0] -> (s0 - 1)>()[%0]
  %26 = arith.subi %25, %c1 : index
  %27 = polygeist.submap(%arg3, %24, %26, %2) {map = affine_map<(d0, d1, d2) -> (d2 + 1, d1, d0 + 1)>} : (memref<?x10x10xf64>, index, index, index) -> memref<?x?x?xf64>
  %28 = affine.apply affine_map<()[s0] -> (s0 - 1)>()[%0]
  %29 = arith.subi %28, %c1 : index
  %30 = affine.apply affine_map<()[s0] -> (s0 - 1)>()[%0]
  %31 = arith.subi %30, %c1 : index
  %32 = polygeist.submap(%arg3, %29, %31, %2) {map = affine_map<(d0, d1, d2) -> (d2 + 1, d1 + 1, d0 + 2)>} : (memref<?x10x10xf64>, index, index, index) -> memref<?x?x?xf64>
  %33 = affine.apply affine_map<()[s0] -> (s0 - 1)>()[%0]
  %34 = arith.subi %33, %c1 : index
  %35 = affine.apply affine_map<()[s0] -> (s0 - 1)>()[%0]
  %36 = arith.subi %35, %c1 : index
  %37 = polygeist.submap(%arg3, %34, %36, %2) {map = affine_map<(d0, d1, d2) -> (d2 + 1, d1 + 1, d0)>} : (memref<?x10x10xf64>, index, index, index) -> memref<?x?x?xf64>
  %38 = affine.apply affine_map<()[s0] -> (s0 - 1)>()[%0]
  %39 = arith.subi %38, %c1 : index
  %40 = affine.apply affine_map<()[s0] -> (s0 - 1)>()[%0]
  %41 = arith.subi %40, %c1 : index
  %42 = polygeist.submap(%arg2, %39, %41, %2) {map = affine_map<(d0, d1, d2) -> (d2 + 1, d1 + 1, d0 + 1)>} : (memref<?x10x10xf64>, index, index, index) -> memref<?x?x?xf64>
  linalg.generic {indexing_maps = [affine_map<(d0, d1, d2) -> (d0, d1, d2)>, affine_map<(d0, d1, d2) -> (d0, d1, d2)>, affine_map<(d0, d1, d2) -> (d0, d1, d2)>, affine_map<(d0, d1, d2) -> (d0, d1, d2)>, affine_map<(d0, d1, d2) -> (d0, d1, d2)>, affine_map<(d0, d1, d2) -> (d0, d1, d2)>, affine_map<(d0, d1, d2) -> (d0, d1, d2)>, affine_map<(d0, d1, d2) -> (d0, d1, d2)>], iterator_types = ["parallel", "parallel", "parallel"]} ins(%7, %12, %17, %22, %27, %32, %37 : memref<?x?x?xf64>, memref<?x?x?xf64>, memref<?x?x?xf64>, memref<?x?x?xf64>, memref<?x?x?xf64>, memref<?x?x?xf64>, memref<?x?x?xf64>) outs(%42 : memref<?x?x?xf64>) {
  ^bb0(%in: f64, %in_1: f64, %in_2: f64, %in_3: f64, %in_4: f64, %in_5: f64, %in_6: f64, %out: f64):
    %43 = arith.mulf %in_1, %cst_0 : f64
    %44 = arith.subf %in, %43 : f64
    %45 = arith.addf %44, %in_2 : f64
    %46 = arith.mulf %45, %cst : f64
    %47 = arith.subf %in_3, %43 : f64
    %48 = arith.addf %47, %in_4 : f64
    %49 = arith.mulf %48, %cst : f64
    %50 = arith.addf %46, %49 : f64
    %51 = arith.subf %in_5, %43 : f64
    %52 = arith.addf %51, %in_6 : f64
    %53 = arith.mulf %52, %cst : f64
    %54 = arith.addf %50, %53 : f64
    %55 = arith.addf %54, %in_1 : f64
    linalg.yield %55 : f64
  }
}

REJECTED: Walk was interrupted (invalid operations found)


========================================
=== AffineForOpRaising::matchAndRewrite ===
========================================
Processing loop:
affine.for %arg5 = 1 to affine_map<()[s0] -> (s0 - 1)>()[%0] {
  affine.for %arg6 = 1 to affine_map<()[s0] -> (s0 - 1)>()[%0] {
    affine.for %arg7 = 1 to affine_map<()[s0] -> (s0 - 1)>()[%0] {
      %43 = affine.load %arg2[%arg5 + 1, %arg6, %arg7] : memref<?x10x10xf64>
      %44 = affine.load %arg2[%arg5, %arg6, %arg7] : memref<?x10x10xf64>
      %45 = arith.mulf %44, %cst_0 : f64
      %46 = arith.subf %43, %45 : f64
      %47 = affine.load %arg2[%arg5 - 1, %arg6, %arg7] : memref<?x10x10xf64>
      %48 = arith.addf %46, %47 : f64
      %49 = arith.mulf %48, %cst : f64
      %50 = affine.load %arg2[%arg5, %arg6 + 1, %arg7] : memref<?x10x10xf64>
      %51 = arith.subf %50, %45 : f64
      %52 = affine.load %arg2[%arg5, %arg6 - 1, %arg7] : memref<?x10x10xf64>
      %53 = arith.addf %51, %52 : f64
      %54 = arith.mulf %53, %cst : f64
      %55 = arith.addf %49, %54 : f64
      %56 = affine.load %arg2[%arg5, %arg6, %arg7 + 1] : memref<?x10x10xf64>
      %57 = arith.subf %56, %45 : f64
      %58 = affine.load %arg2[%arg5, %arg6, %arg7 - 1] : memref<?x10x10xf64>
      %59 = arith.addf %57, %58 : f64
      %60 = arith.mulf %59, %cst : f64
      %61 = arith.addf %55, %60 : f64
      %62 = arith.addf %61, %44 : f64
      affine.store %62, %arg3[%arg5, %arg6, %arg7] : memref<?x10x10xf64>
    }
  }
}

REJECTED: Walk was interrupted (invalid operations found)


========================================
=== AffineForOpRaising::matchAndRewrite ===
========================================
Processing loop:
affine.for %arg6 = 1 to affine_map<()[s0] -> (s0 - 1)>()[%0] {
  affine.for %arg7 = 1 to affine_map<()[s0] -> (s0 - 1)>()[%0] {
    %43 = affine.load %arg2[%arg5 + 1, %arg6, %arg7] : memref<?x10x10xf64>
    %44 = affine.load %arg2[%arg5, %arg6, %arg7] : memref<?x10x10xf64>
    %45 = arith.mulf %44, %cst_0 : f64
    %46 = arith.subf %43, %45 : f64
    %47 = affine.load %arg2[%arg5 - 1, %arg6, %arg7] : memref<?x10x10xf64>
    %48 = arith.addf %46, %47 : f64
    %49 = arith.mulf %48, %cst : f64
    %50 = affine.load %arg2[%arg5, %arg6 + 1, %arg7] : memref<?x10x10xf64>
    %51 = arith.subf %50, %45 : f64
    %52 = affine.load %arg2[%arg5, %arg6 - 1, %arg7] : memref<?x10x10xf64>
    %53 = arith.addf %51, %52 : f64
    %54 = arith.mulf %53, %cst : f64
    %55 = arith.addf %49, %54 : f64
    %56 = affine.load %arg2[%arg5, %arg6, %arg7 + 1] : memref<?x10x10xf64>
    %57 = arith.subf %56, %45 : f64
    %58 = affine.load %arg2[%arg5, %arg6, %arg7 - 1] : memref<?x10x10xf64>
    %59 = arith.addf %57, %58 : f64
    %60 = arith.mulf %59, %cst : f64
    %61 = arith.addf %55, %60 : f64
    %62 = arith.addf %61, %44 : f64
    affine.store %62, %arg3[%arg5, %arg6, %arg7] : memref<?x10x10xf64>
  }
}

REJECTED: Walk was interrupted (invalid operations found)


========================================
=== AffineForOpRaising::matchAndRewrite ===
========================================
Processing loop:
affine.for %arg7 = 1 to affine_map<()[s0] -> (s0 - 1)>()[%0] {
  %43 = affine.load %arg2[%arg5 + 1, %arg6, %arg7] : memref<?x10x10xf64>
  %44 = affine.load %arg2[%arg5, %arg6, %arg7] : memref<?x10x10xf64>
  %45 = arith.mulf %44, %cst_0 : f64
  %46 = arith.subf %43, %45 : f64
  %47 = affine.load %arg2[%arg5 - 1, %arg6, %arg7] : memref<?x10x10xf64>
  %48 = arith.addf %46, %47 : f64
  %49 = arith.mulf %48, %cst : f64
  %50 = affine.load %arg2[%arg5, %arg6 + 1, %arg7] : memref<?x10x10xf64>
  %51 = arith.subf %50, %45 : f64
  %52 = affine.load %arg2[%arg5, %arg6 - 1, %arg7] : memref<?x10x10xf64>
  %53 = arith.addf %51, %52 : f64
  %54 = arith.mulf %53, %cst : f64
  %55 = arith.addf %49, %54 : f64
  %56 = affine.load %arg2[%arg5, %arg6, %arg7 + 1] : memref<?x10x10xf64>
  %57 = arith.subf %56, %45 : f64
  %58 = affine.load %arg2[%arg5, %arg6, %arg7 - 1] : memref<?x10x10xf64>
  %59 = arith.addf %57, %58 : f64
  %60 = arith.mulf %59, %cst : f64
  %61 = arith.addf %55, %60 : f64
  %62 = arith.addf %61, %44 : f64
  affine.store %62, %arg3[%arg5, %arg6, %arg7] : memref<?x10x10xf64>
}

Pattern recognition complete:
  Loads: 7
  Stores: 1
  LinalgGenerics: 0

Loop bounds:
  lbMap: () -> (1)
  ubMap: ()[s0] -> (s0 - 1)

--- Processing Linalg Generics ---

--- Processing Loads ---
Processing load: %46 = affine.load %arg2[%arg5 + 1, %arg6, %arg7] : memref<?x10x10xf64>

=== remap_in_affine_dim ===
  oldmap: (d0, d1, d2) -> (d0 + 1, d1, d2)
  firstNDims: 0
  check_reduction (input): 0
  lower_bound_val: 1
  dimidx: 2
  check_reduction (output): 0
  new map (map2): (d0)[s0, s1] -> (s0 + 1, s1, d0 + 1)
  validDims: 1, validSims: 2
  Created SubmapOp with type: memref<?xf64>
=== remap_in_affine_dim END ===

Processing load: %48 = affine.load %arg2[%arg5, %arg6, %arg7] : memref<?x10x10xf64>

=== remap_in_affine_dim ===
  oldmap: (d0, d1, d2) -> (d0, d1, d2)
  firstNDims: 0
  check_reduction (input): 0
  lower_bound_val: 1
  dimidx: 2
  check_reduction (output): 0
  new map (map2): (d0)[s0, s1] -> (s0, s1, d0 + 1)
  validDims: 1, validSims: 2
  Created SubmapOp with type: memref<?xf64>
=== remap_in_affine_dim END ===

Processing load: %52 = affine.load %arg2[%arg5 - 1, %arg6, %arg7] : memref<?x10x10xf64>

=== remap_in_affine_dim ===
  oldmap: (d0, d1, d2) -> (d0 - 1, d1, d2)
  firstNDims: 0
  check_reduction (input): 0
  lower_bound_val: 1
  dimidx: 2
  check_reduction (output): 0
  new map (map2): (d0)[s0, s1] -> (s0 - 1, s1, d0 + 1)
  validDims: 1, validSims: 2
  Created SubmapOp with type: memref<?xf64>
=== remap_in_affine_dim END ===

Processing load: %56 = affine.load %arg2[%arg5, %arg6 + 1, %arg7] : memref<?x10x10xf64>

=== remap_in_affine_dim ===
  oldmap: (d0, d1, d2) -> (d0, d1 + 1, d2)
  firstNDims: 0
  check_reduction (input): 0
  lower_bound_val: 1
  dimidx: 2
  check_reduction (output): 0
  new map (map2): (d0)[s0, s1] -> (s0, s1 + 1, d0 + 1)
  validDims: 1, validSims: 2
  Created SubmapOp with type: memref<?xf64>
=== remap_in_affine_dim END ===

Processing load: %59 = affine.load %arg2[%arg5, %arg6 - 1, %arg7] : memref<?x10x10xf64>

=== remap_in_affine_dim ===
  oldmap: (d0, d1, d2) -> (d0, d1 - 1, d2)
  firstNDims: 0
  check_reduction (input): 0
  lower_bound_val: 1
  dimidx: 2
  check_reduction (output): 0
  new map (map2): (d0)[s0, s1] -> (s0, s1 - 1, d0 + 1)
  validDims: 1, validSims: 2
  Created SubmapOp with type: memref<?xf64>
=== remap_in_affine_dim END ===

Processing load: %64 = affine.load %arg2[%arg5, %arg6, %arg7 + 1] : memref<?x10x10xf64>

=== remap_in_affine_dim ===
  oldmap: (d0, d1, d2) -> (d0, d1, d2 + 1)
  firstNDims: 0
  check_reduction (input): 0
  lower_bound_val: 1
  dimidx: 2
  check_reduction (output): 0
  new map (map2): (d0)[s0, s1] -> (s0, s1, d0 + 2)
  validDims: 1, validSims: 2
  Created SubmapOp with type: memref<?xf64>
=== remap_in_affine_dim END ===

Processing load: %67 = affine.load %arg2[%arg5, %arg6, %arg7 - 1] : memref<?x10x10xf64>

=== remap_in_affine_dim ===
  oldmap: (d0, d1, d2) -> (d0, d1, d2 - 1)
  firstNDims: 0
  check_reduction (input): 0
  lower_bound_val: 1
  dimidx: 2
  check_reduction (output): 0
  new map (map2): (d0)[s0, s1] -> (s0, s1, d0)
  validDims: 1, validSims: 2
  Created SubmapOp with type: memref<?xf64>
=== remap_in_affine_dim END ===


--- Processing Stores ---
Processing store: affine.store %72, %arg3[%arg5, %arg6, %arg7] : memref<?x10x10xf64>

=== remap_in_affine_dim ===
  oldmap: (d0, d1, d2) -> (d0, d1, d2)
  firstNDims: 0
  check_reduction (input): 1
  lower_bound_val: 1
  dimidx: 2
  check_reduction (output): 0
  new map (map2): (d0)[s0, s1] -> (s0, s1, d0 + 1)
  validDims: 1, validSims: 2
  Created SubmapOp with type: memref<?xf64>
=== remap_in_affine_dim END ===


--- Creating linalg.generic ---
Iterator type for this loop: parallel
Total iterator types: 1
Total inputs: 7
Total outputs: 1

=== AffineForOpRaising SUCCESS ===
========================================


========================================
=== AffineForOpRaising::matchAndRewrite ===
========================================
Processing loop:
affine.for %arg4 = 1 to 21 {
  affine.for %arg5 = 1 to affine_map<()[s0] -> (s0 - 1)>()[%0] {
    affine.for %arg6 = 1 to affine_map<()[s0] -> (s0 - 1)>()[%0] {
      %43 = affine.apply affine_map<()[s0] -> (s0 - 1)>()[%0]
      %44 = arith.subi %43, %c1 : index
      %45 = polygeist.submap(%arg2, %arg5, %arg6, %44) {map = affine_map<(d0)[s0, s1] -> (s0 + 1, s1, d0 + 1)>} : (memref<?x10x10xf64>, index, index, index) -> memref<?xf64>
      %46 = polygeist.submap(%arg2, %arg5, %arg6, %44) {map = affine_map<(d0)[s0, s1] -> (s0, s1, d0 + 1)>} : (memref<?x10x10xf64>, index, index, index) -> memref<?xf64>
      %47 = polygeist.submap(%arg2, %arg5, %arg6, %44) {map = affine_map<(d0)[s0, s1] -> (s0 - 1, s1, d0 + 1)>} : (memref<?x10x10xf64>, index, index, index) -> memref<?xf64>
      %48 = polygeist.submap(%arg2, %arg5, %arg6, %44) {map = affine_map<(d0)[s0, s1] -> (s0, s1 + 1, d0 + 1)>} : (memref<?x10x10xf64>, index, index, index) -> memref<?xf64>
      %49 = polygeist.submap(%arg2, %arg5, %arg6, %44) {map = affine_map<(d0)[s0, s1] -> (s0, s1 - 1, d0 + 1)>} : (memref<?x10x10xf64>, index, index, index) -> memref<?xf64>
      %50 = polygeist.submap(%arg2, %arg5, %arg6, %44) {map = affine_map<(d0)[s0, s1] -> (s0, s1, d0 + 2)>} : (memref<?x10x10xf64>, index, index, index) -> memref<?xf64>
      %51 = polygeist.submap(%arg2, %arg5, %arg6, %44) {map = affine_map<(d0)[s0, s1] -> (s0, s1, d0)>} : (memref<?x10x10xf64>, index, index, index) -> memref<?xf64>
      %52 = polygeist.submap(%arg3, %arg5, %arg6, %44) {map = affine_map<(d0)[s0, s1] -> (s0, s1, d0 + 1)>} : (memref<?x10x10xf64>, index, index, index) -> memref<?xf64>
      linalg.generic {indexing_maps = [affine_map<(d0) -> (d0)>, affine_map<(d0) -> (d0)>, affine_map<(d0) -> (d0)>, affine_map<(d0) -> (d0)>, affine_map<(d0) -> (d0)>, affine_map<(d0) -> (d0)>, affine_map<(d0) -> (d0)>, affine_map<(d0) -> (d0)>], iterator_types = ["parallel"]} ins(%45, %46, %47, %48, %49, %50, %51 : memref<?xf64>, memref<?xf64>, memref<?xf64>, memref<?xf64>, memref<?xf64>, memref<?xf64>, memref<?xf64>) outs(%52 : memref<?xf64>) {
      ^bb0(%in: f64, %in_1: f64, %in_2: f64, %in_3: f64, %in_4: f64, %in_5: f64, %in_6: f64, %out: f64):
        %53 = arith.mulf %in_1, %cst_0 : f64
        %54 = arith.subf %in, %53 : f64
        %55 = arith.addf %54, %in_2 : f64
        %56 = arith.mulf %55, %cst : f64
        %57 = arith.subf %in_3, %53 : f64
        %58 = arith.addf %57, %in_4 : f64
        %59 = arith.mulf %58, %cst : f64
        %60 = arith.addf %56, %59 : f64
        %61 = arith.subf %in_5, %53 : f64
        %62 = arith.addf %61, %in_6 : f64
        %63 = arith.mulf %62, %cst : f64
        %64 = arith.addf %60, %63 : f64
        %65 = arith.addf %64, %in_1 : f64
        linalg.yield %65 : f64
      }
    }
  }
  %1 = affine.apply affine_map<()[s0] -> (s0 - 1)>()[%0]
  %2 = arith.subi %1, %c1 : index
  %3 = affine.apply affine_map<()[s0] -> (s0 - 1)>()[%0]
  %4 = arith.subi %3, %c1 : index
  %5 = affine.apply affine_map<()[s0] -> (s0 - 1)>()[%0]
  %6 = arith.subi %5, %c1 : index
  %7 = polygeist.submap(%arg3, %4, %6, %2) {map = affine_map<(d0, d1, d2) -> (d2 + 2, d1 + 1, d0 + 1)>} : (memref<?x10x10xf64>, index, index, index) -> memref<?x?x?xf64>
  %8 = affine.apply affine_map<()[s0] -> (s0 - 1)>()[%0]
  %9 = arith.subi %8, %c1 : index
  %10 = affine.apply affine_map<()[s0] -> (s0 - 1)>()[%0]
  %11 = arith.subi %10, %c1 : index
  %12 = polygeist.submap(%arg3, %9, %11, %2) {map = affine_map<(d0, d1, d2) -> (d2 + 1, d1 + 1, d0 + 1)>} : (memref<?x10x10xf64>, index, index, index) -> memref<?x?x?xf64>
  %13 = affine.apply affine_map<()[s0] -> (s0 - 1)>()[%0]
  %14 = arith.subi %13, %c1 : index
  %15 = affine.apply affine_map<()[s0] -> (s0 - 1)>()[%0]
  %16 = arith.subi %15, %c1 : index
  %17 = polygeist.submap(%arg3, %14, %16, %2) {map = affine_map<(d0, d1, d2) -> (d2, d1 + 1, d0 + 1)>} : (memref<?x10x10xf64>, index, index, index) -> memref<?x?x?xf64>
  %18 = affine.apply affine_map<()[s0] -> (s0 - 1)>()[%0]
  %19 = arith.subi %18, %c1 : index
  %20 = affine.apply affine_map<()[s0] -> (s0 - 1)>()[%0]
  %21 = arith.subi %20, %c1 : index
  %22 = polygeist.submap(%arg3, %19, %21, %2) {map = affine_map<(d0, d1, d2) -> (d2 + 1, d1 + 2, d0 + 1)>} : (memref<?x10x10xf64>, index, index, index) -> memref<?x?x?xf64>
  %23 = affine.apply affine_map<()[s0] -> (s0 - 1)>()[%0]
  %24 = arith.subi %23, %c1 : index
  %25 = affine.apply affine_map<()[s0] -> (s0 - 1)>()[%0]
  %26 = arith.subi %25, %c1 : index
  %27 = polygeist.submap(%arg3, %24, %26, %2) {map = affine_map<(d0, d1, d2) -> (d2 + 1, d1, d0 + 1)>} : (memref<?x10x10xf64>, index, index, index) -> memref<?x?x?xf64>
  %28 = affine.apply affine_map<()[s0] -> (s0 - 1)>()[%0]
  %29 = arith.subi %28, %c1 : index
  %30 = affine.apply affine_map<()[s0] -> (s0 - 1)>()[%0]
  %31 = arith.subi %30, %c1 : index
  %32 = polygeist.submap(%arg3, %29, %31, %2) {map = affine_map<(d0, d1, d2) -> (d2 + 1, d1 + 1, d0 + 2)>} : (memref<?x10x10xf64>, index, index, index) -> memref<?x?x?xf64>
  %33 = affine.apply affine_map<()[s0] -> (s0 - 1)>()[%0]
  %34 = arith.subi %33, %c1 : index
  %35 = affine.apply affine_map<()[s0] -> (s0 - 1)>()[%0]
  %36 = arith.subi %35, %c1 : index
  %37 = polygeist.submap(%arg3, %34, %36, %2) {map = affine_map<(d0, d1, d2) -> (d2 + 1, d1 + 1, d0)>} : (memref<?x10x10xf64>, index, index, index) -> memref<?x?x?xf64>
  %38 = affine.apply affine_map<()[s0] -> (s0 - 1)>()[%0]
  %39 = arith.subi %38, %c1 : index
  %40 = affine.apply affine_map<()[s0] -> (s0 - 1)>()[%0]
  %41 = arith.subi %40, %c1 : index
  %42 = polygeist.submap(%arg2, %39, %41, %2) {map = affine_map<(d0, d1, d2) -> (d2 + 1, d1 + 1, d0 + 1)>} : (memref<?x10x10xf64>, index, index, index) -> memref<?x?x?xf64>
  linalg.generic {indexing_maps = [affine_map<(d0, d1, d2) -> (d0, d1, d2)>, affine_map<(d0, d1, d2) -> (d0, d1, d2)>, affine_map<(d0, d1, d2) -> (d0, d1, d2)>, affine_map<(d0, d1, d2) -> (d0, d1, d2)>, affine_map<(d0, d1, d2) -> (d0, d1, d2)>, affine_map<(d0, d1, d2) -> (d0, d1, d2)>, affine_map<(d0, d1, d2) -> (d0, d1, d2)>, affine_map<(d0, d1, d2) -> (d0, d1, d2)>], iterator_types = ["parallel", "parallel", "parallel"]} ins(%7, %12, %17, %22, %27, %32, %37 : memref<?x?x?xf64>, memref<?x?x?xf64>, memref<?x?x?xf64>, memref<?x?x?xf64>, memref<?x?x?xf64>, memref<?x?x?xf64>, memref<?x?x?xf64>) outs(%42 : memref<?x?x?xf64>) {
  ^bb0(%in: f64, %in_1: f64, %in_2: f64, %in_3: f64, %in_4: f64, %in_5: f64, %in_6: f64, %out: f64):
    %43 = arith.mulf %in_1, %cst_0 : f64
    %44 = arith.subf %in, %43 : f64
    %45 = arith.addf %44, %in_2 : f64
    %46 = arith.mulf %45, %cst : f64
    %47 = arith.subf %in_3, %43 : f64
    %48 = arith.addf %47, %in_4 : f64
    %49 = arith.mulf %48, %cst : f64
    %50 = arith.addf %46, %49 : f64
    %51 = arith.subf %in_5, %43 : f64
    %52 = arith.addf %51, %in_6 : f64
    %53 = arith.mulf %52, %cst : f64
    %54 = arith.addf %50, %53 : f64
    %55 = arith.addf %54, %in_1 : f64
    linalg.yield %55 : f64
  }
}

REJECTED: Walk was interrupted (invalid operations found)


========================================
=== AffineForOpRaising::matchAndRewrite ===
========================================
Processing loop:
affine.for %arg5 = 1 to affine_map<()[s0] -> (s0 - 1)>()[%0] {
  affine.for %arg6 = 1 to affine_map<()[s0] -> (s0 - 1)>()[%0] {
    %43 = affine.apply affine_map<()[s0] -> (s0 - 1)>()[%0]
    %44 = arith.subi %43, %c1 : index
    %45 = polygeist.submap(%arg2, %arg5, %arg6, %44) {map = affine_map<(d0)[s0, s1] -> (s0 + 1, s1, d0 + 1)>} : (memref<?x10x10xf64>, index, index, index) -> memref<?xf64>
    %46 = polygeist.submap(%arg2, %arg5, %arg6, %44) {map = affine_map<(d0)[s0, s1] -> (s0, s1, d0 + 1)>} : (memref<?x10x10xf64>, index, index, index) -> memref<?xf64>
    %47 = polygeist.submap(%arg2, %arg5, %arg6, %44) {map = affine_map<(d0)[s0, s1] -> (s0 - 1, s1, d0 + 1)>} : (memref<?x10x10xf64>, index, index, index) -> memref<?xf64>
    %48 = polygeist.submap(%arg2, %arg5, %arg6, %44) {map = affine_map<(d0)[s0, s1] -> (s0, s1 + 1, d0 + 1)>} : (memref<?x10x10xf64>, index, index, index) -> memref<?xf64>
    %49 = polygeist.submap(%arg2, %arg5, %arg6, %44) {map = affine_map<(d0)[s0, s1] -> (s0, s1 - 1, d0 + 1)>} : (memref<?x10x10xf64>, index, index, index) -> memref<?xf64>
    %50 = polygeist.submap(%arg2, %arg5, %arg6, %44) {map = affine_map<(d0)[s0, s1] -> (s0, s1, d0 + 2)>} : (memref<?x10x10xf64>, index, index, index) -> memref<?xf64>
    %51 = polygeist.submap(%arg2, %arg5, %arg6, %44) {map = affine_map<(d0)[s0, s1] -> (s0, s1, d0)>} : (memref<?x10x10xf64>, index, index, index) -> memref<?xf64>
    %52 = polygeist.submap(%arg3, %arg5, %arg6, %44) {map = affine_map<(d0)[s0, s1] -> (s0, s1, d0 + 1)>} : (memref<?x10x10xf64>, index, index, index) -> memref<?xf64>
    linalg.generic {indexing_maps = [affine_map<(d0) -> (d0)>, affine_map<(d0) -> (d0)>, affine_map<(d0) -> (d0)>, affine_map<(d0) -> (d0)>, affine_map<(d0) -> (d0)>, affine_map<(d0) -> (d0)>, affine_map<(d0) -> (d0)>, affine_map<(d0) -> (d0)>], iterator_types = ["parallel"]} ins(%45, %46, %47, %48, %49, %50, %51 : memref<?xf64>, memref<?xf64>, memref<?xf64>, memref<?xf64>, memref<?xf64>, memref<?xf64>, memref<?xf64>) outs(%52 : memref<?xf64>) {
    ^bb0(%in: f64, %in_1: f64, %in_2: f64, %in_3: f64, %in_4: f64, %in_5: f64, %in_6: f64, %out: f64):
      %53 = arith.mulf %in_1, %cst_0 : f64
      %54 = arith.subf %in, %53 : f64
      %55 = arith.addf %54, %in_2 : f64
      %56 = arith.mulf %55, %cst : f64
      %57 = arith.subf %in_3, %53 : f64
      %58 = arith.addf %57, %in_4 : f64
      %59 = arith.mulf %58, %cst : f64
      %60 = arith.addf %56, %59 : f64
      %61 = arith.subf %in_5, %53 : f64
      %62 = arith.addf %61, %in_6 : f64
      %63 = arith.mulf %62, %cst : f64
      %64 = arith.addf %60, %63 : f64
      %65 = arith.addf %64, %in_1 : f64
      linalg.yield %65 : f64
    }
  }
}

REJECTED: Walk was interrupted (invalid operations found)


========================================
=== AffineForOpRaising::matchAndRewrite ===
========================================
Processing loop:
affine.for %arg6 = 1 to affine_map<()[s0] -> (s0 - 1)>()[%0] {
  %43 = affine.apply affine_map<()[s0] -> (s0 - 1)>()[%0]
  %44 = arith.subi %43, %c1 : index
  %45 = polygeist.submap(%arg2, %arg5, %arg6, %44) {map = affine_map<(d0)[s0, s1] -> (s0 + 1, s1, d0 + 1)>} : (memref<?x10x10xf64>, index, index, index) -> memref<?xf64>
  %46 = polygeist.submap(%arg2, %arg5, %arg6, %44) {map = affine_map<(d0)[s0, s1] -> (s0, s1, d0 + 1)>} : (memref<?x10x10xf64>, index, index, index) -> memref<?xf64>
  %47 = polygeist.submap(%arg2, %arg5, %arg6, %44) {map = affine_map<(d0)[s0, s1] -> (s0 - 1, s1, d0 + 1)>} : (memref<?x10x10xf64>, index, index, index) -> memref<?xf64>
  %48 = polygeist.submap(%arg2, %arg5, %arg6, %44) {map = affine_map<(d0)[s0, s1] -> (s0, s1 + 1, d0 + 1)>} : (memref<?x10x10xf64>, index, index, index) -> memref<?xf64>
  %49 = polygeist.submap(%arg2, %arg5, %arg6, %44) {map = affine_map<(d0)[s0, s1] -> (s0, s1 - 1, d0 + 1)>} : (memref<?x10x10xf64>, index, index, index) -> memref<?xf64>
  %50 = polygeist.submap(%arg2, %arg5, %arg6, %44) {map = affine_map<(d0)[s0, s1] -> (s0, s1, d0 + 2)>} : (memref<?x10x10xf64>, index, index, index) -> memref<?xf64>
  %51 = polygeist.submap(%arg2, %arg5, %arg6, %44) {map = affine_map<(d0)[s0, s1] -> (s0, s1, d0)>} : (memref<?x10x10xf64>, index, index, index) -> memref<?xf64>
  %52 = polygeist.submap(%arg3, %arg5, %arg6, %44) {map = affine_map<(d0)[s0, s1] -> (s0, s1, d0 + 1)>} : (memref<?x10x10xf64>, index, index, index) -> memref<?xf64>
  linalg.generic {indexing_maps = [affine_map<(d0) -> (d0)>, affine_map<(d0) -> (d0)>, affine_map<(d0) -> (d0)>, affine_map<(d0) -> (d0)>, affine_map<(d0) -> (d0)>, affine_map<(d0) -> (d0)>, affine_map<(d0) -> (d0)>, affine_map<(d0) -> (d0)>], iterator_types = ["parallel"]} ins(%45, %46, %47, %48, %49, %50, %51 : memref<?xf64>, memref<?xf64>, memref<?xf64>, memref<?xf64>, memref<?xf64>, memref<?xf64>, memref<?xf64>) outs(%52 : memref<?xf64>) {
  ^bb0(%in: f64, %in_1: f64, %in_2: f64, %in_3: f64, %in_4: f64, %in_5: f64, %in_6: f64, %out: f64):
    %53 = arith.mulf %in_1, %cst_0 : f64
    %54 = arith.subf %in, %53 : f64
    %55 = arith.addf %54, %in_2 : f64
    %56 = arith.mulf %55, %cst : f64
    %57 = arith.subf %in_3, %53 : f64
    %58 = arith.addf %57, %in_4 : f64
    %59 = arith.mulf %58, %cst : f64
    %60 = arith.addf %56, %59 : f64
    %61 = arith.subf %in_5, %53 : f64
    %62 = arith.addf %61, %in_6 : f64
    %63 = arith.mulf %62, %cst : f64
    %64 = arith.addf %60, %63 : f64
    %65 = arith.addf %64, %in_1 : f64
    linalg.yield %65 : f64
  }
}

Pattern recognition complete:
  Loads: 0
  Stores: 0
  LinalgGenerics: 1

Loop bounds:
  lbMap: () -> (1)
  ubMap: ()[s0] -> (s0 - 1)

--- Processing Linalg Generics ---
Processing linalg.generic:
linalg.generic {indexing_maps = [affine_map<(d0) -> (d0)>, affine_map<(d0) -> (d0)>, affine_map<(d0) -> (d0)>, affine_map<(d0) -> (d0)>, affine_map<(d0) -> (d0)>, affine_map<(d0) -> (d0)>, affine_map<(d0) -> (d0)>, affine_map<(d0) -> (d0)>], iterator_types = ["parallel"]} ins(%48, %49, %50, %51, %52, %53, %54 : memref<?xf64>, memref<?xf64>, memref<?xf64>, memref<?xf64>, memref<?xf64>, memref<?xf64>, memref<?xf64>) outs(%55 : memref<?xf64>) {
^bb0(%in: f64, %in_1: f64, %in_2: f64, %in_3: f64, %in_4: f64, %in_5: f64, %in_6: f64, %out: f64):
  %56 = arith.mulf %in_1, %cst_0 : f64
  %57 = arith.subf %in, %56 : f64
  %58 = arith.addf %57, %in_2 : f64
  %59 = arith.mulf %58, %cst : f64
  %60 = arith.subf %in_3, %56 : f64
  %61 = arith.addf %60, %in_4 : f64
  %62 = arith.mulf %61, %cst : f64
  %63 = arith.addf %59, %62 : f64
  %64 = arith.subf %in_5, %56 : f64
  %65 = arith.addf %64, %in_6 : f64
  %66 = arith.mulf %65, %cst : f64
  %67 = arith.addf %63, %66 : f64
  %68 = arith.addf %67, %in_1 : f64
  linalg.yield %68 : f64
}
  Processing 7 inputs
  Input 0 indexing map: (d0) -> (d0)

=== getLinalgArgMap ===
  Initial lgMap: (d0) -> (d0)
  Found SubmapOp with map: (d0)[s0, s1] -> (s0 + 1, s1, d0 + 1)
  Composed map: (d0)[s0, s1] -> (s0 + 1, s1, d0 + 1)
  Final lgMap: (d0)[s0, s1] -> (s0 + 1, s1, d0 + 1)
=== getLinalgArgMap END ===

  Calling remap_in_affine_dim for input 0

=== remap_in_affine_dim ===
  oldmap: (d0)[s0, s1] -> (s0 + 1, s1, d0 + 1)
  firstNDims: 1
  check_reduction (input): 0
  lower_bound_val: 1
  dimidx: 2
  check_reduction (output): 0
  new map (map2): (d0, d1)[s0] -> (s0 + 1, d1 + 1, d0 + 1)
  validDims: 2, validSims: 1
  Created SubmapOp with type: memref<?x?xf64>
=== remap_in_affine_dim END ===

  Input 1 indexing map: (d0) -> (d0)

=== getLinalgArgMap ===
  Initial lgMap: (d0) -> (d0)
  Found SubmapOp with map: (d0)[s0, s1] -> (s0, s1, d0 + 1)
  Composed map: (d0)[s0, s1] -> (s0, s1, d0 + 1)
  Final lgMap: (d0)[s0, s1] -> (s0, s1, d0 + 1)
=== getLinalgArgMap END ===

  Calling remap_in_affine_dim for input 1

=== remap_in_affine_dim ===
  oldmap: (d0)[s0, s1] -> (s0, s1, d0 + 1)
  firstNDims: 1
  check_reduction (input): 0
  lower_bound_val: 1
  dimidx: 2
  check_reduction (output): 0
  new map (map2): (d0, d1)[s0] -> (s0, d1 + 1, d0 + 1)
  validDims: 2, validSims: 1
  Created SubmapOp with type: memref<?x?xf64>
=== remap_in_affine_dim END ===

  Input 2 indexing map: (d0) -> (d0)

=== getLinalgArgMap ===
  Initial lgMap: (d0) -> (d0)
  Found SubmapOp with map: (d0)[s0, s1] -> (s0 - 1, s1, d0 + 1)
  Composed map: (d0)[s0, s1] -> (s0 - 1, s1, d0 + 1)
  Final lgMap: (d0)[s0, s1] -> (s0 - 1, s1, d0 + 1)
=== getLinalgArgMap END ===

  Calling remap_in_affine_dim for input 2

=== remap_in_affine_dim ===
  oldmap: (d0)[s0, s1] -> (s0 - 1, s1, d0 + 1)
  firstNDims: 1
  check_reduction (input): 0
  lower_bound_val: 1
  dimidx: 2
  check_reduction (output): 0
  new map (map2): (d0, d1)[s0] -> (s0 - 1, d1 + 1, d0 + 1)
  validDims: 2, validSims: 1
  Created SubmapOp with type: memref<?x?xf64>
=== remap_in_affine_dim END ===

  Input 3 indexing map: (d0) -> (d0)

=== getLinalgArgMap ===
  Initial lgMap: (d0) -> (d0)
  Found SubmapOp with map: (d0)[s0, s1] -> (s0, s1 + 1, d0 + 1)
  Composed map: (d0)[s0, s1] -> (s0, s1 + 1, d0 + 1)
  Final lgMap: (d0)[s0, s1] -> (s0, s1 + 1, d0 + 1)
=== getLinalgArgMap END ===

  Calling remap_in_affine_dim for input 3

=== remap_in_affine_dim ===
  oldmap: (d0)[s0, s1] -> (s0, s1 + 1, d0 + 1)
  firstNDims: 1
  check_reduction (input): 0
  lower_bound_val: 1
  dimidx: 2
  check_reduction (output): 0
  new map (map2): (d0, d1)[s0] -> (s0, d1 + 2, d0 + 1)
  validDims: 2, validSims: 1
  Created SubmapOp with type: memref<?x?xf64>
=== remap_in_affine_dim END ===

  Input 4 indexing map: (d0) -> (d0)

=== getLinalgArgMap ===
  Initial lgMap: (d0) -> (d0)
  Found SubmapOp with map: (d0)[s0, s1] -> (s0, s1 - 1, d0 + 1)
  Composed map: (d0)[s0, s1] -> (s0, s1 - 1, d0 + 1)
  Final lgMap: (d0)[s0, s1] -> (s0, s1 - 1, d0 + 1)
=== getLinalgArgMap END ===

  Calling remap_in_affine_dim for input 4

=== remap_in_affine_dim ===
  oldmap: (d0)[s0, s1] -> (s0, s1 - 1, d0 + 1)
  firstNDims: 1
  check_reduction (input): 0
  lower_bound_val: 1
  dimidx: 2
  check_reduction (output): 0
  new map (map2): (d0, d1)[s0] -> (s0, d1, d0 + 1)
  validDims: 2, validSims: 1
  Created SubmapOp with type: memref<?x?xf64>
=== remap_in_affine_dim END ===

  Input 5 indexing map: (d0) -> (d0)

=== getLinalgArgMap ===
  Initial lgMap: (d0) -> (d0)
  Found SubmapOp with map: (d0)[s0, s1] -> (s0, s1, d0 + 2)
  Composed map: (d0)[s0, s1] -> (s0, s1, d0 + 2)
  Final lgMap: (d0)[s0, s1] -> (s0, s1, d0 + 2)
=== getLinalgArgMap END ===

  Calling remap_in_affine_dim for input 5

=== remap_in_affine_dim ===
  oldmap: (d0)[s0, s1] -> (s0, s1, d0 + 2)
  firstNDims: 1
  check_reduction (input): 0
  lower_bound_val: 1
  dimidx: 2
  check_reduction (output): 0
  new map (map2): (d0, d1)[s0] -> (s0, d1 + 1, d0 + 2)
  validDims: 2, validSims: 1
  Created SubmapOp with type: memref<?x?xf64>
=== remap_in_affine_dim END ===

  Input 6 indexing map: (d0) -> (d0)

=== getLinalgArgMap ===
  Initial lgMap: (d0) -> (d0)
  Found SubmapOp with map: (d0)[s0, s1] -> (s0, s1, d0)
  Composed map: (d0)[s0, s1] -> (s0, s1, d0)
  Final lgMap: (d0)[s0, s1] -> (s0, s1, d0)
=== getLinalgArgMap END ===

  Calling remap_in_affine_dim for input 6

=== remap_in_affine_dim ===
  oldmap: (d0)[s0, s1] -> (s0, s1, d0)
  firstNDims: 1
  check_reduction (input): 0
  lower_bound_val: 1
  dimidx: 2
  check_reduction (output): 0
  new map (map2): (d0, d1)[s0] -> (s0, d1 + 1, d0)
  validDims: 2, validSims: 1
  Created SubmapOp with type: memref<?x?xf64>
=== remap_in_affine_dim END ===

  Processing 1 outputs

=== getLinalgArgMap ===
  Initial lgMap: (d0) -> (d0)
  Found SubmapOp with map: (d0)[s0, s1] -> (s0, s1, d0 + 1)
  Composed map: (d0)[s0, s1] -> (s0, s1, d0 + 1)
  Final lgMap: (d0)[s0, s1] -> (s0, s1, d0 + 1)
=== getLinalgArgMap END ===

  Calling remap_in_affine_dim for output 0

=== remap_in_affine_dim ===
  oldmap: (d0)[s0, s1] -> (s0, s1, d0 + 1)
  firstNDims: 1
  check_reduction (input): 1
  lower_bound_val: 1
  dimidx: 2
  check_reduction (output): 0
  new map (map2): (d0, d1)[s0] -> (s0, d1 + 1, d0 + 1)
  validDims: 2, validSims: 1
  Created SubmapOp with type: memref<?x?xf64>
=== remap_in_affine_dim END ===


--- Processing Loads ---

--- Processing Stores ---

--- Creating linalg.generic ---
Iterator type for this loop: parallel
Extending iterator types from nested linalg.generic
Total iterator types: 2
Total inputs: 7
Total outputs: 1

=== AffineForOpRaising SUCCESS ===
========================================


========================================
=== AffineForOpRaising::matchAndRewrite ===
========================================
Processing loop:
affine.for %arg4 = 1 to 21 {
  affine.for %arg5 = 1 to affine_map<()[s0] -> (s0 - 1)>()[%0] {
    %43 = affine.apply affine_map<()[s0] -> (s0 - 1)>()[%0]
    %44 = arith.subi %43, %c1 : index
    %45 = affine.apply affine_map<()[s0] -> (s0 - 1)>()[%0]
    %46 = arith.subi %45, %c1 : index
    %47 = polygeist.submap(%arg2, %arg5, %46, %44) {map = affine_map<(d0, d1)[s0] -> (s0 + 1, d1 + 1, d0 + 1)>} : (memref<?x10x10xf64>, index, index, index) -> memref<?x?xf64>
    %48 = affine.apply affine_map<()[s0] -> (s0 - 1)>()[%0]
    %49 = arith.subi %48, %c1 : index
    %50 = polygeist.submap(%arg2, %arg5, %49, %44) {map = affine_map<(d0, d1)[s0] -> (s0, d1 + 1, d0 + 1)>} : (memref<?x10x10xf64>, index, index, index) -> memref<?x?xf64>
    %51 = affine.apply affine_map<()[s0] -> (s0 - 1)>()[%0]
    %52 = arith.subi %51, %c1 : index
    %53 = polygeist.submap(%arg2, %arg5, %52, %44) {map = affine_map<(d0, d1)[s0] -> (s0 - 1, d1 + 1, d0 + 1)>} : (memref<?x10x10xf64>, index, index, index) -> memref<?x?xf64>
    %54 = affine.apply affine_map<()[s0] -> (s0 - 1)>()[%0]
    %55 = arith.subi %54, %c1 : index
    %56 = polygeist.submap(%arg2, %arg5, %55, %44) {map = affine_map<(d0, d1)[s0] -> (s0, d1 + 2, d0 + 1)>} : (memref<?x10x10xf64>, index, index, index) -> memref<?x?xf64>
    %57 = affine.apply affine_map<()[s0] -> (s0 - 1)>()[%0]
    %58 = arith.subi %57, %c1 : index
    %59 = polygeist.submap(%arg2, %arg5, %58, %44) {map = affine_map<(d0, d1)[s0] -> (s0, d1, d0 + 1)>} : (memref<?x10x10xf64>, index, index, index) -> memref<?x?xf64>
    %60 = affine.apply affine_map<()[s0] -> (s0 - 1)>()[%0]
    %61 = arith.subi %60, %c1 : index
    %62 = polygeist.submap(%arg2, %arg5, %61, %44) {map = affine_map<(d0, d1)[s0] -> (s0, d1 + 1, d0 + 2)>} : (memref<?x10x10xf64>, index, index, index) -> memref<?x?xf64>
    %63 = affine.apply affine_map<()[s0] -> (s0 - 1)>()[%0]
    %64 = arith.subi %63, %c1 : index
    %65 = polygeist.submap(%arg2, %arg5, %64, %44) {map = affine_map<(d0, d1)[s0] -> (s0, d1 + 1, d0)>} : (memref<?x10x10xf64>, index, index, index) -> memref<?x?xf64>
    %66 = affine.apply affine_map<()[s0] -> (s0 - 1)>()[%0]
    %67 = arith.subi %66, %c1 : index
    %68 = polygeist.submap(%arg3, %arg5, %67, %44) {map = affine_map<(d0, d1)[s0] -> (s0, d1 + 1, d0 + 1)>} : (memref<?x10x10xf64>, index, index, index) -> memref<?x?xf64>
    linalg.generic {indexing_maps = [affine_map<(d0, d1) -> (d0, d1)>, affine_map<(d0, d1) -> (d0, d1)>, affine_map<(d0, d1) -> (d0, d1)>, affine_map<(d0, d1) -> (d0, d1)>, affine_map<(d0, d1) -> (d0, d1)>, affine_map<(d0, d1) -> (d0, d1)>, affine_map<(d0, d1) -> (d0, d1)>, affine_map<(d0, d1) -> (d0, d1)>], iterator_types = ["parallel", "parallel"]} ins(%47, %50, %53, %56, %59, %62, %65 : memref<?x?xf64>, memref<?x?xf64>, memref<?x?xf64>, memref<?x?xf64>, memref<?x?xf64>, memref<?x?xf64>, memref<?x?xf64>) outs(%68 : memref<?x?xf64>) {
    ^bb0(%in: f64, %in_1: f64, %in_2: f64, %in_3: f64, %in_4: f64, %in_5: f64, %in_6: f64, %out: f64):
      %69 = affine.apply affine_map<()[s0] -> (s0 - 1)>()[%0]
      %70 = arith.mulf %in_1, %cst_0 : f64
      %71 = arith.subf %in, %70 : f64
      %72 = arith.addf %71, %in_2 : f64
      %73 = arith.mulf %72, %cst : f64
      %74 = arith.subf %in_3, %70 : f64
      %75 = arith.addf %74, %in_4 : f64
      %76 = arith.mulf %75, %cst : f64
      %77 = arith.addf %73, %76 : f64
      %78 = arith.subf %in_5, %70 : f64
      %79 = arith.addf %78, %in_6 : f64
      %80 = arith.mulf %79, %cst : f64
      %81 = arith.addf %77, %80 : f64
      %82 = arith.addf %81, %in_1 : f64
      linalg.yield %82 : f64
    }
  }
  %1 = affine.apply affine_map<()[s0] -> (s0 - 1)>()[%0]
  %2 = arith.subi %1, %c1 : index
  %3 = affine.apply affine_map<()[s0] -> (s0 - 1)>()[%0]
  %4 = arith.subi %3, %c1 : index
  %5 = affine.apply affine_map<()[s0] -> (s0 - 1)>()[%0]
  %6 = arith.subi %5, %c1 : index
  %7 = polygeist.submap(%arg3, %4, %6, %2) {map = affine_map<(d0, d1, d2) -> (d2 + 2, d1 + 1, d0 + 1)>} : (memref<?x10x10xf64>, index, index, index) -> memref<?x?x?xf64>
  %8 = affine.apply affine_map<()[s0] -> (s0 - 1)>()[%0]
  %9 = arith.subi %8, %c1 : index
  %10 = affine.apply affine_map<()[s0] -> (s0 - 1)>()[%0]
  %11 = arith.subi %10, %c1 : index
  %12 = polygeist.submap(%arg3, %9, %11, %2) {map = affine_map<(d0, d1, d2) -> (d2 + 1, d1 + 1, d0 + 1)>} : (memref<?x10x10xf64>, index, index, index) -> memref<?x?x?xf64>
  %13 = affine.apply affine_map<()[s0] -> (s0 - 1)>()[%0]
  %14 = arith.subi %13, %c1 : index
  %15 = affine.apply affine_map<()[s0] -> (s0 - 1)>()[%0]
  %16 = arith.subi %15, %c1 : index
  %17 = polygeist.submap(%arg3, %14, %16, %2) {map = affine_map<(d0, d1, d2) -> (d2, d1 + 1, d0 + 1)>} : (memref<?x10x10xf64>, index, index, index) -> memref<?x?x?xf64>
  %18 = affine.apply affine_map<()[s0] -> (s0 - 1)>()[%0]
  %19 = arith.subi %18, %c1 : index
  %20 = affine.apply affine_map<()[s0] -> (s0 - 1)>()[%0]
  %21 = arith.subi %20, %c1 : index
  %22 = polygeist.submap(%arg3, %19, %21, %2) {map = affine_map<(d0, d1, d2) -> (d2 + 1, d1 + 2, d0 + 1)>} : (memref<?x10x10xf64>, index, index, index) -> memref<?x?x?xf64>
  %23 = affine.apply affine_map<()[s0] -> (s0 - 1)>()[%0]
  %24 = arith.subi %23, %c1 : index
  %25 = affine.apply affine_map<()[s0] -> (s0 - 1)>()[%0]
  %26 = arith.subi %25, %c1 : index
  %27 = polygeist.submap(%arg3, %24, %26, %2) {map = affine_map<(d0, d1, d2) -> (d2 + 1, d1, d0 + 1)>} : (memref<?x10x10xf64>, index, index, index) -> memref<?x?x?xf64>
  %28 = affine.apply affine_map<()[s0] -> (s0 - 1)>()[%0]
  %29 = arith.subi %28, %c1 : index
  %30 = affine.apply affine_map<()[s0] -> (s0 - 1)>()[%0]
  %31 = arith.subi %30, %c1 : index
  %32 = polygeist.submap(%arg3, %29, %31, %2) {map = affine_map<(d0, d1, d2) -> (d2 + 1, d1 + 1, d0 + 2)>} : (memref<?x10x10xf64>, index, index, index) -> memref<?x?x?xf64>
  %33 = affine.apply affine_map<()[s0] -> (s0 - 1)>()[%0]
  %34 = arith.subi %33, %c1 : index
  %35 = affine.apply affine_map<()[s0] -> (s0 - 1)>()[%0]
  %36 = arith.subi %35, %c1 : index
  %37 = polygeist.submap(%arg3, %34, %36, %2) {map = affine_map<(d0, d1, d2) -> (d2 + 1, d1 + 1, d0)>} : (memref<?x10x10xf64>, index, index, index) -> memref<?x?x?xf64>
  %38 = affine.apply affine_map<()[s0] -> (s0 - 1)>()[%0]
  %39 = arith.subi %38, %c1 : index
  %40 = affine.apply affine_map<()[s0] -> (s0 - 1)>()[%0]
  %41 = arith.subi %40, %c1 : index
  %42 = polygeist.submap(%arg2, %39, %41, %2) {map = affine_map<(d0, d1, d2) -> (d2 + 1, d1 + 1, d0 + 1)>} : (memref<?x10x10xf64>, index, index, index) -> memref<?x?x?xf64>
  linalg.generic {indexing_maps = [affine_map<(d0, d1, d2) -> (d0, d1, d2)>, affine_map<(d0, d1, d2) -> (d0, d1, d2)>, affine_map<(d0, d1, d2) -> (d0, d1, d2)>, affine_map<(d0, d1, d2) -> (d0, d1, d2)>, affine_map<(d0, d1, d2) -> (d0, d1, d2)>, affine_map<(d0, d1, d2) -> (d0, d1, d2)>, affine_map<(d0, d1, d2) -> (d0, d1, d2)>, affine_map<(d0, d1, d2) -> (d0, d1, d2)>], iterator_types = ["parallel", "parallel", "parallel"]} ins(%7, %12, %17, %22, %27, %32, %37 : memref<?x?x?xf64>, memref<?x?x?xf64>, memref<?x?x?xf64>, memref<?x?x?xf64>, memref<?x?x?xf64>, memref<?x?x?xf64>, memref<?x?x?xf64>) outs(%42 : memref<?x?x?xf64>) {
  ^bb0(%in: f64, %in_1: f64, %in_2: f64, %in_3: f64, %in_4: f64, %in_5: f64, %in_6: f64, %out: f64):
    %43 = arith.mulf %in_1, %cst_0 : f64
    %44 = arith.subf %in, %43 : f64
    %45 = arith.addf %44, %in_2 : f64
    %46 = arith.mulf %45, %cst : f64
    %47 = arith.subf %in_3, %43 : f64
    %48 = arith.addf %47, %in_4 : f64
    %49 = arith.mulf %48, %cst : f64
    %50 = arith.addf %46, %49 : f64
    %51 = arith.subf %in_5, %43 : f64
    %52 = arith.addf %51, %in_6 : f64
    %53 = arith.mulf %52, %cst : f64
    %54 = arith.addf %50, %53 : f64
    %55 = arith.addf %54, %in_1 : f64
    linalg.yield %55 : f64
  }
}

REJECTED: Walk was interrupted (invalid operations found)


========================================
=== AffineForOpRaising::matchAndRewrite ===
========================================
Processing loop:
affine.for %arg5 = 1 to affine_map<()[s0] -> (s0 - 1)>()[%0] {
  %43 = affine.apply affine_map<()[s0] -> (s0 - 1)>()[%0]
  %44 = arith.subi %43, %c1 : index
  %45 = affine.apply affine_map<()[s0] -> (s0 - 1)>()[%0]
  %46 = arith.subi %45, %c1 : index
  %47 = polygeist.submap(%arg2, %arg5, %46, %44) {map = affine_map<(d0, d1)[s0] -> (s0 + 1, d1 + 1, d0 + 1)>} : (memref<?x10x10xf64>, index, index, index) -> memref<?x?xf64>
  %48 = affine.apply affine_map<()[s0] -> (s0 - 1)>()[%0]
  %49 = arith.subi %48, %c1 : index
  %50 = polygeist.submap(%arg2, %arg5, %49, %44) {map = affine_map<(d0, d1)[s0] -> (s0, d1 + 1, d0 + 1)>} : (memref<?x10x10xf64>, index, index, index) -> memref<?x?xf64>
  %51 = affine.apply affine_map<()[s0] -> (s0 - 1)>()[%0]
  %52 = arith.subi %51, %c1 : index
  %53 = polygeist.submap(%arg2, %arg5, %52, %44) {map = affine_map<(d0, d1)[s0] -> (s0 - 1, d1 + 1, d0 + 1)>} : (memref<?x10x10xf64>, index, index, index) -> memref<?x?xf64>
  %54 = affine.apply affine_map<()[s0] -> (s0 - 1)>()[%0]
  %55 = arith.subi %54, %c1 : index
  %56 = polygeist.submap(%arg2, %arg5, %55, %44) {map = affine_map<(d0, d1)[s0] -> (s0, d1 + 2, d0 + 1)>} : (memref<?x10x10xf64>, index, index, index) -> memref<?x?xf64>
  %57 = affine.apply affine_map<()[s0] -> (s0 - 1)>()[%0]
  %58 = arith.subi %57, %c1 : index
  %59 = polygeist.submap(%arg2, %arg5, %58, %44) {map = affine_map<(d0, d1)[s0] -> (s0, d1, d0 + 1)>} : (memref<?x10x10xf64>, index, index, index) -> memref<?x?xf64>
  %60 = affine.apply affine_map<()[s0] -> (s0 - 1)>()[%0]
  %61 = arith.subi %60, %c1 : index
  %62 = polygeist.submap(%arg2, %arg5, %61, %44) {map = affine_map<(d0, d1)[s0] -> (s0, d1 + 1, d0 + 2)>} : (memref<?x10x10xf64>, index, index, index) -> memref<?x?xf64>
  %63 = affine.apply affine_map<()[s0] -> (s0 - 1)>()[%0]
  %64 = arith.subi %63, %c1 : index
  %65 = polygeist.submap(%arg2, %arg5, %64, %44) {map = affine_map<(d0, d1)[s0] -> (s0, d1 + 1, d0)>} : (memref<?x10x10xf64>, index, index, index) -> memref<?x?xf64>
  %66 = affine.apply affine_map<()[s0] -> (s0 - 1)>()[%0]
  %67 = arith.subi %66, %c1 : index
  %68 = polygeist.submap(%arg3, %arg5, %67, %44) {map = affine_map<(d0, d1)[s0] -> (s0, d1 + 1, d0 + 1)>} : (memref<?x10x10xf64>, index, index, index) -> memref<?x?xf64>
  linalg.generic {indexing_maps = [affine_map<(d0, d1) -> (d0, d1)>, affine_map<(d0, d1) -> (d0, d1)>, affine_map<(d0, d1) -> (d0, d1)>, affine_map<(d0, d1) -> (d0, d1)>, affine_map<(d0, d1) -> (d0, d1)>, affine_map<(d0, d1) -> (d0, d1)>, affine_map<(d0, d1) -> (d0, d1)>, affine_map<(d0, d1) -> (d0, d1)>], iterator_types = ["parallel", "parallel"]} ins(%47, %50, %53, %56, %59, %62, %65 : memref<?x?xf64>, memref<?x?xf64>, memref<?x?xf64>, memref<?x?xf64>, memref<?x?xf64>, memref<?x?xf64>, memref<?x?xf64>) outs(%68 : memref<?x?xf64>) {
  ^bb0(%in: f64, %in_1: f64, %in_2: f64, %in_3: f64, %in_4: f64, %in_5: f64, %in_6: f64, %out: f64):
    %69 = affine.apply affine_map<()[s0] -> (s0 - 1)>()[%0]
    %70 = arith.mulf %in_1, %cst_0 : f64
    %71 = arith.subf %in, %70 : f64
    %72 = arith.addf %71, %in_2 : f64
    %73 = arith.mulf %72, %cst : f64
    %74 = arith.subf %in_3, %70 : f64
    %75 = arith.addf %74, %in_4 : f64
    %76 = arith.mulf %75, %cst : f64
    %77 = arith.addf %73, %76 : f64
    %78 = arith.subf %in_5, %70 : f64
    %79 = arith.addf %78, %in_6 : f64
    %80 = arith.mulf %79, %cst : f64
    %81 = arith.addf %77, %80 : f64
    %82 = arith.addf %81, %in_1 : f64
    linalg.yield %82 : f64
  }
}

Pattern recognition complete:
  Loads: 0
  Stores: 0
  LinalgGenerics: 1

Loop bounds:
  lbMap: () -> (1)
  ubMap: ()[s0] -> (s0 - 1)

--- Processing Linalg Generics ---
Processing linalg.generic:
linalg.generic {indexing_maps = [affine_map<(d0, d1) -> (d0, d1)>, affine_map<(d0, d1) -> (d0, d1)>, affine_map<(d0, d1) -> (d0, d1)>, affine_map<(d0, d1) -> (d0, d1)>, affine_map<(d0, d1) -> (d0, d1)>, affine_map<(d0, d1) -> (d0, d1)>, affine_map<(d0, d1) -> (d0, d1)>, affine_map<(d0, d1) -> (d0, d1)>], iterator_types = ["parallel", "parallel"]} ins(%50, %53, %56, %59, %62, %65, %68 : memref<?x?xf64>, memref<?x?xf64>, memref<?x?xf64>, memref<?x?xf64>, memref<?x?xf64>, memref<?x?xf64>, memref<?x?xf64>) outs(%71 : memref<?x?xf64>) {
^bb0(%in: f64, %in_1: f64, %in_2: f64, %in_3: f64, %in_4: f64, %in_5: f64, %in_6: f64, %out: f64):
  %72 = affine.apply affine_map<()[s0] -> (s0 - 1)>()[%0]
  %73 = arith.mulf %in_1, %cst_0 : f64
  %74 = arith.subf %in, %73 : f64
  %75 = arith.addf %74, %in_2 : f64
  %76 = arith.mulf %75, %cst : f64
  %77 = arith.subf %in_3, %73 : f64
  %78 = arith.addf %77, %in_4 : f64
  %79 = arith.mulf %78, %cst : f64
  %80 = arith.addf %76, %79 : f64
  %81 = arith.subf %in_5, %73 : f64
  %82 = arith.addf %81, %in_6 : f64
  %83 = arith.mulf %82, %cst : f64
  %84 = arith.addf %80, %83 : f64
  %85 = arith.addf %84, %in_1 : f64
  linalg.yield %85 : f64
}
  Processing 7 inputs
  Input 0 indexing map: (d0, d1) -> (d0, d1)

=== getLinalgArgMap ===
  Initial lgMap: (d0, d1) -> (d0, d1)
  Found SubmapOp with map: (d0, d1)[s0] -> (s0 + 1, d1 + 1, d0 + 1)
  Composed map: (d0, d1)[s0] -> (s0 + 1, d1 + 1, d0 + 1)
  Final lgMap: (d0, d1)[s0] -> (s0 + 1, d1 + 1, d0 + 1)
=== getLinalgArgMap END ===

  Calling remap_in_affine_dim for input 0

=== remap_in_affine_dim ===
  oldmap: (d0, d1)[s0] -> (s0 + 1, d1 + 1, d0 + 1)
  firstNDims: 2
  check_reduction (input): 0
  lower_bound_val: 1
  dimidx: 2
  check_reduction (output): 0
  new map (map2): (d0, d1, d2) -> (d2 + 2, d1 + 1, d0 + 1)
  validDims: 3, validSims: 0
  Created SubmapOp with type: memref<?x?x?xf64>
=== remap_in_affine_dim END ===

  Input 1 indexing map: (d0, d1) -> (d0, d1)

=== getLinalgArgMap ===
  Initial lgMap: (d0, d1) -> (d0, d1)
  Found SubmapOp with map: (d0, d1)[s0] -> (s0, d1 + 1, d0 + 1)
  Composed map: (d0, d1)[s0] -> (s0, d1 + 1, d0 + 1)
  Final lgMap: (d0, d1)[s0] -> (s0, d1 + 1, d0 + 1)
=== getLinalgArgMap END ===

  Calling remap_in_affine_dim for input 1

=== remap_in_affine_dim ===
  oldmap: (d0, d1)[s0] -> (s0, d1 + 1, d0 + 1)
  firstNDims: 2
  check_reduction (input): 0
  lower_bound_val: 1
  dimidx: 2
  check_reduction (output): 0
  new map (map2): (d0, d1, d2) -> (d2 + 1, d1 + 1, d0 + 1)
  validDims: 3, validSims: 0
  Created SubmapOp with type: memref<?x?x?xf64>
=== remap_in_affine_dim END ===

  Input 2 indexing map: (d0, d1) -> (d0, d1)

=== getLinalgArgMap ===
  Initial lgMap: (d0, d1) -> (d0, d1)
  Found SubmapOp with map: (d0, d1)[s0] -> (s0 - 1, d1 + 1, d0 + 1)
  Composed map: (d0, d1)[s0] -> (s0 - 1, d1 + 1, d0 + 1)
  Final lgMap: (d0, d1)[s0] -> (s0 - 1, d1 + 1, d0 + 1)
=== getLinalgArgMap END ===

  Calling remap_in_affine_dim for input 2

=== remap_in_affine_dim ===
  oldmap: (d0, d1)[s0] -> (s0 - 1, d1 + 1, d0 + 1)
  firstNDims: 2
  check_reduction (input): 0
  lower_bound_val: 1
  dimidx: 2
  check_reduction (output): 0
  new map (map2): (d0, d1, d2) -> (d2, d1 + 1, d0 + 1)
  validDims: 3, validSims: 0
  Created SubmapOp with type: memref<?x?x?xf64>
=== remap_in_affine_dim END ===

  Input 3 indexing map: (d0, d1) -> (d0, d1)

=== getLinalgArgMap ===
  Initial lgMap: (d0, d1) -> (d0, d1)
  Found SubmapOp with map: (d0, d1)[s0] -> (s0, d1 + 2, d0 + 1)
  Composed map: (d0, d1)[s0] -> (s0, d1 + 2, d0 + 1)
  Final lgMap: (d0, d1)[s0] -> (s0, d1 + 2, d0 + 1)
=== getLinalgArgMap END ===

  Calling remap_in_affine_dim for input 3

=== remap_in_affine_dim ===
  oldmap: (d0, d1)[s0] -> (s0, d1 + 2, d0 + 1)
  firstNDims: 2
  check_reduction (input): 0
  lower_bound_val: 1
  dimidx: 2
  check_reduction (output): 0
  new map (map2): (d0, d1, d2) -> (d2 + 1, d1 + 2, d0 + 1)
  validDims: 3, validSims: 0
  Created SubmapOp with type: memref<?x?x?xf64>
=== remap_in_affine_dim END ===

  Input 4 indexing map: (d0, d1) -> (d0, d1)

=== getLinalgArgMap ===
  Initial lgMap: (d0, d1) -> (d0, d1)
  Found SubmapOp with map: (d0, d1)[s0] -> (s0, d1, d0 + 1)
  Composed map: (d0, d1)[s0] -> (s0, d1, d0 + 1)
  Final lgMap: (d0, d1)[s0] -> (s0, d1, d0 + 1)
=== getLinalgArgMap END ===

  Calling remap_in_affine_dim for input 4

=== remap_in_affine_dim ===
  oldmap: (d0, d1)[s0] -> (s0, d1, d0 + 1)
  firstNDims: 2
  check_reduction (input): 0
  lower_bound_val: 1
  dimidx: 2
  check_reduction (output): 0
  new map (map2): (d0, d1, d2) -> (d2 + 1, d1, d0 + 1)
  validDims: 3, validSims: 0
  Created SubmapOp with type: memref<?x?x?xf64>
=== remap_in_affine_dim END ===

  Input 5 indexing map: (d0, d1) -> (d0, d1)

=== getLinalgArgMap ===
  Initial lgMap: (d0, d1) -> (d0, d1)
  Found SubmapOp with map: (d0, d1)[s0] -> (s0, d1 + 1, d0 + 2)
  Composed map: (d0, d1)[s0] -> (s0, d1 + 1, d0 + 2)
  Final lgMap: (d0, d1)[s0] -> (s0, d1 + 1, d0 + 2)
=== getLinalgArgMap END ===

  Calling remap_in_affine_dim for input 5

=== remap_in_affine_dim ===
  oldmap: (d0, d1)[s0] -> (s0, d1 + 1, d0 + 2)
  firstNDims: 2
  check_reduction (input): 0
  lower_bound_val: 1
  dimidx: 2
  check_reduction (output): 0
  new map (map2): (d0, d1, d2) -> (d2 + 1, d1 + 1, d0 + 2)
  validDims: 3, validSims: 0
  Created SubmapOp with type: memref<?x?x?xf64>
=== remap_in_affine_dim END ===

  Input 6 indexing map: (d0, d1) -> (d0, d1)

=== getLinalgArgMap ===
  Initial lgMap: (d0, d1) -> (d0, d1)
  Found SubmapOp with map: (d0, d1)[s0] -> (s0, d1 + 1, d0)
  Composed map: (d0, d1)[s0] -> (s0, d1 + 1, d0)
  Final lgMap: (d0, d1)[s0] -> (s0, d1 + 1, d0)
=== getLinalgArgMap END ===

  Calling remap_in_affine_dim for input 6

=== remap_in_affine_dim ===
  oldmap: (d0, d1)[s0] -> (s0, d1 + 1, d0)
  firstNDims: 2
  check_reduction (input): 0
  lower_bound_val: 1
  dimidx: 2
  check_reduction (output): 0
  new map (map2): (d0, d1, d2) -> (d2 + 1, d1 + 1, d0)
  validDims: 3, validSims: 0
  Created SubmapOp with type: memref<?x?x?xf64>
=== remap_in_affine_dim END ===

  Processing 1 outputs

=== getLinalgArgMap ===
  Initial lgMap: (d0, d1) -> (d0, d1)
  Found SubmapOp with map: (d0, d1)[s0] -> (s0, d1 + 1, d0 + 1)
  Composed map: (d0, d1)[s0] -> (s0, d1 + 1, d0 + 1)
  Final lgMap: (d0, d1)[s0] -> (s0, d1 + 1, d0 + 1)
=== getLinalgArgMap END ===

  Calling remap_in_affine_dim for output 0

=== remap_in_affine_dim ===
  oldmap: (d0, d1)[s0] -> (s0, d1 + 1, d0 + 1)
  firstNDims: 2
  check_reduction (input): 1
  lower_bound_val: 1
  dimidx: 2
  check_reduction (output): 0
  new map (map2): (d0, d1, d2) -> (d2 + 1, d1 + 1, d0 + 1)
  validDims: 3, validSims: 0
  Created SubmapOp with type: memref<?x?x?xf64>
=== remap_in_affine_dim END ===


--- Processing Loads ---

--- Processing Stores ---

--- Creating linalg.generic ---
Iterator type for this loop: parallel
Extending iterator types from nested linalg.generic
Total iterator types: 3
Total inputs: 7
Total outputs: 1

=== AffineForOpRaising SUCCESS ===
========================================


========================================
=== AffineForOpRaising::matchAndRewrite ===
========================================
Processing loop:
affine.for %arg4 = 1 to 21 {
  %1 = affine.apply affine_map<()[s0] -> (s0 - 1)>()[%0]
  %2 = arith.subi %1, %c1 : index
  %3 = affine.apply affine_map<()[s0] -> (s0 - 1)>()[%0]
  %4 = arith.subi %3, %c1 : index
  %5 = affine.apply affine_map<()[s0] -> (s0 - 1)>()[%0]
  %6 = arith.subi %5, %c1 : index
  %7 = polygeist.submap(%arg2, %4, %6, %2) {map = affine_map<(d0, d1, d2) -> (d2 + 2, d1 + 1, d0 + 1)>} : (memref<?x10x10xf64>, index, index, index) -> memref<?x?x?xf64>
  %8 = affine.apply affine_map<()[s0] -> (s0 - 1)>()[%0]
  %9 = arith.subi %8, %c1 : index
  %10 = affine.apply affine_map<()[s0] -> (s0 - 1)>()[%0]
  %11 = arith.subi %10, %c1 : index
  %12 = polygeist.submap(%arg2, %9, %11, %2) {map = affine_map<(d0, d1, d2) -> (d2 + 1, d1 + 1, d0 + 1)>} : (memref<?x10x10xf64>, index, index, index) -> memref<?x?x?xf64>
  %13 = affine.apply affine_map<()[s0] -> (s0 - 1)>()[%0]
  %14 = arith.subi %13, %c1 : index
  %15 = affine.apply affine_map<()[s0] -> (s0 - 1)>()[%0]
  %16 = arith.subi %15, %c1 : index
  %17 = polygeist.submap(%arg2, %14, %16, %2) {map = affine_map<(d0, d1, d2) -> (d2, d1 + 1, d0 + 1)>} : (memref<?x10x10xf64>, index, index, index) -> memref<?x?x?xf64>
  %18 = affine.apply affine_map<()[s0] -> (s0 - 1)>()[%0]
  %19 = arith.subi %18, %c1 : index
  %20 = affine.apply affine_map<()[s0] -> (s0 - 1)>()[%0]
  %21 = arith.subi %20, %c1 : index
  %22 = polygeist.submap(%arg2, %19, %21, %2) {map = affine_map<(d0, d1, d2) -> (d2 + 1, d1 + 2, d0 + 1)>} : (memref<?x10x10xf64>, index, index, index) -> memref<?x?x?xf64>
  %23 = affine.apply affine_map<()[s0] -> (s0 - 1)>()[%0]
  %24 = arith.subi %23, %c1 : index
  %25 = affine.apply affine_map<()[s0] -> (s0 - 1)>()[%0]
  %26 = arith.subi %25, %c1 : index
  %27 = polygeist.submap(%arg2, %24, %26, %2) {map = affine_map<(d0, d1, d2) -> (d2 + 1, d1, d0 + 1)>} : (memref<?x10x10xf64>, index, index, index) -> memref<?x?x?xf64>
  %28 = affine.apply affine_map<()[s0] -> (s0 - 1)>()[%0]
  %29 = arith.subi %28, %c1 : index
  %30 = affine.apply affine_map<()[s0] -> (s0 - 1)>()[%0]
  %31 = arith.subi %30, %c1 : index
  %32 = polygeist.submap(%arg2, %29, %31, %2) {map = affine_map<(d0, d1, d2) -> (d2 + 1, d1 + 1, d0 + 2)>} : (memref<?x10x10xf64>, index, index, index) -> memref<?x?x?xf64>
  %33 = affine.apply affine_map<()[s0] -> (s0 - 1)>()[%0]
  %34 = arith.subi %33, %c1 : index
  %35 = affine.apply affine_map<()[s0] -> (s0 - 1)>()[%0]
  %36 = arith.subi %35, %c1 : index
  %37 = polygeist.submap(%arg2, %34, %36, %2) {map = affine_map<(d0, d1, d2) -> (d2 + 1, d1 + 1, d0)>} : (memref<?x10x10xf64>, index, index, index) -> memref<?x?x?xf64>
  %38 = affine.apply affine_map<()[s0] -> (s0 - 1)>()[%0]
  %39 = arith.subi %38, %c1 : index
  %40 = affine.apply affine_map<()[s0] -> (s0 - 1)>()[%0]
  %41 = arith.subi %40, %c1 : index
  %42 = polygeist.submap(%arg3, %39, %41, %2) {map = affine_map<(d0, d1, d2) -> (d2 + 1, d1 + 1, d0 + 1)>} : (memref<?x10x10xf64>, index, index, index) -> memref<?x?x?xf64>
  linalg.generic {indexing_maps = [affine_map<(d0, d1, d2) -> (d0, d1, d2)>, affine_map<(d0, d1, d2) -> (d0, d1, d2)>, affine_map<(d0, d1, d2) -> (d0, d1, d2)>, affine_map<(d0, d1, d2) -> (d0, d1, d2)>, affine_map<(d0, d1, d2) -> (d0, d1, d2)>, affine_map<(d0, d1, d2) -> (d0, d1, d2)>, affine_map<(d0, d1, d2) -> (d0, d1, d2)>, affine_map<(d0, d1, d2) -> (d0, d1, d2)>], iterator_types = ["parallel", "parallel", "parallel"]} ins(%7, %12, %17, %22, %27, %32, %37 : memref<?x?x?xf64>, memref<?x?x?xf64>, memref<?x?x?xf64>, memref<?x?x?xf64>, memref<?x?x?xf64>, memref<?x?x?xf64>, memref<?x?x?xf64>) outs(%42 : memref<?x?x?xf64>) {
  ^bb0(%in: f64, %in_1: f64, %in_2: f64, %in_3: f64, %in_4: f64, %in_5: f64, %in_6: f64, %out: f64):
    %85 = affine.apply affine_map<()[s0] -> (s0 - 1)>()[%0]
    %86 = arith.mulf %in_1, %cst_0 : f64
    %87 = arith.subf %in, %86 : f64
    %88 = arith.addf %87, %in_2 : f64
    %89 = arith.mulf %88, %cst : f64
    %90 = arith.subf %in_3, %86 : f64
    %91 = arith.addf %90, %in_4 : f64
    %92 = arith.mulf %91, %cst : f64
    %93 = arith.addf %89, %92 : f64
    %94 = arith.subf %in_5, %86 : f64
    %95 = arith.addf %94, %in_6 : f64
    %96 = arith.mulf %95, %cst : f64
    %97 = arith.addf %93, %96 : f64
    %98 = arith.addf %97, %in_1 : f64
    linalg.yield %98 : f64
  }
  %43 = affine.apply affine_map<()[s0] -> (s0 - 1)>()[%0]
  %44 = arith.subi %43, %c1 : index
  %45 = affine.apply affine_map<()[s0] -> (s0 - 1)>()[%0]
  %46 = arith.subi %45, %c1 : index
  %47 = affine.apply affine_map<()[s0] -> (s0 - 1)>()[%0]
  %48 = arith.subi %47, %c1 : index
  %49 = polygeist.submap(%arg3, %46, %48, %44) {map = affine_map<(d0, d1, d2) -> (d2 + 2, d1 + 1, d0 + 1)>} : (memref<?x10x10xf64>, index, index, index) -> memref<?x?x?xf64>
  %50 = affine.apply affine_map<()[s0] -> (s0 - 1)>()[%0]
  %51 = arith.subi %50, %c1 : index
  %52 = affine.apply affine_map<()[s0] -> (s0 - 1)>()[%0]
  %53 = arith.subi %52, %c1 : index
  %54 = polygeist.submap(%arg3, %51, %53, %44) {map = affine_map<(d0, d1, d2) -> (d2 + 1, d1 + 1, d0 + 1)>} : (memref<?x10x10xf64>, index, index, index) -> memref<?x?x?xf64>
  %55 = affine.apply affine_map<()[s0] -> (s0 - 1)>()[%0]
  %56 = arith.subi %55, %c1 : index
  %57 = affine.apply affine_map<()[s0] -> (s0 - 1)>()[%0]
  %58 = arith.subi %57, %c1 : index
  %59 = polygeist.submap(%arg3, %56, %58, %44) {map = affine_map<(d0, d1, d2) -> (d2, d1 + 1, d0 + 1)>} : (memref<?x10x10xf64>, index, index, index) -> memref<?x?x?xf64>
  %60 = affine.apply affine_map<()[s0] -> (s0 - 1)>()[%0]
  %61 = arith.subi %60, %c1 : index
  %62 = affine.apply affine_map<()[s0] -> (s0 - 1)>()[%0]
  %63 = arith.subi %62, %c1 : index
  %64 = polygeist.submap(%arg3, %61, %63, %44) {map = affine_map<(d0, d1, d2) -> (d2 + 1, d1 + 2, d0 + 1)>} : (memref<?x10x10xf64>, index, index, index) -> memref<?x?x?xf64>
  %65 = affine.apply affine_map<()[s0] -> (s0 - 1)>()[%0]
  %66 = arith.subi %65, %c1 : index
  %67 = affine.apply affine_map<()[s0] -> (s0 - 1)>()[%0]
  %68 = arith.subi %67, %c1 : index
  %69 = polygeist.submap(%arg3, %66, %68, %44) {map = affine_map<(d0, d1, d2) -> (d2 + 1, d1, d0 + 1)>} : (memref<?x10x10xf64>, index, index, index) -> memref<?x?x?xf64>
  %70 = affine.apply affine_map<()[s0] -> (s0 - 1)>()[%0]
  %71 = arith.subi %70, %c1 : index
  %72 = affine.apply affine_map<()[s0] -> (s0 - 1)>()[%0]
  %73 = arith.subi %72, %c1 : index
  %74 = polygeist.submap(%arg3, %71, %73, %44) {map = affine_map<(d0, d1, d2) -> (d2 + 1, d1 + 1, d0 + 2)>} : (memref<?x10x10xf64>, index, index, index) -> memref<?x?x?xf64>
  %75 = affine.apply affine_map<()[s0] -> (s0 - 1)>()[%0]
  %76 = arith.subi %75, %c1 : index
  %77 = affine.apply affine_map<()[s0] -> (s0 - 1)>()[%0]
  %78 = arith.subi %77, %c1 : index
  %79 = polygeist.submap(%arg3, %76, %78, %44) {map = affine_map<(d0, d1, d2) -> (d2 + 1, d1 + 1, d0)>} : (memref<?x10x10xf64>, index, index, index) -> memref<?x?x?xf64>
  %80 = affine.apply affine_map<()[s0] -> (s0 - 1)>()[%0]
  %81 = arith.subi %80, %c1 : index
  %82 = affine.apply affine_map<()[s0] -> (s0 - 1)>()[%0]
  %83 = arith.subi %82, %c1 : index
  %84 = polygeist.submap(%arg2, %81, %83, %44) {map = affine_map<(d0, d1, d2) -> (d2 + 1, d1 + 1, d0 + 1)>} : (memref<?x10x10xf64>, index, index, index) -> memref<?x?x?xf64>
  linalg.generic {indexing_maps = [affine_map<(d0, d1, d2) -> (d0, d1, d2)>, affine_map<(d0, d1, d2) -> (d0, d1, d2)>, affine_map<(d0, d1, d2) -> (d0, d1, d2)>, affine_map<(d0, d1, d2) -> (d0, d1, d2)>, affine_map<(d0, d1, d2) -> (d0, d1, d2)>, affine_map<(d0, d1, d2) -> (d0, d1, d2)>, affine_map<(d0, d1, d2) -> (d0, d1, d2)>, affine_map<(d0, d1, d2) -> (d0, d1, d2)>], iterator_types = ["parallel", "parallel", "parallel"]} ins(%49, %54, %59, %64, %69, %74, %79 : memref<?x?x?xf64>, memref<?x?x?xf64>, memref<?x?x?xf64>, memref<?x?x?xf64>, memref<?x?x?xf64>, memref<?x?x?xf64>, memref<?x?x?xf64>) outs(%84 : memref<?x?x?xf64>) {
  ^bb0(%in: f64, %in_1: f64, %in_2: f64, %in_3: f64, %in_4: f64, %in_5: f64, %in_6: f64, %out: f64):
    %85 = arith.mulf %in_1, %cst_0 : f64
    %86 = arith.subf %in, %85 : f64
    %87 = arith.addf %86, %in_2 : f64
    %88 = arith.mulf %87, %cst : f64
    %89 = arith.subf %in_3, %85 : f64
    %90 = arith.addf %89, %in_4 : f64
    %91 = arith.mulf %90, %cst : f64
    %92 = arith.addf %88, %91 : f64
    %93 = arith.subf %in_5, %85 : f64
    %94 = arith.addf %93, %in_6 : f64
    %95 = arith.mulf %94, %cst : f64
    %96 = arith.addf %92, %95 : f64
    %97 = arith.addf %96, %in_1 : f64
    linalg.yield %97 : f64
  }
}

Pattern recognition complete:
  Loads: 0
  Stores: 0
  LinalgGenerics: 2

Loop bounds:
  lbMap: () -> (1)
  ubMap: () -> (21)

--- Processing Linalg Generics ---
Processing linalg.generic:
linalg.generic {indexing_maps = [affine_map<(d0, d1, d2) -> (d0, d1, d2)>, affine_map<(d0, d1, d2) -> (d0, d1, d2)>, affine_map<(d0, d1, d2) -> (d0, d1, d2)>, affine_map<(d0, d1, d2) -> (d0, d1, d2)>, affine_map<(d0, d1, d2) -> (d0, d1, d2)>, affine_map<(d0, d1, d2) -> (d0, d1, d2)>, affine_map<(d0, d1, d2) -> (d0, d1, d2)>, affine_map<(d0, d1, d2) -> (d0, d1, d2)>], iterator_types = ["parallel", "parallel", "parallel"]} ins(%10, %15, %20, %25, %30, %35, %40 : memref<?x?x?xf64>, memref<?x?x?xf64>, memref<?x?x?xf64>, memref<?x?x?xf64>, memref<?x?x?xf64>, memref<?x?x?xf64>, memref<?x?x?xf64>) outs(%45 : memref<?x?x?xf64>) {
^bb0(%in: f64, %in_1: f64, %in_2: f64, %in_3: f64, %in_4: f64, %in_5: f64, %in_6: f64, %out: f64):
  %88 = affine.apply affine_map<()[s0] -> (s0 - 1)>()[%0]
  %89 = arith.mulf %in_1, %cst_0 : f64
  %90 = arith.subf %in, %89 : f64
  %91 = arith.addf %90, %in_2 : f64
  %92 = arith.mulf %91, %cst : f64
  %93 = arith.subf %in_3, %89 : f64
  %94 = arith.addf %93, %in_4 : f64
  %95 = arith.mulf %94, %cst : f64
  %96 = arith.addf %92, %95 : f64
  %97 = arith.subf %in_5, %89 : f64
  %98 = arith.addf %97, %in_6 : f64
  %99 = arith.mulf %98, %cst : f64
  %100 = arith.addf %96, %99 : f64
  %101 = arith.addf %100, %in_1 : f64
  linalg.yield %101 : f64
}
  Processing 7 inputs
  Input 0 indexing map: (d0, d1, d2) -> (d0, d1, d2)

=== getLinalgArgMap ===
  Initial lgMap: (d0, d1, d2) -> (d0, d1, d2)
  Found SubmapOp with map: (d0, d1, d2) -> (d2 + 2, d1 + 1, d0 + 1)
  Composed map: (d0, d1, d2) -> (d2 + 2, d1 + 1, d0 + 1)
  Final lgMap: (d0, d1, d2) -> (d2 + 2, d1 + 1, d0 + 1)
=== getLinalgArgMap END ===

  Calling remap_in_affine_dim for input 0

=== remap_in_affine_dim ===
  oldmap: (d0, d1, d2) -> (d2 + 2, d1 + 1, d0 + 1)
  firstNDims: 3
  check_reduction (input): 0
  lower_bound_val: 1
  dimidx: -1
  check_reduction (output): 0
  new map (map2): (d0, d1, d2, d3) -> (d2 + 2, d1 + 1, d0 + 1)
  validDims: 3, validSims: 0
  Created SubmapOp with type: memref<?x?x?x?xf64>
=== remap_in_affine_dim END ===

  Input 1 indexing map: (d0, d1, d2) -> (d0, d1, d2)

=== getLinalgArgMap ===
  Initial lgMap: (d0, d1, d2) -> (d0, d1, d2)
  Found SubmapOp with map: (d0, d1, d2) -> (d2 + 1, d1 + 1, d0 + 1)
  Composed map: (d0, d1, d2) -> (d2 + 1, d1 + 1, d0 + 1)
  Final lgMap: (d0, d1, d2) -> (d2 + 1, d1 + 1, d0 + 1)
=== getLinalgArgMap END ===

  Calling remap_in_affine_dim for input 1

=== remap_in_affine_dim ===
  oldmap: (d0, d1, d2) -> (d2 + 1, d1 + 1, d0 + 1)
  firstNDims: 3
  check_reduction (input): 0
  lower_bound_val: 1
  dimidx: -1
  check_reduction (output): 0
  new map (map2): (d0, d1, d2, d3) -> (d2 + 1, d1 + 1, d0 + 1)
  validDims: 3, validSims: 0
  Created SubmapOp with type: memref<?x?x?x?xf64>
=== remap_in_affine_dim END ===

  Input 2 indexing map: (d0, d1, d2) -> (d0, d1, d2)

=== getLinalgArgMap ===
  Initial lgMap: (d0, d1, d2) -> (d0, d1, d2)
  Found SubmapOp with map: (d0, d1, d2) -> (d2, d1 + 1, d0 + 1)
  Composed map: (d0, d1, d2) -> (d2, d1 + 1, d0 + 1)
  Final lgMap: (d0, d1, d2) -> (d2, d1 + 1, d0 + 1)
=== getLinalgArgMap END ===

  Calling remap_in_affine_dim for input 2

=== remap_in_affine_dim ===
  oldmap: (d0, d1, d2) -> (d2, d1 + 1, d0 + 1)
  firstNDims: 3
  check_reduction (input): 0
  lower_bound_val: 1
  dimidx: -1
  check_reduction (output): 0
  new map (map2): (d0, d1, d2, d3) -> (d2, d1 + 1, d0 + 1)
  validDims: 3, validSims: 0
  Created SubmapOp with type: memref<?x?x?x?xf64>
=== remap_in_affine_dim END ===

  Input 3 indexing map: (d0, d1, d2) -> (d0, d1, d2)

=== getLinalgArgMap ===
  Initial lgMap: (d0, d1, d2) -> (d0, d1, d2)
  Found SubmapOp with map: (d0, d1, d2) -> (d2 + 1, d1 + 2, d0 + 1)
  Composed map: (d0, d1, d2) -> (d2 + 1, d1 + 2, d0 + 1)
  Final lgMap: (d0, d1, d2) -> (d2 + 1, d1 + 2, d0 + 1)
=== getLinalgArgMap END ===

  Calling remap_in_affine_dim for input 3

=== remap_in_affine_dim ===
  oldmap: (d0, d1, d2) -> (d2 + 1, d1 + 2, d0 + 1)
  firstNDims: 3
  check_reduction (input): 0
  lower_bound_val: 1
  dimidx: -1
  check_reduction (output): 0
  new map (map2): (d0, d1, d2, d3) -> (d2 + 1, d1 + 2, d0 + 1)
  validDims: 3, validSims: 0
  Created SubmapOp with type: memref<?x?x?x?xf64>
=== remap_in_affine_dim END ===

  Input 4 indexing map: (d0, d1, d2) -> (d0, d1, d2)

=== getLinalgArgMap ===
  Initial lgMap: (d0, d1, d2) -> (d0, d1, d2)
  Found SubmapOp with map: (d0, d1, d2) -> (d2 + 1, d1, d0 + 1)
  Composed map: (d0, d1, d2) -> (d2 + 1, d1, d0 + 1)
  Final lgMap: (d0, d1, d2) -> (d2 + 1, d1, d0 + 1)
=== getLinalgArgMap END ===

  Calling remap_in_affine_dim for input 4

=== remap_in_affine_dim ===
  oldmap: (d0, d1, d2) -> (d2 + 1, d1, d0 + 1)
  firstNDims: 3
  check_reduction (input): 0
  lower_bound_val: 1
  dimidx: -1
  check_reduction (output): 0
  new map (map2): (d0, d1, d2, d3) -> (d2 + 1, d1, d0 + 1)
  validDims: 3, validSims: 0
  Created SubmapOp with type: memref<?x?x?x?xf64>
=== remap_in_affine_dim END ===

  Input 5 indexing map: (d0, d1, d2) -> (d0, d1, d2)

=== getLinalgArgMap ===
  Initial lgMap: (d0, d1, d2) -> (d0, d1, d2)
  Found SubmapOp with map: (d0, d1, d2) -> (d2 + 1, d1 + 1, d0 + 2)
  Composed map: (d0, d1, d2) -> (d2 + 1, d1 + 1, d0 + 2)
  Final lgMap: (d0, d1, d2) -> (d2 + 1, d1 + 1, d0 + 2)
=== getLinalgArgMap END ===

  Calling remap_in_affine_dim for input 5

=== remap_in_affine_dim ===
  oldmap: (d0, d1, d2) -> (d2 + 1, d1 + 1, d0 + 2)
  firstNDims: 3
  check_reduction (input): 0
  lower_bound_val: 1
  dimidx: -1
  check_reduction (output): 0
  new map (map2): (d0, d1, d2, d3) -> (d2 + 1, d1 + 1, d0 + 2)
  validDims: 3, validSims: 0
  Created SubmapOp with type: memref<?x?x?x?xf64>
=== remap_in_affine_dim END ===

  Input 6 indexing map: (d0, d1, d2) -> (d0, d1, d2)

=== getLinalgArgMap ===
  Initial lgMap: (d0, d1, d2) -> (d0, d1, d2)
  Found SubmapOp with map: (d0, d1, d2) -> (d2 + 1, d1 + 1, d0)
  Composed map: (d0, d1, d2) -> (d2 + 1, d1 + 1, d0)
  Final lgMap: (d0, d1, d2) -> (d2 + 1, d1 + 1, d0)
=== getLinalgArgMap END ===

  Calling remap_in_affine_dim for input 6

=== remap_in_affine_dim ===
  oldmap: (d0, d1, d2) -> (d2 + 1, d1 + 1, d0)
  firstNDims: 3
  check_reduction (input): 0
  lower_bound_val: 1
  dimidx: -1
  check_reduction (output): 0
  new map (map2): (d0, d1, d2, d3) -> (d2 + 1, d1 + 1, d0)
  validDims: 3, validSims: 0
  Created SubmapOp with type: memref<?x?x?x?xf64>
=== remap_in_affine_dim END ===

  Processing 1 outputs

=== getLinalgArgMap ===
  Initial lgMap: (d0, d1, d2) -> (d0, d1, d2)
  Found SubmapOp with map: (d0, d1, d2) -> (d2 + 1, d1 + 1, d0 + 1)
  Composed map: (d0, d1, d2) -> (d2 + 1, d1 + 1, d0 + 1)
  Final lgMap: (d0, d1, d2) -> (d2 + 1, d1 + 1, d0 + 1)
=== getLinalgArgMap END ===

  Calling remap_in_affine_dim for output 0

=== remap_in_affine_dim ===
  oldmap: (d0, d1, d2) -> (d2 + 1, d1 + 1, d0 + 1)
  firstNDims: 3
  check_reduction (input): 1
  lower_bound_val: 1
  dimidx: -1
  check_reduction (output): 1
  new map (map2): (d0, d1, d2, d3) -> (d2 + 1, d1 + 1, d0 + 1)
  validDims: 3, validSims: 0
  Created SubmapOp with type: memref<?x?x?x?xf64>
=== remap_in_affine_dim END ===

Processing linalg.generic:
linalg.generic {indexing_maps = [affine_map<(d0, d1, d2) -> (d0, d1, d2)>, affine_map<(d0, d1, d2) -> (d0, d1, d2)>, affine_map<(d0, d1, d2) -> (d0, d1, d2)>, affine_map<(d0, d1, d2) -> (d0, d1, d2)>, affine_map<(d0, d1, d2) -> (d0, d1, d2)>, affine_map<(d0, d1, d2) -> (d0, d1, d2)>, affine_map<(d0, d1, d2) -> (d0, d1, d2)>, affine_map<(d0, d1, d2) -> (d0, d1, d2)>], iterator_types = ["parallel", "parallel", "parallel"]} ins(%108, %113, %118, %123, %128, %133, %138 : memref<?x?x?xf64>, memref<?x?x?xf64>, memref<?x?x?xf64>, memref<?x?x?xf64>, memref<?x?x?xf64>, memref<?x?x?xf64>, memref<?x?x?xf64>) outs(%143 : memref<?x?x?xf64>) {
^bb0(%in: f64, %in_1: f64, %in_2: f64, %in_3: f64, %in_4: f64, %in_5: f64, %in_6: f64, %out: f64):
  %144 = arith.mulf %in_1, %cst_0 : f64
  %145 = arith.subf %in, %144 : f64
  %146 = arith.addf %145, %in_2 : f64
  %147 = arith.mulf %146, %cst : f64
  %148 = arith.subf %in_3, %144 : f64
  %149 = arith.addf %148, %in_4 : f64
  %150 = arith.mulf %149, %cst : f64
  %151 = arith.addf %147, %150 : f64
  %152 = arith.subf %in_5, %144 : f64
  %153 = arith.addf %152, %in_6 : f64
  %154 = arith.mulf %153, %cst : f64
  %155 = arith.addf %151, %154 : f64
  %156 = arith.addf %155, %in_1 : f64
  linalg.yield %156 : f64
}
  Processing 7 inputs
  Input 0 indexing map: (d0, d1, d2) -> (d0, d1, d2)

=== getLinalgArgMap ===
  Initial lgMap: (d0, d1, d2) -> (d0, d1, d2)
  Found SubmapOp with map: (d0, d1, d2) -> (d2 + 2, d1 + 1, d0 + 1)
  Composed map: (d0, d1, d2) -> (d2 + 2, d1 + 1, d0 + 1)
  Final lgMap: (d0, d1, d2) -> (d2 + 2, d1 + 1, d0 + 1)
=== getLinalgArgMap END ===

  Calling remap_in_affine_dim for input 0

=== remap_in_affine_dim ===
  oldmap: (d0, d1, d2) -> (d2 + 2, d1 + 1, d0 + 1)
  firstNDims: 3
  check_reduction (input): 0
  lower_bound_val: 1
  dimidx: -1
  check_reduction (output): 0
  new map (map2): (d0, d1, d2, d3) -> (d2 + 2, d1 + 1, d0 + 1)
  validDims: 3, validSims: 0
  Created SubmapOp with type: memref<?x?x?x?xf64>
=== remap_in_affine_dim END ===

  Input 1 indexing map: (d0, d1, d2) -> (d0, d1, d2)

=== getLinalgArgMap ===
  Initial lgMap: (d0, d1, d2) -> (d0, d1, d2)
  Found SubmapOp with map: (d0, d1, d2) -> (d2 + 1, d1 + 1, d0 + 1)
  Composed map: (d0, d1, d2) -> (d2 + 1, d1 + 1, d0 + 1)
  Final lgMap: (d0, d1, d2) -> (d2 + 1, d1 + 1, d0 + 1)
=== getLinalgArgMap END ===

  Calling remap_in_affine_dim for input 1

=== remap_in_affine_dim ===
  oldmap: (d0, d1, d2) -> (d2 + 1, d1 + 1, d0 + 1)
  firstNDims: 3
  check_reduction (input): 0
  lower_bound_val: 1
  dimidx: -1
  check_reduction (output): 0
  new map (map2): (d0, d1, d2, d3) -> (d2 + 1, d1 + 1, d0 + 1)
  validDims: 3, validSims: 0
  Created SubmapOp with type: memref<?x?x?x?xf64>
=== remap_in_affine_dim END ===

  Input 2 indexing map: (d0, d1, d2) -> (d0, d1, d2)

=== getLinalgArgMap ===
  Initial lgMap: (d0, d1, d2) -> (d0, d1, d2)
  Found SubmapOp with map: (d0, d1, d2) -> (d2, d1 + 1, d0 + 1)
  Composed map: (d0, d1, d2) -> (d2, d1 + 1, d0 + 1)
  Final lgMap: (d0, d1, d2) -> (d2, d1 + 1, d0 + 1)
=== getLinalgArgMap END ===

  Calling remap_in_affine_dim for input 2

=== remap_in_affine_dim ===
  oldmap: (d0, d1, d2) -> (d2, d1 + 1, d0 + 1)
  firstNDims: 3
  check_reduction (input): 0
  lower_bound_val: 1
  dimidx: -1
  check_reduction (output): 0
  new map (map2): (d0, d1, d2, d3) -> (d2, d1 + 1, d0 + 1)
  validDims: 3, validSims: 0
  Created SubmapOp with type: memref<?x?x?x?xf64>
=== remap_in_affine_dim END ===

  Input 3 indexing map: (d0, d1, d2) -> (d0, d1, d2)

=== getLinalgArgMap ===
  Initial lgMap: (d0, d1, d2) -> (d0, d1, d2)
  Found SubmapOp with map: (d0, d1, d2) -> (d2 + 1, d1 + 2, d0 + 1)
  Composed map: (d0, d1, d2) -> (d2 + 1, d1 + 2, d0 + 1)
  Final lgMap: (d0, d1, d2) -> (d2 + 1, d1 + 2, d0 + 1)
=== getLinalgArgMap END ===

  Calling remap_in_affine_dim for input 3

=== remap_in_affine_dim ===
  oldmap: (d0, d1, d2) -> (d2 + 1, d1 + 2, d0 + 1)
  firstNDims: 3
  check_reduction (input): 0
  lower_bound_val: 1
  dimidx: -1
  check_reduction (output): 0
  new map (map2): (d0, d1, d2, d3) -> (d2 + 1, d1 + 2, d0 + 1)
  validDims: 3, validSims: 0
  Created SubmapOp with type: memref<?x?x?x?xf64>
=== remap_in_affine_dim END ===

  Input 4 indexing map: (d0, d1, d2) -> (d0, d1, d2)

=== getLinalgArgMap ===
  Initial lgMap: (d0, d1, d2) -> (d0, d1, d2)
  Found SubmapOp with map: (d0, d1, d2) -> (d2 + 1, d1, d0 + 1)
  Composed map: (d0, d1, d2) -> (d2 + 1, d1, d0 + 1)
  Final lgMap: (d0, d1, d2) -> (d2 + 1, d1, d0 + 1)
=== getLinalgArgMap END ===

  Calling remap_in_affine_dim for input 4

=== remap_in_affine_dim ===
  oldmap: (d0, d1, d2) -> (d2 + 1, d1, d0 + 1)
  firstNDims: 3
  check_reduction (input): 0
  lower_bound_val: 1
  dimidx: -1
  check_reduction (output): 0
  new map (map2): (d0, d1, d2, d3) -> (d2 + 1, d1, d0 + 1)
  validDims: 3, validSims: 0
  Created SubmapOp with type: memref<?x?x?x?xf64>
=== remap_in_affine_dim END ===

  Input 5 indexing map: (d0, d1, d2) -> (d0, d1, d2)

=== getLinalgArgMap ===
  Initial lgMap: (d0, d1, d2) -> (d0, d1, d2)
  Found SubmapOp with map: (d0, d1, d2) -> (d2 + 1, d1 + 1, d0 + 2)
  Composed map: (d0, d1, d2) -> (d2 + 1, d1 + 1, d0 + 2)
  Final lgMap: (d0, d1, d2) -> (d2 + 1, d1 + 1, d0 + 2)
=== getLinalgArgMap END ===

  Calling remap_in_affine_dim for input 5

=== remap_in_affine_dim ===
  oldmap: (d0, d1, d2) -> (d2 + 1, d1 + 1, d0 + 2)
  firstNDims: 3
  check_reduction (input): 0
  lower_bound_val: 1
  dimidx: -1
  check_reduction (output): 0
  new map (map2): (d0, d1, d2, d3) -> (d2 + 1, d1 + 1, d0 + 2)
  validDims: 3, validSims: 0
  Created SubmapOp with type: memref<?x?x?x?xf64>
=== remap_in_affine_dim END ===

  Input 6 indexing map: (d0, d1, d2) -> (d0, d1, d2)

=== getLinalgArgMap ===
  Initial lgMap: (d0, d1, d2) -> (d0, d1, d2)
  Found SubmapOp with map: (d0, d1, d2) -> (d2 + 1, d1 + 1, d0)
  Composed map: (d0, d1, d2) -> (d2 + 1, d1 + 1, d0)
  Final lgMap: (d0, d1, d2) -> (d2 + 1, d1 + 1, d0)
=== getLinalgArgMap END ===

  Calling remap_in_affine_dim for input 6

=== remap_in_affine_dim ===
  oldmap: (d0, d1, d2) -> (d2 + 1, d1 + 1, d0)
  firstNDims: 3
  check_reduction (input): 0
  lower_bound_val: 1
  dimidx: -1
  check_reduction (output): 0
  new map (map2): (d0, d1, d2, d3) -> (d2 + 1, d1 + 1, d0)
  validDims: 3, validSims: 0
  Created SubmapOp with type: memref<?x?x?x?xf64>
=== remap_in_affine_dim END ===

  Processing 1 outputs

=== getLinalgArgMap ===
  Initial lgMap: (d0, d1, d2) -> (d0, d1, d2)
  Found SubmapOp with map: (d0, d1, d2) -> (d2 + 1, d1 + 1, d0 + 1)
  Composed map: (d0, d1, d2) -> (d2 + 1, d1 + 1, d0 + 1)
  Final lgMap: (d0, d1, d2) -> (d2 + 1, d1 + 1, d0 + 1)
=== getLinalgArgMap END ===

  Calling remap_in_affine_dim for output 0

=== remap_in_affine_dim ===
  oldmap: (d0, d1, d2) -> (d2 + 1, d1 + 1, d0 + 1)
  firstNDims: 3
  check_reduction (input): 1
  lower_bound_val: 1
  dimidx: -1
  check_reduction (output): 1
  new map (map2): (d0, d1, d2, d3) -> (d2 + 1, d1 + 1, d0 + 1)
  validDims: 3, validSims: 0
  Created SubmapOp with type: memref<?x?x?x?xf64>
=== remap_in_affine_dim END ===


--- Processing Loads ---

--- Processing Stores ---
REJECTED: More than one linalg generic


========================================
=== AffineForOpRaising::matchAndRewrite ===
========================================
Processing loop:
affine.for %arg4 = 1 to 21 {
  %1 = affine.apply affine_map<()[s0] -> (s0 - 1)>()[%0]
  %2 = arith.subi %1, %c1 : index
  %3 = affine.apply affine_map<()[s0] -> (s0 - 1)>()[%0]
  %4 = arith.subi %3, %c1 : index
  %5 = affine.apply affine_map<()[s0] -> (s0 - 1)>()[%0]
  %6 = arith.subi %5, %c1 : index
  %7 = polygeist.submap(%arg2, %4, %6, %2) {map = affine_map<(d0, d1, d2) -> (d2 + 2, d1 + 1, d0 + 1)>} : (memref<?x10x10xf64>, index, index, index) -> memref<?x?x?xf64>
  %8 = affine.apply affine_map<()[s0] -> (s0 - 1)>()[%0]
  %9 = arith.subi %8, %c1 : index
  %10 = affine.apply affine_map<()[s0] -> (s0 - 1)>()[%0]
  %11 = arith.subi %10, %c1 : index
  %12 = polygeist.submap(%arg2, %9, %11, %2) {map = affine_map<(d0, d1, d2) -> (d2 + 1, d1 + 1, d0 + 1)>} : (memref<?x10x10xf64>, index, index, index) -> memref<?x?x?xf64>
  %13 = affine.apply affine_map<()[s0] -> (s0 - 1)>()[%0]
  %14 = arith.subi %13, %c1 : index
  %15 = affine.apply affine_map<()[s0] -> (s0 - 1)>()[%0]
  %16 = arith.subi %15, %c1 : index
  %17 = polygeist.submap(%arg2, %14, %16, %2) {map = affine_map<(d0, d1, d2) -> (d2, d1 + 1, d0 + 1)>} : (memref<?x10x10xf64>, index, index, index) -> memref<?x?x?xf64>
  %18 = affine.apply affine_map<()[s0] -> (s0 - 1)>()[%0]
  %19 = arith.subi %18, %c1 : index
  %20 = affine.apply affine_map<()[s0] -> (s0 - 1)>()[%0]
  %21 = arith.subi %20, %c1 : index
  %22 = polygeist.submap(%arg2, %19, %21, %2) {map = affine_map<(d0, d1, d2) -> (d2 + 1, d1 + 2, d0 + 1)>} : (memref<?x10x10xf64>, index, index, index) -> memref<?x?x?xf64>
  %23 = affine.apply affine_map<()[s0] -> (s0 - 1)>()[%0]
  %24 = arith.subi %23, %c1 : index
  %25 = affine.apply affine_map<()[s0] -> (s0 - 1)>()[%0]
  %26 = arith.subi %25, %c1 : index
  %27 = polygeist.submap(%arg2, %24, %26, %2) {map = affine_map<(d0, d1, d2) -> (d2 + 1, d1, d0 + 1)>} : (memref<?x10x10xf64>, index, index, index) -> memref<?x?x?xf64>
  %28 = affine.apply affine_map<()[s0] -> (s0 - 1)>()[%0]
  %29 = arith.subi %28, %c1 : index
  %30 = affine.apply affine_map<()[s0] -> (s0 - 1)>()[%0]
  %31 = arith.subi %30, %c1 : index
  %32 = polygeist.submap(%arg2, %29, %31, %2) {map = affine_map<(d0, d1, d2) -> (d2 + 1, d1 + 1, d0 + 2)>} : (memref<?x10x10xf64>, index, index, index) -> memref<?x?x?xf64>
  %33 = affine.apply affine_map<()[s0] -> (s0 - 1)>()[%0]
  %34 = arith.subi %33, %c1 : index
  %35 = affine.apply affine_map<()[s0] -> (s0 - 1)>()[%0]
  %36 = arith.subi %35, %c1 : index
  %37 = polygeist.submap(%arg2, %34, %36, %2) {map = affine_map<(d0, d1, d2) -> (d2 + 1, d1 + 1, d0)>} : (memref<?x10x10xf64>, index, index, index) -> memref<?x?x?xf64>
  %38 = affine.apply affine_map<()[s0] -> (s0 - 1)>()[%0]
  %39 = arith.subi %38, %c1 : index
  %40 = affine.apply affine_map<()[s0] -> (s0 - 1)>()[%0]
  %41 = arith.subi %40, %c1 : index
  %42 = polygeist.submap(%arg3, %39, %41, %2) {map = affine_map<(d0, d1, d2) -> (d2 + 1, d1 + 1, d0 + 1)>} : (memref<?x10x10xf64>, index, index, index) -> memref<?x?x?xf64>
  linalg.generic {indexing_maps = [affine_map<(d0, d1, d2) -> (d0, d1, d2)>, affine_map<(d0, d1, d2) -> (d0, d1, d2)>, affine_map<(d0, d1, d2) -> (d0, d1, d2)>, affine_map<(d0, d1, d2) -> (d0, d1, d2)>, affine_map<(d0, d1, d2) -> (d0, d1, d2)>, affine_map<(d0, d1, d2) -> (d0, d1, d2)>, affine_map<(d0, d1, d2) -> (d0, d1, d2)>, affine_map<(d0, d1, d2) -> (d0, d1, d2)>], iterator_types = ["parallel", "parallel", "parallel"]} ins(%7, %12, %17, %22, %27, %32, %37 : memref<?x?x?xf64>, memref<?x?x?xf64>, memref<?x?x?xf64>, memref<?x?x?xf64>, memref<?x?x?xf64>, memref<?x?x?xf64>, memref<?x?x?xf64>) outs(%42 : memref<?x?x?xf64>) {
  ^bb0(%in: f64, %in_1: f64, %in_2: f64, %in_3: f64, %in_4: f64, %in_5: f64, %in_6: f64, %out: f64):
    %85 = arith.mulf %in_1, %cst_0 : f64
    %86 = arith.subf %in, %85 : f64
    %87 = arith.addf %86, %in_2 : f64
    %88 = arith.mulf %87, %cst : f64
    %89 = arith.subf %in_3, %85 : f64
    %90 = arith.addf %89, %in_4 : f64
    %91 = arith.mulf %90, %cst : f64
    %92 = arith.addf %88, %91 : f64
    %93 = arith.subf %in_5, %85 : f64
    %94 = arith.addf %93, %in_6 : f64
    %95 = arith.mulf %94, %cst : f64
    %96 = arith.addf %92, %95 : f64
    %97 = arith.addf %96, %in_1 : f64
    linalg.yield %97 : f64
  }
  %43 = affine.apply affine_map<()[s0] -> (s0 - 1)>()[%0]
  %44 = arith.subi %43, %c1 : index
  %45 = affine.apply affine_map<()[s0] -> (s0 - 1)>()[%0]
  %46 = arith.subi %45, %c1 : index
  %47 = affine.apply affine_map<()[s0] -> (s0 - 1)>()[%0]
  %48 = arith.subi %47, %c1 : index
  %49 = polygeist.submap(%arg3, %46, %48, %44) {map = affine_map<(d0, d1, d2) -> (d2 + 2, d1 + 1, d0 + 1)>} : (memref<?x10x10xf64>, index, index, index) -> memref<?x?x?xf64>
  %50 = affine.apply affine_map<()[s0] -> (s0 - 1)>()[%0]
  %51 = arith.subi %50, %c1 : index
  %52 = affine.apply affine_map<()[s0] -> (s0 - 1)>()[%0]
  %53 = arith.subi %52, %c1 : index
  %54 = polygeist.submap(%arg3, %51, %53, %44) {map = affine_map<(d0, d1, d2) -> (d2 + 1, d1 + 1, d0 + 1)>} : (memref<?x10x10xf64>, index, index, index) -> memref<?x?x?xf64>
  %55 = affine.apply affine_map<()[s0] -> (s0 - 1)>()[%0]
  %56 = arith.subi %55, %c1 : index
  %57 = affine.apply affine_map<()[s0] -> (s0 - 1)>()[%0]
  %58 = arith.subi %57, %c1 : index
  %59 = polygeist.submap(%arg3, %56, %58, %44) {map = affine_map<(d0, d1, d2) -> (d2, d1 + 1, d0 + 1)>} : (memref<?x10x10xf64>, index, index, index) -> memref<?x?x?xf64>
  %60 = affine.apply affine_map<()[s0] -> (s0 - 1)>()[%0]
  %61 = arith.subi %60, %c1 : index
  %62 = affine.apply affine_map<()[s0] -> (s0 - 1)>()[%0]
  %63 = arith.subi %62, %c1 : index
  %64 = polygeist.submap(%arg3, %61, %63, %44) {map = affine_map<(d0, d1, d2) -> (d2 + 1, d1 + 2, d0 + 1)>} : (memref<?x10x10xf64>, index, index, index) -> memref<?x?x?xf64>
  %65 = affine.apply affine_map<()[s0] -> (s0 - 1)>()[%0]
  %66 = arith.subi %65, %c1 : index
  %67 = affine.apply affine_map<()[s0] -> (s0 - 1)>()[%0]
  %68 = arith.subi %67, %c1 : index
  %69 = polygeist.submap(%arg3, %66, %68, %44) {map = affine_map<(d0, d1, d2) -> (d2 + 1, d1, d0 + 1)>} : (memref<?x10x10xf64>, index, index, index) -> memref<?x?x?xf64>
  %70 = affine.apply affine_map<()[s0] -> (s0 - 1)>()[%0]
  %71 = arith.subi %70, %c1 : index
  %72 = affine.apply affine_map<()[s0] -> (s0 - 1)>()[%0]
  %73 = arith.subi %72, %c1 : index
  %74 = polygeist.submap(%arg3, %71, %73, %44) {map = affine_map<(d0, d1, d2) -> (d2 + 1, d1 + 1, d0 + 2)>} : (memref<?x10x10xf64>, index, index, index) -> memref<?x?x?xf64>
  %75 = affine.apply affine_map<()[s0] -> (s0 - 1)>()[%0]
  %76 = arith.subi %75, %c1 : index
  %77 = affine.apply affine_map<()[s0] -> (s0 - 1)>()[%0]
  %78 = arith.subi %77, %c1 : index
  %79 = polygeist.submap(%arg3, %76, %78, %44) {map = affine_map<(d0, d1, d2) -> (d2 + 1, d1 + 1, d0)>} : (memref<?x10x10xf64>, index, index, index) -> memref<?x?x?xf64>
  %80 = affine.apply affine_map<()[s0] -> (s0 - 1)>()[%0]
  %81 = arith.subi %80, %c1 : index
  %82 = affine.apply affine_map<()[s0] -> (s0 - 1)>()[%0]
  %83 = arith.subi %82, %c1 : index
  %84 = polygeist.submap(%arg2, %81, %83, %44) {map = affine_map<(d0, d1, d2) -> (d2 + 1, d1 + 1, d0 + 1)>} : (memref<?x10x10xf64>, index, index, index) -> memref<?x?x?xf64>
  linalg.generic {indexing_maps = [affine_map<(d0, d1, d2) -> (d0, d1, d2)>, affine_map<(d0, d1, d2) -> (d0, d1, d2)>, affine_map<(d0, d1, d2) -> (d0, d1, d2)>, affine_map<(d0, d1, d2) -> (d0, d1, d2)>, affine_map<(d0, d1, d2) -> (d0, d1, d2)>, affine_map<(d0, d1, d2) -> (d0, d1, d2)>, affine_map<(d0, d1, d2) -> (d0, d1, d2)>, affine_map<(d0, d1, d2) -> (d0, d1, d2)>], iterator_types = ["parallel", "parallel", "parallel"]} ins(%49, %54, %59, %64, %69, %74, %79 : memref<?x?x?xf64>, memref<?x?x?xf64>, memref<?x?x?xf64>, memref<?x?x?xf64>, memref<?x?x?xf64>, memref<?x?x?xf64>, memref<?x?x?xf64>) outs(%84 : memref<?x?x?xf64>) {
  ^bb0(%in: f64, %in_1: f64, %in_2: f64, %in_3: f64, %in_4: f64, %in_5: f64, %in_6: f64, %out: f64):
    %85 = arith.mulf %in_1, %cst_0 : f64
    %86 = arith.subf %in, %85 : f64
    %87 = arith.addf %86, %in_2 : f64
    %88 = arith.mulf %87, %cst : f64
    %89 = arith.subf %in_3, %85 : f64
    %90 = arith.addf %89, %in_4 : f64
    %91 = arith.mulf %90, %cst : f64
    %92 = arith.addf %88, %91 : f64
    %93 = arith.subf %in_5, %85 : f64
    %94 = arith.addf %93, %in_6 : f64
    %95 = arith.mulf %94, %cst : f64
    %96 = arith.addf %92, %95 : f64
    %97 = arith.addf %96, %in_1 : f64
    linalg.yield %97 : f64
  }
}

Pattern recognition complete:
  Loads: 0
  Stores: 0
  LinalgGenerics: 2

Loop bounds:
  lbMap: () -> (1)
  ubMap: () -> (21)

--- Processing Linalg Generics ---
Processing linalg.generic:
linalg.generic {indexing_maps = [affine_map<(d0, d1, d2) -> (d0, d1, d2)>, affine_map<(d0, d1, d2) -> (d0, d1, d2)>, affine_map<(d0, d1, d2) -> (d0, d1, d2)>, affine_map<(d0, d1, d2) -> (d0, d1, d2)>, affine_map<(d0, d1, d2) -> (d0, d1, d2)>, affine_map<(d0, d1, d2) -> (d0, d1, d2)>, affine_map<(d0, d1, d2) -> (d0, d1, d2)>, affine_map<(d0, d1, d2) -> (d0, d1, d2)>], iterator_types = ["parallel", "parallel", "parallel"]} ins(%10, %15, %20, %25, %30, %35, %40 : memref<?x?x?xf64>, memref<?x?x?xf64>, memref<?x?x?xf64>, memref<?x?x?xf64>, memref<?x?x?xf64>, memref<?x?x?xf64>, memref<?x?x?xf64>) outs(%45 : memref<?x?x?xf64>) {
^bb0(%in: f64, %in_1: f64, %in_2: f64, %in_3: f64, %in_4: f64, %in_5: f64, %in_6: f64, %out: f64):
  %88 = arith.mulf %in_1, %cst_0 : f64
  %89 = arith.subf %in, %88 : f64
  %90 = arith.addf %89, %in_2 : f64
  %91 = arith.mulf %90, %cst : f64
  %92 = arith.subf %in_3, %88 : f64
  %93 = arith.addf %92, %in_4 : f64
  %94 = arith.mulf %93, %cst : f64
  %95 = arith.addf %91, %94 : f64
  %96 = arith.subf %in_5, %88 : f64
  %97 = arith.addf %96, %in_6 : f64
  %98 = arith.mulf %97, %cst : f64
  %99 = arith.addf %95, %98 : f64
  %100 = arith.addf %99, %in_1 : f64
  linalg.yield %100 : f64
}
  Processing 7 inputs
  Input 0 indexing map: (d0, d1, d2) -> (d0, d1, d2)

=== getLinalgArgMap ===
  Initial lgMap: (d0, d1, d2) -> (d0, d1, d2)
  Found SubmapOp with map: (d0, d1, d2) -> (d2 + 2, d1 + 1, d0 + 1)
  Composed map: (d0, d1, d2) -> (d2 + 2, d1 + 1, d0 + 1)
  Final lgMap: (d0, d1, d2) -> (d2 + 2, d1 + 1, d0 + 1)
=== getLinalgArgMap END ===

  Calling remap_in_affine_dim for input 0

=== remap_in_affine_dim ===
  oldmap: (d0, d1, d2) -> (d2 + 2, d1 + 1, d0 + 1)
  firstNDims: 3
  check_reduction (input): 0
  lower_bound_val: 1
  dimidx: -1
  check_reduction (output): 0
  new map (map2): (d0, d1, d2, d3) -> (d2 + 2, d1 + 1, d0 + 1)
  validDims: 3, validSims: 0
  Created SubmapOp with type: memref<?x?x?x?xf64>
=== remap_in_affine_dim END ===

  Input 1 indexing map: (d0, d1, d2) -> (d0, d1, d2)

=== getLinalgArgMap ===
  Initial lgMap: (d0, d1, d2) -> (d0, d1, d2)
  Found SubmapOp with map: (d0, d1, d2) -> (d2 + 1, d1 + 1, d0 + 1)
  Composed map: (d0, d1, d2) -> (d2 + 1, d1 + 1, d0 + 1)
  Final lgMap: (d0, d1, d2) -> (d2 + 1, d1 + 1, d0 + 1)
=== getLinalgArgMap END ===

  Calling remap_in_affine_dim for input 1

=== remap_in_affine_dim ===
  oldmap: (d0, d1, d2) -> (d2 + 1, d1 + 1, d0 + 1)
  firstNDims: 3
  check_reduction (input): 0
  lower_bound_val: 1
  dimidx: -1
  check_reduction (output): 0
  new map (map2): (d0, d1, d2, d3) -> (d2 + 1, d1 + 1, d0 + 1)
  validDims: 3, validSims: 0
  Created SubmapOp with type: memref<?x?x?x?xf64>
=== remap_in_affine_dim END ===

  Input 2 indexing map: (d0, d1, d2) -> (d0, d1, d2)

=== getLinalgArgMap ===
  Initial lgMap: (d0, d1, d2) -> (d0, d1, d2)
  Found SubmapOp with map: (d0, d1, d2) -> (d2, d1 + 1, d0 + 1)
  Composed map: (d0, d1, d2) -> (d2, d1 + 1, d0 + 1)
  Final lgMap: (d0, d1, d2) -> (d2, d1 + 1, d0 + 1)
=== getLinalgArgMap END ===

  Calling remap_in_affine_dim for input 2

=== remap_in_affine_dim ===
  oldmap: (d0, d1, d2) -> (d2, d1 + 1, d0 + 1)
  firstNDims: 3
  check_reduction (input): 0
  lower_bound_val: 1
  dimidx: -1
  check_reduction (output): 0
  new map (map2): (d0, d1, d2, d3) -> (d2, d1 + 1, d0 + 1)
  validDims: 3, validSims: 0
  Created SubmapOp with type: memref<?x?x?x?xf64>
=== remap_in_affine_dim END ===

  Input 3 indexing map: (d0, d1, d2) -> (d0, d1, d2)

=== getLinalgArgMap ===
  Initial lgMap: (d0, d1, d2) -> (d0, d1, d2)
  Found SubmapOp with map: (d0, d1, d2) -> (d2 + 1, d1 + 2, d0 + 1)
  Composed map: (d0, d1, d2) -> (d2 + 1, d1 + 2, d0 + 1)
  Final lgMap: (d0, d1, d2) -> (d2 + 1, d1 + 2, d0 + 1)
=== getLinalgArgMap END ===

  Calling remap_in_affine_dim for input 3

=== remap_in_affine_dim ===
  oldmap: (d0, d1, d2) -> (d2 + 1, d1 + 2, d0 + 1)
  firstNDims: 3
  check_reduction (input): 0
  lower_bound_val: 1
  dimidx: -1
  check_reduction (output): 0
  new map (map2): (d0, d1, d2, d3) -> (d2 + 1, d1 + 2, d0 + 1)
  validDims: 3, validSims: 0
  Created SubmapOp with type: memref<?x?x?x?xf64>
=== remap_in_affine_dim END ===

  Input 4 indexing map: (d0, d1, d2) -> (d0, d1, d2)

=== getLinalgArgMap ===
  Initial lgMap: (d0, d1, d2) -> (d0, d1, d2)
  Found SubmapOp with map: (d0, d1, d2) -> (d2 + 1, d1, d0 + 1)
  Composed map: (d0, d1, d2) -> (d2 + 1, d1, d0 + 1)
  Final lgMap: (d0, d1, d2) -> (d2 + 1, d1, d0 + 1)
=== getLinalgArgMap END ===

  Calling remap_in_affine_dim for input 4

=== remap_in_affine_dim ===
  oldmap: (d0, d1, d2) -> (d2 + 1, d1, d0 + 1)
  firstNDims: 3
  check_reduction (input): 0
  lower_bound_val: 1
  dimidx: -1
  check_reduction (output): 0
  new map (map2): (d0, d1, d2, d3) -> (d2 + 1, d1, d0 + 1)
  validDims: 3, validSims: 0
  Created SubmapOp with type: memref<?x?x?x?xf64>
=== remap_in_affine_dim END ===

  Input 5 indexing map: (d0, d1, d2) -> (d0, d1, d2)

=== getLinalgArgMap ===
  Initial lgMap: (d0, d1, d2) -> (d0, d1, d2)
  Found SubmapOp with map: (d0, d1, d2) -> (d2 + 1, d1 + 1, d0 + 2)
  Composed map: (d0, d1, d2) -> (d2 + 1, d1 + 1, d0 + 2)
  Final lgMap: (d0, d1, d2) -> (d2 + 1, d1 + 1, d0 + 2)
=== getLinalgArgMap END ===

  Calling remap_in_affine_dim for input 5

=== remap_in_affine_dim ===
  oldmap: (d0, d1, d2) -> (d2 + 1, d1 + 1, d0 + 2)
  firstNDims: 3
  check_reduction (input): 0
  lower_bound_val: 1
  dimidx: -1
  check_reduction (output): 0
  new map (map2): (d0, d1, d2, d3) -> (d2 + 1, d1 + 1, d0 + 2)
  validDims: 3, validSims: 0
  Created SubmapOp with type: memref<?x?x?x?xf64>
=== remap_in_affine_dim END ===

  Input 6 indexing map: (d0, d1, d2) -> (d0, d1, d2)

=== getLinalgArgMap ===
  Initial lgMap: (d0, d1, d2) -> (d0, d1, d2)
  Found SubmapOp with map: (d0, d1, d2) -> (d2 + 1, d1 + 1, d0)
  Composed map: (d0, d1, d2) -> (d2 + 1, d1 + 1, d0)
  Final lgMap: (d0, d1, d2) -> (d2 + 1, d1 + 1, d0)
=== getLinalgArgMap END ===

  Calling remap_in_affine_dim for input 6

=== remap_in_affine_dim ===
  oldmap: (d0, d1, d2) -> (d2 + 1, d1 + 1, d0)
  firstNDims: 3
  check_reduction (input): 0
  lower_bound_val: 1
  dimidx: -1
  check_reduction (output): 0
  new map (map2): (d0, d1, d2, d3) -> (d2 + 1, d1 + 1, d0)
  validDims: 3, validSims: 0
  Created SubmapOp with type: memref<?x?x?x?xf64>
=== remap_in_affine_dim END ===

  Processing 1 outputs

=== getLinalgArgMap ===
  Initial lgMap: (d0, d1, d2) -> (d0, d1, d2)
  Found SubmapOp with map: (d0, d1, d2) -> (d2 + 1, d1 + 1, d0 + 1)
  Composed map: (d0, d1, d2) -> (d2 + 1, d1 + 1, d0 + 1)
  Final lgMap: (d0, d1, d2) -> (d2 + 1, d1 + 1, d0 + 1)
=== getLinalgArgMap END ===

  Calling remap_in_affine_dim for output 0

=== remap_in_affine_dim ===
  oldmap: (d0, d1, d2) -> (d2 + 1, d1 + 1, d0 + 1)
  firstNDims: 3
  check_reduction (input): 1
  lower_bound_val: 1
  dimidx: -1
  check_reduction (output): 1
  new map (map2): (d0, d1, d2, d3) -> (d2 + 1, d1 + 1, d0 + 1)
  validDims: 3, validSims: 0
  Created SubmapOp with type: memref<?x?x?x?xf64>
=== remap_in_affine_dim END ===

Processing linalg.generic:
linalg.generic {indexing_maps = [affine_map<(d0, d1, d2) -> (d0, d1, d2)>, affine_map<(d0, d1, d2) -> (d0, d1, d2)>, affine_map<(d0, d1, d2) -> (d0, d1, d2)>, affine_map<(d0, d1, d2) -> (d0, d1, d2)>, affine_map<(d0, d1, d2) -> (d0, d1, d2)>, affine_map<(d0, d1, d2) -> (d0, d1, d2)>, affine_map<(d0, d1, d2) -> (d0, d1, d2)>, affine_map<(d0, d1, d2) -> (d0, d1, d2)>], iterator_types = ["parallel", "parallel", "parallel"]} ins(%108, %113, %118, %123, %128, %133, %138 : memref<?x?x?xf64>, memref<?x?x?xf64>, memref<?x?x?xf64>, memref<?x?x?xf64>, memref<?x?x?xf64>, memref<?x?x?xf64>, memref<?x?x?xf64>) outs(%143 : memref<?x?x?xf64>) {
^bb0(%in: f64, %in_1: f64, %in_2: f64, %in_3: f64, %in_4: f64, %in_5: f64, %in_6: f64, %out: f64):
  %144 = arith.mulf %in_1, %cst_0 : f64
  %145 = arith.subf %in, %144 : f64
  %146 = arith.addf %145, %in_2 : f64
  %147 = arith.mulf %146, %cst : f64
  %148 = arith.subf %in_3, %144 : f64
  %149 = arith.addf %148, %in_4 : f64
  %150 = arith.mulf %149, %cst : f64
  %151 = arith.addf %147, %150 : f64
  %152 = arith.subf %in_5, %144 : f64
  %153 = arith.addf %152, %in_6 : f64
  %154 = arith.mulf %153, %cst : f64
  %155 = arith.addf %151, %154 : f64
  %156 = arith.addf %155, %in_1 : f64
  linalg.yield %156 : f64
}
  Processing 7 inputs
  Input 0 indexing map: (d0, d1, d2) -> (d0, d1, d2)

=== getLinalgArgMap ===
  Initial lgMap: (d0, d1, d2) -> (d0, d1, d2)
  Found SubmapOp with map: (d0, d1, d2) -> (d2 + 2, d1 + 1, d0 + 1)
  Composed map: (d0, d1, d2) -> (d2 + 2, d1 + 1, d0 + 1)
  Final lgMap: (d0, d1, d2) -> (d2 + 2, d1 + 1, d0 + 1)
=== getLinalgArgMap END ===

  Calling remap_in_affine_dim for input 0

=== remap_in_affine_dim ===
  oldmap: (d0, d1, d2) -> (d2 + 2, d1 + 1, d0 + 1)
  firstNDims: 3
  check_reduction (input): 0
  lower_bound_val: 1
  dimidx: -1
  check_reduction (output): 0
  new map (map2): (d0, d1, d2, d3) -> (d2 + 2, d1 + 1, d0 + 1)
  validDims: 3, validSims: 0
  Created SubmapOp with type: memref<?x?x?x?xf64>
=== remap_in_affine_dim END ===

  Input 1 indexing map: (d0, d1, d2) -> (d0, d1, d2)

=== getLinalgArgMap ===
  Initial lgMap: (d0, d1, d2) -> (d0, d1, d2)
  Found SubmapOp with map: (d0, d1, d2) -> (d2 + 1, d1 + 1, d0 + 1)
  Composed map: (d0, d1, d2) -> (d2 + 1, d1 + 1, d0 + 1)
  Final lgMap: (d0, d1, d2) -> (d2 + 1, d1 + 1, d0 + 1)
=== getLinalgArgMap END ===

  Calling remap_in_affine_dim for input 1

=== remap_in_affine_dim ===
  oldmap: (d0, d1, d2) -> (d2 + 1, d1 + 1, d0 + 1)
  firstNDims: 3
  check_reduction (input): 0
  lower_bound_val: 1
  dimidx: -1
  check_reduction (output): 0
  new map (map2): (d0, d1, d2, d3) -> (d2 + 1, d1 + 1, d0 + 1)
  validDims: 3, validSims: 0
  Created SubmapOp with type: memref<?x?x?x?xf64>
=== remap_in_affine_dim END ===

  Input 2 indexing map: (d0, d1, d2) -> (d0, d1, d2)

=== getLinalgArgMap ===
  Initial lgMap: (d0, d1, d2) -> (d0, d1, d2)
  Found SubmapOp with map: (d0, d1, d2) -> (d2, d1 + 1, d0 + 1)
  Composed map: (d0, d1, d2) -> (d2, d1 + 1, d0 + 1)
  Final lgMap: (d0, d1, d2) -> (d2, d1 + 1, d0 + 1)
=== getLinalgArgMap END ===

  Calling remap_in_affine_dim for input 2

=== remap_in_affine_dim ===
  oldmap: (d0, d1, d2) -> (d2, d1 + 1, d0 + 1)
  firstNDims: 3
  check_reduction (input): 0
  lower_bound_val: 1
  dimidx: -1
  check_reduction (output): 0
  new map (map2): (d0, d1, d2, d3) -> (d2, d1 + 1, d0 + 1)
  validDims: 3, validSims: 0
  Created SubmapOp with type: memref<?x?x?x?xf64>
=== remap_in_affine_dim END ===

  Input 3 indexing map: (d0, d1, d2) -> (d0, d1, d2)

=== getLinalgArgMap ===
  Initial lgMap: (d0, d1, d2) -> (d0, d1, d2)
  Found SubmapOp with map: (d0, d1, d2) -> (d2 + 1, d1 + 2, d0 + 1)
  Composed map: (d0, d1, d2) -> (d2 + 1, d1 + 2, d0 + 1)
  Final lgMap: (d0, d1, d2) -> (d2 + 1, d1 + 2, d0 + 1)
=== getLinalgArgMap END ===

  Calling remap_in_affine_dim for input 3

=== remap_in_affine_dim ===
  oldmap: (d0, d1, d2) -> (d2 + 1, d1 + 2, d0 + 1)
  firstNDims: 3
  check_reduction (input): 0
  lower_bound_val: 1
  dimidx: -1
  check_reduction (output): 0
  new map (map2): (d0, d1, d2, d3) -> (d2 + 1, d1 + 2, d0 + 1)
  validDims: 3, validSims: 0
  Created SubmapOp with type: memref<?x?x?x?xf64>
=== remap_in_affine_dim END ===

  Input 4 indexing map: (d0, d1, d2) -> (d0, d1, d2)

=== getLinalgArgMap ===
  Initial lgMap: (d0, d1, d2) -> (d0, d1, d2)
  Found SubmapOp with map: (d0, d1, d2) -> (d2 + 1, d1, d0 + 1)
  Composed map: (d0, d1, d2) -> (d2 + 1, d1, d0 + 1)
  Final lgMap: (d0, d1, d2) -> (d2 + 1, d1, d0 + 1)
=== getLinalgArgMap END ===

  Calling remap_in_affine_dim for input 4

=== remap_in_affine_dim ===
  oldmap: (d0, d1, d2) -> (d2 + 1, d1, d0 + 1)
  firstNDims: 3
  check_reduction (input): 0
  lower_bound_val: 1
  dimidx: -1
  check_reduction (output): 0
  new map (map2): (d0, d1, d2, d3) -> (d2 + 1, d1, d0 + 1)
  validDims: 3, validSims: 0
  Created SubmapOp with type: memref<?x?x?x?xf64>
=== remap_in_affine_dim END ===

  Input 5 indexing map: (d0, d1, d2) -> (d0, d1, d2)

=== getLinalgArgMap ===
  Initial lgMap: (d0, d1, d2) -> (d0, d1, d2)
  Found SubmapOp with map: (d0, d1, d2) -> (d2 + 1, d1 + 1, d0 + 2)
  Composed map: (d0, d1, d2) -> (d2 + 1, d1 + 1, d0 + 2)
  Final lgMap: (d0, d1, d2) -> (d2 + 1, d1 + 1, d0 + 2)
=== getLinalgArgMap END ===

  Calling remap_in_affine_dim for input 5

=== remap_in_affine_dim ===
  oldmap: (d0, d1, d2) -> (d2 + 1, d1 + 1, d0 + 2)
  firstNDims: 3
  check_reduction (input): 0
  lower_bound_val: 1
  dimidx: -1
  check_reduction (output): 0
  new map (map2): (d0, d1, d2, d3) -> (d2 + 1, d1 + 1, d0 + 2)
  validDims: 3, validSims: 0
  Created SubmapOp with type: memref<?x?x?x?xf64>
=== remap_in_affine_dim END ===

  Input 6 indexing map: (d0, d1, d2) -> (d0, d1, d2)

=== getLinalgArgMap ===
  Initial lgMap: (d0, d1, d2) -> (d0, d1, d2)
  Found SubmapOp with map: (d0, d1, d2) -> (d2 + 1, d1 + 1, d0)
  Composed map: (d0, d1, d2) -> (d2 + 1, d1 + 1, d0)
  Final lgMap: (d0, d1, d2) -> (d2 + 1, d1 + 1, d0)
=== getLinalgArgMap END ===

  Calling remap_in_affine_dim for input 6

=== remap_in_affine_dim ===
  oldmap: (d0, d1, d2) -> (d2 + 1, d1 + 1, d0)
  firstNDims: 3
  check_reduction (input): 0
  lower_bound_val: 1
  dimidx: -1
  check_reduction (output): 0
  new map (map2): (d0, d1, d2, d3) -> (d2 + 1, d1 + 1, d0)
  validDims: 3, validSims: 0
  Created SubmapOp with type: memref<?x?x?x?xf64>
=== remap_in_affine_dim END ===

  Processing 1 outputs

=== getLinalgArgMap ===
  Initial lgMap: (d0, d1, d2) -> (d0, d1, d2)
  Found SubmapOp with map: (d0, d1, d2) -> (d2 + 1, d1 + 1, d0 + 1)
  Composed map: (d0, d1, d2) -> (d2 + 1, d1 + 1, d0 + 1)
  Final lgMap: (d0, d1, d2) -> (d2 + 1, d1 + 1, d0 + 1)
=== getLinalgArgMap END ===

  Calling remap_in_affine_dim for output 0

=== remap_in_affine_dim ===
  oldmap: (d0, d1, d2) -> (d2 + 1, d1 + 1, d0 + 1)
  firstNDims: 3
  check_reduction (input): 1
  lower_bound_val: 1
  dimidx: -1
  check_reduction (output): 1
  new map (map2): (d0, d1, d2, d3) -> (d2 + 1, d1 + 1, d0 + 1)
  validDims: 3, validSims: 0
  Created SubmapOp with type: memref<?x?x?x?xf64>
=== remap_in_affine_dim END ===


--- Processing Loads ---

--- Processing Stores ---
REJECTED: More than one linalg generic


========================================
=== AffineForOpRaising::matchAndRewrite ===
========================================
Processing loop:
affine.for %arg4 = 1 to 21 {
  %1 = affine.apply affine_map<()[s0] -> (s0 - 1)>()[%0]
  %2 = arith.subi %1, %c1 : index
  %3 = affine.apply affine_map<()[s0] -> (s0 - 1)>()[%0]
  %4 = arith.subi %3, %c1 : index
  %5 = affine.apply affine_map<()[s0] -> (s0 - 1)>()[%0]
  %6 = arith.subi %5, %c1 : index
  %7 = polygeist.submap(%arg2, %4, %6, %2) {map = affine_map<(d0, d1, d2) -> (d2 + 2, d1 + 1, d0 + 1)>} : (memref<?x10x10xf64>, index, index, index) -> memref<?x?x?xf64>
  %8 = affine.apply affine_map<()[s0] -> (s0 - 1)>()[%0]
  %9 = arith.subi %8, %c1 : index
  %10 = affine.apply affine_map<()[s0] -> (s0 - 1)>()[%0]
  %11 = arith.subi %10, %c1 : index
  %12 = polygeist.submap(%arg2, %9, %11, %2) {map = affine_map<(d0, d1, d2) -> (d2 + 1, d1 + 1, d0 + 1)>} : (memref<?x10x10xf64>, index, index, index) -> memref<?x?x?xf64>
  %13 = affine.apply affine_map<()[s0] -> (s0 - 1)>()[%0]
  %14 = arith.subi %13, %c1 : index
  %15 = affine.apply affine_map<()[s0] -> (s0 - 1)>()[%0]
  %16 = arith.subi %15, %c1 : index
  %17 = polygeist.submap(%arg2, %14, %16, %2) {map = affine_map<(d0, d1, d2) -> (d2, d1 + 1, d0 + 1)>} : (memref<?x10x10xf64>, index, index, index) -> memref<?x?x?xf64>
  %18 = affine.apply affine_map<()[s0] -> (s0 - 1)>()[%0]
  %19 = arith.subi %18, %c1 : index
  %20 = affine.apply affine_map<()[s0] -> (s0 - 1)>()[%0]
  %21 = arith.subi %20, %c1 : index
  %22 = polygeist.submap(%arg2, %19, %21, %2) {map = affine_map<(d0, d1, d2) -> (d2 + 1, d1 + 2, d0 + 1)>} : (memref<?x10x10xf64>, index, index, index) -> memref<?x?x?xf64>
  %23 = affine.apply affine_map<()[s0] -> (s0 - 1)>()[%0]
  %24 = arith.subi %23, %c1 : index
  %25 = affine.apply affine_map<()[s0] -> (s0 - 1)>()[%0]
  %26 = arith.subi %25, %c1 : index
  %27 = polygeist.submap(%arg2, %24, %26, %2) {map = affine_map<(d0, d1, d2) -> (d2 + 1, d1, d0 + 1)>} : (memref<?x10x10xf64>, index, index, index) -> memref<?x?x?xf64>
  %28 = affine.apply affine_map<()[s0] -> (s0 - 1)>()[%0]
  %29 = arith.subi %28, %c1 : index
  %30 = affine.apply affine_map<()[s0] -> (s0 - 1)>()[%0]
  %31 = arith.subi %30, %c1 : index
  %32 = polygeist.submap(%arg2, %29, %31, %2) {map = affine_map<(d0, d1, d2) -> (d2 + 1, d1 + 1, d0 + 2)>} : (memref<?x10x10xf64>, index, index, index) -> memref<?x?x?xf64>
  %33 = affine.apply affine_map<()[s0] -> (s0 - 1)>()[%0]
  %34 = arith.subi %33, %c1 : index
  %35 = affine.apply affine_map<()[s0] -> (s0 - 1)>()[%0]
  %36 = arith.subi %35, %c1 : index
  %37 = polygeist.submap(%arg2, %34, %36, %2) {map = affine_map<(d0, d1, d2) -> (d2 + 1, d1 + 1, d0)>} : (memref<?x10x10xf64>, index, index, index) -> memref<?x?x?xf64>
  %38 = affine.apply affine_map<()[s0] -> (s0 - 1)>()[%0]
  %39 = arith.subi %38, %c1 : index
  %40 = affine.apply affine_map<()[s0] -> (s0 - 1)>()[%0]
  %41 = arith.subi %40, %c1 : index
  %42 = polygeist.submap(%arg3, %39, %41, %2) {map = affine_map<(d0, d1, d2) -> (d2 + 1, d1 + 1, d0 + 1)>} : (memref<?x10x10xf64>, index, index, index) -> memref<?x?x?xf64>
  linalg.generic {indexing_maps = [affine_map<(d0, d1, d2) -> (d0, d1, d2)>, affine_map<(d0, d1, d2) -> (d0, d1, d2)>, affine_map<(d0, d1, d2) -> (d0, d1, d2)>, affine_map<(d0, d1, d2) -> (d0, d1, d2)>, affine_map<(d0, d1, d2) -> (d0, d1, d2)>, affine_map<(d0, d1, d2) -> (d0, d1, d2)>, affine_map<(d0, d1, d2) -> (d0, d1, d2)>, affine_map<(d0, d1, d2) -> (d0, d1, d2)>], iterator_types = ["parallel", "parallel", "parallel"]} ins(%7, %12, %17, %22, %27, %32, %37 : memref<?x?x?xf64>, memref<?x?x?xf64>, memref<?x?x?xf64>, memref<?x?x?xf64>, memref<?x?x?xf64>, memref<?x?x?xf64>, memref<?x?x?xf64>) outs(%42 : memref<?x?x?xf64>) {
  ^bb0(%in: f64, %in_1: f64, %in_2: f64, %in_3: f64, %in_4: f64, %in_5: f64, %in_6: f64, %out: f64):
    %85 = arith.mulf %in_1, %cst_0 : f64
    %86 = arith.subf %in, %85 : f64
    %87 = arith.addf %86, %in_2 : f64
    %88 = arith.mulf %87, %cst : f64
    %89 = arith.subf %in_3, %85 : f64
    %90 = arith.addf %89, %in_4 : f64
    %91 = arith.mulf %90, %cst : f64
    %92 = arith.addf %88, %91 : f64
    %93 = arith.subf %in_5, %85 : f64
    %94 = arith.addf %93, %in_6 : f64
    %95 = arith.mulf %94, %cst : f64
    %96 = arith.addf %92, %95 : f64
    %97 = arith.addf %96, %in_1 : f64
    linalg.yield %97 : f64
  }
  %43 = affine.apply affine_map<()[s0] -> (s0 - 1)>()[%0]
  %44 = arith.subi %43, %c1 : index
  %45 = affine.apply affine_map<()[s0] -> (s0 - 1)>()[%0]
  %46 = arith.subi %45, %c1 : index
  %47 = affine.apply affine_map<()[s0] -> (s0 - 1)>()[%0]
  %48 = arith.subi %47, %c1 : index
  %49 = polygeist.submap(%arg3, %46, %48, %44) {map = affine_map<(d0, d1, d2) -> (d2 + 2, d1 + 1, d0 + 1)>} : (memref<?x10x10xf64>, index, index, index) -> memref<?x?x?xf64>
  %50 = affine.apply affine_map<()[s0] -> (s0 - 1)>()[%0]
  %51 = arith.subi %50, %c1 : index
  %52 = affine.apply affine_map<()[s0] -> (s0 - 1)>()[%0]
  %53 = arith.subi %52, %c1 : index
  %54 = polygeist.submap(%arg3, %51, %53, %44) {map = affine_map<(d0, d1, d2) -> (d2 + 1, d1 + 1, d0 + 1)>} : (memref<?x10x10xf64>, index, index, index) -> memref<?x?x?xf64>
  %55 = affine.apply affine_map<()[s0] -> (s0 - 1)>()[%0]
  %56 = arith.subi %55, %c1 : index
  %57 = affine.apply affine_map<()[s0] -> (s0 - 1)>()[%0]
  %58 = arith.subi %57, %c1 : index
  %59 = polygeist.submap(%arg3, %56, %58, %44) {map = affine_map<(d0, d1, d2) -> (d2, d1 + 1, d0 + 1)>} : (memref<?x10x10xf64>, index, index, index) -> memref<?x?x?xf64>
  %60 = affine.apply affine_map<()[s0] -> (s0 - 1)>()[%0]
  %61 = arith.subi %60, %c1 : index
  %62 = affine.apply affine_map<()[s0] -> (s0 - 1)>()[%0]
  %63 = arith.subi %62, %c1 : index
  %64 = polygeist.submap(%arg3, %61, %63, %44) {map = affine_map<(d0, d1, d2) -> (d2 + 1, d1 + 2, d0 + 1)>} : (memref<?x10x10xf64>, index, index, index) -> memref<?x?x?xf64>
  %65 = affine.apply affine_map<()[s0] -> (s0 - 1)>()[%0]
  %66 = arith.subi %65, %c1 : index
  %67 = affine.apply affine_map<()[s0] -> (s0 - 1)>()[%0]
  %68 = arith.subi %67, %c1 : index
  %69 = polygeist.submap(%arg3, %66, %68, %44) {map = affine_map<(d0, d1, d2) -> (d2 + 1, d1, d0 + 1)>} : (memref<?x10x10xf64>, index, index, index) -> memref<?x?x?xf64>
  %70 = affine.apply affine_map<()[s0] -> (s0 - 1)>()[%0]
  %71 = arith.subi %70, %c1 : index
  %72 = affine.apply affine_map<()[s0] -> (s0 - 1)>()[%0]
  %73 = arith.subi %72, %c1 : index
  %74 = polygeist.submap(%arg3, %71, %73, %44) {map = affine_map<(d0, d1, d2) -> (d2 + 1, d1 + 1, d0 + 2)>} : (memref<?x10x10xf64>, index, index, index) -> memref<?x?x?xf64>
  %75 = affine.apply affine_map<()[s0] -> (s0 - 1)>()[%0]
  %76 = arith.subi %75, %c1 : index
  %77 = affine.apply affine_map<()[s0] -> (s0 - 1)>()[%0]
  %78 = arith.subi %77, %c1 : index
  %79 = polygeist.submap(%arg3, %76, %78, %44) {map = affine_map<(d0, d1, d2) -> (d2 + 1, d1 + 1, d0)>} : (memref<?x10x10xf64>, index, index, index) -> memref<?x?x?xf64>
  %80 = affine.apply affine_map<()[s0] -> (s0 - 1)>()[%0]
  %81 = arith.subi %80, %c1 : index
  %82 = affine.apply affine_map<()[s0] -> (s0 - 1)>()[%0]
  %83 = arith.subi %82, %c1 : index
  %84 = polygeist.submap(%arg2, %81, %83, %44) {map = affine_map<(d0, d1, d2) -> (d2 + 1, d1 + 1, d0 + 1)>} : (memref<?x10x10xf64>, index, index, index) -> memref<?x?x?xf64>
  linalg.generic {indexing_maps = [affine_map<(d0, d1, d2) -> (d0, d1, d2)>, affine_map<(d0, d1, d2) -> (d0, d1, d2)>, affine_map<(d0, d1, d2) -> (d0, d1, d2)>, affine_map<(d0, d1, d2) -> (d0, d1, d2)>, affine_map<(d0, d1, d2) -> (d0, d1, d2)>, affine_map<(d0, d1, d2) -> (d0, d1, d2)>, affine_map<(d0, d1, d2) -> (d0, d1, d2)>, affine_map<(d0, d1, d2) -> (d0, d1, d2)>], iterator_types = ["parallel", "parallel", "parallel"]} ins(%49, %54, %59, %64, %69, %74, %79 : memref<?x?x?xf64>, memref<?x?x?xf64>, memref<?x?x?xf64>, memref<?x?x?xf64>, memref<?x?x?xf64>, memref<?x?x?xf64>, memref<?x?x?xf64>) outs(%84 : memref<?x?x?xf64>) {
  ^bb0(%in: f64, %in_1: f64, %in_2: f64, %in_3: f64, %in_4: f64, %in_5: f64, %in_6: f64, %out: f64):
    %85 = arith.mulf %in_1, %cst_0 : f64
    %86 = arith.subf %in, %85 : f64
    %87 = arith.addf %86, %in_2 : f64
    %88 = arith.mulf %87, %cst : f64
    %89 = arith.subf %in_3, %85 : f64
    %90 = arith.addf %89, %in_4 : f64
    %91 = arith.mulf %90, %cst : f64
    %92 = arith.addf %88, %91 : f64
    %93 = arith.subf %in_5, %85 : f64
    %94 = arith.addf %93, %in_6 : f64
    %95 = arith.mulf %94, %cst : f64
    %96 = arith.addf %92, %95 : f64
    %97 = arith.addf %96, %in_1 : f64
    linalg.yield %97 : f64
  }
}

Pattern recognition complete:
  Loads: 0
  Stores: 0
  LinalgGenerics: 2

Loop bounds:
  lbMap: () -> (1)
  ubMap: () -> (21)

--- Processing Linalg Generics ---
Processing linalg.generic:
linalg.generic {indexing_maps = [affine_map<(d0, d1, d2) -> (d0, d1, d2)>, affine_map<(d0, d1, d2) -> (d0, d1, d2)>, affine_map<(d0, d1, d2) -> (d0, d1, d2)>, affine_map<(d0, d1, d2) -> (d0, d1, d2)>, affine_map<(d0, d1, d2) -> (d0, d1, d2)>, affine_map<(d0, d1, d2) -> (d0, d1, d2)>, affine_map<(d0, d1, d2) -> (d0, d1, d2)>, affine_map<(d0, d1, d2) -> (d0, d1, d2)>], iterator_types = ["parallel", "parallel", "parallel"]} ins(%10, %15, %20, %25, %30, %35, %40 : memref<?x?x?xf64>, memref<?x?x?xf64>, memref<?x?x?xf64>, memref<?x?x?xf64>, memref<?x?x?xf64>, memref<?x?x?xf64>, memref<?x?x?xf64>) outs(%45 : memref<?x?x?xf64>) {
^bb0(%in: f64, %in_1: f64, %in_2: f64, %in_3: f64, %in_4: f64, %in_5: f64, %in_6: f64, %out: f64):
  %88 = arith.mulf %in_1, %cst_0 : f64
  %89 = arith.subf %in, %88 : f64
  %90 = arith.addf %89, %in_2 : f64
  %91 = arith.mulf %90, %cst : f64
  %92 = arith.subf %in_3, %88 : f64
  %93 = arith.addf %92, %in_4 : f64
  %94 = arith.mulf %93, %cst : f64
  %95 = arith.addf %91, %94 : f64
  %96 = arith.subf %in_5, %88 : f64
  %97 = arith.addf %96, %in_6 : f64
  %98 = arith.mulf %97, %cst : f64
  %99 = arith.addf %95, %98 : f64
  %100 = arith.addf %99, %in_1 : f64
  linalg.yield %100 : f64
}
  Processing 7 inputs
  Input 0 indexing map: (d0, d1, d2) -> (d0, d1, d2)

=== getLinalgArgMap ===
  Initial lgMap: (d0, d1, d2) -> (d0, d1, d2)
  Found SubmapOp with map: (d0, d1, d2) -> (d2 + 2, d1 + 1, d0 + 1)
  Composed map: (d0, d1, d2) -> (d2 + 2, d1 + 1, d0 + 1)
  Final lgMap: (d0, d1, d2) -> (d2 + 2, d1 + 1, d0 + 1)
=== getLinalgArgMap END ===

  Calling remap_in_affine_dim for input 0

=== remap_in_affine_dim ===
  oldmap: (d0, d1, d2) -> (d2 + 2, d1 + 1, d0 + 1)
  firstNDims: 3
  check_reduction (input): 0
  lower_bound_val: 1
  dimidx: -1
  check_reduction (output): 0
  new map (map2): (d0, d1, d2, d3) -> (d2 + 2, d1 + 1, d0 + 1)
  validDims: 3, validSims: 0
  Created SubmapOp with type: memref<?x?x?x?xf64>
=== remap_in_affine_dim END ===

  Input 1 indexing map: (d0, d1, d2) -> (d0, d1, d2)

=== getLinalgArgMap ===
  Initial lgMap: (d0, d1, d2) -> (d0, d1, d2)
  Found SubmapOp with map: (d0, d1, d2) -> (d2 + 1, d1 + 1, d0 + 1)
  Composed map: (d0, d1, d2) -> (d2 + 1, d1 + 1, d0 + 1)
  Final lgMap: (d0, d1, d2) -> (d2 + 1, d1 + 1, d0 + 1)
=== getLinalgArgMap END ===

  Calling remap_in_affine_dim for input 1

=== remap_in_affine_dim ===
  oldmap: (d0, d1, d2) -> (d2 + 1, d1 + 1, d0 + 1)
  firstNDims: 3
  check_reduction (input): 0
  lower_bound_val: 1
  dimidx: -1
  check_reduction (output): 0
  new map (map2): (d0, d1, d2, d3) -> (d2 + 1, d1 + 1, d0 + 1)
  validDims: 3, validSims: 0
  Created SubmapOp with type: memref<?x?x?x?xf64>
=== remap_in_affine_dim END ===

  Input 2 indexing map: (d0, d1, d2) -> (d0, d1, d2)

=== getLinalgArgMap ===
  Initial lgMap: (d0, d1, d2) -> (d0, d1, d2)
  Found SubmapOp with map: (d0, d1, d2) -> (d2, d1 + 1, d0 + 1)
  Composed map: (d0, d1, d2) -> (d2, d1 + 1, d0 + 1)
  Final lgMap: (d0, d1, d2) -> (d2, d1 + 1, d0 + 1)
=== getLinalgArgMap END ===

  Calling remap_in_affine_dim for input 2

=== remap_in_affine_dim ===
  oldmap: (d0, d1, d2) -> (d2, d1 + 1, d0 + 1)
  firstNDims: 3
  check_reduction (input): 0
  lower_bound_val: 1
  dimidx: -1
  check_reduction (output): 0
  new map (map2): (d0, d1, d2, d3) -> (d2, d1 + 1, d0 + 1)
  validDims: 3, validSims: 0
  Created SubmapOp with type: memref<?x?x?x?xf64>
=== remap_in_affine_dim END ===

  Input 3 indexing map: (d0, d1, d2) -> (d0, d1, d2)

=== getLinalgArgMap ===
  Initial lgMap: (d0, d1, d2) -> (d0, d1, d2)
  Found SubmapOp with map: (d0, d1, d2) -> (d2 + 1, d1 + 2, d0 + 1)
  Composed map: (d0, d1, d2) -> (d2 + 1, d1 + 2, d0 + 1)
  Final lgMap: (d0, d1, d2) -> (d2 + 1, d1 + 2, d0 + 1)
=== getLinalgArgMap END ===

  Calling remap_in_affine_dim for input 3

=== remap_in_affine_dim ===
  oldmap: (d0, d1, d2) -> (d2 + 1, d1 + 2, d0 + 1)
  firstNDims: 3
  check_reduction (input): 0
  lower_bound_val: 1
  dimidx: -1
  check_reduction (output): 0
  new map (map2): (d0, d1, d2, d3) -> (d2 + 1, d1 + 2, d0 + 1)
  validDims: 3, validSims: 0
  Created SubmapOp with type: memref<?x?x?x?xf64>
=== remap_in_affine_dim END ===

  Input 4 indexing map: (d0, d1, d2) -> (d0, d1, d2)

=== getLinalgArgMap ===
  Initial lgMap: (d0, d1, d2) -> (d0, d1, d2)
  Found SubmapOp with map: (d0, d1, d2) -> (d2 + 1, d1, d0 + 1)
  Composed map: (d0, d1, d2) -> (d2 + 1, d1, d0 + 1)
  Final lgMap: (d0, d1, d2) -> (d2 + 1, d1, d0 + 1)
=== getLinalgArgMap END ===

  Calling remap_in_affine_dim for input 4

=== remap_in_affine_dim ===
  oldmap: (d0, d1, d2) -> (d2 + 1, d1, d0 + 1)
  firstNDims: 3
  check_reduction (input): 0
  lower_bound_val: 1
  dimidx: -1
  check_reduction (output): 0
  new map (map2): (d0, d1, d2, d3) -> (d2 + 1, d1, d0 + 1)
  validDims: 3, validSims: 0
  Created SubmapOp with type: memref<?x?x?x?xf64>
=== remap_in_affine_dim END ===

  Input 5 indexing map: (d0, d1, d2) -> (d0, d1, d2)

=== getLinalgArgMap ===
  Initial lgMap: (d0, d1, d2) -> (d0, d1, d2)
  Found SubmapOp with map: (d0, d1, d2) -> (d2 + 1, d1 + 1, d0 + 2)
  Composed map: (d0, d1, d2) -> (d2 + 1, d1 + 1, d0 + 2)
  Final lgMap: (d0, d1, d2) -> (d2 + 1, d1 + 1, d0 + 2)
=== getLinalgArgMap END ===

  Calling remap_in_affine_dim for input 5

=== remap_in_affine_dim ===
  oldmap: (d0, d1, d2) -> (d2 + 1, d1 + 1, d0 + 2)
  firstNDims: 3
  check_reduction (input): 0
  lower_bound_val: 1
  dimidx: -1
  check_reduction (output): 0
  new map (map2): (d0, d1, d2, d3) -> (d2 + 1, d1 + 1, d0 + 2)
  validDims: 3, validSims: 0
  Created SubmapOp with type: memref<?x?x?x?xf64>
=== remap_in_affine_dim END ===

  Input 6 indexing map: (d0, d1, d2) -> (d0, d1, d2)

=== getLinalgArgMap ===
  Initial lgMap: (d0, d1, d2) -> (d0, d1, d2)
  Found SubmapOp with map: (d0, d1, d2) -> (d2 + 1, d1 + 1, d0)
  Composed map: (d0, d1, d2) -> (d2 + 1, d1 + 1, d0)
  Final lgMap: (d0, d1, d2) -> (d2 + 1, d1 + 1, d0)
=== getLinalgArgMap END ===

  Calling remap_in_affine_dim for input 6

=== remap_in_affine_dim ===
  oldmap: (d0, d1, d2) -> (d2 + 1, d1 + 1, d0)
  firstNDims: 3
  check_reduction (input): 0
  lower_bound_val: 1
  dimidx: -1
  check_reduction (output): 0
  new map (map2): (d0, d1, d2, d3) -> (d2 + 1, d1 + 1, d0)
  validDims: 3, validSims: 0
  Created SubmapOp with type: memref<?x?x?x?xf64>
=== remap_in_affine_dim END ===

  Processing 1 outputs

=== getLinalgArgMap ===
  Initial lgMap: (d0, d1, d2) -> (d0, d1, d2)
  Found SubmapOp with map: (d0, d1, d2) -> (d2 + 1, d1 + 1, d0 + 1)
  Composed map: (d0, d1, d2) -> (d2 + 1, d1 + 1, d0 + 1)
  Final lgMap: (d0, d1, d2) -> (d2 + 1, d1 + 1, d0 + 1)
=== getLinalgArgMap END ===

  Calling remap_in_affine_dim for output 0

=== remap_in_affine_dim ===
  oldmap: (d0, d1, d2) -> (d2 + 1, d1 + 1, d0 + 1)
  firstNDims: 3
  check_reduction (input): 1
  lower_bound_val: 1
  dimidx: -1
  check_reduction (output): 1
  new map (map2): (d0, d1, d2, d3) -> (d2 + 1, d1 + 1, d0 + 1)
  validDims: 3, validSims: 0
  Created SubmapOp with type: memref<?x?x?x?xf64>
=== remap_in_affine_dim END ===

Processing linalg.generic:
linalg.generic {indexing_maps = [affine_map<(d0, d1, d2) -> (d0, d1, d2)>, affine_map<(d0, d1, d2) -> (d0, d1, d2)>, affine_map<(d0, d1, d2) -> (d0, d1, d2)>, affine_map<(d0, d1, d2) -> (d0, d1, d2)>, affine_map<(d0, d1, d2) -> (d0, d1, d2)>, affine_map<(d0, d1, d2) -> (d0, d1, d2)>, affine_map<(d0, d1, d2) -> (d0, d1, d2)>, affine_map<(d0, d1, d2) -> (d0, d1, d2)>], iterator_types = ["parallel", "parallel", "parallel"]} ins(%108, %113, %118, %123, %128, %133, %138 : memref<?x?x?xf64>, memref<?x?x?xf64>, memref<?x?x?xf64>, memref<?x?x?xf64>, memref<?x?x?xf64>, memref<?x?x?xf64>, memref<?x?x?xf64>) outs(%143 : memref<?x?x?xf64>) {
^bb0(%in: f64, %in_1: f64, %in_2: f64, %in_3: f64, %in_4: f64, %in_5: f64, %in_6: f64, %out: f64):
  %144 = arith.mulf %in_1, %cst_0 : f64
  %145 = arith.subf %in, %144 : f64
  %146 = arith.addf %145, %in_2 : f64
  %147 = arith.mulf %146, %cst : f64
  %148 = arith.subf %in_3, %144 : f64
  %149 = arith.addf %148, %in_4 : f64
  %150 = arith.mulf %149, %cst : f64
  %151 = arith.addf %147, %150 : f64
  %152 = arith.subf %in_5, %144 : f64
  %153 = arith.addf %152, %in_6 : f64
  %154 = arith.mulf %153, %cst : f64
  %155 = arith.addf %151, %154 : f64
  %156 = arith.addf %155, %in_1 : f64
  linalg.yield %156 : f64
}
  Processing 7 inputs
  Input 0 indexing map: (d0, d1, d2) -> (d0, d1, d2)

=== getLinalgArgMap ===
  Initial lgMap: (d0, d1, d2) -> (d0, d1, d2)
  Found SubmapOp with map: (d0, d1, d2) -> (d2 + 2, d1 + 1, d0 + 1)
  Composed map: (d0, d1, d2) -> (d2 + 2, d1 + 1, d0 + 1)
  Final lgMap: (d0, d1, d2) -> (d2 + 2, d1 + 1, d0 + 1)
=== getLinalgArgMap END ===

  Calling remap_in_affine_dim for input 0

=== remap_in_affine_dim ===
  oldmap: (d0, d1, d2) -> (d2 + 2, d1 + 1, d0 + 1)
  firstNDims: 3
  check_reduction (input): 0
  lower_bound_val: 1
  dimidx: -1
  check_reduction (output): 0
  new map (map2): (d0, d1, d2, d3) -> (d2 + 2, d1 + 1, d0 + 1)
  validDims: 3, validSims: 0
  Created SubmapOp with type: memref<?x?x?x?xf64>
=== remap_in_affine_dim END ===

  Input 1 indexing map: (d0, d1, d2) -> (d0, d1, d2)

=== getLinalgArgMap ===
  Initial lgMap: (d0, d1, d2) -> (d0, d1, d2)
  Found SubmapOp with map: (d0, d1, d2) -> (d2 + 1, d1 + 1, d0 + 1)
  Composed map: (d0, d1, d2) -> (d2 + 1, d1 + 1, d0 + 1)
  Final lgMap: (d0, d1, d2) -> (d2 + 1, d1 + 1, d0 + 1)
=== getLinalgArgMap END ===

  Calling remap_in_affine_dim for input 1

=== remap_in_affine_dim ===
  oldmap: (d0, d1, d2) -> (d2 + 1, d1 + 1, d0 + 1)
  firstNDims: 3
  check_reduction (input): 0
  lower_bound_val: 1
  dimidx: -1
  check_reduction (output): 0
  new map (map2): (d0, d1, d2, d3) -> (d2 + 1, d1 + 1, d0 + 1)
  validDims: 3, validSims: 0
  Created SubmapOp with type: memref<?x?x?x?xf64>
=== remap_in_affine_dim END ===

  Input 2 indexing map: (d0, d1, d2) -> (d0, d1, d2)

=== getLinalgArgMap ===
  Initial lgMap: (d0, d1, d2) -> (d0, d1, d2)
  Found SubmapOp with map: (d0, d1, d2) -> (d2, d1 + 1, d0 + 1)
  Composed map: (d0, d1, d2) -> (d2, d1 + 1, d0 + 1)
  Final lgMap: (d0, d1, d2) -> (d2, d1 + 1, d0 + 1)
=== getLinalgArgMap END ===

  Calling remap_in_affine_dim for input 2

=== remap_in_affine_dim ===
  oldmap: (d0, d1, d2) -> (d2, d1 + 1, d0 + 1)
  firstNDims: 3
  check_reduction (input): 0
  lower_bound_val: 1
  dimidx: -1
  check_reduction (output): 0
  new map (map2): (d0, d1, d2, d3) -> (d2, d1 + 1, d0 + 1)
  validDims: 3, validSims: 0
  Created SubmapOp with type: memref<?x?x?x?xf64>
=== remap_in_affine_dim END ===

  Input 3 indexing map: (d0, d1, d2) -> (d0, d1, d2)

=== getLinalgArgMap ===
  Initial lgMap: (d0, d1, d2) -> (d0, d1, d2)
  Found SubmapOp with map: (d0, d1, d2) -> (d2 + 1, d1 + 2, d0 + 1)
  Composed map: (d0, d1, d2) -> (d2 + 1, d1 + 2, d0 + 1)
  Final lgMap: (d0, d1, d2) -> (d2 + 1, d1 + 2, d0 + 1)
=== getLinalgArgMap END ===

  Calling remap_in_affine_dim for input 3

=== remap_in_affine_dim ===
  oldmap: (d0, d1, d2) -> (d2 + 1, d1 + 2, d0 + 1)
  firstNDims: 3
  check_reduction (input): 0
  lower_bound_val: 1
  dimidx: -1
  check_reduction (output): 0
  new map (map2): (d0, d1, d2, d3) -> (d2 + 1, d1 + 2, d0 + 1)
  validDims: 3, validSims: 0
  Created SubmapOp with type: memref<?x?x?x?xf64>
=== remap_in_affine_dim END ===

  Input 4 indexing map: (d0, d1, d2) -> (d0, d1, d2)

=== getLinalgArgMap ===
  Initial lgMap: (d0, d1, d2) -> (d0, d1, d2)
  Found SubmapOp with map: (d0, d1, d2) -> (d2 + 1, d1, d0 + 1)
  Composed map: (d0, d1, d2) -> (d2 + 1, d1, d0 + 1)
  Final lgMap: (d0, d1, d2) -> (d2 + 1, d1, d0 + 1)
=== getLinalgArgMap END ===

  Calling remap_in_affine_dim for input 4

=== remap_in_affine_dim ===
  oldmap: (d0, d1, d2) -> (d2 + 1, d1, d0 + 1)
  firstNDims: 3
  check_reduction (input): 0
  lower_bound_val: 1
  dimidx: -1
  check_reduction (output): 0
  new map (map2): (d0, d1, d2, d3) -> (d2 + 1, d1, d0 + 1)
  validDims: 3, validSims: 0
  Created SubmapOp with type: memref<?x?x?x?xf64>
=== remap_in_affine_dim END ===

  Input 5 indexing map: (d0, d1, d2) -> (d0, d1, d2)

=== getLinalgArgMap ===
  Initial lgMap: (d0, d1, d2) -> (d0, d1, d2)
  Found SubmapOp with map: (d0, d1, d2) -> (d2 + 1, d1 + 1, d0 + 2)
  Composed map: (d0, d1, d2) -> (d2 + 1, d1 + 1, d0 + 2)
  Final lgMap: (d0, d1, d2) -> (d2 + 1, d1 + 1, d0 + 2)
=== getLinalgArgMap END ===

  Calling remap_in_affine_dim for input 5

=== remap_in_affine_dim ===
  oldmap: (d0, d1, d2) -> (d2 + 1, d1 + 1, d0 + 2)
  firstNDims: 3
  check_reduction (input): 0
  lower_bound_val: 1
  dimidx: -1
  check_reduction (output): 0
  new map (map2): (d0, d1, d2, d3) -> (d2 + 1, d1 + 1, d0 + 2)
  validDims: 3, validSims: 0
  Created SubmapOp with type: memref<?x?x?x?xf64>
=== remap_in_affine_dim END ===

  Input 6 indexing map: (d0, d1, d2) -> (d0, d1, d2)

=== getLinalgArgMap ===
  Initial lgMap: (d0, d1, d2) -> (d0, d1, d2)
  Found SubmapOp with map: (d0, d1, d2) -> (d2 + 1, d1 + 1, d0)
  Composed map: (d0, d1, d2) -> (d2 + 1, d1 + 1, d0)
  Final lgMap: (d0, d1, d2) -> (d2 + 1, d1 + 1, d0)
=== getLinalgArgMap END ===

  Calling remap_in_affine_dim for input 6

=== remap_in_affine_dim ===
  oldmap: (d0, d1, d2) -> (d2 + 1, d1 + 1, d0)
  firstNDims: 3
  check_reduction (input): 0
  lower_bound_val: 1
  dimidx: -1
  check_reduction (output): 0
  new map (map2): (d0, d1, d2, d3) -> (d2 + 1, d1 + 1, d0)
  validDims: 3, validSims: 0
  Created SubmapOp with type: memref<?x?x?x?xf64>
=== remap_in_affine_dim END ===

  Processing 1 outputs

=== getLinalgArgMap ===
  Initial lgMap: (d0, d1, d2) -> (d0, d1, d2)
  Found SubmapOp with map: (d0, d1, d2) -> (d2 + 1, d1 + 1, d0 + 1)
  Composed map: (d0, d1, d2) -> (d2 + 1, d1 + 1, d0 + 1)
  Final lgMap: (d0, d1, d2) -> (d2 + 1, d1 + 1, d0 + 1)
=== getLinalgArgMap END ===

  Calling remap_in_affine_dim for output 0

=== remap_in_affine_dim ===
  oldmap: (d0, d1, d2) -> (d2 + 1, d1 + 1, d0 + 1)
  firstNDims: 3
  check_reduction (input): 1
  lower_bound_val: 1
  dimidx: -1
  check_reduction (output): 1
  new map (map2): (d0, d1, d2, d3) -> (d2 + 1, d1 + 1, d0 + 1)
  validDims: 3, validSims: 0
  Created SubmapOp with type: memref<?x?x?x?xf64>
=== remap_in_affine_dim END ===


--- Processing Loads ---

--- Processing Stores ---
REJECTED: More than one linalg generic


========================================
=== AffineForOpRaising::matchAndRewrite ===
========================================
Processing loop:
affine.for %arg4 = 1 to 21 {
  %1 = affine.apply affine_map<()[s0] -> (s0 - 1)>()[%0]
  %2 = arith.subi %1, %c1 : index
  %3 = affine.apply affine_map<()[s0] -> (s0 - 1)>()[%0]
  %4 = arith.subi %3, %c1 : index
  %5 = affine.apply affine_map<()[s0] -> (s0 - 1)>()[%0]
  %6 = arith.subi %5, %c1 : index
  %7 = polygeist.submap(%arg2, %4, %6, %2) {map = affine_map<(d0, d1, d2) -> (d2 + 2, d1 + 1, d0 + 1)>} : (memref<?x10x10xf64>, index, index, index) -> memref<?x?x?xf64>
  %8 = affine.apply affine_map<()[s0] -> (s0 - 1)>()[%0]
  %9 = arith.subi %8, %c1 : index
  %10 = affine.apply affine_map<()[s0] -> (s0 - 1)>()[%0]
  %11 = arith.subi %10, %c1 : index
  %12 = polygeist.submap(%arg2, %9, %11, %2) {map = affine_map<(d0, d1, d2) -> (d2 + 1, d1 + 1, d0 + 1)>} : (memref<?x10x10xf64>, index, index, index) -> memref<?x?x?xf64>
  %13 = affine.apply affine_map<()[s0] -> (s0 - 1)>()[%0]
  %14 = arith.subi %13, %c1 : index
  %15 = affine.apply affine_map<()[s0] -> (s0 - 1)>()[%0]
  %16 = arith.subi %15, %c1 : index
  %17 = polygeist.submap(%arg2, %14, %16, %2) {map = affine_map<(d0, d1, d2) -> (d2, d1 + 1, d0 + 1)>} : (memref<?x10x10xf64>, index, index, index) -> memref<?x?x?xf64>
  %18 = affine.apply affine_map<()[s0] -> (s0 - 1)>()[%0]
  %19 = arith.subi %18, %c1 : index
  %20 = affine.apply affine_map<()[s0] -> (s0 - 1)>()[%0]
  %21 = arith.subi %20, %c1 : index
  %22 = polygeist.submap(%arg2, %19, %21, %2) {map = affine_map<(d0, d1, d2) -> (d2 + 1, d1 + 2, d0 + 1)>} : (memref<?x10x10xf64>, index, index, index) -> memref<?x?x?xf64>
  %23 = affine.apply affine_map<()[s0] -> (s0 - 1)>()[%0]
  %24 = arith.subi %23, %c1 : index
  %25 = affine.apply affine_map<()[s0] -> (s0 - 1)>()[%0]
  %26 = arith.subi %25, %c1 : index
  %27 = polygeist.submap(%arg2, %24, %26, %2) {map = affine_map<(d0, d1, d2) -> (d2 + 1, d1, d0 + 1)>} : (memref<?x10x10xf64>, index, index, index) -> memref<?x?x?xf64>
  %28 = affine.apply affine_map<()[s0] -> (s0 - 1)>()[%0]
  %29 = arith.subi %28, %c1 : index
  %30 = affine.apply affine_map<()[s0] -> (s0 - 1)>()[%0]
  %31 = arith.subi %30, %c1 : index
  %32 = polygeist.submap(%arg2, %29, %31, %2) {map = affine_map<(d0, d1, d2) -> (d2 + 1, d1 + 1, d0 + 2)>} : (memref<?x10x10xf64>, index, index, index) -> memref<?x?x?xf64>
  %33 = affine.apply affine_map<()[s0] -> (s0 - 1)>()[%0]
  %34 = arith.subi %33, %c1 : index
  %35 = affine.apply affine_map<()[s0] -> (s0 - 1)>()[%0]
  %36 = arith.subi %35, %c1 : index
  %37 = polygeist.submap(%arg2, %34, %36, %2) {map = affine_map<(d0, d1, d2) -> (d2 + 1, d1 + 1, d0)>} : (memref<?x10x10xf64>, index, index, index) -> memref<?x?x?xf64>
  %38 = affine.apply affine_map<()[s0] -> (s0 - 1)>()[%0]
  %39 = arith.subi %38, %c1 : index
  %40 = affine.apply affine_map<()[s0] -> (s0 - 1)>()[%0]
  %41 = arith.subi %40, %c1 : index
  %42 = polygeist.submap(%arg3, %39, %41, %2) {map = affine_map<(d0, d1, d2) -> (d2 + 1, d1 + 1, d0 + 1)>} : (memref<?x10x10xf64>, index, index, index) -> memref<?x?x?xf64>
  linalg.generic {indexing_maps = [affine_map<(d0, d1, d2) -> (d0, d1, d2)>, affine_map<(d0, d1, d2) -> (d0, d1, d2)>, affine_map<(d0, d1, d2) -> (d0, d1, d2)>, affine_map<(d0, d1, d2) -> (d0, d1, d2)>, affine_map<(d0, d1, d2) -> (d0, d1, d2)>, affine_map<(d0, d1, d2) -> (d0, d1, d2)>, affine_map<(d0, d1, d2) -> (d0, d1, d2)>, affine_map<(d0, d1, d2) -> (d0, d1, d2)>], iterator_types = ["parallel", "parallel", "parallel"]} ins(%7, %12, %17, %22, %27, %32, %37 : memref<?x?x?xf64>, memref<?x?x?xf64>, memref<?x?x?xf64>, memref<?x?x?xf64>, memref<?x?x?xf64>, memref<?x?x?xf64>, memref<?x?x?xf64>) outs(%42 : memref<?x?x?xf64>) {
  ^bb0(%in: f64, %in_1: f64, %in_2: f64, %in_3: f64, %in_4: f64, %in_5: f64, %in_6: f64, %out: f64):
    %85 = arith.mulf %in_1, %cst_0 : f64
    %86 = arith.subf %in, %85 : f64
    %87 = arith.addf %86, %in_2 : f64
    %88 = arith.mulf %87, %cst : f64
    %89 = arith.subf %in_3, %85 : f64
    %90 = arith.addf %89, %in_4 : f64
    %91 = arith.mulf %90, %cst : f64
    %92 = arith.addf %88, %91 : f64
    %93 = arith.subf %in_5, %85 : f64
    %94 = arith.addf %93, %in_6 : f64
    %95 = arith.mulf %94, %cst : f64
    %96 = arith.addf %92, %95 : f64
    %97 = arith.addf %96, %in_1 : f64
    linalg.yield %97 : f64
  }
  %43 = affine.apply affine_map<()[s0] -> (s0 - 1)>()[%0]
  %44 = arith.subi %43, %c1 : index
  %45 = affine.apply affine_map<()[s0] -> (s0 - 1)>()[%0]
  %46 = arith.subi %45, %c1 : index
  %47 = affine.apply affine_map<()[s0] -> (s0 - 1)>()[%0]
  %48 = arith.subi %47, %c1 : index
  %49 = polygeist.submap(%arg3, %46, %48, %44) {map = affine_map<(d0, d1, d2) -> (d2 + 2, d1 + 1, d0 + 1)>} : (memref<?x10x10xf64>, index, index, index) -> memref<?x?x?xf64>
  %50 = affine.apply affine_map<()[s0] -> (s0 - 1)>()[%0]
  %51 = arith.subi %50, %c1 : index
  %52 = affine.apply affine_map<()[s0] -> (s0 - 1)>()[%0]
  %53 = arith.subi %52, %c1 : index
  %54 = polygeist.submap(%arg3, %51, %53, %44) {map = affine_map<(d0, d1, d2) -> (d2 + 1, d1 + 1, d0 + 1)>} : (memref<?x10x10xf64>, index, index, index) -> memref<?x?x?xf64>
  %55 = affine.apply affine_map<()[s0] -> (s0 - 1)>()[%0]
  %56 = arith.subi %55, %c1 : index
  %57 = affine.apply affine_map<()[s0] -> (s0 - 1)>()[%0]
  %58 = arith.subi %57, %c1 : index
  %59 = polygeist.submap(%arg3, %56, %58, %44) {map = affine_map<(d0, d1, d2) -> (d2, d1 + 1, d0 + 1)>} : (memref<?x10x10xf64>, index, index, index) -> memref<?x?x?xf64>
  %60 = affine.apply affine_map<()[s0] -> (s0 - 1)>()[%0]
  %61 = arith.subi %60, %c1 : index
  %62 = affine.apply affine_map<()[s0] -> (s0 - 1)>()[%0]
  %63 = arith.subi %62, %c1 : index
  %64 = polygeist.submap(%arg3, %61, %63, %44) {map = affine_map<(d0, d1, d2) -> (d2 + 1, d1 + 2, d0 + 1)>} : (memref<?x10x10xf64>, index, index, index) -> memref<?x?x?xf64>
  %65 = affine.apply affine_map<()[s0] -> (s0 - 1)>()[%0]
  %66 = arith.subi %65, %c1 : index
  %67 = affine.apply affine_map<()[s0] -> (s0 - 1)>()[%0]
  %68 = arith.subi %67, %c1 : index
  %69 = polygeist.submap(%arg3, %66, %68, %44) {map = affine_map<(d0, d1, d2) -> (d2 + 1, d1, d0 + 1)>} : (memref<?x10x10xf64>, index, index, index) -> memref<?x?x?xf64>
  %70 = affine.apply affine_map<()[s0] -> (s0 - 1)>()[%0]
  %71 = arith.subi %70, %c1 : index
  %72 = affine.apply affine_map<()[s0] -> (s0 - 1)>()[%0]
  %73 = arith.subi %72, %c1 : index
  %74 = polygeist.submap(%arg3, %71, %73, %44) {map = affine_map<(d0, d1, d2) -> (d2 + 1, d1 + 1, d0 + 2)>} : (memref<?x10x10xf64>, index, index, index) -> memref<?x?x?xf64>
  %75 = affine.apply affine_map<()[s0] -> (s0 - 1)>()[%0]
  %76 = arith.subi %75, %c1 : index
  %77 = affine.apply affine_map<()[s0] -> (s0 - 1)>()[%0]
  %78 = arith.subi %77, %c1 : index
  %79 = polygeist.submap(%arg3, %76, %78, %44) {map = affine_map<(d0, d1, d2) -> (d2 + 1, d1 + 1, d0)>} : (memref<?x10x10xf64>, index, index, index) -> memref<?x?x?xf64>
  %80 = affine.apply affine_map<()[s0] -> (s0 - 1)>()[%0]
  %81 = arith.subi %80, %c1 : index
  %82 = affine.apply affine_map<()[s0] -> (s0 - 1)>()[%0]
  %83 = arith.subi %82, %c1 : index
  %84 = polygeist.submap(%arg2, %81, %83, %44) {map = affine_map<(d0, d1, d2) -> (d2 + 1, d1 + 1, d0 + 1)>} : (memref<?x10x10xf64>, index, index, index) -> memref<?x?x?xf64>
  linalg.generic {indexing_maps = [affine_map<(d0, d1, d2) -> (d0, d1, d2)>, affine_map<(d0, d1, d2) -> (d0, d1, d2)>, affine_map<(d0, d1, d2) -> (d0, d1, d2)>, affine_map<(d0, d1, d2) -> (d0, d1, d2)>, affine_map<(d0, d1, d2) -> (d0, d1, d2)>, affine_map<(d0, d1, d2) -> (d0, d1, d2)>, affine_map<(d0, d1, d2) -> (d0, d1, d2)>, affine_map<(d0, d1, d2) -> (d0, d1, d2)>], iterator_types = ["parallel", "parallel", "parallel"]} ins(%49, %54, %59, %64, %69, %74, %79 : memref<?x?x?xf64>, memref<?x?x?xf64>, memref<?x?x?xf64>, memref<?x?x?xf64>, memref<?x?x?xf64>, memref<?x?x?xf64>, memref<?x?x?xf64>) outs(%84 : memref<?x?x?xf64>) {
  ^bb0(%in: f64, %in_1: f64, %in_2: f64, %in_3: f64, %in_4: f64, %in_5: f64, %in_6: f64, %out: f64):
    %85 = arith.mulf %in_1, %cst_0 : f64
    %86 = arith.subf %in, %85 : f64
    %87 = arith.addf %86, %in_2 : f64
    %88 = arith.mulf %87, %cst : f64
    %89 = arith.subf %in_3, %85 : f64
    %90 = arith.addf %89, %in_4 : f64
    %91 = arith.mulf %90, %cst : f64
    %92 = arith.addf %88, %91 : f64
    %93 = arith.subf %in_5, %85 : f64
    %94 = arith.addf %93, %in_6 : f64
    %95 = arith.mulf %94, %cst : f64
    %96 = arith.addf %92, %95 : f64
    %97 = arith.addf %96, %in_1 : f64
    linalg.yield %97 : f64
  }
}

Pattern recognition complete:
  Loads: 0
  Stores: 0
  LinalgGenerics: 2

Loop bounds:
  lbMap: () -> (1)
  ubMap: () -> (21)

--- Processing Linalg Generics ---
Processing linalg.generic:
linalg.generic {indexing_maps = [affine_map<(d0, d1, d2) -> (d0, d1, d2)>, affine_map<(d0, d1, d2) -> (d0, d1, d2)>, affine_map<(d0, d1, d2) -> (d0, d1, d2)>, affine_map<(d0, d1, d2) -> (d0, d1, d2)>, affine_map<(d0, d1, d2) -> (d0, d1, d2)>, affine_map<(d0, d1, d2) -> (d0, d1, d2)>, affine_map<(d0, d1, d2) -> (d0, d1, d2)>, affine_map<(d0, d1, d2) -> (d0, d1, d2)>], iterator_types = ["parallel", "parallel", "parallel"]} ins(%10, %15, %20, %25, %30, %35, %40 : memref<?x?x?xf64>, memref<?x?x?xf64>, memref<?x?x?xf64>, memref<?x?x?xf64>, memref<?x?x?xf64>, memref<?x?x?xf64>, memref<?x?x?xf64>) outs(%45 : memref<?x?x?xf64>) {
^bb0(%in: f64, %in_1: f64, %in_2: f64, %in_3: f64, %in_4: f64, %in_5: f64, %in_6: f64, %out: f64):
  %88 = arith.mulf %in_1, %cst_0 : f64
  %89 = arith.subf %in, %88 : f64
  %90 = arith.addf %89, %in_2 : f64
  %91 = arith.mulf %90, %cst : f64
  %92 = arith.subf %in_3, %88 : f64
  %93 = arith.addf %92, %in_4 : f64
  %94 = arith.mulf %93, %cst : f64
  %95 = arith.addf %91, %94 : f64
  %96 = arith.subf %in_5, %88 : f64
  %97 = arith.addf %96, %in_6 : f64
  %98 = arith.mulf %97, %cst : f64
  %99 = arith.addf %95, %98 : f64
  %100 = arith.addf %99, %in_1 : f64
  linalg.yield %100 : f64
}
  Processing 7 inputs
  Input 0 indexing map: (d0, d1, d2) -> (d0, d1, d2)

=== getLinalgArgMap ===
  Initial lgMap: (d0, d1, d2) -> (d0, d1, d2)
  Found SubmapOp with map: (d0, d1, d2) -> (d2 + 2, d1 + 1, d0 + 1)
  Composed map: (d0, d1, d2) -> (d2 + 2, d1 + 1, d0 + 1)
  Final lgMap: (d0, d1, d2) -> (d2 + 2, d1 + 1, d0 + 1)
=== getLinalgArgMap END ===

  Calling remap_in_affine_dim for input 0

=== remap_in_affine_dim ===
  oldmap: (d0, d1, d2) -> (d2 + 2, d1 + 1, d0 + 1)
  firstNDims: 3
  check_reduction (input): 0
  lower_bound_val: 1
  dimidx: -1
  check_reduction (output): 0
  new map (map2): (d0, d1, d2, d3) -> (d2 + 2, d1 + 1, d0 + 1)
  validDims: 3, validSims: 0
  Created SubmapOp with type: memref<?x?x?x?xf64>
=== remap_in_affine_dim END ===

  Input 1 indexing map: (d0, d1, d2) -> (d0, d1, d2)

=== getLinalgArgMap ===
  Initial lgMap: (d0, d1, d2) -> (d0, d1, d2)
  Found SubmapOp with map: (d0, d1, d2) -> (d2 + 1, d1 + 1, d0 + 1)
  Composed map: (d0, d1, d2) -> (d2 + 1, d1 + 1, d0 + 1)
  Final lgMap: (d0, d1, d2) -> (d2 + 1, d1 + 1, d0 + 1)
=== getLinalgArgMap END ===

  Calling remap_in_affine_dim for input 1

=== remap_in_affine_dim ===
  oldmap: (d0, d1, d2) -> (d2 + 1, d1 + 1, d0 + 1)
  firstNDims: 3
  check_reduction (input): 0
  lower_bound_val: 1
  dimidx: -1
  check_reduction (output): 0
  new map (map2): (d0, d1, d2, d3) -> (d2 + 1, d1 + 1, d0 + 1)
  validDims: 3, validSims: 0
  Created SubmapOp with type: memref<?x?x?x?xf64>
=== remap_in_affine_dim END ===

  Input 2 indexing map: (d0, d1, d2) -> (d0, d1, d2)

=== getLinalgArgMap ===
  Initial lgMap: (d0, d1, d2) -> (d0, d1, d2)
  Found SubmapOp with map: (d0, d1, d2) -> (d2, d1 + 1, d0 + 1)
  Composed map: (d0, d1, d2) -> (d2, d1 + 1, d0 + 1)
  Final lgMap: (d0, d1, d2) -> (d2, d1 + 1, d0 + 1)
=== getLinalgArgMap END ===

  Calling remap_in_affine_dim for input 2

=== remap_in_affine_dim ===
  oldmap: (d0, d1, d2) -> (d2, d1 + 1, d0 + 1)
  firstNDims: 3
  check_reduction (input): 0
  lower_bound_val: 1
  dimidx: -1
  check_reduction (output): 0
  new map (map2): (d0, d1, d2, d3) -> (d2, d1 + 1, d0 + 1)
  validDims: 3, validSims: 0
  Created SubmapOp with type: memref<?x?x?x?xf64>
=== remap_in_affine_dim END ===

  Input 3 indexing map: (d0, d1, d2) -> (d0, d1, d2)

=== getLinalgArgMap ===
  Initial lgMap: (d0, d1, d2) -> (d0, d1, d2)
  Found SubmapOp with map: (d0, d1, d2) -> (d2 + 1, d1 + 2, d0 + 1)
  Composed map: (d0, d1, d2) -> (d2 + 1, d1 + 2, d0 + 1)
  Final lgMap: (d0, d1, d2) -> (d2 + 1, d1 + 2, d0 + 1)
=== getLinalgArgMap END ===

  Calling remap_in_affine_dim for input 3

=== remap_in_affine_dim ===
  oldmap: (d0, d1, d2) -> (d2 + 1, d1 + 2, d0 + 1)
  firstNDims: 3
  check_reduction (input): 0
  lower_bound_val: 1
  dimidx: -1
  check_reduction (output): 0
  new map (map2): (d0, d1, d2, d3) -> (d2 + 1, d1 + 2, d0 + 1)
  validDims: 3, validSims: 0
  Created SubmapOp with type: memref<?x?x?x?xf64>
=== remap_in_affine_dim END ===

  Input 4 indexing map: (d0, d1, d2) -> (d0, d1, d2)

=== getLinalgArgMap ===
  Initial lgMap: (d0, d1, d2) -> (d0, d1, d2)
  Found SubmapOp with map: (d0, d1, d2) -> (d2 + 1, d1, d0 + 1)
  Composed map: (d0, d1, d2) -> (d2 + 1, d1, d0 + 1)
  Final lgMap: (d0, d1, d2) -> (d2 + 1, d1, d0 + 1)
=== getLinalgArgMap END ===

  Calling remap_in_affine_dim for input 4

=== remap_in_affine_dim ===
  oldmap: (d0, d1, d2) -> (d2 + 1, d1, d0 + 1)
  firstNDims: 3
  check_reduction (input): 0
  lower_bound_val: 1
  dimidx: -1
  check_reduction (output): 0
  new map (map2): (d0, d1, d2, d3) -> (d2 + 1, d1, d0 + 1)
  validDims: 3, validSims: 0
  Created SubmapOp with type: memref<?x?x?x?xf64>
=== remap_in_affine_dim END ===

  Input 5 indexing map: (d0, d1, d2) -> (d0, d1, d2)

=== getLinalgArgMap ===
  Initial lgMap: (d0, d1, d2) -> (d0, d1, d2)
  Found SubmapOp with map: (d0, d1, d2) -> (d2 + 1, d1 + 1, d0 + 2)
  Composed map: (d0, d1, d2) -> (d2 + 1, d1 + 1, d0 + 2)
  Final lgMap: (d0, d1, d2) -> (d2 + 1, d1 + 1, d0 + 2)
=== getLinalgArgMap END ===

  Calling remap_in_affine_dim for input 5

=== remap_in_affine_dim ===
  oldmap: (d0, d1, d2) -> (d2 + 1, d1 + 1, d0 + 2)
  firstNDims: 3
  check_reduction (input): 0
  lower_bound_val: 1
  dimidx: -1
  check_reduction (output): 0
  new map (map2): (d0, d1, d2, d3) -> (d2 + 1, d1 + 1, d0 + 2)
  validDims: 3, validSims: 0
  Created SubmapOp with type: memref<?x?x?x?xf64>
=== remap_in_affine_dim END ===

  Input 6 indexing map: (d0, d1, d2) -> (d0, d1, d2)

=== getLinalgArgMap ===
  Initial lgMap: (d0, d1, d2) -> (d0, d1, d2)
  Found SubmapOp with map: (d0, d1, d2) -> (d2 + 1, d1 + 1, d0)
  Composed map: (d0, d1, d2) -> (d2 + 1, d1 + 1, d0)
  Final lgMap: (d0, d1, d2) -> (d2 + 1, d1 + 1, d0)
=== getLinalgArgMap END ===

  Calling remap_in_affine_dim for input 6

=== remap_in_affine_dim ===
  oldmap: (d0, d1, d2) -> (d2 + 1, d1 + 1, d0)
  firstNDims: 3
  check_reduction (input): 0
  lower_bound_val: 1
  dimidx: -1
  check_reduction (output): 0
  new map (map2): (d0, d1, d2, d3) -> (d2 + 1, d1 + 1, d0)
  validDims: 3, validSims: 0
  Created SubmapOp with type: memref<?x?x?x?xf64>
=== remap_in_affine_dim END ===

  Processing 1 outputs

=== getLinalgArgMap ===
  Initial lgMap: (d0, d1, d2) -> (d0, d1, d2)
  Found SubmapOp with map: (d0, d1, d2) -> (d2 + 1, d1 + 1, d0 + 1)
  Composed map: (d0, d1, d2) -> (d2 + 1, d1 + 1, d0 + 1)
  Final lgMap: (d0, d1, d2) -> (d2 + 1, d1 + 1, d0 + 1)
=== getLinalgArgMap END ===

  Calling remap_in_affine_dim for output 0

=== remap_in_affine_dim ===
  oldmap: (d0, d1, d2) -> (d2 + 1, d1 + 1, d0 + 1)
  firstNDims: 3
  check_reduction (input): 1
  lower_bound_val: 1
  dimidx: -1
  check_reduction (output): 1
  new map (map2): (d0, d1, d2, d3) -> (d2 + 1, d1 + 1, d0 + 1)
  validDims: 3, validSims: 0
  Created SubmapOp with type: memref<?x?x?x?xf64>
=== remap_in_affine_dim END ===

Processing linalg.generic:
linalg.generic {indexing_maps = [affine_map<(d0, d1, d2) -> (d0, d1, d2)>, affine_map<(d0, d1, d2) -> (d0, d1, d2)>, affine_map<(d0, d1, d2) -> (d0, d1, d2)>, affine_map<(d0, d1, d2) -> (d0, d1, d2)>, affine_map<(d0, d1, d2) -> (d0, d1, d2)>, affine_map<(d0, d1, d2) -> (d0, d1, d2)>, affine_map<(d0, d1, d2) -> (d0, d1, d2)>, affine_map<(d0, d1, d2) -> (d0, d1, d2)>], iterator_types = ["parallel", "parallel", "parallel"]} ins(%108, %113, %118, %123, %128, %133, %138 : memref<?x?x?xf64>, memref<?x?x?xf64>, memref<?x?x?xf64>, memref<?x?x?xf64>, memref<?x?x?xf64>, memref<?x?x?xf64>, memref<?x?x?xf64>) outs(%143 : memref<?x?x?xf64>) {
^bb0(%in: f64, %in_1: f64, %in_2: f64, %in_3: f64, %in_4: f64, %in_5: f64, %in_6: f64, %out: f64):
  %144 = arith.mulf %in_1, %cst_0 : f64
  %145 = arith.subf %in, %144 : f64
  %146 = arith.addf %145, %in_2 : f64
  %147 = arith.mulf %146, %cst : f64
  %148 = arith.subf %in_3, %144 : f64
  %149 = arith.addf %148, %in_4 : f64
  %150 = arith.mulf %149, %cst : f64
  %151 = arith.addf %147, %150 : f64
  %152 = arith.subf %in_5, %144 : f64
  %153 = arith.addf %152, %in_6 : f64
  %154 = arith.mulf %153, %cst : f64
  %155 = arith.addf %151, %154 : f64
  %156 = arith.addf %155, %in_1 : f64
  linalg.yield %156 : f64
}
  Processing 7 inputs
  Input 0 indexing map: (d0, d1, d2) -> (d0, d1, d2)

=== getLinalgArgMap ===
  Initial lgMap: (d0, d1, d2) -> (d0, d1, d2)
  Found SubmapOp with map: (d0, d1, d2) -> (d2 + 2, d1 + 1, d0 + 1)
  Composed map: (d0, d1, d2) -> (d2 + 2, d1 + 1, d0 + 1)
  Final lgMap: (d0, d1, d2) -> (d2 + 2, d1 + 1, d0 + 1)
=== getLinalgArgMap END ===

  Calling remap_in_affine_dim for input 0

=== remap_in_affine_dim ===
  oldmap: (d0, d1, d2) -> (d2 + 2, d1 + 1, d0 + 1)
  firstNDims: 3
  check_reduction (input): 0
  lower_bound_val: 1
  dimidx: -1
  check_reduction (output): 0
  new map (map2): (d0, d1, d2, d3) -> (d2 + 2, d1 + 1, d0 + 1)
  validDims: 3, validSims: 0
  Created SubmapOp with type: memref<?x?x?x?xf64>
=== remap_in_affine_dim END ===

  Input 1 indexing map: (d0, d1, d2) -> (d0, d1, d2)

=== getLinalgArgMap ===
  Initial lgMap: (d0, d1, d2) -> (d0, d1, d2)
  Found SubmapOp with map: (d0, d1, d2) -> (d2 + 1, d1 + 1, d0 + 1)
  Composed map: (d0, d1, d2) -> (d2 + 1, d1 + 1, d0 + 1)
  Final lgMap: (d0, d1, d2) -> (d2 + 1, d1 + 1, d0 + 1)
=== getLinalgArgMap END ===

  Calling remap_in_affine_dim for input 1

=== remap_in_affine_dim ===
  oldmap: (d0, d1, d2) -> (d2 + 1, d1 + 1, d0 + 1)
  firstNDims: 3
  check_reduction (input): 0
  lower_bound_val: 1
  dimidx: -1
  check_reduction (output): 0
  new map (map2): (d0, d1, d2, d3) -> (d2 + 1, d1 + 1, d0 + 1)
  validDims: 3, validSims: 0
  Created SubmapOp with type: memref<?x?x?x?xf64>
=== remap_in_affine_dim END ===

  Input 2 indexing map: (d0, d1, d2) -> (d0, d1, d2)

=== getLinalgArgMap ===
  Initial lgMap: (d0, d1, d2) -> (d0, d1, d2)
  Found SubmapOp with map: (d0, d1, d2) -> (d2, d1 + 1, d0 + 1)
  Composed map: (d0, d1, d2) -> (d2, d1 + 1, d0 + 1)
  Final lgMap: (d0, d1, d2) -> (d2, d1 + 1, d0 + 1)
=== getLinalgArgMap END ===

  Calling remap_in_affine_dim for input 2

=== remap_in_affine_dim ===
  oldmap: (d0, d1, d2) -> (d2, d1 + 1, d0 + 1)
  firstNDims: 3
  check_reduction (input): 0
  lower_bound_val: 1
  dimidx: -1
  check_reduction (output): 0
  new map (map2): (d0, d1, d2, d3) -> (d2, d1 + 1, d0 + 1)
  validDims: 3, validSims: 0
  Created SubmapOp with type: memref<?x?x?x?xf64>
=== remap_in_affine_dim END ===

  Input 3 indexing map: (d0, d1, d2) -> (d0, d1, d2)

=== getLinalgArgMap ===
  Initial lgMap: (d0, d1, d2) -> (d0, d1, d2)
  Found SubmapOp with map: (d0, d1, d2) -> (d2 + 1, d1 + 2, d0 + 1)
  Composed map: (d0, d1, d2) -> (d2 + 1, d1 + 2, d0 + 1)
  Final lgMap: (d0, d1, d2) -> (d2 + 1, d1 + 2, d0 + 1)
=== getLinalgArgMap END ===

  Calling remap_in_affine_dim for input 3

=== remap_in_affine_dim ===
  oldmap: (d0, d1, d2) -> (d2 + 1, d1 + 2, d0 + 1)
  firstNDims: 3
  check_reduction (input): 0
  lower_bound_val: 1
  dimidx: -1
  check_reduction (output): 0
  new map (map2): (d0, d1, d2, d3) -> (d2 + 1, d1 + 2, d0 + 1)
  validDims: 3, validSims: 0
  Created SubmapOp with type: memref<?x?x?x?xf64>
=== remap_in_affine_dim END ===

  Input 4 indexing map: (d0, d1, d2) -> (d0, d1, d2)

=== getLinalgArgMap ===
  Initial lgMap: (d0, d1, d2) -> (d0, d1, d2)
  Found SubmapOp with map: (d0, d1, d2) -> (d2 + 1, d1, d0 + 1)
  Composed map: (d0, d1, d2) -> (d2 + 1, d1, d0 + 1)
  Final lgMap: (d0, d1, d2) -> (d2 + 1, d1, d0 + 1)
=== getLinalgArgMap END ===

  Calling remap_in_affine_dim for input 4

=== remap_in_affine_dim ===
  oldmap: (d0, d1, d2) -> (d2 + 1, d1, d0 + 1)
  firstNDims: 3
  check_reduction (input): 0
  lower_bound_val: 1
  dimidx: -1
  check_reduction (output): 0
  new map (map2): (d0, d1, d2, d3) -> (d2 + 1, d1, d0 + 1)
  validDims: 3, validSims: 0
  Created SubmapOp with type: memref<?x?x?x?xf64>
=== remap_in_affine_dim END ===

  Input 5 indexing map: (d0, d1, d2) -> (d0, d1, d2)

=== getLinalgArgMap ===
  Initial lgMap: (d0, d1, d2) -> (d0, d1, d2)
  Found SubmapOp with map: (d0, d1, d2) -> (d2 + 1, d1 + 1, d0 + 2)
  Composed map: (d0, d1, d2) -> (d2 + 1, d1 + 1, d0 + 2)
  Final lgMap: (d0, d1, d2) -> (d2 + 1, d1 + 1, d0 + 2)
=== getLinalgArgMap END ===

  Calling remap_in_affine_dim for input 5

=== remap_in_affine_dim ===
  oldmap: (d0, d1, d2) -> (d2 + 1, d1 + 1, d0 + 2)
  firstNDims: 3
  check_reduction (input): 0
  lower_bound_val: 1
  dimidx: -1
  check_reduction (output): 0
  new map (map2): (d0, d1, d2, d3) -> (d2 + 1, d1 + 1, d0 + 2)
  validDims: 3, validSims: 0
  Created SubmapOp with type: memref<?x?x?x?xf64>
=== remap_in_affine_dim END ===

  Input 6 indexing map: (d0, d1, d2) -> (d0, d1, d2)

=== getLinalgArgMap ===
  Initial lgMap: (d0, d1, d2) -> (d0, d1, d2)
  Found SubmapOp with map: (d0, d1, d2) -> (d2 + 1, d1 + 1, d0)
  Composed map: (d0, d1, d2) -> (d2 + 1, d1 + 1, d0)
  Final lgMap: (d0, d1, d2) -> (d2 + 1, d1 + 1, d0)
=== getLinalgArgMap END ===

  Calling remap_in_affine_dim for input 6

=== remap_in_affine_dim ===
  oldmap: (d0, d1, d2) -> (d2 + 1, d1 + 1, d0)
  firstNDims: 3
  check_reduction (input): 0
  lower_bound_val: 1
  dimidx: -1
  check_reduction (output): 0
  new map (map2): (d0, d1, d2, d3) -> (d2 + 1, d1 + 1, d0)
  validDims: 3, validSims: 0
  Created SubmapOp with type: memref<?x?x?x?xf64>
=== remap_in_affine_dim END ===

  Processing 1 outputs

=== getLinalgArgMap ===
  Initial lgMap: (d0, d1, d2) -> (d0, d1, d2)
  Found SubmapOp with map: (d0, d1, d2) -> (d2 + 1, d1 + 1, d0 + 1)
  Composed map: (d0, d1, d2) -> (d2 + 1, d1 + 1, d0 + 1)
  Final lgMap: (d0, d1, d2) -> (d2 + 1, d1 + 1, d0 + 1)
=== getLinalgArgMap END ===

  Calling remap_in_affine_dim for output 0

=== remap_in_affine_dim ===
  oldmap: (d0, d1, d2) -> (d2 + 1, d1 + 1, d0 + 1)
  firstNDims: 3
  check_reduction (input): 1
  lower_bound_val: 1
  dimidx: -1
  check_reduction (output): 1
  new map (map2): (d0, d1, d2, d3) -> (d2 + 1, d1 + 1, d0 + 1)
  validDims: 3, validSims: 0
  Created SubmapOp with type: memref<?x?x?x?xf64>
=== remap_in_affine_dim END ===


--- Processing Loads ---

--- Processing Stores ---
REJECTED: More than one linalg generic


========================================
=== AffineForOpRaising::matchAndRewrite ===
========================================
Processing loop:
affine.for %arg4 = 1 to 21 {
  %1 = affine.apply affine_map<()[s0] -> (s0 - 1)>()[%0]
  %2 = arith.subi %1, %c1 : index
  %3 = affine.apply affine_map<()[s0] -> (s0 - 1)>()[%0]
  %4 = arith.subi %3, %c1 : index
  %5 = affine.apply affine_map<()[s0] -> (s0 - 1)>()[%0]
  %6 = arith.subi %5, %c1 : index
  %7 = polygeist.submap(%arg2, %4, %6, %2) {map = affine_map<(d0, d1, d2) -> (d2 + 2, d1 + 1, d0 + 1)>} : (memref<?x10x10xf64>, index, index, index) -> memref<?x?x?xf64>
  %8 = affine.apply affine_map<()[s0] -> (s0 - 1)>()[%0]
  %9 = arith.subi %8, %c1 : index
  %10 = affine.apply affine_map<()[s0] -> (s0 - 1)>()[%0]
  %11 = arith.subi %10, %c1 : index
  %12 = polygeist.submap(%arg2, %9, %11, %2) {map = affine_map<(d0, d1, d2) -> (d2 + 1, d1 + 1, d0 + 1)>} : (memref<?x10x10xf64>, index, index, index) -> memref<?x?x?xf64>
  %13 = affine.apply affine_map<()[s0] -> (s0 - 1)>()[%0]
  %14 = arith.subi %13, %c1 : index
  %15 = affine.apply affine_map<()[s0] -> (s0 - 1)>()[%0]
  %16 = arith.subi %15, %c1 : index
  %17 = polygeist.submap(%arg2, %14, %16, %2) {map = affine_map<(d0, d1, d2) -> (d2, d1 + 1, d0 + 1)>} : (memref<?x10x10xf64>, index, index, index) -> memref<?x?x?xf64>
  %18 = affine.apply affine_map<()[s0] -> (s0 - 1)>()[%0]
  %19 = arith.subi %18, %c1 : index
  %20 = affine.apply affine_map<()[s0] -> (s0 - 1)>()[%0]
  %21 = arith.subi %20, %c1 : index
  %22 = polygeist.submap(%arg2, %19, %21, %2) {map = affine_map<(d0, d1, d2) -> (d2 + 1, d1 + 2, d0 + 1)>} : (memref<?x10x10xf64>, index, index, index) -> memref<?x?x?xf64>
  %23 = affine.apply affine_map<()[s0] -> (s0 - 1)>()[%0]
  %24 = arith.subi %23, %c1 : index
  %25 = affine.apply affine_map<()[s0] -> (s0 - 1)>()[%0]
  %26 = arith.subi %25, %c1 : index
  %27 = polygeist.submap(%arg2, %24, %26, %2) {map = affine_map<(d0, d1, d2) -> (d2 + 1, d1, d0 + 1)>} : (memref<?x10x10xf64>, index, index, index) -> memref<?x?x?xf64>
  %28 = affine.apply affine_map<()[s0] -> (s0 - 1)>()[%0]
  %29 = arith.subi %28, %c1 : index
  %30 = affine.apply affine_map<()[s0] -> (s0 - 1)>()[%0]
  %31 = arith.subi %30, %c1 : index
  %32 = polygeist.submap(%arg2, %29, %31, %2) {map = affine_map<(d0, d1, d2) -> (d2 + 1, d1 + 1, d0 + 2)>} : (memref<?x10x10xf64>, index, index, index) -> memref<?x?x?xf64>
  %33 = affine.apply affine_map<()[s0] -> (s0 - 1)>()[%0]
  %34 = arith.subi %33, %c1 : index
  %35 = affine.apply affine_map<()[s0] -> (s0 - 1)>()[%0]
  %36 = arith.subi %35, %c1 : index
  %37 = polygeist.submap(%arg2, %34, %36, %2) {map = affine_map<(d0, d1, d2) -> (d2 + 1, d1 + 1, d0)>} : (memref<?x10x10xf64>, index, index, index) -> memref<?x?x?xf64>
  %38 = affine.apply affine_map<()[s0] -> (s0 - 1)>()[%0]
  %39 = arith.subi %38, %c1 : index
  %40 = affine.apply affine_map<()[s0] -> (s0 - 1)>()[%0]
  %41 = arith.subi %40, %c1 : index
  %42 = polygeist.submap(%arg3, %39, %41, %2) {map = affine_map<(d0, d1, d2) -> (d2 + 1, d1 + 1, d0 + 1)>} : (memref<?x10x10xf64>, index, index, index) -> memref<?x?x?xf64>
  linalg.generic {indexing_maps = [affine_map<(d0, d1, d2) -> (d0, d1, d2)>, affine_map<(d0, d1, d2) -> (d0, d1, d2)>, affine_map<(d0, d1, d2) -> (d0, d1, d2)>, affine_map<(d0, d1, d2) -> (d0, d1, d2)>, affine_map<(d0, d1, d2) -> (d0, d1, d2)>, affine_map<(d0, d1, d2) -> (d0, d1, d2)>, affine_map<(d0, d1, d2) -> (d0, d1, d2)>, affine_map<(d0, d1, d2) -> (d0, d1, d2)>], iterator_types = ["parallel", "parallel", "parallel"]} ins(%7, %12, %17, %22, %27, %32, %37 : memref<?x?x?xf64>, memref<?x?x?xf64>, memref<?x?x?xf64>, memref<?x?x?xf64>, memref<?x?x?xf64>, memref<?x?x?xf64>, memref<?x?x?xf64>) outs(%42 : memref<?x?x?xf64>) {
  ^bb0(%in: f64, %in_1: f64, %in_2: f64, %in_3: f64, %in_4: f64, %in_5: f64, %in_6: f64, %out: f64):
    %85 = arith.mulf %in_1, %cst_0 : f64
    %86 = arith.subf %in, %85 : f64
    %87 = arith.addf %86, %in_2 : f64
    %88 = arith.mulf %87, %cst : f64
    %89 = arith.subf %in_3, %85 : f64
    %90 = arith.addf %89, %in_4 : f64
    %91 = arith.mulf %90, %cst : f64
    %92 = arith.addf %88, %91 : f64
    %93 = arith.subf %in_5, %85 : f64
    %94 = arith.addf %93, %in_6 : f64
    %95 = arith.mulf %94, %cst : f64
    %96 = arith.addf %92, %95 : f64
    %97 = arith.addf %96, %in_1 : f64
    linalg.yield %97 : f64
  }
  %43 = affine.apply affine_map<()[s0] -> (s0 - 1)>()[%0]
  %44 = arith.subi %43, %c1 : index
  %45 = affine.apply affine_map<()[s0] -> (s0 - 1)>()[%0]
  %46 = arith.subi %45, %c1 : index
  %47 = affine.apply affine_map<()[s0] -> (s0 - 1)>()[%0]
  %48 = arith.subi %47, %c1 : index
  %49 = polygeist.submap(%arg3, %46, %48, %44) {map = affine_map<(d0, d1, d2) -> (d2 + 2, d1 + 1, d0 + 1)>} : (memref<?x10x10xf64>, index, index, index) -> memref<?x?x?xf64>
  %50 = affine.apply affine_map<()[s0] -> (s0 - 1)>()[%0]
  %51 = arith.subi %50, %c1 : index
  %52 = affine.apply affine_map<()[s0] -> (s0 - 1)>()[%0]
  %53 = arith.subi %52, %c1 : index
  %54 = polygeist.submap(%arg3, %51, %53, %44) {map = affine_map<(d0, d1, d2) -> (d2 + 1, d1 + 1, d0 + 1)>} : (memref<?x10x10xf64>, index, index, index) -> memref<?x?x?xf64>
  %55 = affine.apply affine_map<()[s0] -> (s0 - 1)>()[%0]
  %56 = arith.subi %55, %c1 : index
  %57 = affine.apply affine_map<()[s0] -> (s0 - 1)>()[%0]
  %58 = arith.subi %57, %c1 : index
  %59 = polygeist.submap(%arg3, %56, %58, %44) {map = affine_map<(d0, d1, d2) -> (d2, d1 + 1, d0 + 1)>} : (memref<?x10x10xf64>, index, index, index) -> memref<?x?x?xf64>
  %60 = affine.apply affine_map<()[s0] -> (s0 - 1)>()[%0]
  %61 = arith.subi %60, %c1 : index
  %62 = affine.apply affine_map<()[s0] -> (s0 - 1)>()[%0]
  %63 = arith.subi %62, %c1 : index
  %64 = polygeist.submap(%arg3, %61, %63, %44) {map = affine_map<(d0, d1, d2) -> (d2 + 1, d1 + 2, d0 + 1)>} : (memref<?x10x10xf64>, index, index, index) -> memref<?x?x?xf64>
  %65 = affine.apply affine_map<()[s0] -> (s0 - 1)>()[%0]
  %66 = arith.subi %65, %c1 : index
  %67 = affine.apply affine_map<()[s0] -> (s0 - 1)>()[%0]
  %68 = arith.subi %67, %c1 : index
  %69 = polygeist.submap(%arg3, %66, %68, %44) {map = affine_map<(d0, d1, d2) -> (d2 + 1, d1, d0 + 1)>} : (memref<?x10x10xf64>, index, index, index) -> memref<?x?x?xf64>
  %70 = affine.apply affine_map<()[s0] -> (s0 - 1)>()[%0]
  %71 = arith.subi %70, %c1 : index
  %72 = affine.apply affine_map<()[s0] -> (s0 - 1)>()[%0]
  %73 = arith.subi %72, %c1 : index
  %74 = polygeist.submap(%arg3, %71, %73, %44) {map = affine_map<(d0, d1, d2) -> (d2 + 1, d1 + 1, d0 + 2)>} : (memref<?x10x10xf64>, index, index, index) -> memref<?x?x?xf64>
  %75 = affine.apply affine_map<()[s0] -> (s0 - 1)>()[%0]
  %76 = arith.subi %75, %c1 : index
  %77 = affine.apply affine_map<()[s0] -> (s0 - 1)>()[%0]
  %78 = arith.subi %77, %c1 : index
  %79 = polygeist.submap(%arg3, %76, %78, %44) {map = affine_map<(d0, d1, d2) -> (d2 + 1, d1 + 1, d0)>} : (memref<?x10x10xf64>, index, index, index) -> memref<?x?x?xf64>
  %80 = affine.apply affine_map<()[s0] -> (s0 - 1)>()[%0]
  %81 = arith.subi %80, %c1 : index
  %82 = affine.apply affine_map<()[s0] -> (s0 - 1)>()[%0]
  %83 = arith.subi %82, %c1 : index
  %84 = polygeist.submap(%arg2, %81, %83, %44) {map = affine_map<(d0, d1, d2) -> (d2 + 1, d1 + 1, d0 + 1)>} : (memref<?x10x10xf64>, index, index, index) -> memref<?x?x?xf64>
  linalg.generic {indexing_maps = [affine_map<(d0, d1, d2) -> (d0, d1, d2)>, affine_map<(d0, d1, d2) -> (d0, d1, d2)>, affine_map<(d0, d1, d2) -> (d0, d1, d2)>, affine_map<(d0, d1, d2) -> (d0, d1, d2)>, affine_map<(d0, d1, d2) -> (d0, d1, d2)>, affine_map<(d0, d1, d2) -> (d0, d1, d2)>, affine_map<(d0, d1, d2) -> (d0, d1, d2)>, affine_map<(d0, d1, d2) -> (d0, d1, d2)>], iterator_types = ["parallel", "parallel", "parallel"]} ins(%49, %54, %59, %64, %69, %74, %79 : memref<?x?x?xf64>, memref<?x?x?xf64>, memref<?x?x?xf64>, memref<?x?x?xf64>, memref<?x?x?xf64>, memref<?x?x?xf64>, memref<?x?x?xf64>) outs(%84 : memref<?x?x?xf64>) {
  ^bb0(%in: f64, %in_1: f64, %in_2: f64, %in_3: f64, %in_4: f64, %in_5: f64, %in_6: f64, %out: f64):
    %85 = arith.mulf %in_1, %cst_0 : f64
    %86 = arith.subf %in, %85 : f64
    %87 = arith.addf %86, %in_2 : f64
    %88 = arith.mulf %87, %cst : f64
    %89 = arith.subf %in_3, %85 : f64
    %90 = arith.addf %89, %in_4 : f64
    %91 = arith.mulf %90, %cst : f64
    %92 = arith.addf %88, %91 : f64
    %93 = arith.subf %in_5, %85 : f64
    %94 = arith.addf %93, %in_6 : f64
    %95 = arith.mulf %94, %cst : f64
    %96 = arith.addf %92, %95 : f64
    %97 = arith.addf %96, %in_1 : f64
    linalg.yield %97 : f64
  }
}

Pattern recognition complete:
  Loads: 0
  Stores: 0
  LinalgGenerics: 2

Loop bounds:
  lbMap: () -> (1)
  ubMap: () -> (21)

--- Processing Linalg Generics ---
Processing linalg.generic:
linalg.generic {indexing_maps = [affine_map<(d0, d1, d2) -> (d0, d1, d2)>, affine_map<(d0, d1, d2) -> (d0, d1, d2)>, affine_map<(d0, d1, d2) -> (d0, d1, d2)>, affine_map<(d0, d1, d2) -> (d0, d1, d2)>, affine_map<(d0, d1, d2) -> (d0, d1, d2)>, affine_map<(d0, d1, d2) -> (d0, d1, d2)>, affine_map<(d0, d1, d2) -> (d0, d1, d2)>, affine_map<(d0, d1, d2) -> (d0, d1, d2)>], iterator_types = ["parallel", "parallel", "parallel"]} ins(%10, %15, %20, %25, %30, %35, %40 : memref<?x?x?xf64>, memref<?x?x?xf64>, memref<?x?x?xf64>, memref<?x?x?xf64>, memref<?x?x?xf64>, memref<?x?x?xf64>, memref<?x?x?xf64>) outs(%45 : memref<?x?x?xf64>) {
^bb0(%in: f64, %in_1: f64, %in_2: f64, %in_3: f64, %in_4: f64, %in_5: f64, %in_6: f64, %out: f64):
  %88 = arith.mulf %in_1, %cst_0 : f64
  %89 = arith.subf %in, %88 : f64
  %90 = arith.addf %89, %in_2 : f64
  %91 = arith.mulf %90, %cst : f64
  %92 = arith.subf %in_3, %88 : f64
  %93 = arith.addf %92, %in_4 : f64
  %94 = arith.mulf %93, %cst : f64
  %95 = arith.addf %91, %94 : f64
  %96 = arith.subf %in_5, %88 : f64
  %97 = arith.addf %96, %in_6 : f64
  %98 = arith.mulf %97, %cst : f64
  %99 = arith.addf %95, %98 : f64
  %100 = arith.addf %99, %in_1 : f64
  linalg.yield %100 : f64
}
  Processing 7 inputs
  Input 0 indexing map: (d0, d1, d2) -> (d0, d1, d2)

=== getLinalgArgMap ===
  Initial lgMap: (d0, d1, d2) -> (d0, d1, d2)
  Found SubmapOp with map: (d0, d1, d2) -> (d2 + 2, d1 + 1, d0 + 1)
  Composed map: (d0, d1, d2) -> (d2 + 2, d1 + 1, d0 + 1)
  Final lgMap: (d0, d1, d2) -> (d2 + 2, d1 + 1, d0 + 1)
=== getLinalgArgMap END ===

  Calling remap_in_affine_dim for input 0

=== remap_in_affine_dim ===
  oldmap: (d0, d1, d2) -> (d2 + 2, d1 + 1, d0 + 1)
  firstNDims: 3
  check_reduction (input): 0
  lower_bound_val: 1
  dimidx: -1
  check_reduction (output): 0
  new map (map2): (d0, d1, d2, d3) -> (d2 + 2, d1 + 1, d0 + 1)
  validDims: 3, validSims: 0
  Created SubmapOp with type: memref<?x?x?x?xf64>
=== remap_in_affine_dim END ===

  Input 1 indexing map: (d0, d1, d2) -> (d0, d1, d2)

=== getLinalgArgMap ===
  Initial lgMap: (d0, d1, d2) -> (d0, d1, d2)
  Found SubmapOp with map: (d0, d1, d2) -> (d2 + 1, d1 + 1, d0 + 1)
  Composed map: (d0, d1, d2) -> (d2 + 1, d1 + 1, d0 + 1)
  Final lgMap: (d0, d1, d2) -> (d2 + 1, d1 + 1, d0 + 1)
=== getLinalgArgMap END ===

  Calling remap_in_affine_dim for input 1

=== remap_in_affine_dim ===
  oldmap: (d0, d1, d2) -> (d2 + 1, d1 + 1, d0 + 1)
  firstNDims: 3
  check_reduction (input): 0
  lower_bound_val: 1
  dimidx: -1
  check_reduction (output): 0
  new map (map2): (d0, d1, d2, d3) -> (d2 + 1, d1 + 1, d0 + 1)
  validDims: 3, validSims: 0
  Created SubmapOp with type: memref<?x?x?x?xf64>
=== remap_in_affine_dim END ===

  Input 2 indexing map: (d0, d1, d2) -> (d0, d1, d2)

=== getLinalgArgMap ===
  Initial lgMap: (d0, d1, d2) -> (d0, d1, d2)
  Found SubmapOp with map: (d0, d1, d2) -> (d2, d1 + 1, d0 + 1)
  Composed map: (d0, d1, d2) -> (d2, d1 + 1, d0 + 1)
  Final lgMap: (d0, d1, d2) -> (d2, d1 + 1, d0 + 1)
=== getLinalgArgMap END ===

  Calling remap_in_affine_dim for input 2

=== remap_in_affine_dim ===
  oldmap: (d0, d1, d2) -> (d2, d1 + 1, d0 + 1)
  firstNDims: 3
  check_reduction (input): 0
  lower_bound_val: 1
  dimidx: -1
  check_reduction (output): 0
  new map (map2): (d0, d1, d2, d3) -> (d2, d1 + 1, d0 + 1)
  validDims: 3, validSims: 0
  Created SubmapOp with type: memref<?x?x?x?xf64>
=== remap_in_affine_dim END ===

  Input 3 indexing map: (d0, d1, d2) -> (d0, d1, d2)

=== getLinalgArgMap ===
  Initial lgMap: (d0, d1, d2) -> (d0, d1, d2)
  Found SubmapOp with map: (d0, d1, d2) -> (d2 + 1, d1 + 2, d0 + 1)
  Composed map: (d0, d1, d2) -> (d2 + 1, d1 + 2, d0 + 1)
  Final lgMap: (d0, d1, d2) -> (d2 + 1, d1 + 2, d0 + 1)
=== getLinalgArgMap END ===

  Calling remap_in_affine_dim for input 3

=== remap_in_affine_dim ===
  oldmap: (d0, d1, d2) -> (d2 + 1, d1 + 2, d0 + 1)
  firstNDims: 3
  check_reduction (input): 0
  lower_bound_val: 1
  dimidx: -1
  check_reduction (output): 0
  new map (map2): (d0, d1, d2, d3) -> (d2 + 1, d1 + 2, d0 + 1)
  validDims: 3, validSims: 0
  Created SubmapOp with type: memref<?x?x?x?xf64>
=== remap_in_affine_dim END ===

  Input 4 indexing map: (d0, d1, d2) -> (d0, d1, d2)

=== getLinalgArgMap ===
  Initial lgMap: (d0, d1, d2) -> (d0, d1, d2)
  Found SubmapOp with map: (d0, d1, d2) -> (d2 + 1, d1, d0 + 1)
  Composed map: (d0, d1, d2) -> (d2 + 1, d1, d0 + 1)
  Final lgMap: (d0, d1, d2) -> (d2 + 1, d1, d0 + 1)
=== getLinalgArgMap END ===

  Calling remap_in_affine_dim for input 4

=== remap_in_affine_dim ===
  oldmap: (d0, d1, d2) -> (d2 + 1, d1, d0 + 1)
  firstNDims: 3
  check_reduction (input): 0
  lower_bound_val: 1
  dimidx: -1
  check_reduction (output): 0
  new map (map2): (d0, d1, d2, d3) -> (d2 + 1, d1, d0 + 1)
  validDims: 3, validSims: 0
  Created SubmapOp with type: memref<?x?x?x?xf64>
=== remap_in_affine_dim END ===

  Input 5 indexing map: (d0, d1, d2) -> (d0, d1, d2)

=== getLinalgArgMap ===
  Initial lgMap: (d0, d1, d2) -> (d0, d1, d2)
  Found SubmapOp with map: (d0, d1, d2) -> (d2 + 1, d1 + 1, d0 + 2)
  Composed map: (d0, d1, d2) -> (d2 + 1, d1 + 1, d0 + 2)
  Final lgMap: (d0, d1, d2) -> (d2 + 1, d1 + 1, d0 + 2)
=== getLinalgArgMap END ===

  Calling remap_in_affine_dim for input 5

=== remap_in_affine_dim ===
  oldmap: (d0, d1, d2) -> (d2 + 1, d1 + 1, d0 + 2)
  firstNDims: 3
  check_reduction (input): 0
  lower_bound_val: 1
  dimidx: -1
  check_reduction (output): 0
  new map (map2): (d0, d1, d2, d3) -> (d2 + 1, d1 + 1, d0 + 2)
  validDims: 3, validSims: 0
  Created SubmapOp with type: memref<?x?x?x?xf64>
=== remap_in_affine_dim END ===

  Input 6 indexing map: (d0, d1, d2) -> (d0, d1, d2)

=== getLinalgArgMap ===
  Initial lgMap: (d0, d1, d2) -> (d0, d1, d2)
  Found SubmapOp with map: (d0, d1, d2) -> (d2 + 1, d1 + 1, d0)
  Composed map: (d0, d1, d2) -> (d2 + 1, d1 + 1, d0)
  Final lgMap: (d0, d1, d2) -> (d2 + 1, d1 + 1, d0)
=== getLinalgArgMap END ===

  Calling remap_in_affine_dim for input 6

=== remap_in_affine_dim ===
  oldmap: (d0, d1, d2) -> (d2 + 1, d1 + 1, d0)
  firstNDims: 3
  check_reduction (input): 0
  lower_bound_val: 1
  dimidx: -1
  check_reduction (output): 0
  new map (map2): (d0, d1, d2, d3) -> (d2 + 1, d1 + 1, d0)
  validDims: 3, validSims: 0
  Created SubmapOp with type: memref<?x?x?x?xf64>
=== remap_in_affine_dim END ===

  Processing 1 outputs

=== getLinalgArgMap ===
  Initial lgMap: (d0, d1, d2) -> (d0, d1, d2)
  Found SubmapOp with map: (d0, d1, d2) -> (d2 + 1, d1 + 1, d0 + 1)
  Composed map: (d0, d1, d2) -> (d2 + 1, d1 + 1, d0 + 1)
  Final lgMap: (d0, d1, d2) -> (d2 + 1, d1 + 1, d0 + 1)
=== getLinalgArgMap END ===

  Calling remap_in_affine_dim for output 0

=== remap_in_affine_dim ===
  oldmap: (d0, d1, d2) -> (d2 + 1, d1 + 1, d0 + 1)
  firstNDims: 3
  check_reduction (input): 1
  lower_bound_val: 1
  dimidx: -1
  check_reduction (output): 1
  new map (map2): (d0, d1, d2, d3) -> (d2 + 1, d1 + 1, d0 + 1)
  validDims: 3, validSims: 0
  Created SubmapOp with type: memref<?x?x?x?xf64>
=== remap_in_affine_dim END ===

Processing linalg.generic:
linalg.generic {indexing_maps = [affine_map<(d0, d1, d2) -> (d0, d1, d2)>, affine_map<(d0, d1, d2) -> (d0, d1, d2)>, affine_map<(d0, d1, d2) -> (d0, d1, d2)>, affine_map<(d0, d1, d2) -> (d0, d1, d2)>, affine_map<(d0, d1, d2) -> (d0, d1, d2)>, affine_map<(d0, d1, d2) -> (d0, d1, d2)>, affine_map<(d0, d1, d2) -> (d0, d1, d2)>, affine_map<(d0, d1, d2) -> (d0, d1, d2)>], iterator_types = ["parallel", "parallel", "parallel"]} ins(%108, %113, %118, %123, %128, %133, %138 : memref<?x?x?xf64>, memref<?x?x?xf64>, memref<?x?x?xf64>, memref<?x?x?xf64>, memref<?x?x?xf64>, memref<?x?x?xf64>, memref<?x?x?xf64>) outs(%143 : memref<?x?x?xf64>) {
^bb0(%in: f64, %in_1: f64, %in_2: f64, %in_3: f64, %in_4: f64, %in_5: f64, %in_6: f64, %out: f64):
  %144 = arith.mulf %in_1, %cst_0 : f64
  %145 = arith.subf %in, %144 : f64
  %146 = arith.addf %145, %in_2 : f64
  %147 = arith.mulf %146, %cst : f64
  %148 = arith.subf %in_3, %144 : f64
  %149 = arith.addf %148, %in_4 : f64
  %150 = arith.mulf %149, %cst : f64
  %151 = arith.addf %147, %150 : f64
  %152 = arith.subf %in_5, %144 : f64
  %153 = arith.addf %152, %in_6 : f64
  %154 = arith.mulf %153, %cst : f64
  %155 = arith.addf %151, %154 : f64
  %156 = arith.addf %155, %in_1 : f64
  linalg.yield %156 : f64
}
  Processing 7 inputs
  Input 0 indexing map: (d0, d1, d2) -> (d0, d1, d2)

=== getLinalgArgMap ===
  Initial lgMap: (d0, d1, d2) -> (d0, d1, d2)
  Found SubmapOp with map: (d0, d1, d2) -> (d2 + 2, d1 + 1, d0 + 1)
  Composed map: (d0, d1, d2) -> (d2 + 2, d1 + 1, d0 + 1)
  Final lgMap: (d0, d1, d2) -> (d2 + 2, d1 + 1, d0 + 1)
=== getLinalgArgMap END ===

  Calling remap_in_affine_dim for input 0

=== remap_in_affine_dim ===
  oldmap: (d0, d1, d2) -> (d2 + 2, d1 + 1, d0 + 1)
  firstNDims: 3
  check_reduction (input): 0
  lower_bound_val: 1
  dimidx: -1
  check_reduction (output): 0
  new map (map2): (d0, d1, d2, d3) -> (d2 + 2, d1 + 1, d0 + 1)
  validDims: 3, validSims: 0
  Created SubmapOp with type: memref<?x?x?x?xf64>
=== remap_in_affine_dim END ===

  Input 1 indexing map: (d0, d1, d2) -> (d0, d1, d2)

=== getLinalgArgMap ===
  Initial lgMap: (d0, d1, d2) -> (d0, d1, d2)
  Found SubmapOp with map: (d0, d1, d2) -> (d2 + 1, d1 + 1, d0 + 1)
  Composed map: (d0, d1, d2) -> (d2 + 1, d1 + 1, d0 + 1)
  Final lgMap: (d0, d1, d2) -> (d2 + 1, d1 + 1, d0 + 1)
=== getLinalgArgMap END ===

  Calling remap_in_affine_dim for input 1

=== remap_in_affine_dim ===
  oldmap: (d0, d1, d2) -> (d2 + 1, d1 + 1, d0 + 1)
  firstNDims: 3
  check_reduction (input): 0
  lower_bound_val: 1
  dimidx: -1
  check_reduction (output): 0
  new map (map2): (d0, d1, d2, d3) -> (d2 + 1, d1 + 1, d0 + 1)
  validDims: 3, validSims: 0
  Created SubmapOp with type: memref<?x?x?x?xf64>
=== remap_in_affine_dim END ===

  Input 2 indexing map: (d0, d1, d2) -> (d0, d1, d2)

=== getLinalgArgMap ===
  Initial lgMap: (d0, d1, d2) -> (d0, d1, d2)
  Found SubmapOp with map: (d0, d1, d2) -> (d2, d1 + 1, d0 + 1)
  Composed map: (d0, d1, d2) -> (d2, d1 + 1, d0 + 1)
  Final lgMap: (d0, d1, d2) -> (d2, d1 + 1, d0 + 1)
=== getLinalgArgMap END ===

  Calling remap_in_affine_dim for input 2

=== remap_in_affine_dim ===
  oldmap: (d0, d1, d2) -> (d2, d1 + 1, d0 + 1)
  firstNDims: 3
  check_reduction (input): 0
  lower_bound_val: 1
  dimidx: -1
  check_reduction (output): 0
  new map (map2): (d0, d1, d2, d3) -> (d2, d1 + 1, d0 + 1)
  validDims: 3, validSims: 0
  Created SubmapOp with type: memref<?x?x?x?xf64>
=== remap_in_affine_dim END ===

  Input 3 indexing map: (d0, d1, d2) -> (d0, d1, d2)

=== getLinalgArgMap ===
  Initial lgMap: (d0, d1, d2) -> (d0, d1, d2)
  Found SubmapOp with map: (d0, d1, d2) -> (d2 + 1, d1 + 2, d0 + 1)
  Composed map: (d0, d1, d2) -> (d2 + 1, d1 + 2, d0 + 1)
  Final lgMap: (d0, d1, d2) -> (d2 + 1, d1 + 2, d0 + 1)
=== getLinalgArgMap END ===

  Calling remap_in_affine_dim for input 3

=== remap_in_affine_dim ===
  oldmap: (d0, d1, d2) -> (d2 + 1, d1 + 2, d0 + 1)
  firstNDims: 3
  check_reduction (input): 0
  lower_bound_val: 1
  dimidx: -1
  check_reduction (output): 0
  new map (map2): (d0, d1, d2, d3) -> (d2 + 1, d1 + 2, d0 + 1)
  validDims: 3, validSims: 0
  Created SubmapOp with type: memref<?x?x?x?xf64>
=== remap_in_affine_dim END ===

  Input 4 indexing map: (d0, d1, d2) -> (d0, d1, d2)

=== getLinalgArgMap ===
  Initial lgMap: (d0, d1, d2) -> (d0, d1, d2)
  Found SubmapOp with map: (d0, d1, d2) -> (d2 + 1, d1, d0 + 1)
  Composed map: (d0, d1, d2) -> (d2 + 1, d1, d0 + 1)
  Final lgMap: (d0, d1, d2) -> (d2 + 1, d1, d0 + 1)
=== getLinalgArgMap END ===

  Calling remap_in_affine_dim for input 4

=== remap_in_affine_dim ===
  oldmap: (d0, d1, d2) -> (d2 + 1, d1, d0 + 1)
  firstNDims: 3
  check_reduction (input): 0
  lower_bound_val: 1
  dimidx: -1
  check_reduction (output): 0
  new map (map2): (d0, d1, d2, d3) -> (d2 + 1, d1, d0 + 1)
  validDims: 3, validSims: 0
  Created SubmapOp with type: memref<?x?x?x?xf64>
=== remap_in_affine_dim END ===

  Input 5 indexing map: (d0, d1, d2) -> (d0, d1, d2)

=== getLinalgArgMap ===
  Initial lgMap: (d0, d1, d2) -> (d0, d1, d2)
  Found SubmapOp with map: (d0, d1, d2) -> (d2 + 1, d1 + 1, d0 + 2)
  Composed map: (d0, d1, d2) -> (d2 + 1, d1 + 1, d0 + 2)
  Final lgMap: (d0, d1, d2) -> (d2 + 1, d1 + 1, d0 + 2)
=== getLinalgArgMap END ===

  Calling remap_in_affine_dim for input 5

=== remap_in_affine_dim ===
  oldmap: (d0, d1, d2) -> (d2 + 1, d1 + 1, d0 + 2)
  firstNDims: 3
  check_reduction (input): 0
  lower_bound_val: 1
  dimidx: -1
  check_reduction (output): 0
  new map (map2): (d0, d1, d2, d3) -> (d2 + 1, d1 + 1, d0 + 2)
  validDims: 3, validSims: 0
  Created SubmapOp with type: memref<?x?x?x?xf64>
=== remap_in_affine_dim END ===

  Input 6 indexing map: (d0, d1, d2) -> (d0, d1, d2)

=== getLinalgArgMap ===
  Initial lgMap: (d0, d1, d2) -> (d0, d1, d2)
  Found SubmapOp with map: (d0, d1, d2) -> (d2 + 1, d1 + 1, d0)
  Composed map: (d0, d1, d2) -> (d2 + 1, d1 + 1, d0)
  Final lgMap: (d0, d1, d2) -> (d2 + 1, d1 + 1, d0)
=== getLinalgArgMap END ===

  Calling remap_in_affine_dim for input 6

=== remap_in_affine_dim ===
  oldmap: (d0, d1, d2) -> (d2 + 1, d1 + 1, d0)
  firstNDims: 3
  check_reduction (input): 0
  lower_bound_val: 1
  dimidx: -1
  check_reduction (output): 0
  new map (map2): (d0, d1, d2, d3) -> (d2 + 1, d1 + 1, d0)
  validDims: 3, validSims: 0
  Created SubmapOp with type: memref<?x?x?x?xf64>
=== remap_in_affine_dim END ===

  Processing 1 outputs

=== getLinalgArgMap ===
  Initial lgMap: (d0, d1, d2) -> (d0, d1, d2)
  Found SubmapOp with map: (d0, d1, d2) -> (d2 + 1, d1 + 1, d0 + 1)
  Composed map: (d0, d1, d2) -> (d2 + 1, d1 + 1, d0 + 1)
  Final lgMap: (d0, d1, d2) -> (d2 + 1, d1 + 1, d0 + 1)
=== getLinalgArgMap END ===

  Calling remap_in_affine_dim for output 0

=== remap_in_affine_dim ===
  oldmap: (d0, d1, d2) -> (d2 + 1, d1 + 1, d0 + 1)
  firstNDims: 3
  check_reduction (input): 1
  lower_bound_val: 1
  dimidx: -1
  check_reduction (output): 1
  new map (map2): (d0, d1, d2, d3) -> (d2 + 1, d1 + 1, d0 + 1)
  validDims: 3, validSims: 0
  Created SubmapOp with type: memref<?x?x?x?xf64>
=== remap_in_affine_dim END ===


--- Processing Loads ---

--- Processing Stores ---
REJECTED: More than one linalg generic


========================================
=== AffineForOpRaising::matchAndRewrite ===
========================================
Processing loop:
affine.for %arg4 = 1 to 21 {
  %1 = affine.apply affine_map<()[s0] -> (s0 - 1)>()[%0]
  %2 = arith.subi %1, %c1 : index
  %3 = affine.apply affine_map<()[s0] -> (s0 - 1)>()[%0]
  %4 = arith.subi %3, %c1 : index
  %5 = affine.apply affine_map<()[s0] -> (s0 - 1)>()[%0]
  %6 = arith.subi %5, %c1 : index
  %7 = polygeist.submap(%arg2, %4, %6, %2) {map = affine_map<(d0, d1, d2) -> (d2 + 2, d1 + 1, d0 + 1)>} : (memref<?x10x10xf64>, index, index, index) -> memref<?x?x?xf64>
  %8 = affine.apply affine_map<()[s0] -> (s0 - 1)>()[%0]
  %9 = arith.subi %8, %c1 : index
  %10 = affine.apply affine_map<()[s0] -> (s0 - 1)>()[%0]
  %11 = arith.subi %10, %c1 : index
  %12 = polygeist.submap(%arg2, %9, %11, %2) {map = affine_map<(d0, d1, d2) -> (d2 + 1, d1 + 1, d0 + 1)>} : (memref<?x10x10xf64>, index, index, index) -> memref<?x?x?xf64>
  %13 = affine.apply affine_map<()[s0] -> (s0 - 1)>()[%0]
  %14 = arith.subi %13, %c1 : index
  %15 = affine.apply affine_map<()[s0] -> (s0 - 1)>()[%0]
  %16 = arith.subi %15, %c1 : index
  %17 = polygeist.submap(%arg2, %14, %16, %2) {map = affine_map<(d0, d1, d2) -> (d2, d1 + 1, d0 + 1)>} : (memref<?x10x10xf64>, index, index, index) -> memref<?x?x?xf64>
  %18 = affine.apply affine_map<()[s0] -> (s0 - 1)>()[%0]
  %19 = arith.subi %18, %c1 : index
  %20 = affine.apply affine_map<()[s0] -> (s0 - 1)>()[%0]
  %21 = arith.subi %20, %c1 : index
  %22 = polygeist.submap(%arg2, %19, %21, %2) {map = affine_map<(d0, d1, d2) -> (d2 + 1, d1 + 2, d0 + 1)>} : (memref<?x10x10xf64>, index, index, index) -> memref<?x?x?xf64>
  %23 = affine.apply affine_map<()[s0] -> (s0 - 1)>()[%0]
  %24 = arith.subi %23, %c1 : index
  %25 = affine.apply affine_map<()[s0] -> (s0 - 1)>()[%0]
  %26 = arith.subi %25, %c1 : index
  %27 = polygeist.submap(%arg2, %24, %26, %2) {map = affine_map<(d0, d1, d2) -> (d2 + 1, d1, d0 + 1)>} : (memref<?x10x10xf64>, index, index, index) -> memref<?x?x?xf64>
  %28 = affine.apply affine_map<()[s0] -> (s0 - 1)>()[%0]
  %29 = arith.subi %28, %c1 : index
  %30 = affine.apply affine_map<()[s0] -> (s0 - 1)>()[%0]
  %31 = arith.subi %30, %c1 : index
  %32 = polygeist.submap(%arg2, %29, %31, %2) {map = affine_map<(d0, d1, d2) -> (d2 + 1, d1 + 1, d0 + 2)>} : (memref<?x10x10xf64>, index, index, index) -> memref<?x?x?xf64>
  %33 = affine.apply affine_map<()[s0] -> (s0 - 1)>()[%0]
  %34 = arith.subi %33, %c1 : index
  %35 = affine.apply affine_map<()[s0] -> (s0 - 1)>()[%0]
  %36 = arith.subi %35, %c1 : index
  %37 = polygeist.submap(%arg2, %34, %36, %2) {map = affine_map<(d0, d1, d2) -> (d2 + 1, d1 + 1, d0)>} : (memref<?x10x10xf64>, index, index, index) -> memref<?x?x?xf64>
  %38 = affine.apply affine_map<()[s0] -> (s0 - 1)>()[%0]
  %39 = arith.subi %38, %c1 : index
  %40 = affine.apply affine_map<()[s0] -> (s0 - 1)>()[%0]
  %41 = arith.subi %40, %c1 : index
  %42 = polygeist.submap(%arg3, %39, %41, %2) {map = affine_map<(d0, d1, d2) -> (d2 + 1, d1 + 1, d0 + 1)>} : (memref<?x10x10xf64>, index, index, index) -> memref<?x?x?xf64>
  linalg.generic {indexing_maps = [affine_map<(d0, d1, d2) -> (d0, d1, d2)>, affine_map<(d0, d1, d2) -> (d0, d1, d2)>, affine_map<(d0, d1, d2) -> (d0, d1, d2)>, affine_map<(d0, d1, d2) -> (d0, d1, d2)>, affine_map<(d0, d1, d2) -> (d0, d1, d2)>, affine_map<(d0, d1, d2) -> (d0, d1, d2)>, affine_map<(d0, d1, d2) -> (d0, d1, d2)>, affine_map<(d0, d1, d2) -> (d0, d1, d2)>], iterator_types = ["parallel", "parallel", "parallel"]} ins(%7, %12, %17, %22, %27, %32, %37 : memref<?x?x?xf64>, memref<?x?x?xf64>, memref<?x?x?xf64>, memref<?x?x?xf64>, memref<?x?x?xf64>, memref<?x?x?xf64>, memref<?x?x?xf64>) outs(%42 : memref<?x?x?xf64>) {
  ^bb0(%in: f64, %in_1: f64, %in_2: f64, %in_3: f64, %in_4: f64, %in_5: f64, %in_6: f64, %out: f64):
    %85 = arith.mulf %in_1, %cst_0 : f64
    %86 = arith.subf %in, %85 : f64
    %87 = arith.addf %86, %in_2 : f64
    %88 = arith.mulf %87, %cst : f64
    %89 = arith.subf %in_3, %85 : f64
    %90 = arith.addf %89, %in_4 : f64
    %91 = arith.mulf %90, %cst : f64
    %92 = arith.addf %88, %91 : f64
    %93 = arith.subf %in_5, %85 : f64
    %94 = arith.addf %93, %in_6 : f64
    %95 = arith.mulf %94, %cst : f64
    %96 = arith.addf %92, %95 : f64
    %97 = arith.addf %96, %in_1 : f64
    linalg.yield %97 : f64
  }
  %43 = affine.apply affine_map<()[s0] -> (s0 - 1)>()[%0]
  %44 = arith.subi %43, %c1 : index
  %45 = affine.apply affine_map<()[s0] -> (s0 - 1)>()[%0]
  %46 = arith.subi %45, %c1 : index
  %47 = affine.apply affine_map<()[s0] -> (s0 - 1)>()[%0]
  %48 = arith.subi %47, %c1 : index
  %49 = polygeist.submap(%arg3, %46, %48, %44) {map = affine_map<(d0, d1, d2) -> (d2 + 2, d1 + 1, d0 + 1)>} : (memref<?x10x10xf64>, index, index, index) -> memref<?x?x?xf64>
  %50 = affine.apply affine_map<()[s0] -> (s0 - 1)>()[%0]
  %51 = arith.subi %50, %c1 : index
  %52 = affine.apply affine_map<()[s0] -> (s0 - 1)>()[%0]
  %53 = arith.subi %52, %c1 : index
  %54 = polygeist.submap(%arg3, %51, %53, %44) {map = affine_map<(d0, d1, d2) -> (d2 + 1, d1 + 1, d0 + 1)>} : (memref<?x10x10xf64>, index, index, index) -> memref<?x?x?xf64>
  %55 = affine.apply affine_map<()[s0] -> (s0 - 1)>()[%0]
  %56 = arith.subi %55, %c1 : index
  %57 = affine.apply affine_map<()[s0] -> (s0 - 1)>()[%0]
  %58 = arith.subi %57, %c1 : index
  %59 = polygeist.submap(%arg3, %56, %58, %44) {map = affine_map<(d0, d1, d2) -> (d2, d1 + 1, d0 + 1)>} : (memref<?x10x10xf64>, index, index, index) -> memref<?x?x?xf64>
  %60 = affine.apply affine_map<()[s0] -> (s0 - 1)>()[%0]
  %61 = arith.subi %60, %c1 : index
  %62 = affine.apply affine_map<()[s0] -> (s0 - 1)>()[%0]
  %63 = arith.subi %62, %c1 : index
  %64 = polygeist.submap(%arg3, %61, %63, %44) {map = affine_map<(d0, d1, d2) -> (d2 + 1, d1 + 2, d0 + 1)>} : (memref<?x10x10xf64>, index, index, index) -> memref<?x?x?xf64>
  %65 = affine.apply affine_map<()[s0] -> (s0 - 1)>()[%0]
  %66 = arith.subi %65, %c1 : index
  %67 = affine.apply affine_map<()[s0] -> (s0 - 1)>()[%0]
  %68 = arith.subi %67, %c1 : index
  %69 = polygeist.submap(%arg3, %66, %68, %44) {map = affine_map<(d0, d1, d2) -> (d2 + 1, d1, d0 + 1)>} : (memref<?x10x10xf64>, index, index, index) -> memref<?x?x?xf64>
  %70 = affine.apply affine_map<()[s0] -> (s0 - 1)>()[%0]
  %71 = arith.subi %70, %c1 : index
  %72 = affine.apply affine_map<()[s0] -> (s0 - 1)>()[%0]
  %73 = arith.subi %72, %c1 : index
  %74 = polygeist.submap(%arg3, %71, %73, %44) {map = affine_map<(d0, d1, d2) -> (d2 + 1, d1 + 1, d0 + 2)>} : (memref<?x10x10xf64>, index, index, index) -> memref<?x?x?xf64>
  %75 = affine.apply affine_map<()[s0] -> (s0 - 1)>()[%0]
  %76 = arith.subi %75, %c1 : index
  %77 = affine.apply affine_map<()[s0] -> (s0 - 1)>()[%0]
  %78 = arith.subi %77, %c1 : index
  %79 = polygeist.submap(%arg3, %76, %78, %44) {map = affine_map<(d0, d1, d2) -> (d2 + 1, d1 + 1, d0)>} : (memref<?x10x10xf64>, index, index, index) -> memref<?x?x?xf64>
  %80 = affine.apply affine_map<()[s0] -> (s0 - 1)>()[%0]
  %81 = arith.subi %80, %c1 : index
  %82 = affine.apply affine_map<()[s0] -> (s0 - 1)>()[%0]
  %83 = arith.subi %82, %c1 : index
  %84 = polygeist.submap(%arg2, %81, %83, %44) {map = affine_map<(d0, d1, d2) -> (d2 + 1, d1 + 1, d0 + 1)>} : (memref<?x10x10xf64>, index, index, index) -> memref<?x?x?xf64>
  linalg.generic {indexing_maps = [affine_map<(d0, d1, d2) -> (d0, d1, d2)>, affine_map<(d0, d1, d2) -> (d0, d1, d2)>, affine_map<(d0, d1, d2) -> (d0, d1, d2)>, affine_map<(d0, d1, d2) -> (d0, d1, d2)>, affine_map<(d0, d1, d2) -> (d0, d1, d2)>, affine_map<(d0, d1, d2) -> (d0, d1, d2)>, affine_map<(d0, d1, d2) -> (d0, d1, d2)>, affine_map<(d0, d1, d2) -> (d0, d1, d2)>], iterator_types = ["parallel", "parallel", "parallel"]} ins(%49, %54, %59, %64, %69, %74, %79 : memref<?x?x?xf64>, memref<?x?x?xf64>, memref<?x?x?xf64>, memref<?x?x?xf64>, memref<?x?x?xf64>, memref<?x?x?xf64>, memref<?x?x?xf64>) outs(%84 : memref<?x?x?xf64>) {
  ^bb0(%in: f64, %in_1: f64, %in_2: f64, %in_3: f64, %in_4: f64, %in_5: f64, %in_6: f64, %out: f64):
    %85 = arith.mulf %in_1, %cst_0 : f64
    %86 = arith.subf %in, %85 : f64
    %87 = arith.addf %86, %in_2 : f64
    %88 = arith.mulf %87, %cst : f64
    %89 = arith.subf %in_3, %85 : f64
    %90 = arith.addf %89, %in_4 : f64
    %91 = arith.mulf %90, %cst : f64
    %92 = arith.addf %88, %91 : f64
    %93 = arith.subf %in_5, %85 : f64
    %94 = arith.addf %93, %in_6 : f64
    %95 = arith.mulf %94, %cst : f64
    %96 = arith.addf %92, %95 : f64
    %97 = arith.addf %96, %in_1 : f64
    linalg.yield %97 : f64
  }
}

Pattern recognition complete:
  Loads: 0
  Stores: 0
  LinalgGenerics: 2

Loop bounds:
  lbMap: () -> (1)
  ubMap: () -> (21)

--- Processing Linalg Generics ---
Processing linalg.generic:
linalg.generic {indexing_maps = [affine_map<(d0, d1, d2) -> (d0, d1, d2)>, affine_map<(d0, d1, d2) -> (d0, d1, d2)>, affine_map<(d0, d1, d2) -> (d0, d1, d2)>, affine_map<(d0, d1, d2) -> (d0, d1, d2)>, affine_map<(d0, d1, d2) -> (d0, d1, d2)>, affine_map<(d0, d1, d2) -> (d0, d1, d2)>, affine_map<(d0, d1, d2) -> (d0, d1, d2)>, affine_map<(d0, d1, d2) -> (d0, d1, d2)>], iterator_types = ["parallel", "parallel", "parallel"]} ins(%10, %15, %20, %25, %30, %35, %40 : memref<?x?x?xf64>, memref<?x?x?xf64>, memref<?x?x?xf64>, memref<?x?x?xf64>, memref<?x?x?xf64>, memref<?x?x?xf64>, memref<?x?x?xf64>) outs(%45 : memref<?x?x?xf64>) {
^bb0(%in: f64, %in_1: f64, %in_2: f64, %in_3: f64, %in_4: f64, %in_5: f64, %in_6: f64, %out: f64):
  %88 = arith.mulf %in_1, %cst_0 : f64
  %89 = arith.subf %in, %88 : f64
  %90 = arith.addf %89, %in_2 : f64
  %91 = arith.mulf %90, %cst : f64
  %92 = arith.subf %in_3, %88 : f64
  %93 = arith.addf %92, %in_4 : f64
  %94 = arith.mulf %93, %cst : f64
  %95 = arith.addf %91, %94 : f64
  %96 = arith.subf %in_5, %88 : f64
  %97 = arith.addf %96, %in_6 : f64
  %98 = arith.mulf %97, %cst : f64
  %99 = arith.addf %95, %98 : f64
  %100 = arith.addf %99, %in_1 : f64
  linalg.yield %100 : f64
}
  Processing 7 inputs
  Input 0 indexing map: (d0, d1, d2) -> (d0, d1, d2)

=== getLinalgArgMap ===
  Initial lgMap: (d0, d1, d2) -> (d0, d1, d2)
  Found SubmapOp with map: (d0, d1, d2) -> (d2 + 2, d1 + 1, d0 + 1)
  Composed map: (d0, d1, d2) -> (d2 + 2, d1 + 1, d0 + 1)
  Final lgMap: (d0, d1, d2) -> (d2 + 2, d1 + 1, d0 + 1)
=== getLinalgArgMap END ===

  Calling remap_in_affine_dim for input 0

=== remap_in_affine_dim ===
  oldmap: (d0, d1, d2) -> (d2 + 2, d1 + 1, d0 + 1)
  firstNDims: 3
  check_reduction (input): 0
  lower_bound_val: 1
  dimidx: -1
  check_reduction (output): 0
  new map (map2): (d0, d1, d2, d3) -> (d2 + 2, d1 + 1, d0 + 1)
  validDims: 3, validSims: 0
  Created SubmapOp with type: memref<?x?x?x?xf64>
=== remap_in_affine_dim END ===

  Input 1 indexing map: (d0, d1, d2) -> (d0, d1, d2)

=== getLinalgArgMap ===
  Initial lgMap: (d0, d1, d2) -> (d0, d1, d2)
  Found SubmapOp with map: (d0, d1, d2) -> (d2 + 1, d1 + 1, d0 + 1)
  Composed map: (d0, d1, d2) -> (d2 + 1, d1 + 1, d0 + 1)
  Final lgMap: (d0, d1, d2) -> (d2 + 1, d1 + 1, d0 + 1)
=== getLinalgArgMap END ===

  Calling remap_in_affine_dim for input 1

=== remap_in_affine_dim ===
  oldmap: (d0, d1, d2) -> (d2 + 1, d1 + 1, d0 + 1)
  firstNDims: 3
  check_reduction (input): 0
  lower_bound_val: 1
  dimidx: -1
  check_reduction (output): 0
  new map (map2): (d0, d1, d2, d3) -> (d2 + 1, d1 + 1, d0 + 1)
  validDims: 3, validSims: 0
  Created SubmapOp with type: memref<?x?x?x?xf64>
=== remap_in_affine_dim END ===

  Input 2 indexing map: (d0, d1, d2) -> (d0, d1, d2)

=== getLinalgArgMap ===
  Initial lgMap: (d0, d1, d2) -> (d0, d1, d2)
  Found SubmapOp with map: (d0, d1, d2) -> (d2, d1 + 1, d0 + 1)
  Composed map: (d0, d1, d2) -> (d2, d1 + 1, d0 + 1)
  Final lgMap: (d0, d1, d2) -> (d2, d1 + 1, d0 + 1)
=== getLinalgArgMap END ===

  Calling remap_in_affine_dim for input 2

=== remap_in_affine_dim ===
  oldmap: (d0, d1, d2) -> (d2, d1 + 1, d0 + 1)
  firstNDims: 3
  check_reduction (input): 0
  lower_bound_val: 1
  dimidx: -1
  check_reduction (output): 0
  new map (map2): (d0, d1, d2, d3) -> (d2, d1 + 1, d0 + 1)
  validDims: 3, validSims: 0
  Created SubmapOp with type: memref<?x?x?x?xf64>
=== remap_in_affine_dim END ===

  Input 3 indexing map: (d0, d1, d2) -> (d0, d1, d2)

=== getLinalgArgMap ===
  Initial lgMap: (d0, d1, d2) -> (d0, d1, d2)
  Found SubmapOp with map: (d0, d1, d2) -> (d2 + 1, d1 + 2, d0 + 1)
  Composed map: (d0, d1, d2) -> (d2 + 1, d1 + 2, d0 + 1)
  Final lgMap: (d0, d1, d2) -> (d2 + 1, d1 + 2, d0 + 1)
=== getLinalgArgMap END ===

  Calling remap_in_affine_dim for input 3

=== remap_in_affine_dim ===
  oldmap: (d0, d1, d2) -> (d2 + 1, d1 + 2, d0 + 1)
  firstNDims: 3
  check_reduction (input): 0
  lower_bound_val: 1
  dimidx: -1
  check_reduction (output): 0
  new map (map2): (d0, d1, d2, d3) -> (d2 + 1, d1 + 2, d0 + 1)
  validDims: 3, validSims: 0
  Created SubmapOp with type: memref<?x?x?x?xf64>
=== remap_in_affine_dim END ===

  Input 4 indexing map: (d0, d1, d2) -> (d0, d1, d2)

=== getLinalgArgMap ===
  Initial lgMap: (d0, d1, d2) -> (d0, d1, d2)
  Found SubmapOp with map: (d0, d1, d2) -> (d2 + 1, d1, d0 + 1)
  Composed map: (d0, d1, d2) -> (d2 + 1, d1, d0 + 1)
  Final lgMap: (d0, d1, d2) -> (d2 + 1, d1, d0 + 1)
=== getLinalgArgMap END ===

  Calling remap_in_affine_dim for input 4

=== remap_in_affine_dim ===
  oldmap: (d0, d1, d2) -> (d2 + 1, d1, d0 + 1)
  firstNDims: 3
  check_reduction (input): 0
  lower_bound_val: 1
  dimidx: -1
  check_reduction (output): 0
  new map (map2): (d0, d1, d2, d3) -> (d2 + 1, d1, d0 + 1)
  validDims: 3, validSims: 0
  Created SubmapOp with type: memref<?x?x?x?xf64>
=== remap_in_affine_dim END ===

  Input 5 indexing map: (d0, d1, d2) -> (d0, d1, d2)

=== getLinalgArgMap ===
  Initial lgMap: (d0, d1, d2) -> (d0, d1, d2)
  Found SubmapOp with map: (d0, d1, d2) -> (d2 + 1, d1 + 1, d0 + 2)
  Composed map: (d0, d1, d2) -> (d2 + 1, d1 + 1, d0 + 2)
  Final lgMap: (d0, d1, d2) -> (d2 + 1, d1 + 1, d0 + 2)
=== getLinalgArgMap END ===

  Calling remap_in_affine_dim for input 5

=== remap_in_affine_dim ===
  oldmap: (d0, d1, d2) -> (d2 + 1, d1 + 1, d0 + 2)
  firstNDims: 3
  check_reduction (input): 0
  lower_bound_val: 1
  dimidx: -1
  check_reduction (output): 0
  new map (map2): (d0, d1, d2, d3) -> (d2 + 1, d1 + 1, d0 + 2)
  validDims: 3, validSims: 0
  Created SubmapOp with type: memref<?x?x?x?xf64>
=== remap_in_affine_dim END ===

  Input 6 indexing map: (d0, d1, d2) -> (d0, d1, d2)

=== getLinalgArgMap ===
  Initial lgMap: (d0, d1, d2) -> (d0, d1, d2)
  Found SubmapOp with map: (d0, d1, d2) -> (d2 + 1, d1 + 1, d0)
  Composed map: (d0, d1, d2) -> (d2 + 1, d1 + 1, d0)
  Final lgMap: (d0, d1, d2) -> (d2 + 1, d1 + 1, d0)
=== getLinalgArgMap END ===

  Calling remap_in_affine_dim for input 6

=== remap_in_affine_dim ===
  oldmap: (d0, d1, d2) -> (d2 + 1, d1 + 1, d0)
  firstNDims: 3
  check_reduction (input): 0
  lower_bound_val: 1
  dimidx: -1
  check_reduction (output): 0
  new map (map2): (d0, d1, d2, d3) -> (d2 + 1, d1 + 1, d0)
  validDims: 3, validSims: 0
  Created SubmapOp with type: memref<?x?x?x?xf64>
=== remap_in_affine_dim END ===

  Processing 1 outputs

=== getLinalgArgMap ===
  Initial lgMap: (d0, d1, d2) -> (d0, d1, d2)
  Found SubmapOp with map: (d0, d1, d2) -> (d2 + 1, d1 + 1, d0 + 1)
  Composed map: (d0, d1, d2) -> (d2 + 1, d1 + 1, d0 + 1)
  Final lgMap: (d0, d1, d2) -> (d2 + 1, d1 + 1, d0 + 1)
=== getLinalgArgMap END ===

  Calling remap_in_affine_dim for output 0

=== remap_in_affine_dim ===
  oldmap: (d0, d1, d2) -> (d2 + 1, d1 + 1, d0 + 1)
  firstNDims: 3
  check_reduction (input): 1
  lower_bound_val: 1
  dimidx: -1
  check_reduction (output): 1
  new map (map2): (d0, d1, d2, d3) -> (d2 + 1, d1 + 1, d0 + 1)
  validDims: 3, validSims: 0
  Created SubmapOp with type: memref<?x?x?x?xf64>
=== remap_in_affine_dim END ===

Processing linalg.generic:
linalg.generic {indexing_maps = [affine_map<(d0, d1, d2) -> (d0, d1, d2)>, affine_map<(d0, d1, d2) -> (d0, d1, d2)>, affine_map<(d0, d1, d2) -> (d0, d1, d2)>, affine_map<(d0, d1, d2) -> (d0, d1, d2)>, affine_map<(d0, d1, d2) -> (d0, d1, d2)>, affine_map<(d0, d1, d2) -> (d0, d1, d2)>, affine_map<(d0, d1, d2) -> (d0, d1, d2)>, affine_map<(d0, d1, d2) -> (d0, d1, d2)>], iterator_types = ["parallel", "parallel", "parallel"]} ins(%108, %113, %118, %123, %128, %133, %138 : memref<?x?x?xf64>, memref<?x?x?xf64>, memref<?x?x?xf64>, memref<?x?x?xf64>, memref<?x?x?xf64>, memref<?x?x?xf64>, memref<?x?x?xf64>) outs(%143 : memref<?x?x?xf64>) {
^bb0(%in: f64, %in_1: f64, %in_2: f64, %in_3: f64, %in_4: f64, %in_5: f64, %in_6: f64, %out: f64):
  %144 = arith.mulf %in_1, %cst_0 : f64
  %145 = arith.subf %in, %144 : f64
  %146 = arith.addf %145, %in_2 : f64
  %147 = arith.mulf %146, %cst : f64
  %148 = arith.subf %in_3, %144 : f64
  %149 = arith.addf %148, %in_4 : f64
  %150 = arith.mulf %149, %cst : f64
  %151 = arith.addf %147, %150 : f64
  %152 = arith.subf %in_5, %144 : f64
  %153 = arith.addf %152, %in_6 : f64
  %154 = arith.mulf %153, %cst : f64
  %155 = arith.addf %151, %154 : f64
  %156 = arith.addf %155, %in_1 : f64
  linalg.yield %156 : f64
}
  Processing 7 inputs
  Input 0 indexing map: (d0, d1, d2) -> (d0, d1, d2)

=== getLinalgArgMap ===
  Initial lgMap: (d0, d1, d2) -> (d0, d1, d2)
  Found SubmapOp with map: (d0, d1, d2) -> (d2 + 2, d1 + 1, d0 + 1)
  Composed map: (d0, d1, d2) -> (d2 + 2, d1 + 1, d0 + 1)
  Final lgMap: (d0, d1, d2) -> (d2 + 2, d1 + 1, d0 + 1)
=== getLinalgArgMap END ===

  Calling remap_in_affine_dim for input 0

=== remap_in_affine_dim ===
  oldmap: (d0, d1, d2) -> (d2 + 2, d1 + 1, d0 + 1)
  firstNDims: 3
  check_reduction (input): 0
  lower_bound_val: 1
  dimidx: -1
  check_reduction (output): 0
  new map (map2): (d0, d1, d2, d3) -> (d2 + 2, d1 + 1, d0 + 1)
  validDims: 3, validSims: 0
  Created SubmapOp with type: memref<?x?x?x?xf64>
=== remap_in_affine_dim END ===

  Input 1 indexing map: (d0, d1, d2) -> (d0, d1, d2)

=== getLinalgArgMap ===
  Initial lgMap: (d0, d1, d2) -> (d0, d1, d2)
  Found SubmapOp with map: (d0, d1, d2) -> (d2 + 1, d1 + 1, d0 + 1)
  Composed map: (d0, d1, d2) -> (d2 + 1, d1 + 1, d0 + 1)
  Final lgMap: (d0, d1, d2) -> (d2 + 1, d1 + 1, d0 + 1)
=== getLinalgArgMap END ===

  Calling remap_in_affine_dim for input 1

=== remap_in_affine_dim ===
  oldmap: (d0, d1, d2) -> (d2 + 1, d1 + 1, d0 + 1)
  firstNDims: 3
  check_reduction (input): 0
  lower_bound_val: 1
  dimidx: -1
  check_reduction (output): 0
  new map (map2): (d0, d1, d2, d3) -> (d2 + 1, d1 + 1, d0 + 1)
  validDims: 3, validSims: 0
  Created SubmapOp with type: memref<?x?x?x?xf64>
=== remap_in_affine_dim END ===

  Input 2 indexing map: (d0, d1, d2) -> (d0, d1, d2)

=== getLinalgArgMap ===
  Initial lgMap: (d0, d1, d2) -> (d0, d1, d2)
  Found SubmapOp with map: (d0, d1, d2) -> (d2, d1 + 1, d0 + 1)
  Composed map: (d0, d1, d2) -> (d2, d1 + 1, d0 + 1)
  Final lgMap: (d0, d1, d2) -> (d2, d1 + 1, d0 + 1)
=== getLinalgArgMap END ===

  Calling remap_in_affine_dim for input 2

=== remap_in_affine_dim ===
  oldmap: (d0, d1, d2) -> (d2, d1 + 1, d0 + 1)
  firstNDims: 3
  check_reduction (input): 0
  lower_bound_val: 1
  dimidx: -1
  check_reduction (output): 0
  new map (map2): (d0, d1, d2, d3) -> (d2, d1 + 1, d0 + 1)
  validDims: 3, validSims: 0
  Created SubmapOp with type: memref<?x?x?x?xf64>
=== remap_in_affine_dim END ===

  Input 3 indexing map: (d0, d1, d2) -> (d0, d1, d2)

=== getLinalgArgMap ===
  Initial lgMap: (d0, d1, d2) -> (d0, d1, d2)
  Found SubmapOp with map: (d0, d1, d2) -> (d2 + 1, d1 + 2, d0 + 1)
  Composed map: (d0, d1, d2) -> (d2 + 1, d1 + 2, d0 + 1)
  Final lgMap: (d0, d1, d2) -> (d2 + 1, d1 + 2, d0 + 1)
=== getLinalgArgMap END ===

  Calling remap_in_affine_dim for input 3

=== remap_in_affine_dim ===
  oldmap: (d0, d1, d2) -> (d2 + 1, d1 + 2, d0 + 1)
  firstNDims: 3
  check_reduction (input): 0
  lower_bound_val: 1
  dimidx: -1
  check_reduction (output): 0
  new map (map2): (d0, d1, d2, d3) -> (d2 + 1, d1 + 2, d0 + 1)
  validDims: 3, validSims: 0
  Created SubmapOp with type: memref<?x?x?x?xf64>
=== remap_in_affine_dim END ===

  Input 4 indexing map: (d0, d1, d2) -> (d0, d1, d2)

=== getLinalgArgMap ===
  Initial lgMap: (d0, d1, d2) -> (d0, d1, d2)
  Found SubmapOp with map: (d0, d1, d2) -> (d2 + 1, d1, d0 + 1)
  Composed map: (d0, d1, d2) -> (d2 + 1, d1, d0 + 1)
  Final lgMap: (d0, d1, d2) -> (d2 + 1, d1, d0 + 1)
=== getLinalgArgMap END ===

  Calling remap_in_affine_dim for input 4

=== remap_in_affine_dim ===
  oldmap: (d0, d1, d2) -> (d2 + 1, d1, d0 + 1)
  firstNDims: 3
  check_reduction (input): 0
  lower_bound_val: 1
  dimidx: -1
  check_reduction (output): 0
  new map (map2): (d0, d1, d2, d3) -> (d2 + 1, d1, d0 + 1)
  validDims: 3, validSims: 0
  Created SubmapOp with type: memref<?x?x?x?xf64>
=== remap_in_affine_dim END ===

  Input 5 indexing map: (d0, d1, d2) -> (d0, d1, d2)

=== getLinalgArgMap ===
  Initial lgMap: (d0, d1, d2) -> (d0, d1, d2)
  Found SubmapOp with map: (d0, d1, d2) -> (d2 + 1, d1 + 1, d0 + 2)
  Composed map: (d0, d1, d2) -> (d2 + 1, d1 + 1, d0 + 2)
  Final lgMap: (d0, d1, d2) -> (d2 + 1, d1 + 1, d0 + 2)
=== getLinalgArgMap END ===

  Calling remap_in_affine_dim for input 5

=== remap_in_affine_dim ===
  oldmap: (d0, d1, d2) -> (d2 + 1, d1 + 1, d0 + 2)
  firstNDims: 3
  check_reduction (input): 0
  lower_bound_val: 1
  dimidx: -1
  check_reduction (output): 0
  new map (map2): (d0, d1, d2, d3) -> (d2 + 1, d1 + 1, d0 + 2)
  validDims: 3, validSims: 0
  Created SubmapOp with type: memref<?x?x?x?xf64>
=== remap_in_affine_dim END ===

  Input 6 indexing map: (d0, d1, d2) -> (d0, d1, d2)

=== getLinalgArgMap ===
  Initial lgMap: (d0, d1, d2) -> (d0, d1, d2)
  Found SubmapOp with map: (d0, d1, d2) -> (d2 + 1, d1 + 1, d0)
  Composed map: (d0, d1, d2) -> (d2 + 1, d1 + 1, d0)
  Final lgMap: (d0, d1, d2) -> (d2 + 1, d1 + 1, d0)
=== getLinalgArgMap END ===

  Calling remap_in_affine_dim for input 6

=== remap_in_affine_dim ===
  oldmap: (d0, d1, d2) -> (d2 + 1, d1 + 1, d0)
  firstNDims: 3
  check_reduction (input): 0
  lower_bound_val: 1
  dimidx: -1
  check_reduction (output): 0
  new map (map2): (d0, d1, d2, d3) -> (d2 + 1, d1 + 1, d0)
  validDims: 3, validSims: 0
  Created SubmapOp with type: memref<?x?x?x?xf64>
=== remap_in_affine_dim END ===

  Processing 1 outputs

=== getLinalgArgMap ===
  Initial lgMap: (d0, d1, d2) -> (d0, d1, d2)
  Found SubmapOp with map: (d0, d1, d2) -> (d2 + 1, d1 + 1, d0 + 1)
  Composed map: (d0, d1, d2) -> (d2 + 1, d1 + 1, d0 + 1)
  Final lgMap: (d0, d1, d2) -> (d2 + 1, d1 + 1, d0 + 1)
=== getLinalgArgMap END ===

  Calling remap_in_affine_dim for output 0

=== remap_in_affine_dim ===
  oldmap: (d0, d1, d2) -> (d2 + 1, d1 + 1, d0 + 1)
  firstNDims: 3
  check_reduction (input): 1
  lower_bound_val: 1
  dimidx: -1
  check_reduction (output): 1
  new map (map2): (d0, d1, d2, d3) -> (d2 + 1, d1 + 1, d0 + 1)
  validDims: 3, validSims: 0
  Created SubmapOp with type: memref<?x?x?x?xf64>
=== remap_in_affine_dim END ===


--- Processing Loads ---

--- Processing Stores ---
REJECTED: More than one linalg generic


========================================
=== AffineForOpRaising::matchAndRewrite ===
========================================
Processing loop:
affine.for %arg4 = 1 to 21 {
  %1 = affine.apply affine_map<()[s0] -> (s0 - 1)>()[%0]
  %2 = arith.subi %1, %c1 : index
  %3 = affine.apply affine_map<()[s0] -> (s0 - 1)>()[%0]
  %4 = arith.subi %3, %c1 : index
  %5 = affine.apply affine_map<()[s0] -> (s0 - 1)>()[%0]
  %6 = arith.subi %5, %c1 : index
  %7 = polygeist.submap(%arg2, %4, %6, %2) {map = affine_map<(d0, d1, d2) -> (d2 + 2, d1 + 1, d0 + 1)>} : (memref<?x10x10xf64>, index, index, index) -> memref<?x?x?xf64>
  %8 = affine.apply affine_map<()[s0] -> (s0 - 1)>()[%0]
  %9 = arith.subi %8, %c1 : index
  %10 = affine.apply affine_map<()[s0] -> (s0 - 1)>()[%0]
  %11 = arith.subi %10, %c1 : index
  %12 = polygeist.submap(%arg2, %9, %11, %2) {map = affine_map<(d0, d1, d2) -> (d2 + 1, d1 + 1, d0 + 1)>} : (memref<?x10x10xf64>, index, index, index) -> memref<?x?x?xf64>
  %13 = affine.apply affine_map<()[s0] -> (s0 - 1)>()[%0]
  %14 = arith.subi %13, %c1 : index
  %15 = affine.apply affine_map<()[s0] -> (s0 - 1)>()[%0]
  %16 = arith.subi %15, %c1 : index
  %17 = polygeist.submap(%arg2, %14, %16, %2) {map = affine_map<(d0, d1, d2) -> (d2, d1 + 1, d0 + 1)>} : (memref<?x10x10xf64>, index, index, index) -> memref<?x?x?xf64>
  %18 = affine.apply affine_map<()[s0] -> (s0 - 1)>()[%0]
  %19 = arith.subi %18, %c1 : index
  %20 = affine.apply affine_map<()[s0] -> (s0 - 1)>()[%0]
  %21 = arith.subi %20, %c1 : index
  %22 = polygeist.submap(%arg2, %19, %21, %2) {map = affine_map<(d0, d1, d2) -> (d2 + 1, d1 + 2, d0 + 1)>} : (memref<?x10x10xf64>, index, index, index) -> memref<?x?x?xf64>
  %23 = affine.apply affine_map<()[s0] -> (s0 - 1)>()[%0]
  %24 = arith.subi %23, %c1 : index
  %25 = affine.apply affine_map<()[s0] -> (s0 - 1)>()[%0]
  %26 = arith.subi %25, %c1 : index
  %27 = polygeist.submap(%arg2, %24, %26, %2) {map = affine_map<(d0, d1, d2) -> (d2 + 1, d1, d0 + 1)>} : (memref<?x10x10xf64>, index, index, index) -> memref<?x?x?xf64>
  %28 = affine.apply affine_map<()[s0] -> (s0 - 1)>()[%0]
  %29 = arith.subi %28, %c1 : index
  %30 = affine.apply affine_map<()[s0] -> (s0 - 1)>()[%0]
  %31 = arith.subi %30, %c1 : index
  %32 = polygeist.submap(%arg2, %29, %31, %2) {map = affine_map<(d0, d1, d2) -> (d2 + 1, d1 + 1, d0 + 2)>} : (memref<?x10x10xf64>, index, index, index) -> memref<?x?x?xf64>
  %33 = affine.apply affine_map<()[s0] -> (s0 - 1)>()[%0]
  %34 = arith.subi %33, %c1 : index
  %35 = affine.apply affine_map<()[s0] -> (s0 - 1)>()[%0]
  %36 = arith.subi %35, %c1 : index
  %37 = polygeist.submap(%arg2, %34, %36, %2) {map = affine_map<(d0, d1, d2) -> (d2 + 1, d1 + 1, d0)>} : (memref<?x10x10xf64>, index, index, index) -> memref<?x?x?xf64>
  %38 = affine.apply affine_map<()[s0] -> (s0 - 1)>()[%0]
  %39 = arith.subi %38, %c1 : index
  %40 = affine.apply affine_map<()[s0] -> (s0 - 1)>()[%0]
  %41 = arith.subi %40, %c1 : index
  %42 = polygeist.submap(%arg3, %39, %41, %2) {map = affine_map<(d0, d1, d2) -> (d2 + 1, d1 + 1, d0 + 1)>} : (memref<?x10x10xf64>, index, index, index) -> memref<?x?x?xf64>
  linalg.generic {indexing_maps = [affine_map<(d0, d1, d2) -> (d0, d1, d2)>, affine_map<(d0, d1, d2) -> (d0, d1, d2)>, affine_map<(d0, d1, d2) -> (d0, d1, d2)>, affine_map<(d0, d1, d2) -> (d0, d1, d2)>, affine_map<(d0, d1, d2) -> (d0, d1, d2)>, affine_map<(d0, d1, d2) -> (d0, d1, d2)>, affine_map<(d0, d1, d2) -> (d0, d1, d2)>, affine_map<(d0, d1, d2) -> (d0, d1, d2)>], iterator_types = ["parallel", "parallel", "parallel"]} ins(%7, %12, %17, %22, %27, %32, %37 : memref<?x?x?xf64>, memref<?x?x?xf64>, memref<?x?x?xf64>, memref<?x?x?xf64>, memref<?x?x?xf64>, memref<?x?x?xf64>, memref<?x?x?xf64>) outs(%42 : memref<?x?x?xf64>) {
  ^bb0(%in: f64, %in_1: f64, %in_2: f64, %in_3: f64, %in_4: f64, %in_5: f64, %in_6: f64, %out: f64):
    %85 = arith.mulf %in_1, %cst_0 : f64
    %86 = arith.subf %in, %85 : f64
    %87 = arith.addf %86, %in_2 : f64
    %88 = arith.mulf %87, %cst : f64
    %89 = arith.subf %in_3, %85 : f64
    %90 = arith.addf %89, %in_4 : f64
    %91 = arith.mulf %90, %cst : f64
    %92 = arith.addf %88, %91 : f64
    %93 = arith.subf %in_5, %85 : f64
    %94 = arith.addf %93, %in_6 : f64
    %95 = arith.mulf %94, %cst : f64
    %96 = arith.addf %92, %95 : f64
    %97 = arith.addf %96, %in_1 : f64
    linalg.yield %97 : f64
  }
  %43 = affine.apply affine_map<()[s0] -> (s0 - 1)>()[%0]
  %44 = arith.subi %43, %c1 : index
  %45 = affine.apply affine_map<()[s0] -> (s0 - 1)>()[%0]
  %46 = arith.subi %45, %c1 : index
  %47 = affine.apply affine_map<()[s0] -> (s0 - 1)>()[%0]
  %48 = arith.subi %47, %c1 : index
  %49 = polygeist.submap(%arg3, %46, %48, %44) {map = affine_map<(d0, d1, d2) -> (d2 + 2, d1 + 1, d0 + 1)>} : (memref<?x10x10xf64>, index, index, index) -> memref<?x?x?xf64>
  %50 = affine.apply affine_map<()[s0] -> (s0 - 1)>()[%0]
  %51 = arith.subi %50, %c1 : index
  %52 = affine.apply affine_map<()[s0] -> (s0 - 1)>()[%0]
  %53 = arith.subi %52, %c1 : index
  %54 = polygeist.submap(%arg3, %51, %53, %44) {map = affine_map<(d0, d1, d2) -> (d2 + 1, d1 + 1, d0 + 1)>} : (memref<?x10x10xf64>, index, index, index) -> memref<?x?x?xf64>
  %55 = affine.apply affine_map<()[s0] -> (s0 - 1)>()[%0]
  %56 = arith.subi %55, %c1 : index
  %57 = affine.apply affine_map<()[s0] -> (s0 - 1)>()[%0]
  %58 = arith.subi %57, %c1 : index
  %59 = polygeist.submap(%arg3, %56, %58, %44) {map = affine_map<(d0, d1, d2) -> (d2, d1 + 1, d0 + 1)>} : (memref<?x10x10xf64>, index, index, index) -> memref<?x?x?xf64>
  %60 = affine.apply affine_map<()[s0] -> (s0 - 1)>()[%0]
  %61 = arith.subi %60, %c1 : index
  %62 = affine.apply affine_map<()[s0] -> (s0 - 1)>()[%0]
  %63 = arith.subi %62, %c1 : index
  %64 = polygeist.submap(%arg3, %61, %63, %44) {map = affine_map<(d0, d1, d2) -> (d2 + 1, d1 + 2, d0 + 1)>} : (memref<?x10x10xf64>, index, index, index) -> memref<?x?x?xf64>
  %65 = affine.apply affine_map<()[s0] -> (s0 - 1)>()[%0]
  %66 = arith.subi %65, %c1 : index
  %67 = affine.apply affine_map<()[s0] -> (s0 - 1)>()[%0]
  %68 = arith.subi %67, %c1 : index
  %69 = polygeist.submap(%arg3, %66, %68, %44) {map = affine_map<(d0, d1, d2) -> (d2 + 1, d1, d0 + 1)>} : (memref<?x10x10xf64>, index, index, index) -> memref<?x?x?xf64>
  %70 = affine.apply affine_map<()[s0] -> (s0 - 1)>()[%0]
  %71 = arith.subi %70, %c1 : index
  %72 = affine.apply affine_map<()[s0] -> (s0 - 1)>()[%0]
  %73 = arith.subi %72, %c1 : index
  %74 = polygeist.submap(%arg3, %71, %73, %44) {map = affine_map<(d0, d1, d2) -> (d2 + 1, d1 + 1, d0 + 2)>} : (memref<?x10x10xf64>, index, index, index) -> memref<?x?x?xf64>
  %75 = affine.apply affine_map<()[s0] -> (s0 - 1)>()[%0]
  %76 = arith.subi %75, %c1 : index
  %77 = affine.apply affine_map<()[s0] -> (s0 - 1)>()[%0]
  %78 = arith.subi %77, %c1 : index
  %79 = polygeist.submap(%arg3, %76, %78, %44) {map = affine_map<(d0, d1, d2) -> (d2 + 1, d1 + 1, d0)>} : (memref<?x10x10xf64>, index, index, index) -> memref<?x?x?xf64>
  %80 = affine.apply affine_map<()[s0] -> (s0 - 1)>()[%0]
  %81 = arith.subi %80, %c1 : index
  %82 = affine.apply affine_map<()[s0] -> (s0 - 1)>()[%0]
  %83 = arith.subi %82, %c1 : index
  %84 = polygeist.submap(%arg2, %81, %83, %44) {map = affine_map<(d0, d1, d2) -> (d2 + 1, d1 + 1, d0 + 1)>} : (memref<?x10x10xf64>, index, index, index) -> memref<?x?x?xf64>
  linalg.generic {indexing_maps = [affine_map<(d0, d1, d2) -> (d0, d1, d2)>, affine_map<(d0, d1, d2) -> (d0, d1, d2)>, affine_map<(d0, d1, d2) -> (d0, d1, d2)>, affine_map<(d0, d1, d2) -> (d0, d1, d2)>, affine_map<(d0, d1, d2) -> (d0, d1, d2)>, affine_map<(d0, d1, d2) -> (d0, d1, d2)>, affine_map<(d0, d1, d2) -> (d0, d1, d2)>, affine_map<(d0, d1, d2) -> (d0, d1, d2)>], iterator_types = ["parallel", "parallel", "parallel"]} ins(%49, %54, %59, %64, %69, %74, %79 : memref<?x?x?xf64>, memref<?x?x?xf64>, memref<?x?x?xf64>, memref<?x?x?xf64>, memref<?x?x?xf64>, memref<?x?x?xf64>, memref<?x?x?xf64>) outs(%84 : memref<?x?x?xf64>) {
  ^bb0(%in: f64, %in_1: f64, %in_2: f64, %in_3: f64, %in_4: f64, %in_5: f64, %in_6: f64, %out: f64):
    %85 = arith.mulf %in_1, %cst_0 : f64
    %86 = arith.subf %in, %85 : f64
    %87 = arith.addf %86, %in_2 : f64
    %88 = arith.mulf %87, %cst : f64
    %89 = arith.subf %in_3, %85 : f64
    %90 = arith.addf %89, %in_4 : f64
    %91 = arith.mulf %90, %cst : f64
    %92 = arith.addf %88, %91 : f64
    %93 = arith.subf %in_5, %85 : f64
    %94 = arith.addf %93, %in_6 : f64
    %95 = arith.mulf %94, %cst : f64
    %96 = arith.addf %92, %95 : f64
    %97 = arith.addf %96, %in_1 : f64
    linalg.yield %97 : f64
  }
}

Pattern recognition complete:
  Loads: 0
  Stores: 0
  LinalgGenerics: 2

Loop bounds:
  lbMap: () -> (1)
  ubMap: () -> (21)

--- Processing Linalg Generics ---
Processing linalg.generic:
linalg.generic {indexing_maps = [affine_map<(d0, d1, d2) -> (d0, d1, d2)>, affine_map<(d0, d1, d2) -> (d0, d1, d2)>, affine_map<(d0, d1, d2) -> (d0, d1, d2)>, affine_map<(d0, d1, d2) -> (d0, d1, d2)>, affine_map<(d0, d1, d2) -> (d0, d1, d2)>, affine_map<(d0, d1, d2) -> (d0, d1, d2)>, affine_map<(d0, d1, d2) -> (d0, d1, d2)>, affine_map<(d0, d1, d2) -> (d0, d1, d2)>], iterator_types = ["parallel", "parallel", "parallel"]} ins(%10, %15, %20, %25, %30, %35, %40 : memref<?x?x?xf64>, memref<?x?x?xf64>, memref<?x?x?xf64>, memref<?x?x?xf64>, memref<?x?x?xf64>, memref<?x?x?xf64>, memref<?x?x?xf64>) outs(%45 : memref<?x?x?xf64>) {
^bb0(%in: f64, %in_1: f64, %in_2: f64, %in_3: f64, %in_4: f64, %in_5: f64, %in_6: f64, %out: f64):
  %88 = arith.mulf %in_1, %cst_0 : f64
  %89 = arith.subf %in, %88 : f64
  %90 = arith.addf %89, %in_2 : f64
  %91 = arith.mulf %90, %cst : f64
  %92 = arith.subf %in_3, %88 : f64
  %93 = arith.addf %92, %in_4 : f64
  %94 = arith.mulf %93, %cst : f64
  %95 = arith.addf %91, %94 : f64
  %96 = arith.subf %in_5, %88 : f64
  %97 = arith.addf %96, %in_6 : f64
  %98 = arith.mulf %97, %cst : f64
  %99 = arith.addf %95, %98 : f64
  %100 = arith.addf %99, %in_1 : f64
  linalg.yield %100 : f64
}
  Processing 7 inputs
  Input 0 indexing map: (d0, d1, d2) -> (d0, d1, d2)

=== getLinalgArgMap ===
  Initial lgMap: (d0, d1, d2) -> (d0, d1, d2)
  Found SubmapOp with map: (d0, d1, d2) -> (d2 + 2, d1 + 1, d0 + 1)
  Composed map: (d0, d1, d2) -> (d2 + 2, d1 + 1, d0 + 1)
  Final lgMap: (d0, d1, d2) -> (d2 + 2, d1 + 1, d0 + 1)
=== getLinalgArgMap END ===

  Calling remap_in_affine_dim for input 0

=== remap_in_affine_dim ===
  oldmap: (d0, d1, d2) -> (d2 + 2, d1 + 1, d0 + 1)
  firstNDims: 3
  check_reduction (input): 0
  lower_bound_val: 1
  dimidx: -1
  check_reduction (output): 0
  new map (map2): (d0, d1, d2, d3) -> (d2 + 2, d1 + 1, d0 + 1)
  validDims: 3, validSims: 0
  Created SubmapOp with type: memref<?x?x?x?xf64>
=== remap_in_affine_dim END ===

  Input 1 indexing map: (d0, d1, d2) -> (d0, d1, d2)

=== getLinalgArgMap ===
  Initial lgMap: (d0, d1, d2) -> (d0, d1, d2)
  Found SubmapOp with map: (d0, d1, d2) -> (d2 + 1, d1 + 1, d0 + 1)
  Composed map: (d0, d1, d2) -> (d2 + 1, d1 + 1, d0 + 1)
  Final lgMap: (d0, d1, d2) -> (d2 + 1, d1 + 1, d0 + 1)
=== getLinalgArgMap END ===

  Calling remap_in_affine_dim for input 1

=== remap_in_affine_dim ===
  oldmap: (d0, d1, d2) -> (d2 + 1, d1 + 1, d0 + 1)
  firstNDims: 3
  check_reduction (input): 0
  lower_bound_val: 1
  dimidx: -1
  check_reduction (output): 0
  new map (map2): (d0, d1, d2, d3) -> (d2 + 1, d1 + 1, d0 + 1)
  validDims: 3, validSims: 0
  Created SubmapOp with type: memref<?x?x?x?xf64>
=== remap_in_affine_dim END ===

  Input 2 indexing map: (d0, d1, d2) -> (d0, d1, d2)

=== getLinalgArgMap ===
  Initial lgMap: (d0, d1, d2) -> (d0, d1, d2)
  Found SubmapOp with map: (d0, d1, d2) -> (d2, d1 + 1, d0 + 1)
  Composed map: (d0, d1, d2) -> (d2, d1 + 1, d0 + 1)
  Final lgMap: (d0, d1, d2) -> (d2, d1 + 1, d0 + 1)
=== getLinalgArgMap END ===

  Calling remap_in_affine_dim for input 2

=== remap_in_affine_dim ===
  oldmap: (d0, d1, d2) -> (d2, d1 + 1, d0 + 1)
  firstNDims: 3
  check_reduction (input): 0
  lower_bound_val: 1
  dimidx: -1
  check_reduction (output): 0
  new map (map2): (d0, d1, d2, d3) -> (d2, d1 + 1, d0 + 1)
  validDims: 3, validSims: 0
  Created SubmapOp with type: memref<?x?x?x?xf64>
=== remap_in_affine_dim END ===

  Input 3 indexing map: (d0, d1, d2) -> (d0, d1, d2)

=== getLinalgArgMap ===
  Initial lgMap: (d0, d1, d2) -> (d0, d1, d2)
  Found SubmapOp with map: (d0, d1, d2) -> (d2 + 1, d1 + 2, d0 + 1)
  Composed map: (d0, d1, d2) -> (d2 + 1, d1 + 2, d0 + 1)
  Final lgMap: (d0, d1, d2) -> (d2 + 1, d1 + 2, d0 + 1)
=== getLinalgArgMap END ===

  Calling remap_in_affine_dim for input 3

=== remap_in_affine_dim ===
  oldmap: (d0, d1, d2) -> (d2 + 1, d1 + 2, d0 + 1)
  firstNDims: 3
  check_reduction (input): 0
  lower_bound_val: 1
  dimidx: -1
  check_reduction (output): 0
  new map (map2): (d0, d1, d2, d3) -> (d2 + 1, d1 + 2, d0 + 1)
  validDims: 3, validSims: 0
  Created SubmapOp with type: memref<?x?x?x?xf64>
=== remap_in_affine_dim END ===

  Input 4 indexing map: (d0, d1, d2) -> (d0, d1, d2)

=== getLinalgArgMap ===
  Initial lgMap: (d0, d1, d2) -> (d0, d1, d2)
  Found SubmapOp with map: (d0, d1, d2) -> (d2 + 1, d1, d0 + 1)
  Composed map: (d0, d1, d2) -> (d2 + 1, d1, d0 + 1)
  Final lgMap: (d0, d1, d2) -> (d2 + 1, d1, d0 + 1)
=== getLinalgArgMap END ===

  Calling remap_in_affine_dim for input 4

=== remap_in_affine_dim ===
  oldmap: (d0, d1, d2) -> (d2 + 1, d1, d0 + 1)
  firstNDims: 3
  check_reduction (input): 0
  lower_bound_val: 1
  dimidx: -1
  check_reduction (output): 0
  new map (map2): (d0, d1, d2, d3) -> (d2 + 1, d1, d0 + 1)
  validDims: 3, validSims: 0
  Created SubmapOp with type: memref<?x?x?x?xf64>
=== remap_in_affine_dim END ===

  Input 5 indexing map: (d0, d1, d2) -> (d0, d1, d2)

=== getLinalgArgMap ===
  Initial lgMap: (d0, d1, d2) -> (d0, d1, d2)
  Found SubmapOp with map: (d0, d1, d2) -> (d2 + 1, d1 + 1, d0 + 2)
  Composed map: (d0, d1, d2) -> (d2 + 1, d1 + 1, d0 + 2)
  Final lgMap: (d0, d1, d2) -> (d2 + 1, d1 + 1, d0 + 2)
=== getLinalgArgMap END ===

  Calling remap_in_affine_dim for input 5

=== remap_in_affine_dim ===
  oldmap: (d0, d1, d2) -> (d2 + 1, d1 + 1, d0 + 2)
  firstNDims: 3
  check_reduction (input): 0
  lower_bound_val: 1
  dimidx: -1
  check_reduction (output): 0
  new map (map2): (d0, d1, d2, d3) -> (d2 + 1, d1 + 1, d0 + 2)
  validDims: 3, validSims: 0
  Created SubmapOp with type: memref<?x?x?x?xf64>
=== remap_in_affine_dim END ===

  Input 6 indexing map: (d0, d1, d2) -> (d0, d1, d2)

=== getLinalgArgMap ===
  Initial lgMap: (d0, d1, d2) -> (d0, d1, d2)
  Found SubmapOp with map: (d0, d1, d2) -> (d2 + 1, d1 + 1, d0)
  Composed map: (d0, d1, d2) -> (d2 + 1, d1 + 1, d0)
  Final lgMap: (d0, d1, d2) -> (d2 + 1, d1 + 1, d0)
=== getLinalgArgMap END ===

  Calling remap_in_affine_dim for input 6

=== remap_in_affine_dim ===
  oldmap: (d0, d1, d2) -> (d2 + 1, d1 + 1, d0)
  firstNDims: 3
  check_reduction (input): 0
  lower_bound_val: 1
  dimidx: -1
  check_reduction (output): 0
  new map (map2): (d0, d1, d2, d3) -> (d2 + 1, d1 + 1, d0)
  validDims: 3, validSims: 0
  Created SubmapOp with type: memref<?x?x?x?xf64>
=== remap_in_affine_dim END ===

  Processing 1 outputs

=== getLinalgArgMap ===
  Initial lgMap: (d0, d1, d2) -> (d0, d1, d2)
  Found SubmapOp with map: (d0, d1, d2) -> (d2 + 1, d1 + 1, d0 + 1)
  Composed map: (d0, d1, d2) -> (d2 + 1, d1 + 1, d0 + 1)
  Final lgMap: (d0, d1, d2) -> (d2 + 1, d1 + 1, d0 + 1)
=== getLinalgArgMap END ===

  Calling remap_in_affine_dim for output 0

=== remap_in_affine_dim ===
  oldmap: (d0, d1, d2) -> (d2 + 1, d1 + 1, d0 + 1)
  firstNDims: 3
  check_reduction (input): 1
  lower_bound_val: 1
  dimidx: -1
  check_reduction (output): 1
  new map (map2): (d0, d1, d2, d3) -> (d2 + 1, d1 + 1, d0 + 1)
  validDims: 3, validSims: 0
  Created SubmapOp with type: memref<?x?x?x?xf64>
=== remap_in_affine_dim END ===

Processing linalg.generic:
linalg.generic {indexing_maps = [affine_map<(d0, d1, d2) -> (d0, d1, d2)>, affine_map<(d0, d1, d2) -> (d0, d1, d2)>, affine_map<(d0, d1, d2) -> (d0, d1, d2)>, affine_map<(d0, d1, d2) -> (d0, d1, d2)>, affine_map<(d0, d1, d2) -> (d0, d1, d2)>, affine_map<(d0, d1, d2) -> (d0, d1, d2)>, affine_map<(d0, d1, d2) -> (d0, d1, d2)>, affine_map<(d0, d1, d2) -> (d0, d1, d2)>], iterator_types = ["parallel", "parallel", "parallel"]} ins(%108, %113, %118, %123, %128, %133, %138 : memref<?x?x?xf64>, memref<?x?x?xf64>, memref<?x?x?xf64>, memref<?x?x?xf64>, memref<?x?x?xf64>, memref<?x?x?xf64>, memref<?x?x?xf64>) outs(%143 : memref<?x?x?xf64>) {
^bb0(%in: f64, %in_1: f64, %in_2: f64, %in_3: f64, %in_4: f64, %in_5: f64, %in_6: f64, %out: f64):
  %144 = arith.mulf %in_1, %cst_0 : f64
  %145 = arith.subf %in, %144 : f64
  %146 = arith.addf %145, %in_2 : f64
  %147 = arith.mulf %146, %cst : f64
  %148 = arith.subf %in_3, %144 : f64
  %149 = arith.addf %148, %in_4 : f64
  %150 = arith.mulf %149, %cst : f64
  %151 = arith.addf %147, %150 : f64
  %152 = arith.subf %in_5, %144 : f64
  %153 = arith.addf %152, %in_6 : f64
  %154 = arith.mulf %153, %cst : f64
  %155 = arith.addf %151, %154 : f64
  %156 = arith.addf %155, %in_1 : f64
  linalg.yield %156 : f64
}
  Processing 7 inputs
  Input 0 indexing map: (d0, d1, d2) -> (d0, d1, d2)

=== getLinalgArgMap ===
  Initial lgMap: (d0, d1, d2) -> (d0, d1, d2)
  Found SubmapOp with map: (d0, d1, d2) -> (d2 + 2, d1 + 1, d0 + 1)
  Composed map: (d0, d1, d2) -> (d2 + 2, d1 + 1, d0 + 1)
  Final lgMap: (d0, d1, d2) -> (d2 + 2, d1 + 1, d0 + 1)
=== getLinalgArgMap END ===

  Calling remap_in_affine_dim for input 0

=== remap_in_affine_dim ===
  oldmap: (d0, d1, d2) -> (d2 + 2, d1 + 1, d0 + 1)
  firstNDims: 3
  check_reduction (input): 0
  lower_bound_val: 1
  dimidx: -1
  check_reduction (output): 0
  new map (map2): (d0, d1, d2, d3) -> (d2 + 2, d1 + 1, d0 + 1)
  validDims: 3, validSims: 0
  Created SubmapOp with type: memref<?x?x?x?xf64>
=== remap_in_affine_dim END ===

  Input 1 indexing map: (d0, d1, d2) -> (d0, d1, d2)

=== getLinalgArgMap ===
  Initial lgMap: (d0, d1, d2) -> (d0, d1, d2)
  Found SubmapOp with map: (d0, d1, d2) -> (d2 + 1, d1 + 1, d0 + 1)
  Composed map: (d0, d1, d2) -> (d2 + 1, d1 + 1, d0 + 1)
  Final lgMap: (d0, d1, d2) -> (d2 + 1, d1 + 1, d0 + 1)
=== getLinalgArgMap END ===

  Calling remap_in_affine_dim for input 1

=== remap_in_affine_dim ===
  oldmap: (d0, d1, d2) -> (d2 + 1, d1 + 1, d0 + 1)
  firstNDims: 3
  check_reduction (input): 0
  lower_bound_val: 1
  dimidx: -1
  check_reduction (output): 0
  new map (map2): (d0, d1, d2, d3) -> (d2 + 1, d1 + 1, d0 + 1)
  validDims: 3, validSims: 0
  Created SubmapOp with type: memref<?x?x?x?xf64>
=== remap_in_affine_dim END ===

  Input 2 indexing map: (d0, d1, d2) -> (d0, d1, d2)

=== getLinalgArgMap ===
  Initial lgMap: (d0, d1, d2) -> (d0, d1, d2)
  Found SubmapOp with map: (d0, d1, d2) -> (d2, d1 + 1, d0 + 1)
  Composed map: (d0, d1, d2) -> (d2, d1 + 1, d0 + 1)
  Final lgMap: (d0, d1, d2) -> (d2, d1 + 1, d0 + 1)
=== getLinalgArgMap END ===

  Calling remap_in_affine_dim for input 2

=== remap_in_affine_dim ===
  oldmap: (d0, d1, d2) -> (d2, d1 + 1, d0 + 1)
  firstNDims: 3
  check_reduction (input): 0
  lower_bound_val: 1
  dimidx: -1
  check_reduction (output): 0
  new map (map2): (d0, d1, d2, d3) -> (d2, d1 + 1, d0 + 1)
  validDims: 3, validSims: 0
  Created SubmapOp with type: memref<?x?x?x?xf64>
=== remap_in_affine_dim END ===

  Input 3 indexing map: (d0, d1, d2) -> (d0, d1, d2)

=== getLinalgArgMap ===
  Initial lgMap: (d0, d1, d2) -> (d0, d1, d2)
  Found SubmapOp with map: (d0, d1, d2) -> (d2 + 1, d1 + 2, d0 + 1)
  Composed map: (d0, d1, d2) -> (d2 + 1, d1 + 2, d0 + 1)
  Final lgMap: (d0, d1, d2) -> (d2 + 1, d1 + 2, d0 + 1)
=== getLinalgArgMap END ===

  Calling remap_in_affine_dim for input 3

=== remap_in_affine_dim ===
  oldmap: (d0, d1, d2) -> (d2 + 1, d1 + 2, d0 + 1)
  firstNDims: 3
  check_reduction (input): 0
  lower_bound_val: 1
  dimidx: -1
  check_reduction (output): 0
  new map (map2): (d0, d1, d2, d3) -> (d2 + 1, d1 + 2, d0 + 1)
  validDims: 3, validSims: 0
  Created SubmapOp with type: memref<?x?x?x?xf64>
=== remap_in_affine_dim END ===

  Input 4 indexing map: (d0, d1, d2) -> (d0, d1, d2)

=== getLinalgArgMap ===
  Initial lgMap: (d0, d1, d2) -> (d0, d1, d2)
  Found SubmapOp with map: (d0, d1, d2) -> (d2 + 1, d1, d0 + 1)
  Composed map: (d0, d1, d2) -> (d2 + 1, d1, d0 + 1)
  Final lgMap: (d0, d1, d2) -> (d2 + 1, d1, d0 + 1)
=== getLinalgArgMap END ===

  Calling remap_in_affine_dim for input 4

=== remap_in_affine_dim ===
  oldmap: (d0, d1, d2) -> (d2 + 1, d1, d0 + 1)
  firstNDims: 3
  check_reduction (input): 0
  lower_bound_val: 1
  dimidx: -1
  check_reduction (output): 0
  new map (map2): (d0, d1, d2, d3) -> (d2 + 1, d1, d0 + 1)
  validDims: 3, validSims: 0
  Created SubmapOp with type: memref<?x?x?x?xf64>
=== remap_in_affine_dim END ===

  Input 5 indexing map: (d0, d1, d2) -> (d0, d1, d2)

=== getLinalgArgMap ===
  Initial lgMap: (d0, d1, d2) -> (d0, d1, d2)
  Found SubmapOp with map: (d0, d1, d2) -> (d2 + 1, d1 + 1, d0 + 2)
  Composed map: (d0, d1, d2) -> (d2 + 1, d1 + 1, d0 + 2)
  Final lgMap: (d0, d1, d2) -> (d2 + 1, d1 + 1, d0 + 2)
=== getLinalgArgMap END ===

  Calling remap_in_affine_dim for input 5

=== remap_in_affine_dim ===
  oldmap: (d0, d1, d2) -> (d2 + 1, d1 + 1, d0 + 2)
  firstNDims: 3
  check_reduction (input): 0
  lower_bound_val: 1
  dimidx: -1
  check_reduction (output): 0
  new map (map2): (d0, d1, d2, d3) -> (d2 + 1, d1 + 1, d0 + 2)
  validDims: 3, validSims: 0
  Created SubmapOp with type: memref<?x?x?x?xf64>
=== remap_in_affine_dim END ===

  Input 6 indexing map: (d0, d1, d2) -> (d0, d1, d2)

=== getLinalgArgMap ===
  Initial lgMap: (d0, d1, d2) -> (d0, d1, d2)
  Found SubmapOp with map: (d0, d1, d2) -> (d2 + 1, d1 + 1, d0)
  Composed map: (d0, d1, d2) -> (d2 + 1, d1 + 1, d0)
  Final lgMap: (d0, d1, d2) -> (d2 + 1, d1 + 1, d0)
=== getLinalgArgMap END ===

  Calling remap_in_affine_dim for input 6

=== remap_in_affine_dim ===
  oldmap: (d0, d1, d2) -> (d2 + 1, d1 + 1, d0)
  firstNDims: 3
  check_reduction (input): 0
  lower_bound_val: 1
  dimidx: -1
  check_reduction (output): 0
  new map (map2): (d0, d1, d2, d3) -> (d2 + 1, d1 + 1, d0)
  validDims: 3, validSims: 0
  Created SubmapOp with type: memref<?x?x?x?xf64>
=== remap_in_affine_dim END ===

  Processing 1 outputs

=== getLinalgArgMap ===
  Initial lgMap: (d0, d1, d2) -> (d0, d1, d2)
  Found SubmapOp with map: (d0, d1, d2) -> (d2 + 1, d1 + 1, d0 + 1)
  Composed map: (d0, d1, d2) -> (d2 + 1, d1 + 1, d0 + 1)
  Final lgMap: (d0, d1, d2) -> (d2 + 1, d1 + 1, d0 + 1)
=== getLinalgArgMap END ===

  Calling remap_in_affine_dim for output 0

=== remap_in_affine_dim ===
  oldmap: (d0, d1, d2) -> (d2 + 1, d1 + 1, d0 + 1)
  firstNDims: 3
  check_reduction (input): 1
  lower_bound_val: 1
  dimidx: -1
  check_reduction (output): 1
  new map (map2): (d0, d1, d2, d3) -> (d2 + 1, d1 + 1, d0 + 1)
  validDims: 3, validSims: 0
  Created SubmapOp with type: memref<?x?x?x?xf64>
=== remap_in_affine_dim END ===


--- Processing Loads ---

--- Processing Stores ---
REJECTED: More than one linalg generic


========================================
=== AffineForOpRaising::matchAndRewrite ===
========================================
Processing loop:
affine.for %arg4 = 1 to 21 {
  %1 = affine.apply affine_map<()[s0] -> (s0 - 1)>()[%0]
  %2 = arith.subi %1, %c1 : index
  %3 = affine.apply affine_map<()[s0] -> (s0 - 1)>()[%0]
  %4 = arith.subi %3, %c1 : index
  %5 = affine.apply affine_map<()[s0] -> (s0 - 1)>()[%0]
  %6 = arith.subi %5, %c1 : index
  %7 = polygeist.submap(%arg2, %4, %6, %2) {map = affine_map<(d0, d1, d2) -> (d2 + 2, d1 + 1, d0 + 1)>} : (memref<?x10x10xf64>, index, index, index) -> memref<?x?x?xf64>
  %8 = affine.apply affine_map<()[s0] -> (s0 - 1)>()[%0]
  %9 = arith.subi %8, %c1 : index
  %10 = affine.apply affine_map<()[s0] -> (s0 - 1)>()[%0]
  %11 = arith.subi %10, %c1 : index
  %12 = polygeist.submap(%arg2, %9, %11, %2) {map = affine_map<(d0, d1, d2) -> (d2 + 1, d1 + 1, d0 + 1)>} : (memref<?x10x10xf64>, index, index, index) -> memref<?x?x?xf64>
  %13 = affine.apply affine_map<()[s0] -> (s0 - 1)>()[%0]
  %14 = arith.subi %13, %c1 : index
  %15 = affine.apply affine_map<()[s0] -> (s0 - 1)>()[%0]
  %16 = arith.subi %15, %c1 : index
  %17 = polygeist.submap(%arg2, %14, %16, %2) {map = affine_map<(d0, d1, d2) -> (d2, d1 + 1, d0 + 1)>} : (memref<?x10x10xf64>, index, index, index) -> memref<?x?x?xf64>
  %18 = affine.apply affine_map<()[s0] -> (s0 - 1)>()[%0]
  %19 = arith.subi %18, %c1 : index
  %20 = affine.apply affine_map<()[s0] -> (s0 - 1)>()[%0]
  %21 = arith.subi %20, %c1 : index
  %22 = polygeist.submap(%arg2, %19, %21, %2) {map = affine_map<(d0, d1, d2) -> (d2 + 1, d1 + 2, d0 + 1)>} : (memref<?x10x10xf64>, index, index, index) -> memref<?x?x?xf64>
  %23 = affine.apply affine_map<()[s0] -> (s0 - 1)>()[%0]
  %24 = arith.subi %23, %c1 : index
  %25 = affine.apply affine_map<()[s0] -> (s0 - 1)>()[%0]
  %26 = arith.subi %25, %c1 : index
  %27 = polygeist.submap(%arg2, %24, %26, %2) {map = affine_map<(d0, d1, d2) -> (d2 + 1, d1, d0 + 1)>} : (memref<?x10x10xf64>, index, index, index) -> memref<?x?x?xf64>
  %28 = affine.apply affine_map<()[s0] -> (s0 - 1)>()[%0]
  %29 = arith.subi %28, %c1 : index
  %30 = affine.apply affine_map<()[s0] -> (s0 - 1)>()[%0]
  %31 = arith.subi %30, %c1 : index
  %32 = polygeist.submap(%arg2, %29, %31, %2) {map = affine_map<(d0, d1, d2) -> (d2 + 1, d1 + 1, d0 + 2)>} : (memref<?x10x10xf64>, index, index, index) -> memref<?x?x?xf64>
  %33 = affine.apply affine_map<()[s0] -> (s0 - 1)>()[%0]
  %34 = arith.subi %33, %c1 : index
  %35 = affine.apply affine_map<()[s0] -> (s0 - 1)>()[%0]
  %36 = arith.subi %35, %c1 : index
  %37 = polygeist.submap(%arg2, %34, %36, %2) {map = affine_map<(d0, d1, d2) -> (d2 + 1, d1 + 1, d0)>} : (memref<?x10x10xf64>, index, index, index) -> memref<?x?x?xf64>
  %38 = affine.apply affine_map<()[s0] -> (s0 - 1)>()[%0]
  %39 = arith.subi %38, %c1 : index
  %40 = affine.apply affine_map<()[s0] -> (s0 - 1)>()[%0]
  %41 = arith.subi %40, %c1 : index
  %42 = polygeist.submap(%arg3, %39, %41, %2) {map = affine_map<(d0, d1, d2) -> (d2 + 1, d1 + 1, d0 + 1)>} : (memref<?x10x10xf64>, index, index, index) -> memref<?x?x?xf64>
  linalg.generic {indexing_maps = [affine_map<(d0, d1, d2) -> (d0, d1, d2)>, affine_map<(d0, d1, d2) -> (d0, d1, d2)>, affine_map<(d0, d1, d2) -> (d0, d1, d2)>, affine_map<(d0, d1, d2) -> (d0, d1, d2)>, affine_map<(d0, d1, d2) -> (d0, d1, d2)>, affine_map<(d0, d1, d2) -> (d0, d1, d2)>, affine_map<(d0, d1, d2) -> (d0, d1, d2)>, affine_map<(d0, d1, d2) -> (d0, d1, d2)>], iterator_types = ["parallel", "parallel", "parallel"]} ins(%7, %12, %17, %22, %27, %32, %37 : memref<?x?x?xf64>, memref<?x?x?xf64>, memref<?x?x?xf64>, memref<?x?x?xf64>, memref<?x?x?xf64>, memref<?x?x?xf64>, memref<?x?x?xf64>) outs(%42 : memref<?x?x?xf64>) {
  ^bb0(%in: f64, %in_1: f64, %in_2: f64, %in_3: f64, %in_4: f64, %in_5: f64, %in_6: f64, %out: f64):
    %85 = arith.mulf %in_1, %cst_0 : f64
    %86 = arith.subf %in, %85 : f64
    %87 = arith.addf %86, %in_2 : f64
    %88 = arith.mulf %87, %cst : f64
    %89 = arith.subf %in_3, %85 : f64
    %90 = arith.addf %89, %in_4 : f64
    %91 = arith.mulf %90, %cst : f64
    %92 = arith.addf %88, %91 : f64
    %93 = arith.subf %in_5, %85 : f64
    %94 = arith.addf %93, %in_6 : f64
    %95 = arith.mulf %94, %cst : f64
    %96 = arith.addf %92, %95 : f64
    %97 = arith.addf %96, %in_1 : f64
    linalg.yield %97 : f64
  }
  %43 = affine.apply affine_map<()[s0] -> (s0 - 1)>()[%0]
  %44 = arith.subi %43, %c1 : index
  %45 = affine.apply affine_map<()[s0] -> (s0 - 1)>()[%0]
  %46 = arith.subi %45, %c1 : index
  %47 = affine.apply affine_map<()[s0] -> (s0 - 1)>()[%0]
  %48 = arith.subi %47, %c1 : index
  %49 = polygeist.submap(%arg3, %46, %48, %44) {map = affine_map<(d0, d1, d2) -> (d2 + 2, d1 + 1, d0 + 1)>} : (memref<?x10x10xf64>, index, index, index) -> memref<?x?x?xf64>
  %50 = affine.apply affine_map<()[s0] -> (s0 - 1)>()[%0]
  %51 = arith.subi %50, %c1 : index
  %52 = affine.apply affine_map<()[s0] -> (s0 - 1)>()[%0]
  %53 = arith.subi %52, %c1 : index
  %54 = polygeist.submap(%arg3, %51, %53, %44) {map = affine_map<(d0, d1, d2) -> (d2 + 1, d1 + 1, d0 + 1)>} : (memref<?x10x10xf64>, index, index, index) -> memref<?x?x?xf64>
  %55 = affine.apply affine_map<()[s0] -> (s0 - 1)>()[%0]
  %56 = arith.subi %55, %c1 : index
  %57 = affine.apply affine_map<()[s0] -> (s0 - 1)>()[%0]
  %58 = arith.subi %57, %c1 : index
  %59 = polygeist.submap(%arg3, %56, %58, %44) {map = affine_map<(d0, d1, d2) -> (d2, d1 + 1, d0 + 1)>} : (memref<?x10x10xf64>, index, index, index) -> memref<?x?x?xf64>
  %60 = affine.apply affine_map<()[s0] -> (s0 - 1)>()[%0]
  %61 = arith.subi %60, %c1 : index
  %62 = affine.apply affine_map<()[s0] -> (s0 - 1)>()[%0]
  %63 = arith.subi %62, %c1 : index
  %64 = polygeist.submap(%arg3, %61, %63, %44) {map = affine_map<(d0, d1, d2) -> (d2 + 1, d1 + 2, d0 + 1)>} : (memref<?x10x10xf64>, index, index, index) -> memref<?x?x?xf64>
  %65 = affine.apply affine_map<()[s0] -> (s0 - 1)>()[%0]
  %66 = arith.subi %65, %c1 : index
  %67 = affine.apply affine_map<()[s0] -> (s0 - 1)>()[%0]
  %68 = arith.subi %67, %c1 : index
  %69 = polygeist.submap(%arg3, %66, %68, %44) {map = affine_map<(d0, d1, d2) -> (d2 + 1, d1, d0 + 1)>} : (memref<?x10x10xf64>, index, index, index) -> memref<?x?x?xf64>
  %70 = affine.apply affine_map<()[s0] -> (s0 - 1)>()[%0]
  %71 = arith.subi %70, %c1 : index
  %72 = affine.apply affine_map<()[s0] -> (s0 - 1)>()[%0]
  %73 = arith.subi %72, %c1 : index
  %74 = polygeist.submap(%arg3, %71, %73, %44) {map = affine_map<(d0, d1, d2) -> (d2 + 1, d1 + 1, d0 + 2)>} : (memref<?x10x10xf64>, index, index, index) -> memref<?x?x?xf64>
  %75 = affine.apply affine_map<()[s0] -> (s0 - 1)>()[%0]
  %76 = arith.subi %75, %c1 : index
  %77 = affine.apply affine_map<()[s0] -> (s0 - 1)>()[%0]
  %78 = arith.subi %77, %c1 : index
  %79 = polygeist.submap(%arg3, %76, %78, %44) {map = affine_map<(d0, d1, d2) -> (d2 + 1, d1 + 1, d0)>} : (memref<?x10x10xf64>, index, index, index) -> memref<?x?x?xf64>
  %80 = affine.apply affine_map<()[s0] -> (s0 - 1)>()[%0]
  %81 = arith.subi %80, %c1 : index
  %82 = affine.apply affine_map<()[s0] -> (s0 - 1)>()[%0]
  %83 = arith.subi %82, %c1 : index
  %84 = polygeist.submap(%arg2, %81, %83, %44) {map = affine_map<(d0, d1, d2) -> (d2 + 1, d1 + 1, d0 + 1)>} : (memref<?x10x10xf64>, index, index, index) -> memref<?x?x?xf64>
  linalg.generic {indexing_maps = [affine_map<(d0, d1, d2) -> (d0, d1, d2)>, affine_map<(d0, d1, d2) -> (d0, d1, d2)>, affine_map<(d0, d1, d2) -> (d0, d1, d2)>, affine_map<(d0, d1, d2) -> (d0, d1, d2)>, affine_map<(d0, d1, d2) -> (d0, d1, d2)>, affine_map<(d0, d1, d2) -> (d0, d1, d2)>, affine_map<(d0, d1, d2) -> (d0, d1, d2)>, affine_map<(d0, d1, d2) -> (d0, d1, d2)>], iterator_types = ["parallel", "parallel", "parallel"]} ins(%49, %54, %59, %64, %69, %74, %79 : memref<?x?x?xf64>, memref<?x?x?xf64>, memref<?x?x?xf64>, memref<?x?x?xf64>, memref<?x?x?xf64>, memref<?x?x?xf64>, memref<?x?x?xf64>) outs(%84 : memref<?x?x?xf64>) {
  ^bb0(%in: f64, %in_1: f64, %in_2: f64, %in_3: f64, %in_4: f64, %in_5: f64, %in_6: f64, %out: f64):
    %85 = arith.mulf %in_1, %cst_0 : f64
    %86 = arith.subf %in, %85 : f64
    %87 = arith.addf %86, %in_2 : f64
    %88 = arith.mulf %87, %cst : f64
    %89 = arith.subf %in_3, %85 : f64
    %90 = arith.addf %89, %in_4 : f64
    %91 = arith.mulf %90, %cst : f64
    %92 = arith.addf %88, %91 : f64
    %93 = arith.subf %in_5, %85 : f64
    %94 = arith.addf %93, %in_6 : f64
    %95 = arith.mulf %94, %cst : f64
    %96 = arith.addf %92, %95 : f64
    %97 = arith.addf %96, %in_1 : f64
    linalg.yield %97 : f64
  }
}

Pattern recognition complete:
  Loads: 0
  Stores: 0
  LinalgGenerics: 2

Loop bounds:
  lbMap: () -> (1)
  ubMap: () -> (21)

--- Processing Linalg Generics ---
Processing linalg.generic:
linalg.generic {indexing_maps = [affine_map<(d0, d1, d2) -> (d0, d1, d2)>, affine_map<(d0, d1, d2) -> (d0, d1, d2)>, affine_map<(d0, d1, d2) -> (d0, d1, d2)>, affine_map<(d0, d1, d2) -> (d0, d1, d2)>, affine_map<(d0, d1, d2) -> (d0, d1, d2)>, affine_map<(d0, d1, d2) -> (d0, d1, d2)>, affine_map<(d0, d1, d2) -> (d0, d1, d2)>, affine_map<(d0, d1, d2) -> (d0, d1, d2)>], iterator_types = ["parallel", "parallel", "parallel"]} ins(%10, %15, %20, %25, %30, %35, %40 : memref<?x?x?xf64>, memref<?x?x?xf64>, memref<?x?x?xf64>, memref<?x?x?xf64>, memref<?x?x?xf64>, memref<?x?x?xf64>, memref<?x?x?xf64>) outs(%45 : memref<?x?x?xf64>) {
^bb0(%in: f64, %in_1: f64, %in_2: f64, %in_3: f64, %in_4: f64, %in_5: f64, %in_6: f64, %out: f64):
  %88 = arith.mulf %in_1, %cst_0 : f64
  %89 = arith.subf %in, %88 : f64
  %90 = arith.addf %89, %in_2 : f64
  %91 = arith.mulf %90, %cst : f64
  %92 = arith.subf %in_3, %88 : f64
  %93 = arith.addf %92, %in_4 : f64
  %94 = arith.mulf %93, %cst : f64
  %95 = arith.addf %91, %94 : f64
  %96 = arith.subf %in_5, %88 : f64
  %97 = arith.addf %96, %in_6 : f64
  %98 = arith.mulf %97, %cst : f64
  %99 = arith.addf %95, %98 : f64
  %100 = arith.addf %99, %in_1 : f64
  linalg.yield %100 : f64
}
  Processing 7 inputs
  Input 0 indexing map: (d0, d1, d2) -> (d0, d1, d2)

=== getLinalgArgMap ===
  Initial lgMap: (d0, d1, d2) -> (d0, d1, d2)
  Found SubmapOp with map: (d0, d1, d2) -> (d2 + 2, d1 + 1, d0 + 1)
  Composed map: (d0, d1, d2) -> (d2 + 2, d1 + 1, d0 + 1)
  Final lgMap: (d0, d1, d2) -> (d2 + 2, d1 + 1, d0 + 1)
=== getLinalgArgMap END ===

  Calling remap_in_affine_dim for input 0

=== remap_in_affine_dim ===
  oldmap: (d0, d1, d2) -> (d2 + 2, d1 + 1, d0 + 1)
  firstNDims: 3
  check_reduction (input): 0
  lower_bound_val: 1
  dimidx: -1
  check_reduction (output): 0
  new map (map2): (d0, d1, d2, d3) -> (d2 + 2, d1 + 1, d0 + 1)
  validDims: 3, validSims: 0
  Created SubmapOp with type: memref<?x?x?x?xf64>
=== remap_in_affine_dim END ===

  Input 1 indexing map: (d0, d1, d2) -> (d0, d1, d2)

=== getLinalgArgMap ===
  Initial lgMap: (d0, d1, d2) -> (d0, d1, d2)
  Found SubmapOp with map: (d0, d1, d2) -> (d2 + 1, d1 + 1, d0 + 1)
  Composed map: (d0, d1, d2) -> (d2 + 1, d1 + 1, d0 + 1)
  Final lgMap: (d0, d1, d2) -> (d2 + 1, d1 + 1, d0 + 1)
=== getLinalgArgMap END ===

  Calling remap_in_affine_dim for input 1

=== remap_in_affine_dim ===
  oldmap: (d0, d1, d2) -> (d2 + 1, d1 + 1, d0 + 1)
  firstNDims: 3
  check_reduction (input): 0
  lower_bound_val: 1
  dimidx: -1
  check_reduction (output): 0
  new map (map2): (d0, d1, d2, d3) -> (d2 + 1, d1 + 1, d0 + 1)
  validDims: 3, validSims: 0
  Created SubmapOp with type: memref<?x?x?x?xf64>
=== remap_in_affine_dim END ===

  Input 2 indexing map: (d0, d1, d2) -> (d0, d1, d2)

=== getLinalgArgMap ===
  Initial lgMap: (d0, d1, d2) -> (d0, d1, d2)
  Found SubmapOp with map: (d0, d1, d2) -> (d2, d1 + 1, d0 + 1)
  Composed map: (d0, d1, d2) -> (d2, d1 + 1, d0 + 1)
  Final lgMap: (d0, d1, d2) -> (d2, d1 + 1, d0 + 1)
=== getLinalgArgMap END ===

  Calling remap_in_affine_dim for input 2

=== remap_in_affine_dim ===
  oldmap: (d0, d1, d2) -> (d2, d1 + 1, d0 + 1)
  firstNDims: 3
  check_reduction (input): 0
  lower_bound_val: 1
  dimidx: -1
  check_reduction (output): 0
  new map (map2): (d0, d1, d2, d3) -> (d2, d1 + 1, d0 + 1)
  validDims: 3, validSims: 0
  Created SubmapOp with type: memref<?x?x?x?xf64>
=== remap_in_affine_dim END ===

  Input 3 indexing map: (d0, d1, d2) -> (d0, d1, d2)

=== getLinalgArgMap ===
  Initial lgMap: (d0, d1, d2) -> (d0, d1, d2)
  Found SubmapOp with map: (d0, d1, d2) -> (d2 + 1, d1 + 2, d0 + 1)
  Composed map: (d0, d1, d2) -> (d2 + 1, d1 + 2, d0 + 1)
  Final lgMap: (d0, d1, d2) -> (d2 + 1, d1 + 2, d0 + 1)
=== getLinalgArgMap END ===

  Calling remap_in_affine_dim for input 3

=== remap_in_affine_dim ===
  oldmap: (d0, d1, d2) -> (d2 + 1, d1 + 2, d0 + 1)
  firstNDims: 3
  check_reduction (input): 0
  lower_bound_val: 1
  dimidx: -1
  check_reduction (output): 0
  new map (map2): (d0, d1, d2, d3) -> (d2 + 1, d1 + 2, d0 + 1)
  validDims: 3, validSims: 0
  Created SubmapOp with type: memref<?x?x?x?xf64>
=== remap_in_affine_dim END ===

  Input 4 indexing map: (d0, d1, d2) -> (d0, d1, d2)

=== getLinalgArgMap ===
  Initial lgMap: (d0, d1, d2) -> (d0, d1, d2)
  Found SubmapOp with map: (d0, d1, d2) -> (d2 + 1, d1, d0 + 1)
  Composed map: (d0, d1, d2) -> (d2 + 1, d1, d0 + 1)
  Final lgMap: (d0, d1, d2) -> (d2 + 1, d1, d0 + 1)
=== getLinalgArgMap END ===

  Calling remap_in_affine_dim for input 4

=== remap_in_affine_dim ===
  oldmap: (d0, d1, d2) -> (d2 + 1, d1, d0 + 1)
  firstNDims: 3
  check_reduction (input): 0
  lower_bound_val: 1
  dimidx: -1
  check_reduction (output): 0
  new map (map2): (d0, d1, d2, d3) -> (d2 + 1, d1, d0 + 1)
  validDims: 3, validSims: 0
  Created SubmapOp with type: memref<?x?x?x?xf64>
=== remap_in_affine_dim END ===

  Input 5 indexing map: (d0, d1, d2) -> (d0, d1, d2)

=== getLinalgArgMap ===
  Initial lgMap: (d0, d1, d2) -> (d0, d1, d2)
  Found SubmapOp with map: (d0, d1, d2) -> (d2 + 1, d1 + 1, d0 + 2)
  Composed map: (d0, d1, d2) -> (d2 + 1, d1 + 1, d0 + 2)
  Final lgMap: (d0, d1, d2) -> (d2 + 1, d1 + 1, d0 + 2)
=== getLinalgArgMap END ===

  Calling remap_in_affine_dim for input 5

=== remap_in_affine_dim ===
  oldmap: (d0, d1, d2) -> (d2 + 1, d1 + 1, d0 + 2)
  firstNDims: 3
  check_reduction (input): 0
  lower_bound_val: 1
  dimidx: -1
  check_reduction (output): 0
  new map (map2): (d0, d1, d2, d3) -> (d2 + 1, d1 + 1, d0 + 2)
  validDims: 3, validSims: 0
  Created SubmapOp with type: memref<?x?x?x?xf64>
=== remap_in_affine_dim END ===

  Input 6 indexing map: (d0, d1, d2) -> (d0, d1, d2)

=== getLinalgArgMap ===
  Initial lgMap: (d0, d1, d2) -> (d0, d1, d2)
  Found SubmapOp with map: (d0, d1, d2) -> (d2 + 1, d1 + 1, d0)
  Composed map: (d0, d1, d2) -> (d2 + 1, d1 + 1, d0)
  Final lgMap: (d0, d1, d2) -> (d2 + 1, d1 + 1, d0)
=== getLinalgArgMap END ===

  Calling remap_in_affine_dim for input 6

=== remap_in_affine_dim ===
  oldmap: (d0, d1, d2) -> (d2 + 1, d1 + 1, d0)
  firstNDims: 3
  check_reduction (input): 0
  lower_bound_val: 1
  dimidx: -1
  check_reduction (output): 0
  new map (map2): (d0, d1, d2, d3) -> (d2 + 1, d1 + 1, d0)
  validDims: 3, validSims: 0
  Created SubmapOp with type: memref<?x?x?x?xf64>
=== remap_in_affine_dim END ===

  Processing 1 outputs

=== getLinalgArgMap ===
  Initial lgMap: (d0, d1, d2) -> (d0, d1, d2)
  Found SubmapOp with map: (d0, d1, d2) -> (d2 + 1, d1 + 1, d0 + 1)
  Composed map: (d0, d1, d2) -> (d2 + 1, d1 + 1, d0 + 1)
  Final lgMap: (d0, d1, d2) -> (d2 + 1, d1 + 1, d0 + 1)
=== getLinalgArgMap END ===

  Calling remap_in_affine_dim for output 0

=== remap_in_affine_dim ===
  oldmap: (d0, d1, d2) -> (d2 + 1, d1 + 1, d0 + 1)
  firstNDims: 3
  check_reduction (input): 1
  lower_bound_val: 1
  dimidx: -1
  check_reduction (output): 1
  new map (map2): (d0, d1, d2, d3) -> (d2 + 1, d1 + 1, d0 + 1)
  validDims: 3, validSims: 0
  Created SubmapOp with type: memref<?x?x?x?xf64>
=== remap_in_affine_dim END ===

Processing linalg.generic:
linalg.generic {indexing_maps = [affine_map<(d0, d1, d2) -> (d0, d1, d2)>, affine_map<(d0, d1, d2) -> (d0, d1, d2)>, affine_map<(d0, d1, d2) -> (d0, d1, d2)>, affine_map<(d0, d1, d2) -> (d0, d1, d2)>, affine_map<(d0, d1, d2) -> (d0, d1, d2)>, affine_map<(d0, d1, d2) -> (d0, d1, d2)>, affine_map<(d0, d1, d2) -> (d0, d1, d2)>, affine_map<(d0, d1, d2) -> (d0, d1, d2)>], iterator_types = ["parallel", "parallel", "parallel"]} ins(%108, %113, %118, %123, %128, %133, %138 : memref<?x?x?xf64>, memref<?x?x?xf64>, memref<?x?x?xf64>, memref<?x?x?xf64>, memref<?x?x?xf64>, memref<?x?x?xf64>, memref<?x?x?xf64>) outs(%143 : memref<?x?x?xf64>) {
^bb0(%in: f64, %in_1: f64, %in_2: f64, %in_3: f64, %in_4: f64, %in_5: f64, %in_6: f64, %out: f64):
  %144 = arith.mulf %in_1, %cst_0 : f64
  %145 = arith.subf %in, %144 : f64
  %146 = arith.addf %145, %in_2 : f64
  %147 = arith.mulf %146, %cst : f64
  %148 = arith.subf %in_3, %144 : f64
  %149 = arith.addf %148, %in_4 : f64
  %150 = arith.mulf %149, %cst : f64
  %151 = arith.addf %147, %150 : f64
  %152 = arith.subf %in_5, %144 : f64
  %153 = arith.addf %152, %in_6 : f64
  %154 = arith.mulf %153, %cst : f64
  %155 = arith.addf %151, %154 : f64
  %156 = arith.addf %155, %in_1 : f64
  linalg.yield %156 : f64
}
  Processing 7 inputs
  Input 0 indexing map: (d0, d1, d2) -> (d0, d1, d2)

=== getLinalgArgMap ===
  Initial lgMap: (d0, d1, d2) -> (d0, d1, d2)
  Found SubmapOp with map: (d0, d1, d2) -> (d2 + 2, d1 + 1, d0 + 1)
  Composed map: (d0, d1, d2) -> (d2 + 2, d1 + 1, d0 + 1)
  Final lgMap: (d0, d1, d2) -> (d2 + 2, d1 + 1, d0 + 1)
=== getLinalgArgMap END ===

  Calling remap_in_affine_dim for input 0

=== remap_in_affine_dim ===
  oldmap: (d0, d1, d2) -> (d2 + 2, d1 + 1, d0 + 1)
  firstNDims: 3
  check_reduction (input): 0
  lower_bound_val: 1
  dimidx: -1
  check_reduction (output): 0
  new map (map2): (d0, d1, d2, d3) -> (d2 + 2, d1 + 1, d0 + 1)
  validDims: 3, validSims: 0
  Created SubmapOp with type: memref<?x?x?x?xf64>
=== remap_in_affine_dim END ===

  Input 1 indexing map: (d0, d1, d2) -> (d0, d1, d2)

=== getLinalgArgMap ===
  Initial lgMap: (d0, d1, d2) -> (d0, d1, d2)
  Found SubmapOp with map: (d0, d1, d2) -> (d2 + 1, d1 + 1, d0 + 1)
  Composed map: (d0, d1, d2) -> (d2 + 1, d1 + 1, d0 + 1)
  Final lgMap: (d0, d1, d2) -> (d2 + 1, d1 + 1, d0 + 1)
=== getLinalgArgMap END ===

  Calling remap_in_affine_dim for input 1

=== remap_in_affine_dim ===
  oldmap: (d0, d1, d2) -> (d2 + 1, d1 + 1, d0 + 1)
  firstNDims: 3
  check_reduction (input): 0
  lower_bound_val: 1
  dimidx: -1
  check_reduction (output): 0
  new map (map2): (d0, d1, d2, d3) -> (d2 + 1, d1 + 1, d0 + 1)
  validDims: 3, validSims: 0
  Created SubmapOp with type: memref<?x?x?x?xf64>
=== remap_in_affine_dim END ===

  Input 2 indexing map: (d0, d1, d2) -> (d0, d1, d2)

=== getLinalgArgMap ===
  Initial lgMap: (d0, d1, d2) -> (d0, d1, d2)
  Found SubmapOp with map: (d0, d1, d2) -> (d2, d1 + 1, d0 + 1)
  Composed map: (d0, d1, d2) -> (d2, d1 + 1, d0 + 1)
  Final lgMap: (d0, d1, d2) -> (d2, d1 + 1, d0 + 1)
=== getLinalgArgMap END ===

  Calling remap_in_affine_dim for input 2

=== remap_in_affine_dim ===
  oldmap: (d0, d1, d2) -> (d2, d1 + 1, d0 + 1)
  firstNDims: 3
  check_reduction (input): 0
  lower_bound_val: 1
  dimidx: -1
  check_reduction (output): 0
  new map (map2): (d0, d1, d2, d3) -> (d2, d1 + 1, d0 + 1)
  validDims: 3, validSims: 0
  Created SubmapOp with type: memref<?x?x?x?xf64>
=== remap_in_affine_dim END ===

  Input 3 indexing map: (d0, d1, d2) -> (d0, d1, d2)

=== getLinalgArgMap ===
  Initial lgMap: (d0, d1, d2) -> (d0, d1, d2)
  Found SubmapOp with map: (d0, d1, d2) -> (d2 + 1, d1 + 2, d0 + 1)
  Composed map: (d0, d1, d2) -> (d2 + 1, d1 + 2, d0 + 1)
  Final lgMap: (d0, d1, d2) -> (d2 + 1, d1 + 2, d0 + 1)
=== getLinalgArgMap END ===

  Calling remap_in_affine_dim for input 3

=== remap_in_affine_dim ===
  oldmap: (d0, d1, d2) -> (d2 + 1, d1 + 2, d0 + 1)
  firstNDims: 3
  check_reduction (input): 0
  lower_bound_val: 1
  dimidx: -1
  check_reduction (output): 0
  new map (map2): (d0, d1, d2, d3) -> (d2 + 1, d1 + 2, d0 + 1)
  validDims: 3, validSims: 0
  Created SubmapOp with type: memref<?x?x?x?xf64>
=== remap_in_affine_dim END ===

  Input 4 indexing map: (d0, d1, d2) -> (d0, d1, d2)

=== getLinalgArgMap ===
  Initial lgMap: (d0, d1, d2) -> (d0, d1, d2)
  Found SubmapOp with map: (d0, d1, d2) -> (d2 + 1, d1, d0 + 1)
  Composed map: (d0, d1, d2) -> (d2 + 1, d1, d0 + 1)
  Final lgMap: (d0, d1, d2) -> (d2 + 1, d1, d0 + 1)
=== getLinalgArgMap END ===

  Calling remap_in_affine_dim for input 4

=== remap_in_affine_dim ===
  oldmap: (d0, d1, d2) -> (d2 + 1, d1, d0 + 1)
  firstNDims: 3
  check_reduction (input): 0
  lower_bound_val: 1
  dimidx: -1
  check_reduction (output): 0
  new map (map2): (d0, d1, d2, d3) -> (d2 + 1, d1, d0 + 1)
  validDims: 3, validSims: 0
  Created SubmapOp with type: memref<?x?x?x?xf64>
=== remap_in_affine_dim END ===

  Input 5 indexing map: (d0, d1, d2) -> (d0, d1, d2)

=== getLinalgArgMap ===
  Initial lgMap: (d0, d1, d2) -> (d0, d1, d2)
  Found SubmapOp with map: (d0, d1, d2) -> (d2 + 1, d1 + 1, d0 + 2)
  Composed map: (d0, d1, d2) -> (d2 + 1, d1 + 1, d0 + 2)
  Final lgMap: (d0, d1, d2) -> (d2 + 1, d1 + 1, d0 + 2)
=== getLinalgArgMap END ===

  Calling remap_in_affine_dim for input 5

=== remap_in_affine_dim ===
  oldmap: (d0, d1, d2) -> (d2 + 1, d1 + 1, d0 + 2)
  firstNDims: 3
  check_reduction (input): 0
  lower_bound_val: 1
  dimidx: -1
  check_reduction (output): 0
  new map (map2): (d0, d1, d2, d3) -> (d2 + 1, d1 + 1, d0 + 2)
  validDims: 3, validSims: 0
  Created SubmapOp with type: memref<?x?x?x?xf64>
=== remap_in_affine_dim END ===

  Input 6 indexing map: (d0, d1, d2) -> (d0, d1, d2)

=== getLinalgArgMap ===
  Initial lgMap: (d0, d1, d2) -> (d0, d1, d2)
  Found SubmapOp with map: (d0, d1, d2) -> (d2 + 1, d1 + 1, d0)
  Composed map: (d0, d1, d2) -> (d2 + 1, d1 + 1, d0)
  Final lgMap: (d0, d1, d2) -> (d2 + 1, d1 + 1, d0)
=== getLinalgArgMap END ===

  Calling remap_in_affine_dim for input 6

=== remap_in_affine_dim ===
  oldmap: (d0, d1, d2) -> (d2 + 1, d1 + 1, d0)
  firstNDims: 3
  check_reduction (input): 0
  lower_bound_val: 1
  dimidx: -1
  check_reduction (output): 0
  new map (map2): (d0, d1, d2, d3) -> (d2 + 1, d1 + 1, d0)
  validDims: 3, validSims: 0
  Created SubmapOp with type: memref<?x?x?x?xf64>
=== remap_in_affine_dim END ===

  Processing 1 outputs

=== getLinalgArgMap ===
  Initial lgMap: (d0, d1, d2) -> (d0, d1, d2)
  Found SubmapOp with map: (d0, d1, d2) -> (d2 + 1, d1 + 1, d0 + 1)
  Composed map: (d0, d1, d2) -> (d2 + 1, d1 + 1, d0 + 1)
  Final lgMap: (d0, d1, d2) -> (d2 + 1, d1 + 1, d0 + 1)
=== getLinalgArgMap END ===

  Calling remap_in_affine_dim for output 0

=== remap_in_affine_dim ===
  oldmap: (d0, d1, d2) -> (d2 + 1, d1 + 1, d0 + 1)
  firstNDims: 3
  check_reduction (input): 1
  lower_bound_val: 1
  dimidx: -1
  check_reduction (output): 1
  new map (map2): (d0, d1, d2, d3) -> (d2 + 1, d1 + 1, d0 + 1)
  validDims: 3, validSims: 0
  Created SubmapOp with type: memref<?x?x?x?xf64>
=== remap_in_affine_dim END ===


--- Processing Loads ---

--- Processing Stores ---
REJECTED: More than one linalg generic


========================================
=== AffineForOpRaising::matchAndRewrite ===
========================================
Processing loop:
affine.for %arg4 = 1 to 21 {
  %1 = affine.apply affine_map<()[s0] -> (s0 - 1)>()[%0]
  %2 = arith.subi %1, %c1 : index
  %3 = affine.apply affine_map<()[s0] -> (s0 - 1)>()[%0]
  %4 = arith.subi %3, %c1 : index
  %5 = affine.apply affine_map<()[s0] -> (s0 - 1)>()[%0]
  %6 = arith.subi %5, %c1 : index
  %7 = polygeist.submap(%arg2, %4, %6, %2) {map = affine_map<(d0, d1, d2) -> (d2 + 2, d1 + 1, d0 + 1)>} : (memref<?x10x10xf64>, index, index, index) -> memref<?x?x?xf64>
  %8 = affine.apply affine_map<()[s0] -> (s0 - 1)>()[%0]
  %9 = arith.subi %8, %c1 : index
  %10 = affine.apply affine_map<()[s0] -> (s0 - 1)>()[%0]
  %11 = arith.subi %10, %c1 : index
  %12 = polygeist.submap(%arg2, %9, %11, %2) {map = affine_map<(d0, d1, d2) -> (d2 + 1, d1 + 1, d0 + 1)>} : (memref<?x10x10xf64>, index, index, index) -> memref<?x?x?xf64>
  %13 = affine.apply affine_map<()[s0] -> (s0 - 1)>()[%0]
  %14 = arith.subi %13, %c1 : index
  %15 = affine.apply affine_map<()[s0] -> (s0 - 1)>()[%0]
  %16 = arith.subi %15, %c1 : index
  %17 = polygeist.submap(%arg2, %14, %16, %2) {map = affine_map<(d0, d1, d2) -> (d2, d1 + 1, d0 + 1)>} : (memref<?x10x10xf64>, index, index, index) -> memref<?x?x?xf64>
  %18 = affine.apply affine_map<()[s0] -> (s0 - 1)>()[%0]
  %19 = arith.subi %18, %c1 : index
  %20 = affine.apply affine_map<()[s0] -> (s0 - 1)>()[%0]
  %21 = arith.subi %20, %c1 : index
  %22 = polygeist.submap(%arg2, %19, %21, %2) {map = affine_map<(d0, d1, d2) -> (d2 + 1, d1 + 2, d0 + 1)>} : (memref<?x10x10xf64>, index, index, index) -> memref<?x?x?xf64>
  %23 = affine.apply affine_map<()[s0] -> (s0 - 1)>()[%0]
  %24 = arith.subi %23, %c1 : index
  %25 = affine.apply affine_map<()[s0] -> (s0 - 1)>()[%0]
  %26 = arith.subi %25, %c1 : index
  %27 = polygeist.submap(%arg2, %24, %26, %2) {map = affine_map<(d0, d1, d2) -> (d2 + 1, d1, d0 + 1)>} : (memref<?x10x10xf64>, index, index, index) -> memref<?x?x?xf64>
  %28 = affine.apply affine_map<()[s0] -> (s0 - 1)>()[%0]
  %29 = arith.subi %28, %c1 : index
  %30 = affine.apply affine_map<()[s0] -> (s0 - 1)>()[%0]
  %31 = arith.subi %30, %c1 : index
  %32 = polygeist.submap(%arg2, %29, %31, %2) {map = affine_map<(d0, d1, d2) -> (d2 + 1, d1 + 1, d0 + 2)>} : (memref<?x10x10xf64>, index, index, index) -> memref<?x?x?xf64>
  %33 = affine.apply affine_map<()[s0] -> (s0 - 1)>()[%0]
  %34 = arith.subi %33, %c1 : index
  %35 = affine.apply affine_map<()[s0] -> (s0 - 1)>()[%0]
  %36 = arith.subi %35, %c1 : index
  %37 = polygeist.submap(%arg2, %34, %36, %2) {map = affine_map<(d0, d1, d2) -> (d2 + 1, d1 + 1, d0)>} : (memref<?x10x10xf64>, index, index, index) -> memref<?x?x?xf64>
  %38 = affine.apply affine_map<()[s0] -> (s0 - 1)>()[%0]
  %39 = arith.subi %38, %c1 : index
  %40 = affine.apply affine_map<()[s0] -> (s0 - 1)>()[%0]
  %41 = arith.subi %40, %c1 : index
  %42 = polygeist.submap(%arg3, %39, %41, %2) {map = affine_map<(d0, d1, d2) -> (d2 + 1, d1 + 1, d0 + 1)>} : (memref<?x10x10xf64>, index, index, index) -> memref<?x?x?xf64>
  linalg.generic {indexing_maps = [affine_map<(d0, d1, d2) -> (d0, d1, d2)>, affine_map<(d0, d1, d2) -> (d0, d1, d2)>, affine_map<(d0, d1, d2) -> (d0, d1, d2)>, affine_map<(d0, d1, d2) -> (d0, d1, d2)>, affine_map<(d0, d1, d2) -> (d0, d1, d2)>, affine_map<(d0, d1, d2) -> (d0, d1, d2)>, affine_map<(d0, d1, d2) -> (d0, d1, d2)>, affine_map<(d0, d1, d2) -> (d0, d1, d2)>], iterator_types = ["parallel", "parallel", "parallel"]} ins(%7, %12, %17, %22, %27, %32, %37 : memref<?x?x?xf64>, memref<?x?x?xf64>, memref<?x?x?xf64>, memref<?x?x?xf64>, memref<?x?x?xf64>, memref<?x?x?xf64>, memref<?x?x?xf64>) outs(%42 : memref<?x?x?xf64>) {
  ^bb0(%in: f64, %in_1: f64, %in_2: f64, %in_3: f64, %in_4: f64, %in_5: f64, %in_6: f64, %out: f64):
    %85 = arith.mulf %in_1, %cst_0 : f64
    %86 = arith.subf %in, %85 : f64
    %87 = arith.addf %86, %in_2 : f64
    %88 = arith.mulf %87, %cst : f64
    %89 = arith.subf %in_3, %85 : f64
    %90 = arith.addf %89, %in_4 : f64
    %91 = arith.mulf %90, %cst : f64
    %92 = arith.addf %88, %91 : f64
    %93 = arith.subf %in_5, %85 : f64
    %94 = arith.addf %93, %in_6 : f64
    %95 = arith.mulf %94, %cst : f64
    %96 = arith.addf %92, %95 : f64
    %97 = arith.addf %96, %in_1 : f64
    linalg.yield %97 : f64
  }
  %43 = affine.apply affine_map<()[s0] -> (s0 - 1)>()[%0]
  %44 = arith.subi %43, %c1 : index
  %45 = affine.apply affine_map<()[s0] -> (s0 - 1)>()[%0]
  %46 = arith.subi %45, %c1 : index
  %47 = affine.apply affine_map<()[s0] -> (s0 - 1)>()[%0]
  %48 = arith.subi %47, %c1 : index
  %49 = polygeist.submap(%arg3, %46, %48, %44) {map = affine_map<(d0, d1, d2) -> (d2 + 2, d1 + 1, d0 + 1)>} : (memref<?x10x10xf64>, index, index, index) -> memref<?x?x?xf64>
  %50 = affine.apply affine_map<()[s0] -> (s0 - 1)>()[%0]
  %51 = arith.subi %50, %c1 : index
  %52 = affine.apply affine_map<()[s0] -> (s0 - 1)>()[%0]
  %53 = arith.subi %52, %c1 : index
  %54 = polygeist.submap(%arg3, %51, %53, %44) {map = affine_map<(d0, d1, d2) -> (d2 + 1, d1 + 1, d0 + 1)>} : (memref<?x10x10xf64>, index, index, index) -> memref<?x?x?xf64>
  %55 = affine.apply affine_map<()[s0] -> (s0 - 1)>()[%0]
  %56 = arith.subi %55, %c1 : index
  %57 = affine.apply affine_map<()[s0] -> (s0 - 1)>()[%0]
  %58 = arith.subi %57, %c1 : index
  %59 = polygeist.submap(%arg3, %56, %58, %44) {map = affine_map<(d0, d1, d2) -> (d2, d1 + 1, d0 + 1)>} : (memref<?x10x10xf64>, index, index, index) -> memref<?x?x?xf64>
  %60 = affine.apply affine_map<()[s0] -> (s0 - 1)>()[%0]
  %61 = arith.subi %60, %c1 : index
  %62 = affine.apply affine_map<()[s0] -> (s0 - 1)>()[%0]
  %63 = arith.subi %62, %c1 : index
  %64 = polygeist.submap(%arg3, %61, %63, %44) {map = affine_map<(d0, d1, d2) -> (d2 + 1, d1 + 2, d0 + 1)>} : (memref<?x10x10xf64>, index, index, index) -> memref<?x?x?xf64>
  %65 = affine.apply affine_map<()[s0] -> (s0 - 1)>()[%0]
  %66 = arith.subi %65, %c1 : index
  %67 = affine.apply affine_map<()[s0] -> (s0 - 1)>()[%0]
  %68 = arith.subi %67, %c1 : index
  %69 = polygeist.submap(%arg3, %66, %68, %44) {map = affine_map<(d0, d1, d2) -> (d2 + 1, d1, d0 + 1)>} : (memref<?x10x10xf64>, index, index, index) -> memref<?x?x?xf64>
  %70 = affine.apply affine_map<()[s0] -> (s0 - 1)>()[%0]
  %71 = arith.subi %70, %c1 : index
  %72 = affine.apply affine_map<()[s0] -> (s0 - 1)>()[%0]
  %73 = arith.subi %72, %c1 : index
  %74 = polygeist.submap(%arg3, %71, %73, %44) {map = affine_map<(d0, d1, d2) -> (d2 + 1, d1 + 1, d0 + 2)>} : (memref<?x10x10xf64>, index, index, index) -> memref<?x?x?xf64>
  %75 = affine.apply affine_map<()[s0] -> (s0 - 1)>()[%0]
  %76 = arith.subi %75, %c1 : index
  %77 = affine.apply affine_map<()[s0] -> (s0 - 1)>()[%0]
  %78 = arith.subi %77, %c1 : index
  %79 = polygeist.submap(%arg3, %76, %78, %44) {map = affine_map<(d0, d1, d2) -> (d2 + 1, d1 + 1, d0)>} : (memref<?x10x10xf64>, index, index, index) -> memref<?x?x?xf64>
  %80 = affine.apply affine_map<()[s0] -> (s0 - 1)>()[%0]
  %81 = arith.subi %80, %c1 : index
  %82 = affine.apply affine_map<()[s0] -> (s0 - 1)>()[%0]
  %83 = arith.subi %82, %c1 : index
  %84 = polygeist.submap(%arg2, %81, %83, %44) {map = affine_map<(d0, d1, d2) -> (d2 + 1, d1 + 1, d0 + 1)>} : (memref<?x10x10xf64>, index, index, index) -> memref<?x?x?xf64>
  linalg.generic {indexing_maps = [affine_map<(d0, d1, d2) -> (d0, d1, d2)>, affine_map<(d0, d1, d2) -> (d0, d1, d2)>, affine_map<(d0, d1, d2) -> (d0, d1, d2)>, affine_map<(d0, d1, d2) -> (d0, d1, d2)>, affine_map<(d0, d1, d2) -> (d0, d1, d2)>, affine_map<(d0, d1, d2) -> (d0, d1, d2)>, affine_map<(d0, d1, d2) -> (d0, d1, d2)>, affine_map<(d0, d1, d2) -> (d0, d1, d2)>], iterator_types = ["parallel", "parallel", "parallel"]} ins(%49, %54, %59, %64, %69, %74, %79 : memref<?x?x?xf64>, memref<?x?x?xf64>, memref<?x?x?xf64>, memref<?x?x?xf64>, memref<?x?x?xf64>, memref<?x?x?xf64>, memref<?x?x?xf64>) outs(%84 : memref<?x?x?xf64>) {
  ^bb0(%in: f64, %in_1: f64, %in_2: f64, %in_3: f64, %in_4: f64, %in_5: f64, %in_6: f64, %out: f64):
    %85 = arith.mulf %in_1, %cst_0 : f64
    %86 = arith.subf %in, %85 : f64
    %87 = arith.addf %86, %in_2 : f64
    %88 = arith.mulf %87, %cst : f64
    %89 = arith.subf %in_3, %85 : f64
    %90 = arith.addf %89, %in_4 : f64
    %91 = arith.mulf %90, %cst : f64
    %92 = arith.addf %88, %91 : f64
    %93 = arith.subf %in_5, %85 : f64
    %94 = arith.addf %93, %in_6 : f64
    %95 = arith.mulf %94, %cst : f64
    %96 = arith.addf %92, %95 : f64
    %97 = arith.addf %96, %in_1 : f64
    linalg.yield %97 : f64
  }
}

Pattern recognition complete:
  Loads: 0
  Stores: 0
  LinalgGenerics: 2

Loop bounds:
  lbMap: () -> (1)
  ubMap: () -> (21)

--- Processing Linalg Generics ---
Processing linalg.generic:
linalg.generic {indexing_maps = [affine_map<(d0, d1, d2) -> (d0, d1, d2)>, affine_map<(d0, d1, d2) -> (d0, d1, d2)>, affine_map<(d0, d1, d2) -> (d0, d1, d2)>, affine_map<(d0, d1, d2) -> (d0, d1, d2)>, affine_map<(d0, d1, d2) -> (d0, d1, d2)>, affine_map<(d0, d1, d2) -> (d0, d1, d2)>, affine_map<(d0, d1, d2) -> (d0, d1, d2)>, affine_map<(d0, d1, d2) -> (d0, d1, d2)>], iterator_types = ["parallel", "parallel", "parallel"]} ins(%10, %15, %20, %25, %30, %35, %40 : memref<?x?x?xf64>, memref<?x?x?xf64>, memref<?x?x?xf64>, memref<?x?x?xf64>, memref<?x?x?xf64>, memref<?x?x?xf64>, memref<?x?x?xf64>) outs(%45 : memref<?x?x?xf64>) {
^bb0(%in: f64, %in_1: f64, %in_2: f64, %in_3: f64, %in_4: f64, %in_5: f64, %in_6: f64, %out: f64):
  %88 = arith.mulf %in_1, %cst_0 : f64
  %89 = arith.subf %in, %88 : f64
  %90 = arith.addf %89, %in_2 : f64
  %91 = arith.mulf %90, %cst : f64
  %92 = arith.subf %in_3, %88 : f64
  %93 = arith.addf %92, %in_4 : f64
  %94 = arith.mulf %93, %cst : f64
  %95 = arith.addf %91, %94 : f64
  %96 = arith.subf %in_5, %88 : f64
  %97 = arith.addf %96, %in_6 : f64
  %98 = arith.mulf %97, %cst : f64
  %99 = arith.addf %95, %98 : f64
  %100 = arith.addf %99, %in_1 : f64
  linalg.yield %100 : f64
}
  Processing 7 inputs
  Input 0 indexing map: (d0, d1, d2) -> (d0, d1, d2)

=== getLinalgArgMap ===
  Initial lgMap: (d0, d1, d2) -> (d0, d1, d2)
  Found SubmapOp with map: (d0, d1, d2) -> (d2 + 2, d1 + 1, d0 + 1)
  Composed map: (d0, d1, d2) -> (d2 + 2, d1 + 1, d0 + 1)
  Final lgMap: (d0, d1, d2) -> (d2 + 2, d1 + 1, d0 + 1)
=== getLinalgArgMap END ===

  Calling remap_in_affine_dim for input 0

=== remap_in_affine_dim ===
  oldmap: (d0, d1, d2) -> (d2 + 2, d1 + 1, d0 + 1)
  firstNDims: 3
  check_reduction (input): 0
  lower_bound_val: 1
  dimidx: -1
  check_reduction (output): 0
  new map (map2): (d0, d1, d2, d3) -> (d2 + 2, d1 + 1, d0 + 1)
  validDims: 3, validSims: 0
  Created SubmapOp with type: memref<?x?x?x?xf64>
=== remap_in_affine_dim END ===

  Input 1 indexing map: (d0, d1, d2) -> (d0, d1, d2)

=== getLinalgArgMap ===
  Initial lgMap: (d0, d1, d2) -> (d0, d1, d2)
  Found SubmapOp with map: (d0, d1, d2) -> (d2 + 1, d1 + 1, d0 + 1)
  Composed map: (d0, d1, d2) -> (d2 + 1, d1 + 1, d0 + 1)
  Final lgMap: (d0, d1, d2) -> (d2 + 1, d1 + 1, d0 + 1)
=== getLinalgArgMap END ===

  Calling remap_in_affine_dim for input 1

=== remap_in_affine_dim ===
  oldmap: (d0, d1, d2) -> (d2 + 1, d1 + 1, d0 + 1)
  firstNDims: 3
  check_reduction (input): 0
  lower_bound_val: 1
  dimidx: -1
  check_reduction (output): 0
  new map (map2): (d0, d1, d2, d3) -> (d2 + 1, d1 + 1, d0 + 1)
  validDims: 3, validSims: 0
  Created SubmapOp with type: memref<?x?x?x?xf64>
=== remap_in_affine_dim END ===

  Input 2 indexing map: (d0, d1, d2) -> (d0, d1, d2)

=== getLinalgArgMap ===
  Initial lgMap: (d0, d1, d2) -> (d0, d1, d2)
  Found SubmapOp with map: (d0, d1, d2) -> (d2, d1 + 1, d0 + 1)
  Composed map: (d0, d1, d2) -> (d2, d1 + 1, d0 + 1)
  Final lgMap: (d0, d1, d2) -> (d2, d1 + 1, d0 + 1)
=== getLinalgArgMap END ===

  Calling remap_in_affine_dim for input 2

=== remap_in_affine_dim ===
  oldmap: (d0, d1, d2) -> (d2, d1 + 1, d0 + 1)
  firstNDims: 3
  check_reduction (input): 0
  lower_bound_val: 1
  dimidx: -1
  check_reduction (output): 0
  new map (map2): (d0, d1, d2, d3) -> (d2, d1 + 1, d0 + 1)
  validDims: 3, validSims: 0
  Created SubmapOp with type: memref<?x?x?x?xf64>
=== remap_in_affine_dim END ===

  Input 3 indexing map: (d0, d1, d2) -> (d0, d1, d2)

=== getLinalgArgMap ===
  Initial lgMap: (d0, d1, d2) -> (d0, d1, d2)
  Found SubmapOp with map: (d0, d1, d2) -> (d2 + 1, d1 + 2, d0 + 1)
  Composed map: (d0, d1, d2) -> (d2 + 1, d1 + 2, d0 + 1)
  Final lgMap: (d0, d1, d2) -> (d2 + 1, d1 + 2, d0 + 1)
=== getLinalgArgMap END ===

  Calling remap_in_affine_dim for input 3

=== remap_in_affine_dim ===
  oldmap: (d0, d1, d2) -> (d2 + 1, d1 + 2, d0 + 1)
  firstNDims: 3
  check_reduction (input): 0
  lower_bound_val: 1
  dimidx: -1
  check_reduction (output): 0
  new map (map2): (d0, d1, d2, d3) -> (d2 + 1, d1 + 2, d0 + 1)
  validDims: 3, validSims: 0
  Created SubmapOp with type: memref<?x?x?x?xf64>
=== remap_in_affine_dim END ===

  Input 4 indexing map: (d0, d1, d2) -> (d0, d1, d2)

=== getLinalgArgMap ===
  Initial lgMap: (d0, d1, d2) -> (d0, d1, d2)
  Found SubmapOp with map: (d0, d1, d2) -> (d2 + 1, d1, d0 + 1)
  Composed map: (d0, d1, d2) -> (d2 + 1, d1, d0 + 1)
  Final lgMap: (d0, d1, d2) -> (d2 + 1, d1, d0 + 1)
=== getLinalgArgMap END ===

  Calling remap_in_affine_dim for input 4

=== remap_in_affine_dim ===
  oldmap: (d0, d1, d2) -> (d2 + 1, d1, d0 + 1)
  firstNDims: 3
  check_reduction (input): 0
  lower_bound_val: 1
  dimidx: -1
  check_reduction (output): 0
  new map (map2): (d0, d1, d2, d3) -> (d2 + 1, d1, d0 + 1)
  validDims: 3, validSims: 0
  Created SubmapOp with type: memref<?x?x?x?xf64>
=== remap_in_affine_dim END ===

  Input 5 indexing map: (d0, d1, d2) -> (d0, d1, d2)

=== getLinalgArgMap ===
  Initial lgMap: (d0, d1, d2) -> (d0, d1, d2)
  Found SubmapOp with map: (d0, d1, d2) -> (d2 + 1, d1 + 1, d0 + 2)
  Composed map: (d0, d1, d2) -> (d2 + 1, d1 + 1, d0 + 2)
  Final lgMap: (d0, d1, d2) -> (d2 + 1, d1 + 1, d0 + 2)
=== getLinalgArgMap END ===

  Calling remap_in_affine_dim for input 5

=== remap_in_affine_dim ===
  oldmap: (d0, d1, d2) -> (d2 + 1, d1 + 1, d0 + 2)
  firstNDims: 3
  check_reduction (input): 0
  lower_bound_val: 1
  dimidx: -1
  check_reduction (output): 0
  new map (map2): (d0, d1, d2, d3) -> (d2 + 1, d1 + 1, d0 + 2)
  validDims: 3, validSims: 0
  Created SubmapOp with type: memref<?x?x?x?xf64>
=== remap_in_affine_dim END ===

  Input 6 indexing map: (d0, d1, d2) -> (d0, d1, d2)

=== getLinalgArgMap ===
  Initial lgMap: (d0, d1, d2) -> (d0, d1, d2)
  Found SubmapOp with map: (d0, d1, d2) -> (d2 + 1, d1 + 1, d0)
  Composed map: (d0, d1, d2) -> (d2 + 1, d1 + 1, d0)
  Final lgMap: (d0, d1, d2) -> (d2 + 1, d1 + 1, d0)
=== getLinalgArgMap END ===

  Calling remap_in_affine_dim for input 6

=== remap_in_affine_dim ===
  oldmap: (d0, d1, d2) -> (d2 + 1, d1 + 1, d0)
  firstNDims: 3
  check_reduction (input): 0
  lower_bound_val: 1
  dimidx: -1
  check_reduction (output): 0
  new map (map2): (d0, d1, d2, d3) -> (d2 + 1, d1 + 1, d0)
  validDims: 3, validSims: 0
  Created SubmapOp with type: memref<?x?x?x?xf64>
=== remap_in_affine_dim END ===

  Processing 1 outputs

=== getLinalgArgMap ===
  Initial lgMap: (d0, d1, d2) -> (d0, d1, d2)
  Found SubmapOp with map: (d0, d1, d2) -> (d2 + 1, d1 + 1, d0 + 1)
  Composed map: (d0, d1, d2) -> (d2 + 1, d1 + 1, d0 + 1)
  Final lgMap: (d0, d1, d2) -> (d2 + 1, d1 + 1, d0 + 1)
=== getLinalgArgMap END ===

  Calling remap_in_affine_dim for output 0

=== remap_in_affine_dim ===
  oldmap: (d0, d1, d2) -> (d2 + 1, d1 + 1, d0 + 1)
  firstNDims: 3
  check_reduction (input): 1
  lower_bound_val: 1
  dimidx: -1
  check_reduction (output): 1
  new map (map2): (d0, d1, d2, d3) -> (d2 + 1, d1 + 1, d0 + 1)
  validDims: 3, validSims: 0
  Created SubmapOp with type: memref<?x?x?x?xf64>
=== remap_in_affine_dim END ===

Processing linalg.generic:
linalg.generic {indexing_maps = [affine_map<(d0, d1, d2) -> (d0, d1, d2)>, affine_map<(d0, d1, d2) -> (d0, d1, d2)>, affine_map<(d0, d1, d2) -> (d0, d1, d2)>, affine_map<(d0, d1, d2) -> (d0, d1, d2)>, affine_map<(d0, d1, d2) -> (d0, d1, d2)>, affine_map<(d0, d1, d2) -> (d0, d1, d2)>, affine_map<(d0, d1, d2) -> (d0, d1, d2)>, affine_map<(d0, d1, d2) -> (d0, d1, d2)>], iterator_types = ["parallel", "parallel", "parallel"]} ins(%108, %113, %118, %123, %128, %133, %138 : memref<?x?x?xf64>, memref<?x?x?xf64>, memref<?x?x?xf64>, memref<?x?x?xf64>, memref<?x?x?xf64>, memref<?x?x?xf64>, memref<?x?x?xf64>) outs(%143 : memref<?x?x?xf64>) {
^bb0(%in: f64, %in_1: f64, %in_2: f64, %in_3: f64, %in_4: f64, %in_5: f64, %in_6: f64, %out: f64):
  %144 = arith.mulf %in_1, %cst_0 : f64
  %145 = arith.subf %in, %144 : f64
  %146 = arith.addf %145, %in_2 : f64
  %147 = arith.mulf %146, %cst : f64
  %148 = arith.subf %in_3, %144 : f64
  %149 = arith.addf %148, %in_4 : f64
  %150 = arith.mulf %149, %cst : f64
  %151 = arith.addf %147, %150 : f64
  %152 = arith.subf %in_5, %144 : f64
  %153 = arith.addf %152, %in_6 : f64
  %154 = arith.mulf %153, %cst : f64
  %155 = arith.addf %151, %154 : f64
  %156 = arith.addf %155, %in_1 : f64
  linalg.yield %156 : f64
}
  Processing 7 inputs
  Input 0 indexing map: (d0, d1, d2) -> (d0, d1, d2)

=== getLinalgArgMap ===
  Initial lgMap: (d0, d1, d2) -> (d0, d1, d2)
  Found SubmapOp with map: (d0, d1, d2) -> (d2 + 2, d1 + 1, d0 + 1)
  Composed map: (d0, d1, d2) -> (d2 + 2, d1 + 1, d0 + 1)
  Final lgMap: (d0, d1, d2) -> (d2 + 2, d1 + 1, d0 + 1)
=== getLinalgArgMap END ===

  Calling remap_in_affine_dim for input 0

=== remap_in_affine_dim ===
  oldmap: (d0, d1, d2) -> (d2 + 2, d1 + 1, d0 + 1)
  firstNDims: 3
  check_reduction (input): 0
  lower_bound_val: 1
  dimidx: -1
  check_reduction (output): 0
  new map (map2): (d0, d1, d2, d3) -> (d2 + 2, d1 + 1, d0 + 1)
  validDims: 3, validSims: 0
  Created SubmapOp with type: memref<?x?x?x?xf64>
=== remap_in_affine_dim END ===

  Input 1 indexing map: (d0, d1, d2) -> (d0, d1, d2)

=== getLinalgArgMap ===
  Initial lgMap: (d0, d1, d2) -> (d0, d1, d2)
  Found SubmapOp with map: (d0, d1, d2) -> (d2 + 1, d1 + 1, d0 + 1)
  Composed map: (d0, d1, d2) -> (d2 + 1, d1 + 1, d0 + 1)
  Final lgMap: (d0, d1, d2) -> (d2 + 1, d1 + 1, d0 + 1)
=== getLinalgArgMap END ===

  Calling remap_in_affine_dim for input 1

=== remap_in_affine_dim ===
  oldmap: (d0, d1, d2) -> (d2 + 1, d1 + 1, d0 + 1)
  firstNDims: 3
  check_reduction (input): 0
  lower_bound_val: 1
  dimidx: -1
  check_reduction (output): 0
  new map (map2): (d0, d1, d2, d3) -> (d2 + 1, d1 + 1, d0 + 1)
  validDims: 3, validSims: 0
  Created SubmapOp with type: memref<?x?x?x?xf64>
=== remap_in_affine_dim END ===

  Input 2 indexing map: (d0, d1, d2) -> (d0, d1, d2)

=== getLinalgArgMap ===
  Initial lgMap: (d0, d1, d2) -> (d0, d1, d2)
  Found SubmapOp with map: (d0, d1, d2) -> (d2, d1 + 1, d0 + 1)
  Composed map: (d0, d1, d2) -> (d2, d1 + 1, d0 + 1)
  Final lgMap: (d0, d1, d2) -> (d2, d1 + 1, d0 + 1)
=== getLinalgArgMap END ===

  Calling remap_in_affine_dim for input 2

=== remap_in_affine_dim ===
  oldmap: (d0, d1, d2) -> (d2, d1 + 1, d0 + 1)
  firstNDims: 3
  check_reduction (input): 0
  lower_bound_val: 1
  dimidx: -1
  check_reduction (output): 0
  new map (map2): (d0, d1, d2, d3) -> (d2, d1 + 1, d0 + 1)
  validDims: 3, validSims: 0
  Created SubmapOp with type: memref<?x?x?x?xf64>
=== remap_in_affine_dim END ===

  Input 3 indexing map: (d0, d1, d2) -> (d0, d1, d2)

=== getLinalgArgMap ===
  Initial lgMap: (d0, d1, d2) -> (d0, d1, d2)
  Found SubmapOp with map: (d0, d1, d2) -> (d2 + 1, d1 + 2, d0 + 1)
  Composed map: (d0, d1, d2) -> (d2 + 1, d1 + 2, d0 + 1)
  Final lgMap: (d0, d1, d2) -> (d2 + 1, d1 + 2, d0 + 1)
=== getLinalgArgMap END ===

  Calling remap_in_affine_dim for input 3

=== remap_in_affine_dim ===
  oldmap: (d0, d1, d2) -> (d2 + 1, d1 + 2, d0 + 1)
  firstNDims: 3
  check_reduction (input): 0
  lower_bound_val: 1
  dimidx: -1
  check_reduction (output): 0
  new map (map2): (d0, d1, d2, d3) -> (d2 + 1, d1 + 2, d0 + 1)
  validDims: 3, validSims: 0
  Created SubmapOp with type: memref<?x?x?x?xf64>
=== remap_in_affine_dim END ===

  Input 4 indexing map: (d0, d1, d2) -> (d0, d1, d2)

=== getLinalgArgMap ===
  Initial lgMap: (d0, d1, d2) -> (d0, d1, d2)
  Found SubmapOp with map: (d0, d1, d2) -> (d2 + 1, d1, d0 + 1)
  Composed map: (d0, d1, d2) -> (d2 + 1, d1, d0 + 1)
  Final lgMap: (d0, d1, d2) -> (d2 + 1, d1, d0 + 1)
=== getLinalgArgMap END ===

  Calling remap_in_affine_dim for input 4

=== remap_in_affine_dim ===
  oldmap: (d0, d1, d2) -> (d2 + 1, d1, d0 + 1)
  firstNDims: 3
  check_reduction (input): 0
  lower_bound_val: 1
  dimidx: -1
  check_reduction (output): 0
  new map (map2): (d0, d1, d2, d3) -> (d2 + 1, d1, d0 + 1)
  validDims: 3, validSims: 0
  Created SubmapOp with type: memref<?x?x?x?xf64>
=== remap_in_affine_dim END ===

  Input 5 indexing map: (d0, d1, d2) -> (d0, d1, d2)

=== getLinalgArgMap ===
  Initial lgMap: (d0, d1, d2) -> (d0, d1, d2)
  Found SubmapOp with map: (d0, d1, d2) -> (d2 + 1, d1 + 1, d0 + 2)
  Composed map: (d0, d1, d2) -> (d2 + 1, d1 + 1, d0 + 2)
  Final lgMap: (d0, d1, d2) -> (d2 + 1, d1 + 1, d0 + 2)
=== getLinalgArgMap END ===

  Calling remap_in_affine_dim for input 5

=== remap_in_affine_dim ===
  oldmap: (d0, d1, d2) -> (d2 + 1, d1 + 1, d0 + 2)
  firstNDims: 3
  check_reduction (input): 0
  lower_bound_val: 1
  dimidx: -1
  check_reduction (output): 0
  new map (map2): (d0, d1, d2, d3) -> (d2 + 1, d1 + 1, d0 + 2)
  validDims: 3, validSims: 0
  Created SubmapOp with type: memref<?x?x?x?xf64>
=== remap_in_affine_dim END ===

  Input 6 indexing map: (d0, d1, d2) -> (d0, d1, d2)

=== getLinalgArgMap ===
  Initial lgMap: (d0, d1, d2) -> (d0, d1, d2)
  Found SubmapOp with map: (d0, d1, d2) -> (d2 + 1, d1 + 1, d0)
  Composed map: (d0, d1, d2) -> (d2 + 1, d1 + 1, d0)
  Final lgMap: (d0, d1, d2) -> (d2 + 1, d1 + 1, d0)
=== getLinalgArgMap END ===

  Calling remap_in_affine_dim for input 6

=== remap_in_affine_dim ===
  oldmap: (d0, d1, d2) -> (d2 + 1, d1 + 1, d0)
  firstNDims: 3
  check_reduction (input): 0
  lower_bound_val: 1
  dimidx: -1
  check_reduction (output): 0
  new map (map2): (d0, d1, d2, d3) -> (d2 + 1, d1 + 1, d0)
  validDims: 3, validSims: 0
  Created SubmapOp with type: memref<?x?x?x?xf64>
=== remap_in_affine_dim END ===

  Processing 1 outputs

=== getLinalgArgMap ===
  Initial lgMap: (d0, d1, d2) -> (d0, d1, d2)
  Found SubmapOp with map: (d0, d1, d2) -> (d2 + 1, d1 + 1, d0 + 1)
  Composed map: (d0, d1, d2) -> (d2 + 1, d1 + 1, d0 + 1)
  Final lgMap: (d0, d1, d2) -> (d2 + 1, d1 + 1, d0 + 1)
=== getLinalgArgMap END ===

  Calling remap_in_affine_dim for output 0

=== remap_in_affine_dim ===
  oldmap: (d0, d1, d2) -> (d2 + 1, d1 + 1, d0 + 1)
  firstNDims: 3
  check_reduction (input): 1
  lower_bound_val: 1
  dimidx: -1
  check_reduction (output): 1
  new map (map2): (d0, d1, d2, d3) -> (d2 + 1, d1 + 1, d0 + 1)
  validDims: 3, validSims: 0
  Created SubmapOp with type: memref<?x?x?x?xf64>
=== remap_in_affine_dim END ===


--- Processing Loads ---

--- Processing Stores ---
REJECTED: More than one linalg generic


========================================
=== AffineForOpRaising::matchAndRewrite ===
========================================
Processing loop:
affine.for %arg4 = 1 to 21 {
  %1 = affine.apply affine_map<()[s0] -> (s0 - 1)>()[%0]
  %2 = arith.subi %1, %c1 : index
  %3 = affine.apply affine_map<()[s0] -> (s0 - 1)>()[%0]
  %4 = arith.subi %3, %c1 : index
  %5 = affine.apply affine_map<()[s0] -> (s0 - 1)>()[%0]
  %6 = arith.subi %5, %c1 : index
  %7 = polygeist.submap(%arg2, %4, %6, %2) {map = affine_map<(d0, d1, d2) -> (d2 + 2, d1 + 1, d0 + 1)>} : (memref<?x10x10xf64>, index, index, index) -> memref<?x?x?xf64>
  %8 = affine.apply affine_map<()[s0] -> (s0 - 1)>()[%0]
  %9 = arith.subi %8, %c1 : index
  %10 = affine.apply affine_map<()[s0] -> (s0 - 1)>()[%0]
  %11 = arith.subi %10, %c1 : index
  %12 = polygeist.submap(%arg2, %9, %11, %2) {map = affine_map<(d0, d1, d2) -> (d2 + 1, d1 + 1, d0 + 1)>} : (memref<?x10x10xf64>, index, index, index) -> memref<?x?x?xf64>
  %13 = affine.apply affine_map<()[s0] -> (s0 - 1)>()[%0]
  %14 = arith.subi %13, %c1 : index
  %15 = affine.apply affine_map<()[s0] -> (s0 - 1)>()[%0]
  %16 = arith.subi %15, %c1 : index
  %17 = polygeist.submap(%arg2, %14, %16, %2) {map = affine_map<(d0, d1, d2) -> (d2, d1 + 1, d0 + 1)>} : (memref<?x10x10xf64>, index, index, index) -> memref<?x?x?xf64>
  %18 = affine.apply affine_map<()[s0] -> (s0 - 1)>()[%0]
  %19 = arith.subi %18, %c1 : index
  %20 = affine.apply affine_map<()[s0] -> (s0 - 1)>()[%0]
  %21 = arith.subi %20, %c1 : index
  %22 = polygeist.submap(%arg2, %19, %21, %2) {map = affine_map<(d0, d1, d2) -> (d2 + 1, d1 + 2, d0 + 1)>} : (memref<?x10x10xf64>, index, index, index) -> memref<?x?x?xf64>
  %23 = affine.apply affine_map<()[s0] -> (s0 - 1)>()[%0]
  %24 = arith.subi %23, %c1 : index
  %25 = affine.apply affine_map<()[s0] -> (s0 - 1)>()[%0]
  %26 = arith.subi %25, %c1 : index
  %27 = polygeist.submap(%arg2, %24, %26, %2) {map = affine_map<(d0, d1, d2) -> (d2 + 1, d1, d0 + 1)>} : (memref<?x10x10xf64>, index, index, index) -> memref<?x?x?xf64>
  %28 = affine.apply affine_map<()[s0] -> (s0 - 1)>()[%0]
  %29 = arith.subi %28, %c1 : index
  %30 = affine.apply affine_map<()[s0] -> (s0 - 1)>()[%0]
  %31 = arith.subi %30, %c1 : index
  %32 = polygeist.submap(%arg2, %29, %31, %2) {map = affine_map<(d0, d1, d2) -> (d2 + 1, d1 + 1, d0 + 2)>} : (memref<?x10x10xf64>, index, index, index) -> memref<?x?x?xf64>
  %33 = affine.apply affine_map<()[s0] -> (s0 - 1)>()[%0]
  %34 = arith.subi %33, %c1 : index
  %35 = affine.apply affine_map<()[s0] -> (s0 - 1)>()[%0]
  %36 = arith.subi %35, %c1 : index
  %37 = polygeist.submap(%arg2, %34, %36, %2) {map = affine_map<(d0, d1, d2) -> (d2 + 1, d1 + 1, d0)>} : (memref<?x10x10xf64>, index, index, index) -> memref<?x?x?xf64>
  %38 = affine.apply affine_map<()[s0] -> (s0 - 1)>()[%0]
  %39 = arith.subi %38, %c1 : index
  %40 = affine.apply affine_map<()[s0] -> (s0 - 1)>()[%0]
  %41 = arith.subi %40, %c1 : index
  %42 = polygeist.submap(%arg3, %39, %41, %2) {map = affine_map<(d0, d1, d2) -> (d2 + 1, d1 + 1, d0 + 1)>} : (memref<?x10x10xf64>, index, index, index) -> memref<?x?x?xf64>
  linalg.generic {indexing_maps = [affine_map<(d0, d1, d2) -> (d0, d1, d2)>, affine_map<(d0, d1, d2) -> (d0, d1, d2)>, affine_map<(d0, d1, d2) -> (d0, d1, d2)>, affine_map<(d0, d1, d2) -> (d0, d1, d2)>, affine_map<(d0, d1, d2) -> (d0, d1, d2)>, affine_map<(d0, d1, d2) -> (d0, d1, d2)>, affine_map<(d0, d1, d2) -> (d0, d1, d2)>, affine_map<(d0, d1, d2) -> (d0, d1, d2)>], iterator_types = ["parallel", "parallel", "parallel"]} ins(%7, %12, %17, %22, %27, %32, %37 : memref<?x?x?xf64>, memref<?x?x?xf64>, memref<?x?x?xf64>, memref<?x?x?xf64>, memref<?x?x?xf64>, memref<?x?x?xf64>, memref<?x?x?xf64>) outs(%42 : memref<?x?x?xf64>) {
  ^bb0(%in: f64, %in_1: f64, %in_2: f64, %in_3: f64, %in_4: f64, %in_5: f64, %in_6: f64, %out: f64):
    %85 = arith.mulf %in_1, %cst_0 : f64
    %86 = arith.subf %in, %85 : f64
    %87 = arith.addf %86, %in_2 : f64
    %88 = arith.mulf %87, %cst : f64
    %89 = arith.subf %in_3, %85 : f64
    %90 = arith.addf %89, %in_4 : f64
    %91 = arith.mulf %90, %cst : f64
    %92 = arith.addf %88, %91 : f64
    %93 = arith.subf %in_5, %85 : f64
    %94 = arith.addf %93, %in_6 : f64
    %95 = arith.mulf %94, %cst : f64
    %96 = arith.addf %92, %95 : f64
    %97 = arith.addf %96, %in_1 : f64
    linalg.yield %97 : f64
  }
  %43 = affine.apply affine_map<()[s0] -> (s0 - 1)>()[%0]
  %44 = arith.subi %43, %c1 : index
  %45 = affine.apply affine_map<()[s0] -> (s0 - 1)>()[%0]
  %46 = arith.subi %45, %c1 : index
  %47 = affine.apply affine_map<()[s0] -> (s0 - 1)>()[%0]
  %48 = arith.subi %47, %c1 : index
  %49 = polygeist.submap(%arg3, %46, %48, %44) {map = affine_map<(d0, d1, d2) -> (d2 + 2, d1 + 1, d0 + 1)>} : (memref<?x10x10xf64>, index, index, index) -> memref<?x?x?xf64>
  %50 = affine.apply affine_map<()[s0] -> (s0 - 1)>()[%0]
  %51 = arith.subi %50, %c1 : index
  %52 = affine.apply affine_map<()[s0] -> (s0 - 1)>()[%0]
  %53 = arith.subi %52, %c1 : index
  %54 = polygeist.submap(%arg3, %51, %53, %44) {map = affine_map<(d0, d1, d2) -> (d2 + 1, d1 + 1, d0 + 1)>} : (memref<?x10x10xf64>, index, index, index) -> memref<?x?x?xf64>
  %55 = affine.apply affine_map<()[s0] -> (s0 - 1)>()[%0]
  %56 = arith.subi %55, %c1 : index
  %57 = affine.apply affine_map<()[s0] -> (s0 - 1)>()[%0]
  %58 = arith.subi %57, %c1 : index
  %59 = polygeist.submap(%arg3, %56, %58, %44) {map = affine_map<(d0, d1, d2) -> (d2, d1 + 1, d0 + 1)>} : (memref<?x10x10xf64>, index, index, index) -> memref<?x?x?xf64>
  %60 = affine.apply affine_map<()[s0] -> (s0 - 1)>()[%0]
  %61 = arith.subi %60, %c1 : index
  %62 = affine.apply affine_map<()[s0] -> (s0 - 1)>()[%0]
  %63 = arith.subi %62, %c1 : index
  %64 = polygeist.submap(%arg3, %61, %63, %44) {map = affine_map<(d0, d1, d2) -> (d2 + 1, d1 + 2, d0 + 1)>} : (memref<?x10x10xf64>, index, index, index) -> memref<?x?x?xf64>
  %65 = affine.apply affine_map<()[s0] -> (s0 - 1)>()[%0]
  %66 = arith.subi %65, %c1 : index
  %67 = affine.apply affine_map<()[s0] -> (s0 - 1)>()[%0]
  %68 = arith.subi %67, %c1 : index
  %69 = polygeist.submap(%arg3, %66, %68, %44) {map = affine_map<(d0, d1, d2) -> (d2 + 1, d1, d0 + 1)>} : (memref<?x10x10xf64>, index, index, index) -> memref<?x?x?xf64>
  %70 = affine.apply affine_map<()[s0] -> (s0 - 1)>()[%0]
  %71 = arith.subi %70, %c1 : index
  %72 = affine.apply affine_map<()[s0] -> (s0 - 1)>()[%0]
  %73 = arith.subi %72, %c1 : index
  %74 = polygeist.submap(%arg3, %71, %73, %44) {map = affine_map<(d0, d1, d2) -> (d2 + 1, d1 + 1, d0 + 2)>} : (memref<?x10x10xf64>, index, index, index) -> memref<?x?x?xf64>
  %75 = affine.apply affine_map<()[s0] -> (s0 - 1)>()[%0]
  %76 = arith.subi %75, %c1 : index
  %77 = affine.apply affine_map<()[s0] -> (s0 - 1)>()[%0]
  %78 = arith.subi %77, %c1 : index
  %79 = polygeist.submap(%arg3, %76, %78, %44) {map = affine_map<(d0, d1, d2) -> (d2 + 1, d1 + 1, d0)>} : (memref<?x10x10xf64>, index, index, index) -> memref<?x?x?xf64>
  %80 = affine.apply affine_map<()[s0] -> (s0 - 1)>()[%0]
  %81 = arith.subi %80, %c1 : index
  %82 = affine.apply affine_map<()[s0] -> (s0 - 1)>()[%0]
  %83 = arith.subi %82, %c1 : index
  %84 = polygeist.submap(%arg2, %81, %83, %44) {map = affine_map<(d0, d1, d2) -> (d2 + 1, d1 + 1, d0 + 1)>} : (memref<?x10x10xf64>, index, index, index) -> memref<?x?x?xf64>
  linalg.generic {indexing_maps = [affine_map<(d0, d1, d2) -> (d0, d1, d2)>, affine_map<(d0, d1, d2) -> (d0, d1, d2)>, affine_map<(d0, d1, d2) -> (d0, d1, d2)>, affine_map<(d0, d1, d2) -> (d0, d1, d2)>, affine_map<(d0, d1, d2) -> (d0, d1, d2)>, affine_map<(d0, d1, d2) -> (d0, d1, d2)>, affine_map<(d0, d1, d2) -> (d0, d1, d2)>, affine_map<(d0, d1, d2) -> (d0, d1, d2)>], iterator_types = ["parallel", "parallel", "parallel"]} ins(%49, %54, %59, %64, %69, %74, %79 : memref<?x?x?xf64>, memref<?x?x?xf64>, memref<?x?x?xf64>, memref<?x?x?xf64>, memref<?x?x?xf64>, memref<?x?x?xf64>, memref<?x?x?xf64>) outs(%84 : memref<?x?x?xf64>) {
  ^bb0(%in: f64, %in_1: f64, %in_2: f64, %in_3: f64, %in_4: f64, %in_5: f64, %in_6: f64, %out: f64):
    %85 = arith.mulf %in_1, %cst_0 : f64
    %86 = arith.subf %in, %85 : f64
    %87 = arith.addf %86, %in_2 : f64
    %88 = arith.mulf %87, %cst : f64
    %89 = arith.subf %in_3, %85 : f64
    %90 = arith.addf %89, %in_4 : f64
    %91 = arith.mulf %90, %cst : f64
    %92 = arith.addf %88, %91 : f64
    %93 = arith.subf %in_5, %85 : f64
    %94 = arith.addf %93, %in_6 : f64
    %95 = arith.mulf %94, %cst : f64
    %96 = arith.addf %92, %95 : f64
    %97 = arith.addf %96, %in_1 : f64
    linalg.yield %97 : f64
  }
}

Pattern recognition complete:
  Loads: 0
  Stores: 0
  LinalgGenerics: 2

Loop bounds:
  lbMap: () -> (1)
  ubMap: () -> (21)

--- Processing Linalg Generics ---
Processing linalg.generic:
linalg.generic {indexing_maps = [affine_map<(d0, d1, d2) -> (d0, d1, d2)>, affine_map<(d0, d1, d2) -> (d0, d1, d2)>, affine_map<(d0, d1, d2) -> (d0, d1, d2)>, affine_map<(d0, d1, d2) -> (d0, d1, d2)>, affine_map<(d0, d1, d2) -> (d0, d1, d2)>, affine_map<(d0, d1, d2) -> (d0, d1, d2)>, affine_map<(d0, d1, d2) -> (d0, d1, d2)>, affine_map<(d0, d1, d2) -> (d0, d1, d2)>], iterator_types = ["parallel", "parallel", "parallel"]} ins(%10, %15, %20, %25, %30, %35, %40 : memref<?x?x?xf64>, memref<?x?x?xf64>, memref<?x?x?xf64>, memref<?x?x?xf64>, memref<?x?x?xf64>, memref<?x?x?xf64>, memref<?x?x?xf64>) outs(%45 : memref<?x?x?xf64>) {
^bb0(%in: f64, %in_1: f64, %in_2: f64, %in_3: f64, %in_4: f64, %in_5: f64, %in_6: f64, %out: f64):
  %88 = arith.mulf %in_1, %cst_0 : f64
  %89 = arith.subf %in, %88 : f64
  %90 = arith.addf %89, %in_2 : f64
  %91 = arith.mulf %90, %cst : f64
  %92 = arith.subf %in_3, %88 : f64
  %93 = arith.addf %92, %in_4 : f64
  %94 = arith.mulf %93, %cst : f64
  %95 = arith.addf %91, %94 : f64
  %96 = arith.subf %in_5, %88 : f64
  %97 = arith.addf %96, %in_6 : f64
  %98 = arith.mulf %97, %cst : f64
  %99 = arith.addf %95, %98 : f64
  %100 = arith.addf %99, %in_1 : f64
  linalg.yield %100 : f64
}
  Processing 7 inputs
  Input 0 indexing map: (d0, d1, d2) -> (d0, d1, d2)

=== getLinalgArgMap ===
  Initial lgMap: (d0, d1, d2) -> (d0, d1, d2)
  Found SubmapOp with map: (d0, d1, d2) -> (d2 + 2, d1 + 1, d0 + 1)
  Composed map: (d0, d1, d2) -> (d2 + 2, d1 + 1, d0 + 1)
  Final lgMap: (d0, d1, d2) -> (d2 + 2, d1 + 1, d0 + 1)
=== getLinalgArgMap END ===

  Calling remap_in_affine_dim for input 0

=== remap_in_affine_dim ===
  oldmap: (d0, d1, d2) -> (d2 + 2, d1 + 1, d0 + 1)
  firstNDims: 3
  check_reduction (input): 0
  lower_bound_val: 1
  dimidx: -1
  check_reduction (output): 0
  new map (map2): (d0, d1, d2, d3) -> (d2 + 2, d1 + 1, d0 + 1)
  validDims: 3, validSims: 0
  Created SubmapOp with type: memref<?x?x?x?xf64>
=== remap_in_affine_dim END ===

  Input 1 indexing map: (d0, d1, d2) -> (d0, d1, d2)

=== getLinalgArgMap ===
  Initial lgMap: (d0, d1, d2) -> (d0, d1, d2)
  Found SubmapOp with map: (d0, d1, d2) -> (d2 + 1, d1 + 1, d0 + 1)
  Composed map: (d0, d1, d2) -> (d2 + 1, d1 + 1, d0 + 1)
  Final lgMap: (d0, d1, d2) -> (d2 + 1, d1 + 1, d0 + 1)
=== getLinalgArgMap END ===

  Calling remap_in_affine_dim for input 1

=== remap_in_affine_dim ===
  oldmap: (d0, d1, d2) -> (d2 + 1, d1 + 1, d0 + 1)
  firstNDims: 3
  check_reduction (input): 0
  lower_bound_val: 1
  dimidx: -1
  check_reduction (output): 0
  new map (map2): (d0, d1, d2, d3) -> (d2 + 1, d1 + 1, d0 + 1)
  validDims: 3, validSims: 0
  Created SubmapOp with type: memref<?x?x?x?xf64>
=== remap_in_affine_dim END ===

  Input 2 indexing map: (d0, d1, d2) -> (d0, d1, d2)

=== getLinalgArgMap ===
  Initial lgMap: (d0, d1, d2) -> (d0, d1, d2)
  Found SubmapOp with map: (d0, d1, d2) -> (d2, d1 + 1, d0 + 1)
  Composed map: (d0, d1, d2) -> (d2, d1 + 1, d0 + 1)
  Final lgMap: (d0, d1, d2) -> (d2, d1 + 1, d0 + 1)
=== getLinalgArgMap END ===

  Calling remap_in_affine_dim for input 2

=== remap_in_affine_dim ===
  oldmap: (d0, d1, d2) -> (d2, d1 + 1, d0 + 1)
  firstNDims: 3
  check_reduction (input): 0
  lower_bound_val: 1
  dimidx: -1
  check_reduction (output): 0
  new map (map2): (d0, d1, d2, d3) -> (d2, d1 + 1, d0 + 1)
  validDims: 3, validSims: 0
  Created SubmapOp with type: memref<?x?x?x?xf64>
=== remap_in_affine_dim END ===

  Input 3 indexing map: (d0, d1, d2) -> (d0, d1, d2)

=== getLinalgArgMap ===
  Initial lgMap: (d0, d1, d2) -> (d0, d1, d2)
  Found SubmapOp with map: (d0, d1, d2) -> (d2 + 1, d1 + 2, d0 + 1)
  Composed map: (d0, d1, d2) -> (d2 + 1, d1 + 2, d0 + 1)
  Final lgMap: (d0, d1, d2) -> (d2 + 1, d1 + 2, d0 + 1)
=== getLinalgArgMap END ===

  Calling remap_in_affine_dim for input 3

=== remap_in_affine_dim ===
  oldmap: (d0, d1, d2) -> (d2 + 1, d1 + 2, d0 + 1)
  firstNDims: 3
  check_reduction (input): 0
  lower_bound_val: 1
  dimidx: -1
  check_reduction (output): 0
  new map (map2): (d0, d1, d2, d3) -> (d2 + 1, d1 + 2, d0 + 1)
  validDims: 3, validSims: 0
  Created SubmapOp with type: memref<?x?x?x?xf64>
=== remap_in_affine_dim END ===

  Input 4 indexing map: (d0, d1, d2) -> (d0, d1, d2)

=== getLinalgArgMap ===
  Initial lgMap: (d0, d1, d2) -> (d0, d1, d2)
  Found SubmapOp with map: (d0, d1, d2) -> (d2 + 1, d1, d0 + 1)
  Composed map: (d0, d1, d2) -> (d2 + 1, d1, d0 + 1)
  Final lgMap: (d0, d1, d2) -> (d2 + 1, d1, d0 + 1)
=== getLinalgArgMap END ===

  Calling remap_in_affine_dim for input 4

=== remap_in_affine_dim ===
  oldmap: (d0, d1, d2) -> (d2 + 1, d1, d0 + 1)
  firstNDims: 3
  check_reduction (input): 0
  lower_bound_val: 1
  dimidx: -1
  check_reduction (output): 0
  new map (map2): (d0, d1, d2, d3) -> (d2 + 1, d1, d0 + 1)
  validDims: 3, validSims: 0
  Created SubmapOp with type: memref<?x?x?x?xf64>
=== remap_in_affine_dim END ===

  Input 5 indexing map: (d0, d1, d2) -> (d0, d1, d2)

=== getLinalgArgMap ===
  Initial lgMap: (d0, d1, d2) -> (d0, d1, d2)
  Found SubmapOp with map: (d0, d1, d2) -> (d2 + 1, d1 + 1, d0 + 2)
  Composed map: (d0, d1, d2) -> (d2 + 1, d1 + 1, d0 + 2)
  Final lgMap: (d0, d1, d2) -> (d2 + 1, d1 + 1, d0 + 2)
=== getLinalgArgMap END ===

  Calling remap_in_affine_dim for input 5

=== remap_in_affine_dim ===
  oldmap: (d0, d1, d2) -> (d2 + 1, d1 + 1, d0 + 2)
  firstNDims: 3
  check_reduction (input): 0
  lower_bound_val: 1
  dimidx: -1
  check_reduction (output): 0
  new map (map2): (d0, d1, d2, d3) -> (d2 + 1, d1 + 1, d0 + 2)
  validDims: 3, validSims: 0
  Created SubmapOp with type: memref<?x?x?x?xf64>
=== remap_in_affine_dim END ===

  Input 6 indexing map: (d0, d1, d2) -> (d0, d1, d2)

=== getLinalgArgMap ===
  Initial lgMap: (d0, d1, d2) -> (d0, d1, d2)
  Found SubmapOp with map: (d0, d1, d2) -> (d2 + 1, d1 + 1, d0)
  Composed map: (d0, d1, d2) -> (d2 + 1, d1 + 1, d0)
  Final lgMap: (d0, d1, d2) -> (d2 + 1, d1 + 1, d0)
=== getLinalgArgMap END ===

  Calling remap_in_affine_dim for input 6

=== remap_in_affine_dim ===
  oldmap: (d0, d1, d2) -> (d2 + 1, d1 + 1, d0)
  firstNDims: 3
  check_reduction (input): 0
  lower_bound_val: 1
  dimidx: -1
  check_reduction (output): 0
  new map (map2): (d0, d1, d2, d3) -> (d2 + 1, d1 + 1, d0)
  validDims: 3, validSims: 0
  Created SubmapOp with type: memref<?x?x?x?xf64>
=== remap_in_affine_dim END ===

  Processing 1 outputs

=== getLinalgArgMap ===
  Initial lgMap: (d0, d1, d2) -> (d0, d1, d2)
  Found SubmapOp with map: (d0, d1, d2) -> (d2 + 1, d1 + 1, d0 + 1)
  Composed map: (d0, d1, d2) -> (d2 + 1, d1 + 1, d0 + 1)
  Final lgMap: (d0, d1, d2) -> (d2 + 1, d1 + 1, d0 + 1)
=== getLinalgArgMap END ===

  Calling remap_in_affine_dim for output 0

=== remap_in_affine_dim ===
  oldmap: (d0, d1, d2) -> (d2 + 1, d1 + 1, d0 + 1)
  firstNDims: 3
  check_reduction (input): 1
  lower_bound_val: 1
  dimidx: -1
  check_reduction (output): 1
  new map (map2): (d0, d1, d2, d3) -> (d2 + 1, d1 + 1, d0 + 1)
  validDims: 3, validSims: 0
  Created SubmapOp with type: memref<?x?x?x?xf64>
=== remap_in_affine_dim END ===

Processing linalg.generic:
linalg.generic {indexing_maps = [affine_map<(d0, d1, d2) -> (d0, d1, d2)>, affine_map<(d0, d1, d2) -> (d0, d1, d2)>, affine_map<(d0, d1, d2) -> (d0, d1, d2)>, affine_map<(d0, d1, d2) -> (d0, d1, d2)>, affine_map<(d0, d1, d2) -> (d0, d1, d2)>, affine_map<(d0, d1, d2) -> (d0, d1, d2)>, affine_map<(d0, d1, d2) -> (d0, d1, d2)>, affine_map<(d0, d1, d2) -> (d0, d1, d2)>], iterator_types = ["parallel", "parallel", "parallel"]} ins(%108, %113, %118, %123, %128, %133, %138 : memref<?x?x?xf64>, memref<?x?x?xf64>, memref<?x?x?xf64>, memref<?x?x?xf64>, memref<?x?x?xf64>, memref<?x?x?xf64>, memref<?x?x?xf64>) outs(%143 : memref<?x?x?xf64>) {
^bb0(%in: f64, %in_1: f64, %in_2: f64, %in_3: f64, %in_4: f64, %in_5: f64, %in_6: f64, %out: f64):
  %144 = arith.mulf %in_1, %cst_0 : f64
  %145 = arith.subf %in, %144 : f64
  %146 = arith.addf %145, %in_2 : f64
  %147 = arith.mulf %146, %cst : f64
  %148 = arith.subf %in_3, %144 : f64
  %149 = arith.addf %148, %in_4 : f64
  %150 = arith.mulf %149, %cst : f64
  %151 = arith.addf %147, %150 : f64
  %152 = arith.subf %in_5, %144 : f64
  %153 = arith.addf %152, %in_6 : f64
  %154 = arith.mulf %153, %cst : f64
  %155 = arith.addf %151, %154 : f64
  %156 = arith.addf %155, %in_1 : f64
  linalg.yield %156 : f64
}
  Processing 7 inputs
  Input 0 indexing map: (d0, d1, d2) -> (d0, d1, d2)

=== getLinalgArgMap ===
  Initial lgMap: (d0, d1, d2) -> (d0, d1, d2)
  Found SubmapOp with map: (d0, d1, d2) -> (d2 + 2, d1 + 1, d0 + 1)
  Composed map: (d0, d1, d2) -> (d2 + 2, d1 + 1, d0 + 1)
  Final lgMap: (d0, d1, d2) -> (d2 + 2, d1 + 1, d0 + 1)
=== getLinalgArgMap END ===

  Calling remap_in_affine_dim for input 0

=== remap_in_affine_dim ===
  oldmap: (d0, d1, d2) -> (d2 + 2, d1 + 1, d0 + 1)
  firstNDims: 3
  check_reduction (input): 0
  lower_bound_val: 1
  dimidx: -1
  check_reduction (output): 0
  new map (map2): (d0, d1, d2, d3) -> (d2 + 2, d1 + 1, d0 + 1)
  validDims: 3, validSims: 0
  Created SubmapOp with type: memref<?x?x?x?xf64>
=== remap_in_affine_dim END ===

  Input 1 indexing map: (d0, d1, d2) -> (d0, d1, d2)

=== getLinalgArgMap ===
  Initial lgMap: (d0, d1, d2) -> (d0, d1, d2)
  Found SubmapOp with map: (d0, d1, d2) -> (d2 + 1, d1 + 1, d0 + 1)
  Composed map: (d0, d1, d2) -> (d2 + 1, d1 + 1, d0 + 1)
  Final lgMap: (d0, d1, d2) -> (d2 + 1, d1 + 1, d0 + 1)
=== getLinalgArgMap END ===

  Calling remap_in_affine_dim for input 1

=== remap_in_affine_dim ===
  oldmap: (d0, d1, d2) -> (d2 + 1, d1 + 1, d0 + 1)
  firstNDims: 3
  check_reduction (input): 0
  lower_bound_val: 1
  dimidx: -1
  check_reduction (output): 0
  new map (map2): (d0, d1, d2, d3) -> (d2 + 1, d1 + 1, d0 + 1)
  validDims: 3, validSims: 0
  Created SubmapOp with type: memref<?x?x?x?xf64>
=== remap_in_affine_dim END ===

  Input 2 indexing map: (d0, d1, d2) -> (d0, d1, d2)

=== getLinalgArgMap ===
  Initial lgMap: (d0, d1, d2) -> (d0, d1, d2)
  Found SubmapOp with map: (d0, d1, d2) -> (d2, d1 + 1, d0 + 1)
  Composed map: (d0, d1, d2) -> (d2, d1 + 1, d0 + 1)
  Final lgMap: (d0, d1, d2) -> (d2, d1 + 1, d0 + 1)
=== getLinalgArgMap END ===

  Calling remap_in_affine_dim for input 2

=== remap_in_affine_dim ===
  oldmap: (d0, d1, d2) -> (d2, d1 + 1, d0 + 1)
  firstNDims: 3
  check_reduction (input): 0
  lower_bound_val: 1
  dimidx: -1
  check_reduction (output): 0
  new map (map2): (d0, d1, d2, d3) -> (d2, d1 + 1, d0 + 1)
  validDims: 3, validSims: 0
  Created SubmapOp with type: memref<?x?x?x?xf64>
=== remap_in_affine_dim END ===

  Input 3 indexing map: (d0, d1, d2) -> (d0, d1, d2)

=== getLinalgArgMap ===
  Initial lgMap: (d0, d1, d2) -> (d0, d1, d2)
  Found SubmapOp with map: (d0, d1, d2) -> (d2 + 1, d1 + 2, d0 + 1)
  Composed map: (d0, d1, d2) -> (d2 + 1, d1 + 2, d0 + 1)
  Final lgMap: (d0, d1, d2) -> (d2 + 1, d1 + 2, d0 + 1)
=== getLinalgArgMap END ===

  Calling remap_in_affine_dim for input 3

=== remap_in_affine_dim ===
  oldmap: (d0, d1, d2) -> (d2 + 1, d1 + 2, d0 + 1)
  firstNDims: 3
  check_reduction (input): 0
  lower_bound_val: 1
  dimidx: -1
  check_reduction (output): 0
  new map (map2): (d0, d1, d2, d3) -> (d2 + 1, d1 + 2, d0 + 1)
  validDims: 3, validSims: 0
  Created SubmapOp with type: memref<?x?x?x?xf64>
=== remap_in_affine_dim END ===

  Input 4 indexing map: (d0, d1, d2) -> (d0, d1, d2)

=== getLinalgArgMap ===
  Initial lgMap: (d0, d1, d2) -> (d0, d1, d2)
  Found SubmapOp with map: (d0, d1, d2) -> (d2 + 1, d1, d0 + 1)
  Composed map: (d0, d1, d2) -> (d2 + 1, d1, d0 + 1)
  Final lgMap: (d0, d1, d2) -> (d2 + 1, d1, d0 + 1)
=== getLinalgArgMap END ===

  Calling remap_in_affine_dim for input 4

=== remap_in_affine_dim ===
  oldmap: (d0, d1, d2) -> (d2 + 1, d1, d0 + 1)
  firstNDims: 3
  check_reduction (input): 0
  lower_bound_val: 1
  dimidx: -1
  check_reduction (output): 0
  new map (map2): (d0, d1, d2, d3) -> (d2 + 1, d1, d0 + 1)
  validDims: 3, validSims: 0
  Created SubmapOp with type: memref<?x?x?x?xf64>
=== remap_in_affine_dim END ===

  Input 5 indexing map: (d0, d1, d2) -> (d0, d1, d2)

=== getLinalgArgMap ===
  Initial lgMap: (d0, d1, d2) -> (d0, d1, d2)
  Found SubmapOp with map: (d0, d1, d2) -> (d2 + 1, d1 + 1, d0 + 2)
  Composed map: (d0, d1, d2) -> (d2 + 1, d1 + 1, d0 + 2)
  Final lgMap: (d0, d1, d2) -> (d2 + 1, d1 + 1, d0 + 2)
=== getLinalgArgMap END ===

  Calling remap_in_affine_dim for input 5

=== remap_in_affine_dim ===
  oldmap: (d0, d1, d2) -> (d2 + 1, d1 + 1, d0 + 2)
  firstNDims: 3
  check_reduction (input): 0
  lower_bound_val: 1
  dimidx: -1
  check_reduction (output): 0
  new map (map2): (d0, d1, d2, d3) -> (d2 + 1, d1 + 1, d0 + 2)
  validDims: 3, validSims: 0
  Created SubmapOp with type: memref<?x?x?x?xf64>
=== remap_in_affine_dim END ===

  Input 6 indexing map: (d0, d1, d2) -> (d0, d1, d2)

=== getLinalgArgMap ===
  Initial lgMap: (d0, d1, d2) -> (d0, d1, d2)
  Found SubmapOp with map: (d0, d1, d2) -> (d2 + 1, d1 + 1, d0)
  Composed map: (d0, d1, d2) -> (d2 + 1, d1 + 1, d0)
  Final lgMap: (d0, d1, d2) -> (d2 + 1, d1 + 1, d0)
=== getLinalgArgMap END ===

  Calling remap_in_affine_dim for input 6

=== remap_in_affine_dim ===
  oldmap: (d0, d1, d2) -> (d2 + 1, d1 + 1, d0)
  firstNDims: 3
  check_reduction (input): 0
  lower_bound_val: 1
  dimidx: -1
  check_reduction (output): 0
  new map (map2): (d0, d1, d2, d3) -> (d2 + 1, d1 + 1, d0)
  validDims: 3, validSims: 0
  Created SubmapOp with type: memref<?x?x?x?xf64>
=== remap_in_affine_dim END ===

  Processing 1 outputs

=== getLinalgArgMap ===
  Initial lgMap: (d0, d1, d2) -> (d0, d1, d2)
  Found SubmapOp with map: (d0, d1, d2) -> (d2 + 1, d1 + 1, d0 + 1)
  Composed map: (d0, d1, d2) -> (d2 + 1, d1 + 1, d0 + 1)
  Final lgMap: (d0, d1, d2) -> (d2 + 1, d1 + 1, d0 + 1)
=== getLinalgArgMap END ===

  Calling remap_in_affine_dim for output 0

=== remap_in_affine_dim ===
  oldmap: (d0, d1, d2) -> (d2 + 1, d1 + 1, d0 + 1)
  firstNDims: 3
  check_reduction (input): 1
  lower_bound_val: 1
  dimidx: -1
  check_reduction (output): 1
  new map (map2): (d0, d1, d2, d3) -> (d2 + 1, d1 + 1, d0 + 1)
  validDims: 3, validSims: 0
  Created SubmapOp with type: memref<?x?x?x?xf64>
=== remap_in_affine_dim END ===


--- Processing Loads ---

--- Processing Stores ---
REJECTED: More than one linalg generic

WARNING: AffineForOpRaising didn't converge
heat-3d.mlir:3:3: warning: AffineForOpRaising didn't converge, continuing anyway
  func.func @kernel_heat_3d(%arg0: i32, %arg1: i32, %arg2: memref<?x10x10xf64>, %arg3: memref<?x10x10xf64>) attributes {llvm.linkage = #llvm.linkage<external>} {
  ^
heat-3d.mlir:3:3: note: see current operation: 
func.func @kernel_heat_3d(%arg0: i32, %arg1: i32, %arg2: memref<?x10x10xf64>, %arg3: memref<?x10x10xf64>) attributes {llvm.linkage = #llvm.linkage<external>} {
  %c1 = arith.constant 1 : index
  %cst = arith.constant 1.250000e-01 : f64
  %cst_0 = arith.constant 2.000000e+00 : f64
  %0 = arith.index_cast %arg1 : i32 to index
  affine.for %arg4 = 1 to 21 {
    %1 = affine.apply affine_map<()[s0] -> (s0 - 1)>()[%0]
    %2 = arith.subi %1, %c1 : index
    %3 = affine.apply affine_map<()[s0] -> (s0 - 1)>()[%0]
    %4 = arith.subi %3, %c1 : index
    %5 = affine.apply affine_map<()[s0] -> (s0 - 1)>()[%0]
    %6 = arith.subi %5, %c1 : index
    %7 = polygeist.submap(%arg2, %4, %6, %2) {map = affine_map<(d0, d1, d2) -> (d2 + 2, d1 + 1, d0 + 1)>} : (memref<?x10x10xf64>, index, index, index) -> memref<?x?x?xf64>
    %8 = affine.apply affine_map<()[s0] -> (s0 - 1)>()[%0]
    %9 = arith.subi %8, %c1 : index
    %10 = affine.apply affine_map<()[s0] -> (s0 - 1)>()[%0]
    %11 = arith.subi %10, %c1 : index
    %12 = polygeist.submap(%arg2, %9, %11, %2) {map = affine_map<(d0, d1, d2) -> (d2 + 1, d1 + 1, d0 + 1)>} : (memref<?x10x10xf64>, index, index, index) -> memref<?x?x?xf64>
    %13 = affine.apply affine_map<()[s0] -> (s0 - 1)>()[%0]
    %14 = arith.subi %13, %c1 : index
    %15 = affine.apply affine_map<()[s0] -> (s0 - 1)>()[%0]
    %16 = arith.subi %15, %c1 : index
    %17 = polygeist.submap(%arg2, %14, %16, %2) {map = affine_map<(d0, d1, d2) -> (d2, d1 + 1, d0 + 1)>} : (memref<?x10x10xf64>, index, index, index) -> memref<?x?x?xf64>
    %18 = affine.apply affine_map<()[s0] -> (s0 - 1)>()[%0]
    %19 = arith.subi %18, %c1 : index
    %20 = affine.apply affine_map<()[s0] -> (s0 - 1)>()[%0]
    %21 = arith.subi %20, %c1 : index
    %22 = polygeist.submap(%arg2, %19, %21, %2) {map = affine_map<(d0, d1, d2) -> (d2 + 1, d1 + 2, d0 + 1)>} : (memref<?x10x10xf64>, index, index, index) -> memref<?x?x?xf64>
    %23 = affine.apply affine_map<()[s0] -> (s0 - 1)>()[%0]
    %24 = arith.subi %23, %c1 : index
    %25 = affine.apply affine_map<()[s0] -> (s0 - 1)>()[%0]
    %26 = arith.subi %25, %c1 : index
    %27 = polygeist.submap(%arg2, %24, %26, %2) {map = affine_map<(d0, d1, d2) -> (d2 + 1, d1, d0 + 1)>} : (memref<?x10x10xf64>, index, index, index) -> memref<?x?x?xf64>
    %28 = affine.apply affine_map<()[s0] -> (s0 - 1)>()[%0]
    %29 = arith.subi %28, %c1 : index
    %30 = affine.apply affine_map<()[s0] -> (s0 - 1)>()[%0]
    %31 = arith.subi %30, %c1 : index
    %32 = polygeist.submap(%arg2, %29, %31, %2) {map = affine_map<(d0, d1, d2) -> (d2 + 1, d1 + 1, d0 + 2)>} : (memref<?x10x10xf64>, index, index, index) -> memref<?x?x?xf64>
    %33 = affine.apply affine_map<()[s0] -> (s0 - 1)>()[%0]
    %34 = arith.subi %33, %c1 : index
    %35 = affine.apply affine_map<()[s0] -> (s0 - 1)>()[%0]
    %36 = arith.subi %35, %c1 : index
    %37 = polygeist.submap(%arg2, %34, %36, %2) {map = affine_map<(d0, d1, d2) -> (d2 + 1, d1 + 1, d0)>} : (memref<?x10x10xf64>, index, index, index) -> memref<?x?x?xf64>
    %38 = affine.apply affine_map<()[s0] -> (s0 - 1)>()[%0]
    %39 = arith.subi %38, %c1 : index
    %40 = affine.apply affine_map<()[s0] -> (s0 - 1)>()[%0]
    %41 = arith.subi %40, %c1 : index
    %42 = polygeist.submap(%arg3, %39, %41, %2) {map = affine_map<(d0, d1, d2) -> (d2 + 1, d1 + 1, d0 + 1)>} : (memref<?x10x10xf64>, index, index, index) -> memref<?x?x?xf64>
    linalg.generic {indexing_maps = [affine_map<(d0, d1, d2) -> (d0, d1, d2)>, affine_map<(d0, d1, d2) -> (d0, d1, d2)>, affine_map<(d0, d1, d2) -> (d0, d1, d2)>, affine_map<(d0, d1, d2) -> (d0, d1, d2)>, affine_map<(d0, d1, d2) -> (d0, d1, d2)>, affine_map<(d0, d1, d2) -> (d0, d1, d2)>, affine_map<(d0, d1, d2) -> (d0, d1, d2)>, affine_map<(d0, d1, d2) -> (d0, d1, d2)>], iterator_types = ["parallel", "parallel", "parallel"]} ins(%7, %12, %17, %22, %27, %32, %37 : memref<?x?x?xf64>, memref<?x?x?xf64>, memref<?x?x?xf64>, memref<?x?x?xf64>, memref<?x?x?xf64>, memref<?x?x?xf64>, memref<?x?x?xf64>) outs(%42 : memref<?x?x?xf64>) {
    ^bb0(%in: f64, %in_1: f64, %in_2: f64, %in_3: f64, %in_4: f64, %in_5: f64, %in_6: f64, %out: f64):
      %85 = arith.mulf %in_1, %cst_0 : f64
      %86 = arith.subf %in, %85 : f64
      %87 = arith.addf %86, %in_2 : f64
      %88 = arith.mulf %87, %cst : f64
      %89 = arith.subf %in_3, %85 : f64
      %90 = arith.addf %89, %in_4 : f64
      %91 = arith.mulf %90, %cst : f64
      %92 = arith.addf %88, %91 : f64
      %93 = arith.subf %in_5, %85 : f64
      %94 = arith.addf %93, %in_6 : f64
      %95 = arith.mulf %94, %cst : f64
      %96 = arith.addf %92, %95 : f64
      %97 = arith.addf %96, %in_1 : f64
      linalg.yield %97 : f64
    }
    %43 = affine.apply affine_map<()[s0] -> (s0 - 1)>()[%0]
    %44 = arith.subi %43, %c1 : index
    %45 = affine.apply affine_map<()[s0] -> (s0 - 1)>()[%0]
    %46 = arith.subi %45, %c1 : index
    %47 = affine.apply affine_map<()[s0] -> (s0 - 1)>()[%0]
    %48 = arith.subi %47, %c1 : index
    %49 = polygeist.submap(%arg3, %46, %48, %44) {map = affine_map<(d0, d1, d2) -> (d2 + 2, d1 + 1, d0 + 1)>} : (memref<?x10x10xf64>, index, index, index) -> memref<?x?x?xf64>
    %50 = affine.apply affine_map<()[s0] -> (s0 - 1)>()[%0]
    %51 = arith.subi %50, %c1 : index
    %52 = affine.apply affine_map<()[s0] -> (s0 - 1)>()[%0]
    %53 = arith.subi %52, %c1 : index
    %54 = polygeist.submap(%arg3, %51, %53, %44) {map = affine_map<(d0, d1, d2) -> (d2 + 1, d1 + 1, d0 + 1)>} : (memref<?x10x10xf64>, index, index, index) -> memref<?x?x?xf64>
    %55 = affine.apply affine_map<()[s0] -> (s0 - 1)>()[%0]
    %56 = arith.subi %55, %c1 : index
    %57 = affine.apply affine_map<()[s0] -> (s0 - 1)>()[%0]
    %58 = arith.subi %57, %c1 : index
    %59 = polygeist.submap(%arg3, %56, %58, %44) {map = affine_map<(d0, d1, d2) -> (d2, d1 + 1, d0 + 1)>} : (memref<?x10x10xf64>, index, index, index) -> memref<?x?x?xf64>
    %60 = affine.apply affine_map<()[s0] -> (s0 - 1)>()[%0]
    %61 = arith.subi %60, %c1 : index
    %62 = affine.apply affine_map<()[s0] -> (s0 - 1)>()[%0]
    %63 = arith.subi %62, %c1 : index
    %64 = polygeist.submap(%arg3, %61, %63, %44) {map = affine_map<(d0, d1, d2) -> (d2 + 1, d1 + 2, d0 + 1)>} : (memref<?x10x10xf64>, index, index, index) -> memref<?x?x?xf64>
    %65 = affine.apply affine_map<()[s0] -> (s0 - 1)>()[%0]
    %66 = arith.subi %65, %c1 : index
    %67 = affine.apply affine_map<()[s0] -> (s0 - 1)>()[%0]
    %68 = arith.subi %67, %c1 : index
    %69 = polygeist.submap(%arg3, %66, %68, %44) {map = affine_map<(d0, d1, d2) -> (d2 + 1, d1, d0 + 1)>} : (memref<?x10x10xf64>, index, index, index) -> memref<?x?x?xf64>
    %70 = affine.apply affine_map<()[s0] -> (s0 - 1)>()[%0]
    %71 = arith.subi %70, %c1 : index
    %72 = affine.apply affine_map<()[s0] -> (s0 - 1)>()[%0]
    %73 = arith.subi %72, %c1 : index
    %74 = polygeist.submap(%arg3, %71, %73, %44) {map = affine_map<(d0, d1, d2) -> (d2 + 1, d1 + 1, d0 + 2)>} : (memref<?x10x10xf64>, index, index, index) -> memref<?x?x?xf64>
    %75 = affine.apply affine_map<()[s0] -> (s0 - 1)>()[%0]
    %76 = arith.subi %75, %c1 : index
    %77 = affine.apply affine_map<()[s0] -> (s0 - 1)>()[%0]
    %78 = arith.subi %77, %c1 : index
    %79 = polygeist.submap(%arg3, %76, %78, %44) {map = affine_map<(d0, d1, d2) -> (d2 + 1, d1 + 1, d0)>} : (memref<?x10x10xf64>, index, index, index) -> memref<?x?x?xf64>
    %80 = affine.apply affine_map<()[s0] -> (s0 - 1)>()[%0]
    %81 = arith.subi %80, %c1 : index
    %82 = affine.apply affine_map<()[s0] -> (s0 - 1)>()[%0]
    %83 = arith.subi %82, %c1 : index
    %84 = polygeist.submap(%arg2, %81, %83, %44) {map = affine_map<(d0, d1, d2) -> (d2 + 1, d1 + 1, d0 + 1)>} : (memref<?x10x10xf64>, index, index, index) -> memref<?x?x?xf64>
    linalg.generic {indexing_maps = [affine_map<(d0, d1, d2) -> (d0, d1, d2)>, affine_map<(d0, d1, d2) -> (d0, d1, d2)>, affine_map<(d0, d1, d2) -> (d0, d1, d2)>, affine_map<(d0, d1, d2) -> (d0, d1, d2)>, affine_map<(d0, d1, d2) -> (d0, d1, d2)>, affine_map<(d0, d1, d2) -> (d0, d1, d2)>, affine_map<(d0, d1, d2) -> (d0, d1, d2)>, affine_map<(d0, d1, d2) -> (d0, d1, d2)>], iterator_types = ["parallel", "parallel", "parallel"]} ins(%49, %54, %59, %64, %69, %74, %79 : memref<?x?x?xf64>, memref<?x?x?xf64>, memref<?x?x?xf64>, memref<?x?x?xf64>, memref<?x?x?xf64>, memref<?x?x?xf64>, memref<?x?x?xf64>) outs(%84 : memref<?x?x?xf64>) {
    ^bb0(%in: f64, %in_1: f64, %in_2: f64, %in_3: f64, %in_4: f64, %in_5: f64, %in_6: f64, %out: f64):
      %85 = arith.mulf %in_1, %cst_0 : f64
      %86 = arith.subf %in, %85 : f64
      %87 = arith.addf %86, %in_2 : f64
      %88 = arith.mulf %87, %cst : f64
      %89 = arith.subf %in_3, %85 : f64
      %90 = arith.addf %89, %in_4 : f64
      %91 = arith.mulf %90, %cst : f64
      %92 = arith.addf %88, %91 : f64
      %93 = arith.subf %in_5, %85 : f64
      %94 = arith.addf %93, %in_6 : f64
      %95 = arith.mulf %94, %cst : f64
      %96 = arith.addf %92, %95 : f64
      %97 = arith.addf %96, %in_1 : f64
      linalg.yield %97 : f64
    }
  }
  return
}
### Step 3 Complete ###

****************************************
*** RaiseAffineToLinalg END ***
****************************************


****************************************
*** RaiseAffineToLinalgPipeline END ***
****************************************

