
****************************************
*** RaiseAffineToLinalgPipeline START ***
****************************************

Running pipeline...

****************************************
*** RaiseAffineToLinalg START ***
****************************************

### Step 1: Applying AffineParallelFission ###

=== AffineParallelFission ===
Processing affine.parallel:
affine.parallel (%arg5) = (1) to (symbol(%0) - 1) {
  affine.parallel (%arg6) = (1) to (symbol(%0) - 1) {
    %2 = affine.load %arg3[%arg5, %arg6] : memref<?x30xf64>
    %3 = affine.load %arg3[%arg5, %arg6 - 1] : memref<?x30xf64>
    %4 = arith.addf %2, %3 : f64
    %5 = affine.load %arg3[%arg5, %arg6 + 1] : memref<?x30xf64>
    %6 = arith.addf %4, %5 : f64
    %7 = affine.load %arg3[%arg5 + 1, %arg6] : memref<?x30xf64>
    %8 = arith.addf %6, %7 : f64
    %9 = affine.load %arg3[%arg5 - 1, %arg6] : memref<?x30xf64>
    %10 = arith.addf %8, %9 : f64
    %11 = arith.mulf %10, %cst : f64
    affine.store %11, %arg2[%arg5, %arg6] : memref<?x30xf64>
  }
}
REJECTED: Less than 2 nested loops (found 1)


=== AffineParallelFission ===
Processing affine.parallel:
affine.parallel (%arg6) = (1) to (symbol(%0) - 1) {
  %2 = affine.load %arg3[%arg5, %arg6] : memref<?x30xf64>
  %3 = affine.load %arg3[%arg5, %arg6 - 1] : memref<?x30xf64>
  %4 = arith.addf %2, %3 : f64
  %5 = affine.load %arg3[%arg5, %arg6 + 1] : memref<?x30xf64>
  %6 = arith.addf %4, %5 : f64
  %7 = affine.load %arg3[%arg5 + 1, %arg6] : memref<?x30xf64>
  %8 = arith.addf %6, %7 : f64
  %9 = affine.load %arg3[%arg5 - 1, %arg6] : memref<?x30xf64>
  %10 = arith.addf %8, %9 : f64
  %11 = arith.mulf %10, %cst : f64
  affine.store %11, %arg2[%arg5, %arg6] : memref<?x30xf64>
}

=== AffineParallelFission ===
Processing affine.parallel:
affine.parallel (%arg5) = (1) to (symbol(%0) - 1) {
  affine.parallel (%arg6) = (1) to (symbol(%0) - 1) {
    %2 = affine.load %arg2[%arg5, %arg6] : memref<?x30xf64>
    %3 = affine.load %arg2[%arg5, %arg6 - 1] : memref<?x30xf64>
    %4 = arith.addf %2, %3 : f64
    %5 = affine.load %arg2[%arg5, %arg6 + 1] : memref<?x30xf64>
    %6 = arith.addf %4, %5 : f64
    %7 = affine.load %arg2[%arg5 + 1, %arg6] : memref<?x30xf64>
    %8 = arith.addf %6, %7 : f64
    %9 = affine.load %arg2[%arg5 - 1, %arg6] : memref<?x30xf64>
    %10 = arith.addf %8, %9 : f64
    %11 = arith.mulf %10, %cst : f64
    affine.store %11, %arg3[%arg5, %arg6] : memref<?x30xf64>
  }
}
REJECTED: Less than 2 nested loops (found 1)


=== AffineParallelFission ===
Processing affine.parallel:
affine.parallel (%arg6) = (1) to (symbol(%0) - 1) {
  %2 = affine.load %arg2[%arg5, %arg6] : memref<?x30xf64>
  %3 = affine.load %arg2[%arg5, %arg6 - 1] : memref<?x30xf64>
  %4 = arith.addf %2, %3 : f64
  %5 = affine.load %arg2[%arg5, %arg6 + 1] : memref<?x30xf64>
  %6 = arith.addf %4, %5 : f64
  %7 = affine.load %arg2[%arg5 + 1, %arg6] : memref<?x30xf64>
  %8 = arith.addf %6, %7 : f64
  %9 = affine.load %arg2[%arg5 - 1, %arg6] : memref<?x30xf64>
  %10 = arith.addf %8, %9 : f64
  %11 = arith.mulf %10, %cst : f64
  affine.store %11, %arg3[%arg5, %arg6] : memref<?x30xf64>
}
### Step 1 Complete ###

### Step 2: Applying AffineParallelToFor ###

=== AffineParallelToFor ===
Processing affine.parallel:
affine.parallel (%arg5) = (1) to (symbol(%0) - 1) {
  affine.parallel (%arg6) = (1) to (symbol(%0) - 1) {
    %2 = affine.load %arg3[%arg5, %arg6] : memref<?x30xf64>
    %3 = affine.load %arg3[%arg5, %arg6 - 1] : memref<?x30xf64>
    %4 = arith.addf %2, %3 : f64
    %5 = affine.load %arg3[%arg5, %arg6 + 1] : memref<?x30xf64>
    %6 = arith.addf %4, %5 : f64
    %7 = affine.load %arg3[%arg5 + 1, %arg6] : memref<?x30xf64>
    %8 = arith.addf %6, %7 : f64
    %9 = affine.load %arg3[%arg5 - 1, %arg6] : memref<?x30xf64>
    %10 = arith.addf %8, %9 : f64
    %11 = arith.mulf %10, %cst : f64
    affine.store %11, %arg2[%arg5, %arg6] : memref<?x30xf64>
  }
}
Converting parallel loop with 1 induction variables
=== AffineParallelToFor SUCCESS ===


=== AffineParallelToFor ===
Processing affine.parallel:
affine.parallel (%arg6) = (1) to (symbol(%0) - 1) {
  %2 = affine.load %arg3[%arg5, %arg6] : memref<?x30xf64>
  %3 = affine.load %arg3[%arg5, %arg6 - 1] : memref<?x30xf64>
  %4 = arith.addf %2, %3 : f64
  %5 = affine.load %arg3[%arg5, %arg6 + 1] : memref<?x30xf64>
  %6 = arith.addf %4, %5 : f64
  %7 = affine.load %arg3[%arg5 + 1, %arg6] : memref<?x30xf64>
  %8 = arith.addf %6, %7 : f64
  %9 = affine.load %arg3[%arg5 - 1, %arg6] : memref<?x30xf64>
  %10 = arith.addf %8, %9 : f64
  %11 = arith.mulf %10, %cst : f64
  affine.store %11, %arg2[%arg5, %arg6] : memref<?x30xf64>
}
Converting parallel loop with 1 induction variables
=== AffineParallelToFor SUCCESS ===


=== AffineParallelToFor ===
Processing affine.parallel:
affine.parallel (%arg5) = (1) to (symbol(%0) - 1) {
  affine.parallel (%arg6) = (1) to (symbol(%0) - 1) {
    %2 = affine.load %arg2[%arg5, %arg6] : memref<?x30xf64>
    %3 = affine.load %arg2[%arg5, %arg6 - 1] : memref<?x30xf64>
    %4 = arith.addf %2, %3 : f64
    %5 = affine.load %arg2[%arg5, %arg6 + 1] : memref<?x30xf64>
    %6 = arith.addf %4, %5 : f64
    %7 = affine.load %arg2[%arg5 + 1, %arg6] : memref<?x30xf64>
    %8 = arith.addf %6, %7 : f64
    %9 = affine.load %arg2[%arg5 - 1, %arg6] : memref<?x30xf64>
    %10 = arith.addf %8, %9 : f64
    %11 = arith.mulf %10, %cst : f64
    affine.store %11, %arg3[%arg5, %arg6] : memref<?x30xf64>
  }
}
Converting parallel loop with 1 induction variables
=== AffineParallelToFor SUCCESS ===


=== AffineParallelToFor ===
Processing affine.parallel:
affine.parallel (%arg6) = (1) to (symbol(%0) - 1) {
  %2 = affine.load %arg2[%arg5, %arg6] : memref<?x30xf64>
  %3 = affine.load %arg2[%arg5, %arg6 - 1] : memref<?x30xf64>
  %4 = arith.addf %2, %3 : f64
  %5 = affine.load %arg2[%arg5, %arg6 + 1] : memref<?x30xf64>
  %6 = arith.addf %4, %5 : f64
  %7 = affine.load %arg2[%arg5 + 1, %arg6] : memref<?x30xf64>
  %8 = arith.addf %6, %7 : f64
  %9 = affine.load %arg2[%arg5 - 1, %arg6] : memref<?x30xf64>
  %10 = arith.addf %8, %9 : f64
  %11 = arith.mulf %10, %cst : f64
  affine.store %11, %arg3[%arg5, %arg6] : memref<?x30xf64>
}
Converting parallel loop with 1 induction variables
=== AffineParallelToFor SUCCESS ===

### Step 2 Complete ###

### Step 3: Applying AffineForOpRaising ###

========================================
=== AffineForOpRaising::matchAndRewrite ===
========================================
Processing loop:
affine.for %arg5 = 1 to affine_map<()[s0] -> (s0 - 1)>()[%0] {
  affine.for %arg6 = 1 to affine_map<()[s0] -> (s0 - 1)>()[%0] {
    %2 = affine.load %arg3[%arg5, %arg6] : memref<?x30xf64>
    %3 = affine.load %arg3[%arg5, %arg6 - 1] : memref<?x30xf64>
    %4 = arith.addf %2, %3 : f64
    %5 = affine.load %arg3[%arg5, %arg6 + 1] : memref<?x30xf64>
    %6 = arith.addf %4, %5 : f64
    %7 = affine.load %arg3[%arg5 + 1, %arg6] : memref<?x30xf64>
    %8 = arith.addf %6, %7 : f64
    %9 = affine.load %arg3[%arg5 - 1, %arg6] : memref<?x30xf64>
    %10 = arith.addf %8, %9 : f64
    %11 = arith.mulf %10, %cst : f64
    affine.store %11, %arg2[%arg5, %arg6] : memref<?x30xf64>
  }
}

REJECTED: Walk was interrupted (invalid operations found)


========================================
=== AffineForOpRaising::matchAndRewrite ===
========================================
Processing loop:
affine.for %arg6 = 1 to affine_map<()[s0] -> (s0 - 1)>()[%0] {
  %2 = affine.load %arg3[%arg5, %arg6] : memref<?x30xf64>
  %3 = affine.load %arg3[%arg5, %arg6 - 1] : memref<?x30xf64>
  %4 = arith.addf %2, %3 : f64
  %5 = affine.load %arg3[%arg5, %arg6 + 1] : memref<?x30xf64>
  %6 = arith.addf %4, %5 : f64
  %7 = affine.load %arg3[%arg5 + 1, %arg6] : memref<?x30xf64>
  %8 = arith.addf %6, %7 : f64
  %9 = affine.load %arg3[%arg5 - 1, %arg6] : memref<?x30xf64>
  %10 = arith.addf %8, %9 : f64
  %11 = arith.mulf %10, %cst : f64
  affine.store %11, %arg2[%arg5, %arg6] : memref<?x30xf64>
}

Pattern recognition complete:
  Loads: 5
  Stores: 1
  LinalgGenerics: 0

Loop bounds:
  lbMap: () -> (1)
  ubMap: ()[s0] -> (s0 - 1)

--- Processing Linalg Generics ---

--- Processing Loads ---
Processing load: %5 = affine.load %arg3[%arg5, %arg6] : memref<?x30xf64>

=== remap_in_affine_dim ===
  oldmap: (d0, d1) -> (d0, d1)
  firstNDims: 0
  check_reduction (input): 0
  lower_bound_val: 1
  dimidx: 1
  check_reduction (output): 0
  new map (map2): (d0)[s0] -> (s0, d0 + 1)
  validDims: 1, validSims: 1
  Created SubmapOp with type: memref<?xf64>
=== remap_in_affine_dim END ===

Processing load: %7 = affine.load %arg3[%arg5, %arg6 - 1] : memref<?x30xf64>

=== remap_in_affine_dim ===
  oldmap: (d0, d1) -> (d0, d1 - 1)
  firstNDims: 0
  check_reduction (input): 0
  lower_bound_val: 1
  dimidx: 1
  check_reduction (output): 0
  new map (map2): (d0)[s0] -> (s0, d0)
  validDims: 1, validSims: 1
  Created SubmapOp with type: memref<?xf64>
=== remap_in_affine_dim END ===

Processing load: %10 = affine.load %arg3[%arg5, %arg6 + 1] : memref<?x30xf64>

=== remap_in_affine_dim ===
  oldmap: (d0, d1) -> (d0, d1 + 1)
  firstNDims: 0
  check_reduction (input): 0
  lower_bound_val: 1
  dimidx: 1
  check_reduction (output): 0
  new map (map2): (d0)[s0] -> (s0, d0 + 2)
  validDims: 1, validSims: 1
  Created SubmapOp with type: memref<?xf64>
=== remap_in_affine_dim END ===

Processing load: %13 = affine.load %arg3[%arg5 + 1, %arg6] : memref<?x30xf64>

=== remap_in_affine_dim ===
  oldmap: (d0, d1) -> (d0 + 1, d1)
  firstNDims: 0
  check_reduction (input): 0
  lower_bound_val: 1
  dimidx: 1
  check_reduction (output): 0
  new map (map2): (d0)[s0] -> (s0 + 1, d0 + 1)
  validDims: 1, validSims: 1
  Created SubmapOp with type: memref<?xf64>
=== remap_in_affine_dim END ===

Processing load: %16 = affine.load %arg3[%arg5 - 1, %arg6] : memref<?x30xf64>

=== remap_in_affine_dim ===
  oldmap: (d0, d1) -> (d0 - 1, d1)
  firstNDims: 0
  check_reduction (input): 0
  lower_bound_val: 1
  dimidx: 1
  check_reduction (output): 0
  new map (map2): (d0)[s0] -> (s0 - 1, d0 + 1)
  validDims: 1, validSims: 1
  Created SubmapOp with type: memref<?xf64>
=== remap_in_affine_dim END ===


--- Processing Stores ---
Processing store: affine.store %19, %arg2[%arg5, %arg6] : memref<?x30xf64>

=== remap_in_affine_dim ===
  oldmap: (d0, d1) -> (d0, d1)
  firstNDims: 0
  check_reduction (input): 1
  lower_bound_val: 1
  dimidx: 1
  check_reduction (output): 0
  new map (map2): (d0)[s0] -> (s0, d0 + 1)
  validDims: 1, validSims: 1
  Created SubmapOp with type: memref<?xf64>
=== remap_in_affine_dim END ===


--- Creating linalg.generic ---
Iterator type for this loop: parallel
Total iterator types: 1
Total inputs: 5
Total outputs: 1

=== AffineForOpRaising SUCCESS ===
========================================


========================================
=== AffineForOpRaising::matchAndRewrite ===
========================================
Processing loop:
affine.for %arg5 = 1 to affine_map<()[s0] -> (s0 - 1)>()[%0] {
  %2 = affine.apply affine_map<()[s0] -> (s0 - 1)>()[%0]
  %3 = arith.subi %2, %c1 : index
  %4 = polygeist.submap(%arg3, %arg5, %3) {map = affine_map<(d0)[s0] -> (s0, d0 + 1)>} : (memref<?x30xf64>, index, index) -> memref<?xf64>
  %5 = polygeist.submap(%arg3, %arg5, %3) {map = affine_map<(d0)[s0] -> (s0, d0)>} : (memref<?x30xf64>, index, index) -> memref<?xf64>
  %6 = polygeist.submap(%arg3, %arg5, %3) {map = affine_map<(d0)[s0] -> (s0, d0 + 2)>} : (memref<?x30xf64>, index, index) -> memref<?xf64>
  %7 = polygeist.submap(%arg3, %arg5, %3) {map = affine_map<(d0)[s0] -> (s0 + 1, d0 + 1)>} : (memref<?x30xf64>, index, index) -> memref<?xf64>
  %8 = polygeist.submap(%arg3, %arg5, %3) {map = affine_map<(d0)[s0] -> (s0 - 1, d0 + 1)>} : (memref<?x30xf64>, index, index) -> memref<?xf64>
  %9 = polygeist.submap(%arg2, %arg5, %3) {map = affine_map<(d0)[s0] -> (s0, d0 + 1)>} : (memref<?x30xf64>, index, index) -> memref<?xf64>
  linalg.generic {indexing_maps = [affine_map<(d0) -> (d0)>, affine_map<(d0) -> (d0)>, affine_map<(d0) -> (d0)>, affine_map<(d0) -> (d0)>, affine_map<(d0) -> (d0)>, affine_map<(d0) -> (d0)>], iterator_types = ["parallel"]} ins(%4, %5, %6, %7, %8 : memref<?xf64>, memref<?xf64>, memref<?xf64>, memref<?xf64>, memref<?xf64>) outs(%9 : memref<?xf64>) {
  ^bb0(%in: f64, %in_0: f64, %in_1: f64, %in_2: f64, %in_3: f64, %out: f64):
    %10 = arith.addf %in, %in_0 : f64
    %11 = arith.addf %10, %in_1 : f64
    %12 = arith.addf %11, %in_2 : f64
    %13 = arith.addf %12, %in_3 : f64
    %14 = arith.mulf %13, %cst : f64
    linalg.yield %14 : f64
  }
}

Pattern recognition complete:
  Loads: 0
  Stores: 0
  LinalgGenerics: 1

Loop bounds:
  lbMap: () -> (1)
  ubMap: ()[s0] -> (s0 - 1)

--- Processing Linalg Generics ---
Processing linalg.generic:
linalg.generic {indexing_maps = [affine_map<(d0) -> (d0)>, affine_map<(d0) -> (d0)>, affine_map<(d0) -> (d0)>, affine_map<(d0) -> (d0)>, affine_map<(d0) -> (d0)>, affine_map<(d0) -> (d0)>], iterator_types = ["parallel"]} ins(%7, %8, %9, %10, %11 : memref<?xf64>, memref<?xf64>, memref<?xf64>, memref<?xf64>, memref<?xf64>) outs(%12 : memref<?xf64>) {
^bb0(%in: f64, %in_0: f64, %in_1: f64, %in_2: f64, %in_3: f64, %out: f64):
  %13 = arith.addf %in, %in_0 : f64
  %14 = arith.addf %13, %in_1 : f64
  %15 = arith.addf %14, %in_2 : f64
  %16 = arith.addf %15, %in_3 : f64
  %17 = arith.mulf %16, %cst : f64
  linalg.yield %17 : f64
}
  Processing 5 inputs
  Input 0 indexing map: (d0) -> (d0)

=== getLinalgArgMap ===
  Initial lgMap: (d0) -> (d0)
  Found SubmapOp with map: (d0)[s0] -> (s0, d0 + 1)
  Composed map: (d0)[s0] -> (s0, d0 + 1)
  Final lgMap: (d0)[s0] -> (s0, d0 + 1)
=== getLinalgArgMap END ===

  Calling remap_in_affine_dim for input 0

=== remap_in_affine_dim ===
  oldmap: (d0)[s0] -> (s0, d0 + 1)
  firstNDims: 1
  check_reduction (input): 0
  lower_bound_val: 1
  dimidx: 1
  check_reduction (output): 0
  new map (map2): (d0, d1) -> (d1 + 1, d0 + 1)
  validDims: 2, validSims: 0
  Created SubmapOp with type: memref<?x?xf64>
=== remap_in_affine_dim END ===

  Input 1 indexing map: (d0) -> (d0)

=== getLinalgArgMap ===
  Initial lgMap: (d0) -> (d0)
  Found SubmapOp with map: (d0)[s0] -> (s0, d0)
  Composed map: (d0)[s0] -> (s0, d0)
  Final lgMap: (d0)[s0] -> (s0, d0)
=== getLinalgArgMap END ===

  Calling remap_in_affine_dim for input 1

=== remap_in_affine_dim ===
  oldmap: (d0)[s0] -> (s0, d0)
  firstNDims: 1
  check_reduction (input): 0
  lower_bound_val: 1
  dimidx: 1
  check_reduction (output): 0
  new map (map2): (d0, d1) -> (d1 + 1, d0)
  validDims: 2, validSims: 0
  Created SubmapOp with type: memref<?x?xf64>
=== remap_in_affine_dim END ===

  Input 2 indexing map: (d0) -> (d0)

=== getLinalgArgMap ===
  Initial lgMap: (d0) -> (d0)
  Found SubmapOp with map: (d0)[s0] -> (s0, d0 + 2)
  Composed map: (d0)[s0] -> (s0, d0 + 2)
  Final lgMap: (d0)[s0] -> (s0, d0 + 2)
=== getLinalgArgMap END ===

  Calling remap_in_affine_dim for input 2

=== remap_in_affine_dim ===
  oldmap: (d0)[s0] -> (s0, d0 + 2)
  firstNDims: 1
  check_reduction (input): 0
  lower_bound_val: 1
  dimidx: 1
  check_reduction (output): 0
  new map (map2): (d0, d1) -> (d1 + 1, d0 + 2)
  validDims: 2, validSims: 0
  Created SubmapOp with type: memref<?x?xf64>
=== remap_in_affine_dim END ===

  Input 3 indexing map: (d0) -> (d0)

=== getLinalgArgMap ===
  Initial lgMap: (d0) -> (d0)
  Found SubmapOp with map: (d0)[s0] -> (s0 + 1, d0 + 1)
  Composed map: (d0)[s0] -> (s0 + 1, d0 + 1)
  Final lgMap: (d0)[s0] -> (s0 + 1, d0 + 1)
=== getLinalgArgMap END ===

  Calling remap_in_affine_dim for input 3

=== remap_in_affine_dim ===
  oldmap: (d0)[s0] -> (s0 + 1, d0 + 1)
  firstNDims: 1
  check_reduction (input): 0
  lower_bound_val: 1
  dimidx: 1
  check_reduction (output): 0
  new map (map2): (d0, d1) -> (d1 + 2, d0 + 1)
  validDims: 2, validSims: 0
  Created SubmapOp with type: memref<?x?xf64>
=== remap_in_affine_dim END ===

  Input 4 indexing map: (d0) -> (d0)

=== getLinalgArgMap ===
  Initial lgMap: (d0) -> (d0)
  Found SubmapOp with map: (d0)[s0] -> (s0 - 1, d0 + 1)
  Composed map: (d0)[s0] -> (s0 - 1, d0 + 1)
  Final lgMap: (d0)[s0] -> (s0 - 1, d0 + 1)
=== getLinalgArgMap END ===

  Calling remap_in_affine_dim for input 4

=== remap_in_affine_dim ===
  oldmap: (d0)[s0] -> (s0 - 1, d0 + 1)
  firstNDims: 1
  check_reduction (input): 0
  lower_bound_val: 1
  dimidx: 1
  check_reduction (output): 0
  new map (map2): (d0, d1) -> (d1, d0 + 1)
  validDims: 2, validSims: 0
  Created SubmapOp with type: memref<?x?xf64>
=== remap_in_affine_dim END ===

  Processing 1 outputs

=== getLinalgArgMap ===
  Initial lgMap: (d0) -> (d0)
  Found SubmapOp with map: (d0)[s0] -> (s0, d0 + 1)
  Composed map: (d0)[s0] -> (s0, d0 + 1)
  Final lgMap: (d0)[s0] -> (s0, d0 + 1)
=== getLinalgArgMap END ===

  Calling remap_in_affine_dim for output 0

=== remap_in_affine_dim ===
  oldmap: (d0)[s0] -> (s0, d0 + 1)
  firstNDims: 1
  check_reduction (input): 1
  lower_bound_val: 1
  dimidx: 1
  check_reduction (output): 0
  new map (map2): (d0, d1) -> (d1 + 1, d0 + 1)
  validDims: 2, validSims: 0
  Created SubmapOp with type: memref<?x?xf64>
=== remap_in_affine_dim END ===


--- Processing Loads ---

--- Processing Stores ---

--- Creating linalg.generic ---
Iterator type for this loop: parallel
Extending iterator types from nested linalg.generic
Total iterator types: 2
Total inputs: 5
Total outputs: 1

=== AffineForOpRaising SUCCESS ===
========================================


========================================
=== AffineForOpRaising::matchAndRewrite ===
========================================
Processing loop:
affine.for %arg4 = 0 to %1 {
  affine.for %arg5 = 1 to affine_map<()[s0] -> (s0 - 1)>()[%0] {
    affine.for %arg6 = 1 to affine_map<()[s0] -> (s0 - 1)>()[%0] {
      %22 = affine.load %arg2[%arg5, %arg6] : memref<?x30xf64>
      %23 = affine.load %arg2[%arg5, %arg6 - 1] : memref<?x30xf64>
      %24 = arith.addf %22, %23 : f64
      %25 = affine.load %arg2[%arg5, %arg6 + 1] : memref<?x30xf64>
      %26 = arith.addf %24, %25 : f64
      %27 = affine.load %arg2[%arg5 + 1, %arg6] : memref<?x30xf64>
      %28 = arith.addf %26, %27 : f64
      %29 = affine.load %arg2[%arg5 - 1, %arg6] : memref<?x30xf64>
      %30 = arith.addf %28, %29 : f64
      %31 = arith.mulf %30, %cst : f64
      affine.store %31, %arg3[%arg5, %arg6] : memref<?x30xf64>
    }
  }
  %2 = affine.apply affine_map<()[s0] -> (s0 - 1)>()[%0]
  %3 = arith.subi %2, %c1 : index
  %4 = affine.apply affine_map<()[s0] -> (s0 - 1)>()[%0]
  %5 = arith.subi %4, %c1 : index
  %6 = polygeist.submap(%arg3, %5, %3) {map = affine_map<(d0, d1) -> (d1 + 1, d0 + 1)>} : (memref<?x30xf64>, index, index) -> memref<?x?xf64>
  %7 = affine.apply affine_map<()[s0] -> (s0 - 1)>()[%0]
  %8 = arith.subi %7, %c1 : index
  %9 = polygeist.submap(%arg3, %8, %3) {map = affine_map<(d0, d1) -> (d1 + 1, d0)>} : (memref<?x30xf64>, index, index) -> memref<?x?xf64>
  %10 = affine.apply affine_map<()[s0] -> (s0 - 1)>()[%0]
  %11 = arith.subi %10, %c1 : index
  %12 = polygeist.submap(%arg3, %11, %3) {map = affine_map<(d0, d1) -> (d1 + 1, d0 + 2)>} : (memref<?x30xf64>, index, index) -> memref<?x?xf64>
  %13 = affine.apply affine_map<()[s0] -> (s0 - 1)>()[%0]
  %14 = arith.subi %13, %c1 : index
  %15 = polygeist.submap(%arg3, %14, %3) {map = affine_map<(d0, d1) -> (d1 + 2, d0 + 1)>} : (memref<?x30xf64>, index, index) -> memref<?x?xf64>
  %16 = affine.apply affine_map<()[s0] -> (s0 - 1)>()[%0]
  %17 = arith.subi %16, %c1 : index
  %18 = polygeist.submap(%arg3, %17, %3) {map = affine_map<(d0, d1) -> (d1, d0 + 1)>} : (memref<?x30xf64>, index, index) -> memref<?x?xf64>
  %19 = affine.apply affine_map<()[s0] -> (s0 - 1)>()[%0]
  %20 = arith.subi %19, %c1 : index
  %21 = polygeist.submap(%arg2, %20, %3) {map = affine_map<(d0, d1) -> (d1 + 1, d0 + 1)>} : (memref<?x30xf64>, index, index) -> memref<?x?xf64>
  linalg.generic {indexing_maps = [affine_map<(d0, d1) -> (d0, d1)>, affine_map<(d0, d1) -> (d0, d1)>, affine_map<(d0, d1) -> (d0, d1)>, affine_map<(d0, d1) -> (d0, d1)>, affine_map<(d0, d1) -> (d0, d1)>, affine_map<(d0, d1) -> (d0, d1)>], iterator_types = ["parallel", "parallel"]} ins(%6, %9, %12, %15, %18 : memref<?x?xf64>, memref<?x?xf64>, memref<?x?xf64>, memref<?x?xf64>, memref<?x?xf64>) outs(%21 : memref<?x?xf64>) {
  ^bb0(%in: f64, %in_0: f64, %in_1: f64, %in_2: f64, %in_3: f64, %out: f64):
    %22 = arith.addf %in, %in_0 : f64
    %23 = arith.addf %22, %in_1 : f64
    %24 = arith.addf %23, %in_2 : f64
    %25 = arith.addf %24, %in_3 : f64
    %26 = arith.mulf %25, %cst : f64
    linalg.yield %26 : f64
  }
}

REJECTED: Walk was interrupted (invalid operations found)


========================================
=== AffineForOpRaising::matchAndRewrite ===
========================================
Processing loop:
affine.for %arg5 = 1 to affine_map<()[s0] -> (s0 - 1)>()[%0] {
  affine.for %arg6 = 1 to affine_map<()[s0] -> (s0 - 1)>()[%0] {
    %22 = affine.load %arg2[%arg5, %arg6] : memref<?x30xf64>
    %23 = affine.load %arg2[%arg5, %arg6 - 1] : memref<?x30xf64>
    %24 = arith.addf %22, %23 : f64
    %25 = affine.load %arg2[%arg5, %arg6 + 1] : memref<?x30xf64>
    %26 = arith.addf %24, %25 : f64
    %27 = affine.load %arg2[%arg5 + 1, %arg6] : memref<?x30xf64>
    %28 = arith.addf %26, %27 : f64
    %29 = affine.load %arg2[%arg5 - 1, %arg6] : memref<?x30xf64>
    %30 = arith.addf %28, %29 : f64
    %31 = arith.mulf %30, %cst : f64
    affine.store %31, %arg3[%arg5, %arg6] : memref<?x30xf64>
  }
}

REJECTED: Walk was interrupted (invalid operations found)


========================================
=== AffineForOpRaising::matchAndRewrite ===
========================================
Processing loop:
affine.for %arg6 = 1 to affine_map<()[s0] -> (s0 - 1)>()[%0] {
  %22 = affine.load %arg2[%arg5, %arg6] : memref<?x30xf64>
  %23 = affine.load %arg2[%arg5, %arg6 - 1] : memref<?x30xf64>
  %24 = arith.addf %22, %23 : f64
  %25 = affine.load %arg2[%arg5, %arg6 + 1] : memref<?x30xf64>
  %26 = arith.addf %24, %25 : f64
  %27 = affine.load %arg2[%arg5 + 1, %arg6] : memref<?x30xf64>
  %28 = arith.addf %26, %27 : f64
  %29 = affine.load %arg2[%arg5 - 1, %arg6] : memref<?x30xf64>
  %30 = arith.addf %28, %29 : f64
  %31 = arith.mulf %30, %cst : f64
  affine.store %31, %arg3[%arg5, %arg6] : memref<?x30xf64>
}

Pattern recognition complete:
  Loads: 5
  Stores: 1
  LinalgGenerics: 0

Loop bounds:
  lbMap: () -> (1)
  ubMap: ()[s0] -> (s0 - 1)

--- Processing Linalg Generics ---

--- Processing Loads ---
Processing load: %25 = affine.load %arg2[%arg5, %arg6] : memref<?x30xf64>

=== remap_in_affine_dim ===
  oldmap: (d0, d1) -> (d0, d1)
  firstNDims: 0
  check_reduction (input): 0
  lower_bound_val: 1
  dimidx: 1
  check_reduction (output): 0
  new map (map2): (d0)[s0] -> (s0, d0 + 1)
  validDims: 1, validSims: 1
  Created SubmapOp with type: memref<?xf64>
=== remap_in_affine_dim END ===

Processing load: %27 = affine.load %arg2[%arg5, %arg6 - 1] : memref<?x30xf64>

=== remap_in_affine_dim ===
  oldmap: (d0, d1) -> (d0, d1 - 1)
  firstNDims: 0
  check_reduction (input): 0
  lower_bound_val: 1
  dimidx: 1
  check_reduction (output): 0
  new map (map2): (d0)[s0] -> (s0, d0)
  validDims: 1, validSims: 1
  Created SubmapOp with type: memref<?xf64>
=== remap_in_affine_dim END ===

Processing load: %30 = affine.load %arg2[%arg5, %arg6 + 1] : memref<?x30xf64>

=== remap_in_affine_dim ===
  oldmap: (d0, d1) -> (d0, d1 + 1)
  firstNDims: 0
  check_reduction (input): 0
  lower_bound_val: 1
  dimidx: 1
  check_reduction (output): 0
  new map (map2): (d0)[s0] -> (s0, d0 + 2)
  validDims: 1, validSims: 1
  Created SubmapOp with type: memref<?xf64>
=== remap_in_affine_dim END ===

Processing load: %33 = affine.load %arg2[%arg5 + 1, %arg6] : memref<?x30xf64>

=== remap_in_affine_dim ===
  oldmap: (d0, d1) -> (d0 + 1, d1)
  firstNDims: 0
  check_reduction (input): 0
  lower_bound_val: 1
  dimidx: 1
  check_reduction (output): 0
  new map (map2): (d0)[s0] -> (s0 + 1, d0 + 1)
  validDims: 1, validSims: 1
  Created SubmapOp with type: memref<?xf64>
=== remap_in_affine_dim END ===

Processing load: %36 = affine.load %arg2[%arg5 - 1, %arg6] : memref<?x30xf64>

=== remap_in_affine_dim ===
  oldmap: (d0, d1) -> (d0 - 1, d1)
  firstNDims: 0
  check_reduction (input): 0
  lower_bound_val: 1
  dimidx: 1
  check_reduction (output): 0
  new map (map2): (d0)[s0] -> (s0 - 1, d0 + 1)
  validDims: 1, validSims: 1
  Created SubmapOp with type: memref<?xf64>
=== remap_in_affine_dim END ===


--- Processing Stores ---
Processing store: affine.store %39, %arg3[%arg5, %arg6] : memref<?x30xf64>

=== remap_in_affine_dim ===
  oldmap: (d0, d1) -> (d0, d1)
  firstNDims: 0
  check_reduction (input): 1
  lower_bound_val: 1
  dimidx: 1
  check_reduction (output): 0
  new map (map2): (d0)[s0] -> (s0, d0 + 1)
  validDims: 1, validSims: 1
  Created SubmapOp with type: memref<?xf64>
=== remap_in_affine_dim END ===


--- Creating linalg.generic ---
Iterator type for this loop: parallel
Total iterator types: 1
Total inputs: 5
Total outputs: 1

=== AffineForOpRaising SUCCESS ===
========================================


========================================
=== AffineForOpRaising::matchAndRewrite ===
========================================
Processing loop:
affine.for %arg4 = 0 to %1 {
  affine.for %arg5 = 1 to affine_map<()[s0] -> (s0 - 1)>()[%0] {
    %22 = affine.apply affine_map<()[s0] -> (s0 - 1)>()[%0]
    %23 = arith.subi %22, %c1 : index
    %24 = polygeist.submap(%arg2, %arg5, %23) {map = affine_map<(d0)[s0] -> (s0, d0 + 1)>} : (memref<?x30xf64>, index, index) -> memref<?xf64>
    %25 = polygeist.submap(%arg2, %arg5, %23) {map = affine_map<(d0)[s0] -> (s0, d0)>} : (memref<?x30xf64>, index, index) -> memref<?xf64>
    %26 = polygeist.submap(%arg2, %arg5, %23) {map = affine_map<(d0)[s0] -> (s0, d0 + 2)>} : (memref<?x30xf64>, index, index) -> memref<?xf64>
    %27 = polygeist.submap(%arg2, %arg5, %23) {map = affine_map<(d0)[s0] -> (s0 + 1, d0 + 1)>} : (memref<?x30xf64>, index, index) -> memref<?xf64>
    %28 = polygeist.submap(%arg2, %arg5, %23) {map = affine_map<(d0)[s0] -> (s0 - 1, d0 + 1)>} : (memref<?x30xf64>, index, index) -> memref<?xf64>
    %29 = polygeist.submap(%arg3, %arg5, %23) {map = affine_map<(d0)[s0] -> (s0, d0 + 1)>} : (memref<?x30xf64>, index, index) -> memref<?xf64>
    linalg.generic {indexing_maps = [affine_map<(d0) -> (d0)>, affine_map<(d0) -> (d0)>, affine_map<(d0) -> (d0)>, affine_map<(d0) -> (d0)>, affine_map<(d0) -> (d0)>, affine_map<(d0) -> (d0)>], iterator_types = ["parallel"]} ins(%24, %25, %26, %27, %28 : memref<?xf64>, memref<?xf64>, memref<?xf64>, memref<?xf64>, memref<?xf64>) outs(%29 : memref<?xf64>) {
    ^bb0(%in: f64, %in_0: f64, %in_1: f64, %in_2: f64, %in_3: f64, %out: f64):
      %30 = arith.addf %in, %in_0 : f64
      %31 = arith.addf %30, %in_1 : f64
      %32 = arith.addf %31, %in_2 : f64
      %33 = arith.addf %32, %in_3 : f64
      %34 = arith.mulf %33, %cst : f64
      linalg.yield %34 : f64
    }
  }
  %2 = affine.apply affine_map<()[s0] -> (s0 - 1)>()[%0]
  %3 = arith.subi %2, %c1 : index
  %4 = affine.apply affine_map<()[s0] -> (s0 - 1)>()[%0]
  %5 = arith.subi %4, %c1 : index
  %6 = polygeist.submap(%arg3, %5, %3) {map = affine_map<(d0, d1) -> (d1 + 1, d0 + 1)>} : (memref<?x30xf64>, index, index) -> memref<?x?xf64>
  %7 = affine.apply affine_map<()[s0] -> (s0 - 1)>()[%0]
  %8 = arith.subi %7, %c1 : index
  %9 = polygeist.submap(%arg3, %8, %3) {map = affine_map<(d0, d1) -> (d1 + 1, d0)>} : (memref<?x30xf64>, index, index) -> memref<?x?xf64>
  %10 = affine.apply affine_map<()[s0] -> (s0 - 1)>()[%0]
  %11 = arith.subi %10, %c1 : index
  %12 = polygeist.submap(%arg3, %11, %3) {map = affine_map<(d0, d1) -> (d1 + 1, d0 + 2)>} : (memref<?x30xf64>, index, index) -> memref<?x?xf64>
  %13 = affine.apply affine_map<()[s0] -> (s0 - 1)>()[%0]
  %14 = arith.subi %13, %c1 : index
  %15 = polygeist.submap(%arg3, %14, %3) {map = affine_map<(d0, d1) -> (d1 + 2, d0 + 1)>} : (memref<?x30xf64>, index, index) -> memref<?x?xf64>
  %16 = affine.apply affine_map<()[s0] -> (s0 - 1)>()[%0]
  %17 = arith.subi %16, %c1 : index
  %18 = polygeist.submap(%arg3, %17, %3) {map = affine_map<(d0, d1) -> (d1, d0 + 1)>} : (memref<?x30xf64>, index, index) -> memref<?x?xf64>
  %19 = affine.apply affine_map<()[s0] -> (s0 - 1)>()[%0]
  %20 = arith.subi %19, %c1 : index
  %21 = polygeist.submap(%arg2, %20, %3) {map = affine_map<(d0, d1) -> (d1 + 1, d0 + 1)>} : (memref<?x30xf64>, index, index) -> memref<?x?xf64>
  linalg.generic {indexing_maps = [affine_map<(d0, d1) -> (d0, d1)>, affine_map<(d0, d1) -> (d0, d1)>, affine_map<(d0, d1) -> (d0, d1)>, affine_map<(d0, d1) -> (d0, d1)>, affine_map<(d0, d1) -> (d0, d1)>, affine_map<(d0, d1) -> (d0, d1)>], iterator_types = ["parallel", "parallel"]} ins(%6, %9, %12, %15, %18 : memref<?x?xf64>, memref<?x?xf64>, memref<?x?xf64>, memref<?x?xf64>, memref<?x?xf64>) outs(%21 : memref<?x?xf64>) {
  ^bb0(%in: f64, %in_0: f64, %in_1: f64, %in_2: f64, %in_3: f64, %out: f64):
    %22 = arith.addf %in, %in_0 : f64
    %23 = arith.addf %22, %in_1 : f64
    %24 = arith.addf %23, %in_2 : f64
    %25 = arith.addf %24, %in_3 : f64
    %26 = arith.mulf %25, %cst : f64
    linalg.yield %26 : f64
  }
}

REJECTED: Walk was interrupted (invalid operations found)


========================================
=== AffineForOpRaising::matchAndRewrite ===
========================================
Processing loop:
affine.for %arg5 = 1 to affine_map<()[s0] -> (s0 - 1)>()[%0] {
  %22 = affine.apply affine_map<()[s0] -> (s0 - 1)>()[%0]
  %23 = arith.subi %22, %c1 : index
  %24 = polygeist.submap(%arg2, %arg5, %23) {map = affine_map<(d0)[s0] -> (s0, d0 + 1)>} : (memref<?x30xf64>, index, index) -> memref<?xf64>
  %25 = polygeist.submap(%arg2, %arg5, %23) {map = affine_map<(d0)[s0] -> (s0, d0)>} : (memref<?x30xf64>, index, index) -> memref<?xf64>
  %26 = polygeist.submap(%arg2, %arg5, %23) {map = affine_map<(d0)[s0] -> (s0, d0 + 2)>} : (memref<?x30xf64>, index, index) -> memref<?xf64>
  %27 = polygeist.submap(%arg2, %arg5, %23) {map = affine_map<(d0)[s0] -> (s0 + 1, d0 + 1)>} : (memref<?x30xf64>, index, index) -> memref<?xf64>
  %28 = polygeist.submap(%arg2, %arg5, %23) {map = affine_map<(d0)[s0] -> (s0 - 1, d0 + 1)>} : (memref<?x30xf64>, index, index) -> memref<?xf64>
  %29 = polygeist.submap(%arg3, %arg5, %23) {map = affine_map<(d0)[s0] -> (s0, d0 + 1)>} : (memref<?x30xf64>, index, index) -> memref<?xf64>
  linalg.generic {indexing_maps = [affine_map<(d0) -> (d0)>, affine_map<(d0) -> (d0)>, affine_map<(d0) -> (d0)>, affine_map<(d0) -> (d0)>, affine_map<(d0) -> (d0)>, affine_map<(d0) -> (d0)>], iterator_types = ["parallel"]} ins(%24, %25, %26, %27, %28 : memref<?xf64>, memref<?xf64>, memref<?xf64>, memref<?xf64>, memref<?xf64>) outs(%29 : memref<?xf64>) {
  ^bb0(%in: f64, %in_0: f64, %in_1: f64, %in_2: f64, %in_3: f64, %out: f64):
    %30 = arith.addf %in, %in_0 : f64
    %31 = arith.addf %30, %in_1 : f64
    %32 = arith.addf %31, %in_2 : f64
    %33 = arith.addf %32, %in_3 : f64
    %34 = arith.mulf %33, %cst : f64
    linalg.yield %34 : f64
  }
}

Pattern recognition complete:
  Loads: 0
  Stores: 0
  LinalgGenerics: 1

Loop bounds:
  lbMap: () -> (1)
  ubMap: ()[s0] -> (s0 - 1)

--- Processing Linalg Generics ---
Processing linalg.generic:
linalg.generic {indexing_maps = [affine_map<(d0) -> (d0)>, affine_map<(d0) -> (d0)>, affine_map<(d0) -> (d0)>, affine_map<(d0) -> (d0)>, affine_map<(d0) -> (d0)>, affine_map<(d0) -> (d0)>], iterator_types = ["parallel"]} ins(%27, %28, %29, %30, %31 : memref<?xf64>, memref<?xf64>, memref<?xf64>, memref<?xf64>, memref<?xf64>) outs(%32 : memref<?xf64>) {
^bb0(%in: f64, %in_0: f64, %in_1: f64, %in_2: f64, %in_3: f64, %out: f64):
  %33 = arith.addf %in, %in_0 : f64
  %34 = arith.addf %33, %in_1 : f64
  %35 = arith.addf %34, %in_2 : f64
  %36 = arith.addf %35, %in_3 : f64
  %37 = arith.mulf %36, %cst : f64
  linalg.yield %37 : f64
}
  Processing 5 inputs
  Input 0 indexing map: (d0) -> (d0)

=== getLinalgArgMap ===
  Initial lgMap: (d0) -> (d0)
  Found SubmapOp with map: (d0)[s0] -> (s0, d0 + 1)
  Composed map: (d0)[s0] -> (s0, d0 + 1)
  Final lgMap: (d0)[s0] -> (s0, d0 + 1)
=== getLinalgArgMap END ===

  Calling remap_in_affine_dim for input 0

=== remap_in_affine_dim ===
  oldmap: (d0)[s0] -> (s0, d0 + 1)
  firstNDims: 1
  check_reduction (input): 0
  lower_bound_val: 1
  dimidx: 1
  check_reduction (output): 0
  new map (map2): (d0, d1) -> (d1 + 1, d0 + 1)
  validDims: 2, validSims: 0
  Created SubmapOp with type: memref<?x?xf64>
=== remap_in_affine_dim END ===

  Input 1 indexing map: (d0) -> (d0)

=== getLinalgArgMap ===
  Initial lgMap: (d0) -> (d0)
  Found SubmapOp with map: (d0)[s0] -> (s0, d0)
  Composed map: (d0)[s0] -> (s0, d0)
  Final lgMap: (d0)[s0] -> (s0, d0)
=== getLinalgArgMap END ===

  Calling remap_in_affine_dim for input 1

=== remap_in_affine_dim ===
  oldmap: (d0)[s0] -> (s0, d0)
  firstNDims: 1
  check_reduction (input): 0
  lower_bound_val: 1
  dimidx: 1
  check_reduction (output): 0
  new map (map2): (d0, d1) -> (d1 + 1, d0)
  validDims: 2, validSims: 0
  Created SubmapOp with type: memref<?x?xf64>
=== remap_in_affine_dim END ===

  Input 2 indexing map: (d0) -> (d0)

=== getLinalgArgMap ===
  Initial lgMap: (d0) -> (d0)
  Found SubmapOp with map: (d0)[s0] -> (s0, d0 + 2)
  Composed map: (d0)[s0] -> (s0, d0 + 2)
  Final lgMap: (d0)[s0] -> (s0, d0 + 2)
=== getLinalgArgMap END ===

  Calling remap_in_affine_dim for input 2

=== remap_in_affine_dim ===
  oldmap: (d0)[s0] -> (s0, d0 + 2)
  firstNDims: 1
  check_reduction (input): 0
  lower_bound_val: 1
  dimidx: 1
  check_reduction (output): 0
  new map (map2): (d0, d1) -> (d1 + 1, d0 + 2)
  validDims: 2, validSims: 0
  Created SubmapOp with type: memref<?x?xf64>
=== remap_in_affine_dim END ===

  Input 3 indexing map: (d0) -> (d0)

=== getLinalgArgMap ===
  Initial lgMap: (d0) -> (d0)
  Found SubmapOp with map: (d0)[s0] -> (s0 + 1, d0 + 1)
  Composed map: (d0)[s0] -> (s0 + 1, d0 + 1)
  Final lgMap: (d0)[s0] -> (s0 + 1, d0 + 1)
=== getLinalgArgMap END ===

  Calling remap_in_affine_dim for input 3

=== remap_in_affine_dim ===
  oldmap: (d0)[s0] -> (s0 + 1, d0 + 1)
  firstNDims: 1
  check_reduction (input): 0
  lower_bound_val: 1
  dimidx: 1
  check_reduction (output): 0
  new map (map2): (d0, d1) -> (d1 + 2, d0 + 1)
  validDims: 2, validSims: 0
  Created SubmapOp with type: memref<?x?xf64>
=== remap_in_affine_dim END ===

  Input 4 indexing map: (d0) -> (d0)

=== getLinalgArgMap ===
  Initial lgMap: (d0) -> (d0)
  Found SubmapOp with map: (d0)[s0] -> (s0 - 1, d0 + 1)
  Composed map: (d0)[s0] -> (s0 - 1, d0 + 1)
  Final lgMap: (d0)[s0] -> (s0 - 1, d0 + 1)
=== getLinalgArgMap END ===

  Calling remap_in_affine_dim for input 4

=== remap_in_affine_dim ===
  oldmap: (d0)[s0] -> (s0 - 1, d0 + 1)
  firstNDims: 1
  check_reduction (input): 0
  lower_bound_val: 1
  dimidx: 1
  check_reduction (output): 0
  new map (map2): (d0, d1) -> (d1, d0 + 1)
  validDims: 2, validSims: 0
  Created SubmapOp with type: memref<?x?xf64>
=== remap_in_affine_dim END ===

  Processing 1 outputs

=== getLinalgArgMap ===
  Initial lgMap: (d0) -> (d0)
  Found SubmapOp with map: (d0)[s0] -> (s0, d0 + 1)
  Composed map: (d0)[s0] -> (s0, d0 + 1)
  Final lgMap: (d0)[s0] -> (s0, d0 + 1)
=== getLinalgArgMap END ===

  Calling remap_in_affine_dim for output 0

=== remap_in_affine_dim ===
  oldmap: (d0)[s0] -> (s0, d0 + 1)
  firstNDims: 1
  check_reduction (input): 1
  lower_bound_val: 1
  dimidx: 1
  check_reduction (output): 0
  new map (map2): (d0, d1) -> (d1 + 1, d0 + 1)
  validDims: 2, validSims: 0
  Created SubmapOp with type: memref<?x?xf64>
=== remap_in_affine_dim END ===


--- Processing Loads ---

--- Processing Stores ---

--- Creating linalg.generic ---
Iterator type for this loop: parallel
Extending iterator types from nested linalg.generic
Total iterator types: 2
Total inputs: 5
Total outputs: 1

=== AffineForOpRaising SUCCESS ===
========================================


========================================
=== AffineForOpRaising::matchAndRewrite ===
========================================
Processing loop:
affine.for %arg4 = 0 to %1 {
  %2 = affine.apply affine_map<()[s0] -> (s0 - 1)>()[%0]
  %3 = arith.subi %2, %c1 : index
  %4 = affine.apply affine_map<()[s0] -> (s0 - 1)>()[%0]
  %5 = arith.subi %4, %c1 : index
  %6 = polygeist.submap(%arg2, %5, %3) {map = affine_map<(d0, d1) -> (d1 + 1, d0 + 1)>} : (memref<?x30xf64>, index, index) -> memref<?x?xf64>
  %7 = affine.apply affine_map<()[s0] -> (s0 - 1)>()[%0]
  %8 = arith.subi %7, %c1 : index
  %9 = polygeist.submap(%arg2, %8, %3) {map = affine_map<(d0, d1) -> (d1 + 1, d0)>} : (memref<?x30xf64>, index, index) -> memref<?x?xf64>
  %10 = affine.apply affine_map<()[s0] -> (s0 - 1)>()[%0]
  %11 = arith.subi %10, %c1 : index
  %12 = polygeist.submap(%arg2, %11, %3) {map = affine_map<(d0, d1) -> (d1 + 1, d0 + 2)>} : (memref<?x30xf64>, index, index) -> memref<?x?xf64>
  %13 = affine.apply affine_map<()[s0] -> (s0 - 1)>()[%0]
  %14 = arith.subi %13, %c1 : index
  %15 = polygeist.submap(%arg2, %14, %3) {map = affine_map<(d0, d1) -> (d1 + 2, d0 + 1)>} : (memref<?x30xf64>, index, index) -> memref<?x?xf64>
  %16 = affine.apply affine_map<()[s0] -> (s0 - 1)>()[%0]
  %17 = arith.subi %16, %c1 : index
  %18 = polygeist.submap(%arg2, %17, %3) {map = affine_map<(d0, d1) -> (d1, d0 + 1)>} : (memref<?x30xf64>, index, index) -> memref<?x?xf64>
  %19 = affine.apply affine_map<()[s0] -> (s0 - 1)>()[%0]
  %20 = arith.subi %19, %c1 : index
  %21 = polygeist.submap(%arg3, %20, %3) {map = affine_map<(d0, d1) -> (d1 + 1, d0 + 1)>} : (memref<?x30xf64>, index, index) -> memref<?x?xf64>
  linalg.generic {indexing_maps = [affine_map<(d0, d1) -> (d0, d1)>, affine_map<(d0, d1) -> (d0, d1)>, affine_map<(d0, d1) -> (d0, d1)>, affine_map<(d0, d1) -> (d0, d1)>, affine_map<(d0, d1) -> (d0, d1)>, affine_map<(d0, d1) -> (d0, d1)>], iterator_types = ["parallel", "parallel"]} ins(%6, %9, %12, %15, %18 : memref<?x?xf64>, memref<?x?xf64>, memref<?x?xf64>, memref<?x?xf64>, memref<?x?xf64>) outs(%21 : memref<?x?xf64>) {
  ^bb0(%in: f64, %in_0: f64, %in_1: f64, %in_2: f64, %in_3: f64, %out: f64):
    %42 = affine.apply affine_map<()[s0] -> (s0 - 1)>()[%0]
    %43 = arith.addf %in, %in_0 : f64
    %44 = arith.addf %43, %in_1 : f64
    %45 = arith.addf %44, %in_2 : f64
    %46 = arith.addf %45, %in_3 : f64
    %47 = arith.mulf %46, %cst : f64
    linalg.yield %47 : f64
  }
  %22 = affine.apply affine_map<()[s0] -> (s0 - 1)>()[%0]
  %23 = arith.subi %22, %c1 : index
  %24 = affine.apply affine_map<()[s0] -> (s0 - 1)>()[%0]
  %25 = arith.subi %24, %c1 : index
  %26 = polygeist.submap(%arg3, %25, %23) {map = affine_map<(d0, d1) -> (d1 + 1, d0 + 1)>} : (memref<?x30xf64>, index, index) -> memref<?x?xf64>
  %27 = affine.apply affine_map<()[s0] -> (s0 - 1)>()[%0]
  %28 = arith.subi %27, %c1 : index
  %29 = polygeist.submap(%arg3, %28, %23) {map = affine_map<(d0, d1) -> (d1 + 1, d0)>} : (memref<?x30xf64>, index, index) -> memref<?x?xf64>
  %30 = affine.apply affine_map<()[s0] -> (s0 - 1)>()[%0]
  %31 = arith.subi %30, %c1 : index
  %32 = polygeist.submap(%arg3, %31, %23) {map = affine_map<(d0, d1) -> (d1 + 1, d0 + 2)>} : (memref<?x30xf64>, index, index) -> memref<?x?xf64>
  %33 = affine.apply affine_map<()[s0] -> (s0 - 1)>()[%0]
  %34 = arith.subi %33, %c1 : index
  %35 = polygeist.submap(%arg3, %34, %23) {map = affine_map<(d0, d1) -> (d1 + 2, d0 + 1)>} : (memref<?x30xf64>, index, index) -> memref<?x?xf64>
  %36 = affine.apply affine_map<()[s0] -> (s0 - 1)>()[%0]
  %37 = arith.subi %36, %c1 : index
  %38 = polygeist.submap(%arg3, %37, %23) {map = affine_map<(d0, d1) -> (d1, d0 + 1)>} : (memref<?x30xf64>, index, index) -> memref<?x?xf64>
  %39 = affine.apply affine_map<()[s0] -> (s0 - 1)>()[%0]
  %40 = arith.subi %39, %c1 : index
  %41 = polygeist.submap(%arg2, %40, %23) {map = affine_map<(d0, d1) -> (d1 + 1, d0 + 1)>} : (memref<?x30xf64>, index, index) -> memref<?x?xf64>
  linalg.generic {indexing_maps = [affine_map<(d0, d1) -> (d0, d1)>, affine_map<(d0, d1) -> (d0, d1)>, affine_map<(d0, d1) -> (d0, d1)>, affine_map<(d0, d1) -> (d0, d1)>, affine_map<(d0, d1) -> (d0, d1)>, affine_map<(d0, d1) -> (d0, d1)>], iterator_types = ["parallel", "parallel"]} ins(%26, %29, %32, %35, %38 : memref<?x?xf64>, memref<?x?xf64>, memref<?x?xf64>, memref<?x?xf64>, memref<?x?xf64>) outs(%41 : memref<?x?xf64>) {
  ^bb0(%in: f64, %in_0: f64, %in_1: f64, %in_2: f64, %in_3: f64, %out: f64):
    %42 = arith.addf %in, %in_0 : f64
    %43 = arith.addf %42, %in_1 : f64
    %44 = arith.addf %43, %in_2 : f64
    %45 = arith.addf %44, %in_3 : f64
    %46 = arith.mulf %45, %cst : f64
    linalg.yield %46 : f64
  }
}

Pattern recognition complete:
  Loads: 0
  Stores: 0
  LinalgGenerics: 2

Loop bounds:
  lbMap: () -> (0)
  ubMap: ()[s0] -> (s0)

--- Processing Linalg Generics ---
Processing linalg.generic:
linalg.generic {indexing_maps = [affine_map<(d0, d1) -> (d0, d1)>, affine_map<(d0, d1) -> (d0, d1)>, affine_map<(d0, d1) -> (d0, d1)>, affine_map<(d0, d1) -> (d0, d1)>, affine_map<(d0, d1) -> (d0, d1)>, affine_map<(d0, d1) -> (d0, d1)>], iterator_types = ["parallel", "parallel"]} ins(%9, %12, %15, %18, %21 : memref<?x?xf64>, memref<?x?xf64>, memref<?x?xf64>, memref<?x?xf64>, memref<?x?xf64>) outs(%24 : memref<?x?xf64>) {
^bb0(%in: f64, %in_0: f64, %in_1: f64, %in_2: f64, %in_3: f64, %out: f64):
  %45 = affine.apply affine_map<()[s0] -> (s0 - 1)>()[%0]
  %46 = arith.addf %in, %in_0 : f64
  %47 = arith.addf %46, %in_1 : f64
  %48 = arith.addf %47, %in_2 : f64
  %49 = arith.addf %48, %in_3 : f64
  %50 = arith.mulf %49, %cst : f64
  linalg.yield %50 : f64
}
  Processing 5 inputs
  Input 0 indexing map: (d0, d1) -> (d0, d1)

=== getLinalgArgMap ===
  Initial lgMap: (d0, d1) -> (d0, d1)
  Found SubmapOp with map: (d0, d1) -> (d1 + 1, d0 + 1)
  Composed map: (d0, d1) -> (d1 + 1, d0 + 1)
  Final lgMap: (d0, d1) -> (d1 + 1, d0 + 1)
=== getLinalgArgMap END ===

  Calling remap_in_affine_dim for input 0

=== remap_in_affine_dim ===
  oldmap: (d0, d1) -> (d1 + 1, d0 + 1)
  firstNDims: 2
  check_reduction (input): 0
  lower_bound_val: 0
  dimidx: -1
  check_reduction (output): 0
  new map (map2): (d0, d1, d2) -> (d1 + 1, d0 + 1)
  validDims: 2, validSims: 0
  Created SubmapOp with type: memref<?x?x?xf64>
=== remap_in_affine_dim END ===

  Input 1 indexing map: (d0, d1) -> (d0, d1)

=== getLinalgArgMap ===
  Initial lgMap: (d0, d1) -> (d0, d1)
  Found SubmapOp with map: (d0, d1) -> (d1 + 1, d0)
  Composed map: (d0, d1) -> (d1 + 1, d0)
  Final lgMap: (d0, d1) -> (d1 + 1, d0)
=== getLinalgArgMap END ===

  Calling remap_in_affine_dim for input 1

=== remap_in_affine_dim ===
  oldmap: (d0, d1) -> (d1 + 1, d0)
  firstNDims: 2
  check_reduction (input): 0
  lower_bound_val: 0
  dimidx: -1
  check_reduction (output): 0
  new map (map2): (d0, d1, d2) -> (d1 + 1, d0)
  validDims: 2, validSims: 0
  Created SubmapOp with type: memref<?x?x?xf64>
=== remap_in_affine_dim END ===

  Input 2 indexing map: (d0, d1) -> (d0, d1)

=== getLinalgArgMap ===
  Initial lgMap: (d0, d1) -> (d0, d1)
  Found SubmapOp with map: (d0, d1) -> (d1 + 1, d0 + 2)
  Composed map: (d0, d1) -> (d1 + 1, d0 + 2)
  Final lgMap: (d0, d1) -> (d1 + 1, d0 + 2)
=== getLinalgArgMap END ===

  Calling remap_in_affine_dim for input 2

=== remap_in_affine_dim ===
  oldmap: (d0, d1) -> (d1 + 1, d0 + 2)
  firstNDims: 2
  check_reduction (input): 0
  lower_bound_val: 0
  dimidx: -1
  check_reduction (output): 0
  new map (map2): (d0, d1, d2) -> (d1 + 1, d0 + 2)
  validDims: 2, validSims: 0
  Created SubmapOp with type: memref<?x?x?xf64>
=== remap_in_affine_dim END ===

  Input 3 indexing map: (d0, d1) -> (d0, d1)

=== getLinalgArgMap ===
  Initial lgMap: (d0, d1) -> (d0, d1)
  Found SubmapOp with map: (d0, d1) -> (d1 + 2, d0 + 1)
  Composed map: (d0, d1) -> (d1 + 2, d0 + 1)
  Final lgMap: (d0, d1) -> (d1 + 2, d0 + 1)
=== getLinalgArgMap END ===

  Calling remap_in_affine_dim for input 3

=== remap_in_affine_dim ===
  oldmap: (d0, d1) -> (d1 + 2, d0 + 1)
  firstNDims: 2
  check_reduction (input): 0
  lower_bound_val: 0
  dimidx: -1
  check_reduction (output): 0
  new map (map2): (d0, d1, d2) -> (d1 + 2, d0 + 1)
  validDims: 2, validSims: 0
  Created SubmapOp with type: memref<?x?x?xf64>
=== remap_in_affine_dim END ===

  Input 4 indexing map: (d0, d1) -> (d0, d1)

=== getLinalgArgMap ===
  Initial lgMap: (d0, d1) -> (d0, d1)
  Found SubmapOp with map: (d0, d1) -> (d1, d0 + 1)
  Composed map: (d0, d1) -> (d1, d0 + 1)
  Final lgMap: (d0, d1) -> (d1, d0 + 1)
=== getLinalgArgMap END ===

  Calling remap_in_affine_dim for input 4

=== remap_in_affine_dim ===
  oldmap: (d0, d1) -> (d1, d0 + 1)
  firstNDims: 2
  check_reduction (input): 0
  lower_bound_val: 0
  dimidx: -1
  check_reduction (output): 0
  new map (map2): (d0, d1, d2) -> (d1, d0 + 1)
  validDims: 2, validSims: 0
  Created SubmapOp with type: memref<?x?x?xf64>
=== remap_in_affine_dim END ===

  Processing 1 outputs

=== getLinalgArgMap ===
  Initial lgMap: (d0, d1) -> (d0, d1)
  Found SubmapOp with map: (d0, d1) -> (d1 + 1, d0 + 1)
  Composed map: (d0, d1) -> (d1 + 1, d0 + 1)
  Final lgMap: (d0, d1) -> (d1 + 1, d0 + 1)
=== getLinalgArgMap END ===

  Calling remap_in_affine_dim for output 0

=== remap_in_affine_dim ===
  oldmap: (d0, d1) -> (d1 + 1, d0 + 1)
  firstNDims: 2
  check_reduction (input): 1
  lower_bound_val: 0
  dimidx: -1
  check_reduction (output): 1
  new map (map2): (d0, d1, d2) -> (d1 + 1, d0 + 1)
  validDims: 2, validSims: 0
  Created SubmapOp with type: memref<?x?x?xf64>
=== remap_in_affine_dim END ===

Processing linalg.generic:
linalg.generic {indexing_maps = [affine_map<(d0, d1) -> (d0, d1)>, affine_map<(d0, d1) -> (d0, d1)>, affine_map<(d0, d1) -> (d0, d1)>, affine_map<(d0, d1) -> (d0, d1)>, affine_map<(d0, d1) -> (d0, d1)>, affine_map<(d0, d1) -> (d0, d1)>], iterator_types = ["parallel", "parallel"]} ins(%59, %62, %65, %68, %71 : memref<?x?xf64>, memref<?x?xf64>, memref<?x?xf64>, memref<?x?xf64>, memref<?x?xf64>) outs(%74 : memref<?x?xf64>) {
^bb0(%in: f64, %in_0: f64, %in_1: f64, %in_2: f64, %in_3: f64, %out: f64):
  %75 = arith.addf %in, %in_0 : f64
  %76 = arith.addf %75, %in_1 : f64
  %77 = arith.addf %76, %in_2 : f64
  %78 = arith.addf %77, %in_3 : f64
  %79 = arith.mulf %78, %cst : f64
  linalg.yield %79 : f64
}
  Processing 5 inputs
  Input 0 indexing map: (d0, d1) -> (d0, d1)

=== getLinalgArgMap ===
  Initial lgMap: (d0, d1) -> (d0, d1)
  Found SubmapOp with map: (d0, d1) -> (d1 + 1, d0 + 1)
  Composed map: (d0, d1) -> (d1 + 1, d0 + 1)
  Final lgMap: (d0, d1) -> (d1 + 1, d0 + 1)
=== getLinalgArgMap END ===

  Calling remap_in_affine_dim for input 0

=== remap_in_affine_dim ===
  oldmap: (d0, d1) -> (d1 + 1, d0 + 1)
  firstNDims: 2
  check_reduction (input): 0
  lower_bound_val: 0
  dimidx: -1
  check_reduction (output): 0
  new map (map2): (d0, d1, d2) -> (d1 + 1, d0 + 1)
  validDims: 2, validSims: 0
  Created SubmapOp with type: memref<?x?x?xf64>
=== remap_in_affine_dim END ===

  Input 1 indexing map: (d0, d1) -> (d0, d1)

=== getLinalgArgMap ===
  Initial lgMap: (d0, d1) -> (d0, d1)
  Found SubmapOp with map: (d0, d1) -> (d1 + 1, d0)
  Composed map: (d0, d1) -> (d1 + 1, d0)
  Final lgMap: (d0, d1) -> (d1 + 1, d0)
=== getLinalgArgMap END ===

  Calling remap_in_affine_dim for input 1

=== remap_in_affine_dim ===
  oldmap: (d0, d1) -> (d1 + 1, d0)
  firstNDims: 2
  check_reduction (input): 0
  lower_bound_val: 0
  dimidx: -1
  check_reduction (output): 0
  new map (map2): (d0, d1, d2) -> (d1 + 1, d0)
  validDims: 2, validSims: 0
  Created SubmapOp with type: memref<?x?x?xf64>
=== remap_in_affine_dim END ===

  Input 2 indexing map: (d0, d1) -> (d0, d1)

=== getLinalgArgMap ===
  Initial lgMap: (d0, d1) -> (d0, d1)
  Found SubmapOp with map: (d0, d1) -> (d1 + 1, d0 + 2)
  Composed map: (d0, d1) -> (d1 + 1, d0 + 2)
  Final lgMap: (d0, d1) -> (d1 + 1, d0 + 2)
=== getLinalgArgMap END ===

  Calling remap_in_affine_dim for input 2

=== remap_in_affine_dim ===
  oldmap: (d0, d1) -> (d1 + 1, d0 + 2)
  firstNDims: 2
  check_reduction (input): 0
  lower_bound_val: 0
  dimidx: -1
  check_reduction (output): 0
  new map (map2): (d0, d1, d2) -> (d1 + 1, d0 + 2)
  validDims: 2, validSims: 0
  Created SubmapOp with type: memref<?x?x?xf64>
=== remap_in_affine_dim END ===

  Input 3 indexing map: (d0, d1) -> (d0, d1)

=== getLinalgArgMap ===
  Initial lgMap: (d0, d1) -> (d0, d1)
  Found SubmapOp with map: (d0, d1) -> (d1 + 2, d0 + 1)
  Composed map: (d0, d1) -> (d1 + 2, d0 + 1)
  Final lgMap: (d0, d1) -> (d1 + 2, d0 + 1)
=== getLinalgArgMap END ===

  Calling remap_in_affine_dim for input 3

=== remap_in_affine_dim ===
  oldmap: (d0, d1) -> (d1 + 2, d0 + 1)
  firstNDims: 2
  check_reduction (input): 0
  lower_bound_val: 0
  dimidx: -1
  check_reduction (output): 0
  new map (map2): (d0, d1, d2) -> (d1 + 2, d0 + 1)
  validDims: 2, validSims: 0
  Created SubmapOp with type: memref<?x?x?xf64>
=== remap_in_affine_dim END ===

  Input 4 indexing map: (d0, d1) -> (d0, d1)

=== getLinalgArgMap ===
  Initial lgMap: (d0, d1) -> (d0, d1)
  Found SubmapOp with map: (d0, d1) -> (d1, d0 + 1)
  Composed map: (d0, d1) -> (d1, d0 + 1)
  Final lgMap: (d0, d1) -> (d1, d0 + 1)
=== getLinalgArgMap END ===

  Calling remap_in_affine_dim for input 4

=== remap_in_affine_dim ===
  oldmap: (d0, d1) -> (d1, d0 + 1)
  firstNDims: 2
  check_reduction (input): 0
  lower_bound_val: 0
  dimidx: -1
  check_reduction (output): 0
  new map (map2): (d0, d1, d2) -> (d1, d0 + 1)
  validDims: 2, validSims: 0
  Created SubmapOp with type: memref<?x?x?xf64>
=== remap_in_affine_dim END ===

  Processing 1 outputs

=== getLinalgArgMap ===
  Initial lgMap: (d0, d1) -> (d0, d1)
  Found SubmapOp with map: (d0, d1) -> (d1 + 1, d0 + 1)
  Composed map: (d0, d1) -> (d1 + 1, d0 + 1)
  Final lgMap: (d0, d1) -> (d1 + 1, d0 + 1)
=== getLinalgArgMap END ===

  Calling remap_in_affine_dim for output 0

=== remap_in_affine_dim ===
  oldmap: (d0, d1) -> (d1 + 1, d0 + 1)
  firstNDims: 2
  check_reduction (input): 1
  lower_bound_val: 0
  dimidx: -1
  check_reduction (output): 1
  new map (map2): (d0, d1, d2) -> (d1 + 1, d0 + 1)
  validDims: 2, validSims: 0
  Created SubmapOp with type: memref<?x?x?xf64>
=== remap_in_affine_dim END ===


--- Processing Loads ---

--- Processing Stores ---
REJECTED: More than one linalg generic


========================================
=== AffineForOpRaising::matchAndRewrite ===
========================================
Processing loop:
affine.for %arg4 = 0 to %1 {
  %2 = affine.apply affine_map<()[s0] -> (s0 - 1)>()[%0]
  %3 = arith.subi %2, %c1 : index
  %4 = affine.apply affine_map<()[s0] -> (s0 - 1)>()[%0]
  %5 = arith.subi %4, %c1 : index
  %6 = polygeist.submap(%arg2, %5, %3) {map = affine_map<(d0, d1) -> (d1 + 1, d0 + 1)>} : (memref<?x30xf64>, index, index) -> memref<?x?xf64>
  %7 = affine.apply affine_map<()[s0] -> (s0 - 1)>()[%0]
  %8 = arith.subi %7, %c1 : index
  %9 = polygeist.submap(%arg2, %8, %3) {map = affine_map<(d0, d1) -> (d1 + 1, d0)>} : (memref<?x30xf64>, index, index) -> memref<?x?xf64>
  %10 = affine.apply affine_map<()[s0] -> (s0 - 1)>()[%0]
  %11 = arith.subi %10, %c1 : index
  %12 = polygeist.submap(%arg2, %11, %3) {map = affine_map<(d0, d1) -> (d1 + 1, d0 + 2)>} : (memref<?x30xf64>, index, index) -> memref<?x?xf64>
  %13 = affine.apply affine_map<()[s0] -> (s0 - 1)>()[%0]
  %14 = arith.subi %13, %c1 : index
  %15 = polygeist.submap(%arg2, %14, %3) {map = affine_map<(d0, d1) -> (d1 + 2, d0 + 1)>} : (memref<?x30xf64>, index, index) -> memref<?x?xf64>
  %16 = affine.apply affine_map<()[s0] -> (s0 - 1)>()[%0]
  %17 = arith.subi %16, %c1 : index
  %18 = polygeist.submap(%arg2, %17, %3) {map = affine_map<(d0, d1) -> (d1, d0 + 1)>} : (memref<?x30xf64>, index, index) -> memref<?x?xf64>
  %19 = affine.apply affine_map<()[s0] -> (s0 - 1)>()[%0]
  %20 = arith.subi %19, %c1 : index
  %21 = polygeist.submap(%arg3, %20, %3) {map = affine_map<(d0, d1) -> (d1 + 1, d0 + 1)>} : (memref<?x30xf64>, index, index) -> memref<?x?xf64>
  linalg.generic {indexing_maps = [affine_map<(d0, d1) -> (d0, d1)>, affine_map<(d0, d1) -> (d0, d1)>, affine_map<(d0, d1) -> (d0, d1)>, affine_map<(d0, d1) -> (d0, d1)>, affine_map<(d0, d1) -> (d0, d1)>, affine_map<(d0, d1) -> (d0, d1)>], iterator_types = ["parallel", "parallel"]} ins(%6, %9, %12, %15, %18 : memref<?x?xf64>, memref<?x?xf64>, memref<?x?xf64>, memref<?x?xf64>, memref<?x?xf64>) outs(%21 : memref<?x?xf64>) {
  ^bb0(%in: f64, %in_0: f64, %in_1: f64, %in_2: f64, %in_3: f64, %out: f64):
    %42 = arith.addf %in, %in_0 : f64
    %43 = arith.addf %42, %in_1 : f64
    %44 = arith.addf %43, %in_2 : f64
    %45 = arith.addf %44, %in_3 : f64
    %46 = arith.mulf %45, %cst : f64
    linalg.yield %46 : f64
  }
  %22 = affine.apply affine_map<()[s0] -> (s0 - 1)>()[%0]
  %23 = arith.subi %22, %c1 : index
  %24 = affine.apply affine_map<()[s0] -> (s0 - 1)>()[%0]
  %25 = arith.subi %24, %c1 : index
  %26 = polygeist.submap(%arg3, %25, %23) {map = affine_map<(d0, d1) -> (d1 + 1, d0 + 1)>} : (memref<?x30xf64>, index, index) -> memref<?x?xf64>
  %27 = affine.apply affine_map<()[s0] -> (s0 - 1)>()[%0]
  %28 = arith.subi %27, %c1 : index
  %29 = polygeist.submap(%arg3, %28, %23) {map = affine_map<(d0, d1) -> (d1 + 1, d0)>} : (memref<?x30xf64>, index, index) -> memref<?x?xf64>
  %30 = affine.apply affine_map<()[s0] -> (s0 - 1)>()[%0]
  %31 = arith.subi %30, %c1 : index
  %32 = polygeist.submap(%arg3, %31, %23) {map = affine_map<(d0, d1) -> (d1 + 1, d0 + 2)>} : (memref<?x30xf64>, index, index) -> memref<?x?xf64>
  %33 = affine.apply affine_map<()[s0] -> (s0 - 1)>()[%0]
  %34 = arith.subi %33, %c1 : index
  %35 = polygeist.submap(%arg3, %34, %23) {map = affine_map<(d0, d1) -> (d1 + 2, d0 + 1)>} : (memref<?x30xf64>, index, index) -> memref<?x?xf64>
  %36 = affine.apply affine_map<()[s0] -> (s0 - 1)>()[%0]
  %37 = arith.subi %36, %c1 : index
  %38 = polygeist.submap(%arg3, %37, %23) {map = affine_map<(d0, d1) -> (d1, d0 + 1)>} : (memref<?x30xf64>, index, index) -> memref<?x?xf64>
  %39 = affine.apply affine_map<()[s0] -> (s0 - 1)>()[%0]
  %40 = arith.subi %39, %c1 : index
  %41 = polygeist.submap(%arg2, %40, %23) {map = affine_map<(d0, d1) -> (d1 + 1, d0 + 1)>} : (memref<?x30xf64>, index, index) -> memref<?x?xf64>
  linalg.generic {indexing_maps = [affine_map<(d0, d1) -> (d0, d1)>, affine_map<(d0, d1) -> (d0, d1)>, affine_map<(d0, d1) -> (d0, d1)>, affine_map<(d0, d1) -> (d0, d1)>, affine_map<(d0, d1) -> (d0, d1)>, affine_map<(d0, d1) -> (d0, d1)>], iterator_types = ["parallel", "parallel"]} ins(%26, %29, %32, %35, %38 : memref<?x?xf64>, memref<?x?xf64>, memref<?x?xf64>, memref<?x?xf64>, memref<?x?xf64>) outs(%41 : memref<?x?xf64>) {
  ^bb0(%in: f64, %in_0: f64, %in_1: f64, %in_2: f64, %in_3: f64, %out: f64):
    %42 = arith.addf %in, %in_0 : f64
    %43 = arith.addf %42, %in_1 : f64
    %44 = arith.addf %43, %in_2 : f64
    %45 = arith.addf %44, %in_3 : f64
    %46 = arith.mulf %45, %cst : f64
    linalg.yield %46 : f64
  }
}

Pattern recognition complete:
  Loads: 0
  Stores: 0
  LinalgGenerics: 2

Loop bounds:
  lbMap: () -> (0)
  ubMap: ()[s0] -> (s0)

--- Processing Linalg Generics ---
Processing linalg.generic:
linalg.generic {indexing_maps = [affine_map<(d0, d1) -> (d0, d1)>, affine_map<(d0, d1) -> (d0, d1)>, affine_map<(d0, d1) -> (d0, d1)>, affine_map<(d0, d1) -> (d0, d1)>, affine_map<(d0, d1) -> (d0, d1)>, affine_map<(d0, d1) -> (d0, d1)>], iterator_types = ["parallel", "parallel"]} ins(%9, %12, %15, %18, %21 : memref<?x?xf64>, memref<?x?xf64>, memref<?x?xf64>, memref<?x?xf64>, memref<?x?xf64>) outs(%24 : memref<?x?xf64>) {
^bb0(%in: f64, %in_0: f64, %in_1: f64, %in_2: f64, %in_3: f64, %out: f64):
  %45 = arith.addf %in, %in_0 : f64
  %46 = arith.addf %45, %in_1 : f64
  %47 = arith.addf %46, %in_2 : f64
  %48 = arith.addf %47, %in_3 : f64
  %49 = arith.mulf %48, %cst : f64
  linalg.yield %49 : f64
}
  Processing 5 inputs
  Input 0 indexing map: (d0, d1) -> (d0, d1)

=== getLinalgArgMap ===
  Initial lgMap: (d0, d1) -> (d0, d1)
  Found SubmapOp with map: (d0, d1) -> (d1 + 1, d0 + 1)
  Composed map: (d0, d1) -> (d1 + 1, d0 + 1)
  Final lgMap: (d0, d1) -> (d1 + 1, d0 + 1)
=== getLinalgArgMap END ===

  Calling remap_in_affine_dim for input 0

=== remap_in_affine_dim ===
  oldmap: (d0, d1) -> (d1 + 1, d0 + 1)
  firstNDims: 2
  check_reduction (input): 0
  lower_bound_val: 0
  dimidx: -1
  check_reduction (output): 0
  new map (map2): (d0, d1, d2) -> (d1 + 1, d0 + 1)
  validDims: 2, validSims: 0
  Created SubmapOp with type: memref<?x?x?xf64>
=== remap_in_affine_dim END ===

  Input 1 indexing map: (d0, d1) -> (d0, d1)

=== getLinalgArgMap ===
  Initial lgMap: (d0, d1) -> (d0, d1)
  Found SubmapOp with map: (d0, d1) -> (d1 + 1, d0)
  Composed map: (d0, d1) -> (d1 + 1, d0)
  Final lgMap: (d0, d1) -> (d1 + 1, d0)
=== getLinalgArgMap END ===

  Calling remap_in_affine_dim for input 1

=== remap_in_affine_dim ===
  oldmap: (d0, d1) -> (d1 + 1, d0)
  firstNDims: 2
  check_reduction (input): 0
  lower_bound_val: 0
  dimidx: -1
  check_reduction (output): 0
  new map (map2): (d0, d1, d2) -> (d1 + 1, d0)
  validDims: 2, validSims: 0
  Created SubmapOp with type: memref<?x?x?xf64>
=== remap_in_affine_dim END ===

  Input 2 indexing map: (d0, d1) -> (d0, d1)

=== getLinalgArgMap ===
  Initial lgMap: (d0, d1) -> (d0, d1)
  Found SubmapOp with map: (d0, d1) -> (d1 + 1, d0 + 2)
  Composed map: (d0, d1) -> (d1 + 1, d0 + 2)
  Final lgMap: (d0, d1) -> (d1 + 1, d0 + 2)
=== getLinalgArgMap END ===

  Calling remap_in_affine_dim for input 2

=== remap_in_affine_dim ===
  oldmap: (d0, d1) -> (d1 + 1, d0 + 2)
  firstNDims: 2
  check_reduction (input): 0
  lower_bound_val: 0
  dimidx: -1
  check_reduction (output): 0
  new map (map2): (d0, d1, d2) -> (d1 + 1, d0 + 2)
  validDims: 2, validSims: 0
  Created SubmapOp with type: memref<?x?x?xf64>
=== remap_in_affine_dim END ===

  Input 3 indexing map: (d0, d1) -> (d0, d1)

=== getLinalgArgMap ===
  Initial lgMap: (d0, d1) -> (d0, d1)
  Found SubmapOp with map: (d0, d1) -> (d1 + 2, d0 + 1)
  Composed map: (d0, d1) -> (d1 + 2, d0 + 1)
  Final lgMap: (d0, d1) -> (d1 + 2, d0 + 1)
=== getLinalgArgMap END ===

  Calling remap_in_affine_dim for input 3

=== remap_in_affine_dim ===
  oldmap: (d0, d1) -> (d1 + 2, d0 + 1)
  firstNDims: 2
  check_reduction (input): 0
  lower_bound_val: 0
  dimidx: -1
  check_reduction (output): 0
  new map (map2): (d0, d1, d2) -> (d1 + 2, d0 + 1)
  validDims: 2, validSims: 0
  Created SubmapOp with type: memref<?x?x?xf64>
=== remap_in_affine_dim END ===

  Input 4 indexing map: (d0, d1) -> (d0, d1)

=== getLinalgArgMap ===
  Initial lgMap: (d0, d1) -> (d0, d1)
  Found SubmapOp with map: (d0, d1) -> (d1, d0 + 1)
  Composed map: (d0, d1) -> (d1, d0 + 1)
  Final lgMap: (d0, d1) -> (d1, d0 + 1)
=== getLinalgArgMap END ===

  Calling remap_in_affine_dim for input 4

=== remap_in_affine_dim ===
  oldmap: (d0, d1) -> (d1, d0 + 1)
  firstNDims: 2
  check_reduction (input): 0
  lower_bound_val: 0
  dimidx: -1
  check_reduction (output): 0
  new map (map2): (d0, d1, d2) -> (d1, d0 + 1)
  validDims: 2, validSims: 0
  Created SubmapOp with type: memref<?x?x?xf64>
=== remap_in_affine_dim END ===

  Processing 1 outputs

=== getLinalgArgMap ===
  Initial lgMap: (d0, d1) -> (d0, d1)
  Found SubmapOp with map: (d0, d1) -> (d1 + 1, d0 + 1)
  Composed map: (d0, d1) -> (d1 + 1, d0 + 1)
  Final lgMap: (d0, d1) -> (d1 + 1, d0 + 1)
=== getLinalgArgMap END ===

  Calling remap_in_affine_dim for output 0

=== remap_in_affine_dim ===
  oldmap: (d0, d1) -> (d1 + 1, d0 + 1)
  firstNDims: 2
  check_reduction (input): 1
  lower_bound_val: 0
  dimidx: -1
  check_reduction (output): 1
  new map (map2): (d0, d1, d2) -> (d1 + 1, d0 + 1)
  validDims: 2, validSims: 0
  Created SubmapOp with type: memref<?x?x?xf64>
=== remap_in_affine_dim END ===

Processing linalg.generic:
linalg.generic {indexing_maps = [affine_map<(d0, d1) -> (d0, d1)>, affine_map<(d0, d1) -> (d0, d1)>, affine_map<(d0, d1) -> (d0, d1)>, affine_map<(d0, d1) -> (d0, d1)>, affine_map<(d0, d1) -> (d0, d1)>, affine_map<(d0, d1) -> (d0, d1)>], iterator_types = ["parallel", "parallel"]} ins(%59, %62, %65, %68, %71 : memref<?x?xf64>, memref<?x?xf64>, memref<?x?xf64>, memref<?x?xf64>, memref<?x?xf64>) outs(%74 : memref<?x?xf64>) {
^bb0(%in: f64, %in_0: f64, %in_1: f64, %in_2: f64, %in_3: f64, %out: f64):
  %75 = arith.addf %in, %in_0 : f64
  %76 = arith.addf %75, %in_1 : f64
  %77 = arith.addf %76, %in_2 : f64
  %78 = arith.addf %77, %in_3 : f64
  %79 = arith.mulf %78, %cst : f64
  linalg.yield %79 : f64
}
  Processing 5 inputs
  Input 0 indexing map: (d0, d1) -> (d0, d1)

=== getLinalgArgMap ===
  Initial lgMap: (d0, d1) -> (d0, d1)
  Found SubmapOp with map: (d0, d1) -> (d1 + 1, d0 + 1)
  Composed map: (d0, d1) -> (d1 + 1, d0 + 1)
  Final lgMap: (d0, d1) -> (d1 + 1, d0 + 1)
=== getLinalgArgMap END ===

  Calling remap_in_affine_dim for input 0

=== remap_in_affine_dim ===
  oldmap: (d0, d1) -> (d1 + 1, d0 + 1)
  firstNDims: 2
  check_reduction (input): 0
  lower_bound_val: 0
  dimidx: -1
  check_reduction (output): 0
  new map (map2): (d0, d1, d2) -> (d1 + 1, d0 + 1)
  validDims: 2, validSims: 0
  Created SubmapOp with type: memref<?x?x?xf64>
=== remap_in_affine_dim END ===

  Input 1 indexing map: (d0, d1) -> (d0, d1)

=== getLinalgArgMap ===
  Initial lgMap: (d0, d1) -> (d0, d1)
  Found SubmapOp with map: (d0, d1) -> (d1 + 1, d0)
  Composed map: (d0, d1) -> (d1 + 1, d0)
  Final lgMap: (d0, d1) -> (d1 + 1, d0)
=== getLinalgArgMap END ===

  Calling remap_in_affine_dim for input 1

=== remap_in_affine_dim ===
  oldmap: (d0, d1) -> (d1 + 1, d0)
  firstNDims: 2
  check_reduction (input): 0
  lower_bound_val: 0
  dimidx: -1
  check_reduction (output): 0
  new map (map2): (d0, d1, d2) -> (d1 + 1, d0)
  validDims: 2, validSims: 0
  Created SubmapOp with type: memref<?x?x?xf64>
=== remap_in_affine_dim END ===

  Input 2 indexing map: (d0, d1) -> (d0, d1)

=== getLinalgArgMap ===
  Initial lgMap: (d0, d1) -> (d0, d1)
  Found SubmapOp with map: (d0, d1) -> (d1 + 1, d0 + 2)
  Composed map: (d0, d1) -> (d1 + 1, d0 + 2)
  Final lgMap: (d0, d1) -> (d1 + 1, d0 + 2)
=== getLinalgArgMap END ===

  Calling remap_in_affine_dim for input 2

=== remap_in_affine_dim ===
  oldmap: (d0, d1) -> (d1 + 1, d0 + 2)
  firstNDims: 2
  check_reduction (input): 0
  lower_bound_val: 0
  dimidx: -1
  check_reduction (output): 0
  new map (map2): (d0, d1, d2) -> (d1 + 1, d0 + 2)
  validDims: 2, validSims: 0
  Created SubmapOp with type: memref<?x?x?xf64>
=== remap_in_affine_dim END ===

  Input 3 indexing map: (d0, d1) -> (d0, d1)

=== getLinalgArgMap ===
  Initial lgMap: (d0, d1) -> (d0, d1)
  Found SubmapOp with map: (d0, d1) -> (d1 + 2, d0 + 1)
  Composed map: (d0, d1) -> (d1 + 2, d0 + 1)
  Final lgMap: (d0, d1) -> (d1 + 2, d0 + 1)
=== getLinalgArgMap END ===

  Calling remap_in_affine_dim for input 3

=== remap_in_affine_dim ===
  oldmap: (d0, d1) -> (d1 + 2, d0 + 1)
  firstNDims: 2
  check_reduction (input): 0
  lower_bound_val: 0
  dimidx: -1
  check_reduction (output): 0
  new map (map2): (d0, d1, d2) -> (d1 + 2, d0 + 1)
  validDims: 2, validSims: 0
  Created SubmapOp with type: memref<?x?x?xf64>
=== remap_in_affine_dim END ===

  Input 4 indexing map: (d0, d1) -> (d0, d1)

=== getLinalgArgMap ===
  Initial lgMap: (d0, d1) -> (d0, d1)
  Found SubmapOp with map: (d0, d1) -> (d1, d0 + 1)
  Composed map: (d0, d1) -> (d1, d0 + 1)
  Final lgMap: (d0, d1) -> (d1, d0 + 1)
=== getLinalgArgMap END ===

  Calling remap_in_affine_dim for input 4

=== remap_in_affine_dim ===
  oldmap: (d0, d1) -> (d1, d0 + 1)
  firstNDims: 2
  check_reduction (input): 0
  lower_bound_val: 0
  dimidx: -1
  check_reduction (output): 0
  new map (map2): (d0, d1, d2) -> (d1, d0 + 1)
  validDims: 2, validSims: 0
  Created SubmapOp with type: memref<?x?x?xf64>
=== remap_in_affine_dim END ===

  Processing 1 outputs

=== getLinalgArgMap ===
  Initial lgMap: (d0, d1) -> (d0, d1)
  Found SubmapOp with map: (d0, d1) -> (d1 + 1, d0 + 1)
  Composed map: (d0, d1) -> (d1 + 1, d0 + 1)
  Final lgMap: (d0, d1) -> (d1 + 1, d0 + 1)
=== getLinalgArgMap END ===

  Calling remap_in_affine_dim for output 0

=== remap_in_affine_dim ===
  oldmap: (d0, d1) -> (d1 + 1, d0 + 1)
  firstNDims: 2
  check_reduction (input): 1
  lower_bound_val: 0
  dimidx: -1
  check_reduction (output): 1
  new map (map2): (d0, d1, d2) -> (d1 + 1, d0 + 1)
  validDims: 2, validSims: 0
  Created SubmapOp with type: memref<?x?x?xf64>
=== remap_in_affine_dim END ===


--- Processing Loads ---

--- Processing Stores ---
REJECTED: More than one linalg generic


========================================
=== AffineForOpRaising::matchAndRewrite ===
========================================
Processing loop:
affine.for %arg4 = 0 to %1 {
  %2 = affine.apply affine_map<()[s0] -> (s0 - 1)>()[%0]
  %3 = arith.subi %2, %c1 : index
  %4 = affine.apply affine_map<()[s0] -> (s0 - 1)>()[%0]
  %5 = arith.subi %4, %c1 : index
  %6 = polygeist.submap(%arg2, %5, %3) {map = affine_map<(d0, d1) -> (d1 + 1, d0 + 1)>} : (memref<?x30xf64>, index, index) -> memref<?x?xf64>
  %7 = affine.apply affine_map<()[s0] -> (s0 - 1)>()[%0]
  %8 = arith.subi %7, %c1 : index
  %9 = polygeist.submap(%arg2, %8, %3) {map = affine_map<(d0, d1) -> (d1 + 1, d0)>} : (memref<?x30xf64>, index, index) -> memref<?x?xf64>
  %10 = affine.apply affine_map<()[s0] -> (s0 - 1)>()[%0]
  %11 = arith.subi %10, %c1 : index
  %12 = polygeist.submap(%arg2, %11, %3) {map = affine_map<(d0, d1) -> (d1 + 1, d0 + 2)>} : (memref<?x30xf64>, index, index) -> memref<?x?xf64>
  %13 = affine.apply affine_map<()[s0] -> (s0 - 1)>()[%0]
  %14 = arith.subi %13, %c1 : index
  %15 = polygeist.submap(%arg2, %14, %3) {map = affine_map<(d0, d1) -> (d1 + 2, d0 + 1)>} : (memref<?x30xf64>, index, index) -> memref<?x?xf64>
  %16 = affine.apply affine_map<()[s0] -> (s0 - 1)>()[%0]
  %17 = arith.subi %16, %c1 : index
  %18 = polygeist.submap(%arg2, %17, %3) {map = affine_map<(d0, d1) -> (d1, d0 + 1)>} : (memref<?x30xf64>, index, index) -> memref<?x?xf64>
  %19 = affine.apply affine_map<()[s0] -> (s0 - 1)>()[%0]
  %20 = arith.subi %19, %c1 : index
  %21 = polygeist.submap(%arg3, %20, %3) {map = affine_map<(d0, d1) -> (d1 + 1, d0 + 1)>} : (memref<?x30xf64>, index, index) -> memref<?x?xf64>
  linalg.generic {indexing_maps = [affine_map<(d0, d1) -> (d0, d1)>, affine_map<(d0, d1) -> (d0, d1)>, affine_map<(d0, d1) -> (d0, d1)>, affine_map<(d0, d1) -> (d0, d1)>, affine_map<(d0, d1) -> (d0, d1)>, affine_map<(d0, d1) -> (d0, d1)>], iterator_types = ["parallel", "parallel"]} ins(%6, %9, %12, %15, %18 : memref<?x?xf64>, memref<?x?xf64>, memref<?x?xf64>, memref<?x?xf64>, memref<?x?xf64>) outs(%21 : memref<?x?xf64>) {
  ^bb0(%in: f64, %in_0: f64, %in_1: f64, %in_2: f64, %in_3: f64, %out: f64):
    %42 = arith.addf %in, %in_0 : f64
    %43 = arith.addf %42, %in_1 : f64
    %44 = arith.addf %43, %in_2 : f64
    %45 = arith.addf %44, %in_3 : f64
    %46 = arith.mulf %45, %cst : f64
    linalg.yield %46 : f64
  }
  %22 = affine.apply affine_map<()[s0] -> (s0 - 1)>()[%0]
  %23 = arith.subi %22, %c1 : index
  %24 = affine.apply affine_map<()[s0] -> (s0 - 1)>()[%0]
  %25 = arith.subi %24, %c1 : index
  %26 = polygeist.submap(%arg3, %25, %23) {map = affine_map<(d0, d1) -> (d1 + 1, d0 + 1)>} : (memref<?x30xf64>, index, index) -> memref<?x?xf64>
  %27 = affine.apply affine_map<()[s0] -> (s0 - 1)>()[%0]
  %28 = arith.subi %27, %c1 : index
  %29 = polygeist.submap(%arg3, %28, %23) {map = affine_map<(d0, d1) -> (d1 + 1, d0)>} : (memref<?x30xf64>, index, index) -> memref<?x?xf64>
  %30 = affine.apply affine_map<()[s0] -> (s0 - 1)>()[%0]
  %31 = arith.subi %30, %c1 : index
  %32 = polygeist.submap(%arg3, %31, %23) {map = affine_map<(d0, d1) -> (d1 + 1, d0 + 2)>} : (memref<?x30xf64>, index, index) -> memref<?x?xf64>
  %33 = affine.apply affine_map<()[s0] -> (s0 - 1)>()[%0]
  %34 = arith.subi %33, %c1 : index
  %35 = polygeist.submap(%arg3, %34, %23) {map = affine_map<(d0, d1) -> (d1 + 2, d0 + 1)>} : (memref<?x30xf64>, index, index) -> memref<?x?xf64>
  %36 = affine.apply affine_map<()[s0] -> (s0 - 1)>()[%0]
  %37 = arith.subi %36, %c1 : index
  %38 = polygeist.submap(%arg3, %37, %23) {map = affine_map<(d0, d1) -> (d1, d0 + 1)>} : (memref<?x30xf64>, index, index) -> memref<?x?xf64>
  %39 = affine.apply affine_map<()[s0] -> (s0 - 1)>()[%0]
  %40 = arith.subi %39, %c1 : index
  %41 = polygeist.submap(%arg2, %40, %23) {map = affine_map<(d0, d1) -> (d1 + 1, d0 + 1)>} : (memref<?x30xf64>, index, index) -> memref<?x?xf64>
  linalg.generic {indexing_maps = [affine_map<(d0, d1) -> (d0, d1)>, affine_map<(d0, d1) -> (d0, d1)>, affine_map<(d0, d1) -> (d0, d1)>, affine_map<(d0, d1) -> (d0, d1)>, affine_map<(d0, d1) -> (d0, d1)>, affine_map<(d0, d1) -> (d0, d1)>], iterator_types = ["parallel", "parallel"]} ins(%26, %29, %32, %35, %38 : memref<?x?xf64>, memref<?x?xf64>, memref<?x?xf64>, memref<?x?xf64>, memref<?x?xf64>) outs(%41 : memref<?x?xf64>) {
  ^bb0(%in: f64, %in_0: f64, %in_1: f64, %in_2: f64, %in_3: f64, %out: f64):
    %42 = arith.addf %in, %in_0 : f64
    %43 = arith.addf %42, %in_1 : f64
    %44 = arith.addf %43, %in_2 : f64
    %45 = arith.addf %44, %in_3 : f64
    %46 = arith.mulf %45, %cst : f64
    linalg.yield %46 : f64
  }
}

Pattern recognition complete:
  Loads: 0
  Stores: 0
  LinalgGenerics: 2

Loop bounds:
  lbMap: () -> (0)
  ubMap: ()[s0] -> (s0)

--- Processing Linalg Generics ---
Processing linalg.generic:
linalg.generic {indexing_maps = [affine_map<(d0, d1) -> (d0, d1)>, affine_map<(d0, d1) -> (d0, d1)>, affine_map<(d0, d1) -> (d0, d1)>, affine_map<(d0, d1) -> (d0, d1)>, affine_map<(d0, d1) -> (d0, d1)>, affine_map<(d0, d1) -> (d0, d1)>], iterator_types = ["parallel", "parallel"]} ins(%9, %12, %15, %18, %21 : memref<?x?xf64>, memref<?x?xf64>, memref<?x?xf64>, memref<?x?xf64>, memref<?x?xf64>) outs(%24 : memref<?x?xf64>) {
^bb0(%in: f64, %in_0: f64, %in_1: f64, %in_2: f64, %in_3: f64, %out: f64):
  %45 = arith.addf %in, %in_0 : f64
  %46 = arith.addf %45, %in_1 : f64
  %47 = arith.addf %46, %in_2 : f64
  %48 = arith.addf %47, %in_3 : f64
  %49 = arith.mulf %48, %cst : f64
  linalg.yield %49 : f64
}
  Processing 5 inputs
  Input 0 indexing map: (d0, d1) -> (d0, d1)

=== getLinalgArgMap ===
  Initial lgMap: (d0, d1) -> (d0, d1)
  Found SubmapOp with map: (d0, d1) -> (d1 + 1, d0 + 1)
  Composed map: (d0, d1) -> (d1 + 1, d0 + 1)
  Final lgMap: (d0, d1) -> (d1 + 1, d0 + 1)
=== getLinalgArgMap END ===

  Calling remap_in_affine_dim for input 0

=== remap_in_affine_dim ===
  oldmap: (d0, d1) -> (d1 + 1, d0 + 1)
  firstNDims: 2
  check_reduction (input): 0
  lower_bound_val: 0
  dimidx: -1
  check_reduction (output): 0
  new map (map2): (d0, d1, d2) -> (d1 + 1, d0 + 1)
  validDims: 2, validSims: 0
  Created SubmapOp with type: memref<?x?x?xf64>
=== remap_in_affine_dim END ===

  Input 1 indexing map: (d0, d1) -> (d0, d1)

=== getLinalgArgMap ===
  Initial lgMap: (d0, d1) -> (d0, d1)
  Found SubmapOp with map: (d0, d1) -> (d1 + 1, d0)
  Composed map: (d0, d1) -> (d1 + 1, d0)
  Final lgMap: (d0, d1) -> (d1 + 1, d0)
=== getLinalgArgMap END ===

  Calling remap_in_affine_dim for input 1

=== remap_in_affine_dim ===
  oldmap: (d0, d1) -> (d1 + 1, d0)
  firstNDims: 2
  check_reduction (input): 0
  lower_bound_val: 0
  dimidx: -1
  check_reduction (output): 0
  new map (map2): (d0, d1, d2) -> (d1 + 1, d0)
  validDims: 2, validSims: 0
  Created SubmapOp with type: memref<?x?x?xf64>
=== remap_in_affine_dim END ===

  Input 2 indexing map: (d0, d1) -> (d0, d1)

=== getLinalgArgMap ===
  Initial lgMap: (d0, d1) -> (d0, d1)
  Found SubmapOp with map: (d0, d1) -> (d1 + 1, d0 + 2)
  Composed map: (d0, d1) -> (d1 + 1, d0 + 2)
  Final lgMap: (d0, d1) -> (d1 + 1, d0 + 2)
=== getLinalgArgMap END ===

  Calling remap_in_affine_dim for input 2

=== remap_in_affine_dim ===
  oldmap: (d0, d1) -> (d1 + 1, d0 + 2)
  firstNDims: 2
  check_reduction (input): 0
  lower_bound_val: 0
  dimidx: -1
  check_reduction (output): 0
  new map (map2): (d0, d1, d2) -> (d1 + 1, d0 + 2)
  validDims: 2, validSims: 0
  Created SubmapOp with type: memref<?x?x?xf64>
=== remap_in_affine_dim END ===

  Input 3 indexing map: (d0, d1) -> (d0, d1)

=== getLinalgArgMap ===
  Initial lgMap: (d0, d1) -> (d0, d1)
  Found SubmapOp with map: (d0, d1) -> (d1 + 2, d0 + 1)
  Composed map: (d0, d1) -> (d1 + 2, d0 + 1)
  Final lgMap: (d0, d1) -> (d1 + 2, d0 + 1)
=== getLinalgArgMap END ===

  Calling remap_in_affine_dim for input 3

=== remap_in_affine_dim ===
  oldmap: (d0, d1) -> (d1 + 2, d0 + 1)
  firstNDims: 2
  check_reduction (input): 0
  lower_bound_val: 0
  dimidx: -1
  check_reduction (output): 0
  new map (map2): (d0, d1, d2) -> (d1 + 2, d0 + 1)
  validDims: 2, validSims: 0
  Created SubmapOp with type: memref<?x?x?xf64>
=== remap_in_affine_dim END ===

  Input 4 indexing map: (d0, d1) -> (d0, d1)

=== getLinalgArgMap ===
  Initial lgMap: (d0, d1) -> (d0, d1)
  Found SubmapOp with map: (d0, d1) -> (d1, d0 + 1)
  Composed map: (d0, d1) -> (d1, d0 + 1)
  Final lgMap: (d0, d1) -> (d1, d0 + 1)
=== getLinalgArgMap END ===

  Calling remap_in_affine_dim for input 4

=== remap_in_affine_dim ===
  oldmap: (d0, d1) -> (d1, d0 + 1)
  firstNDims: 2
  check_reduction (input): 0
  lower_bound_val: 0
  dimidx: -1
  check_reduction (output): 0
  new map (map2): (d0, d1, d2) -> (d1, d0 + 1)
  validDims: 2, validSims: 0
  Created SubmapOp with type: memref<?x?x?xf64>
=== remap_in_affine_dim END ===

  Processing 1 outputs

=== getLinalgArgMap ===
  Initial lgMap: (d0, d1) -> (d0, d1)
  Found SubmapOp with map: (d0, d1) -> (d1 + 1, d0 + 1)
  Composed map: (d0, d1) -> (d1 + 1, d0 + 1)
  Final lgMap: (d0, d1) -> (d1 + 1, d0 + 1)
=== getLinalgArgMap END ===

  Calling remap_in_affine_dim for output 0

=== remap_in_affine_dim ===
  oldmap: (d0, d1) -> (d1 + 1, d0 + 1)
  firstNDims: 2
  check_reduction (input): 1
  lower_bound_val: 0
  dimidx: -1
  check_reduction (output): 1
  new map (map2): (d0, d1, d2) -> (d1 + 1, d0 + 1)
  validDims: 2, validSims: 0
  Created SubmapOp with type: memref<?x?x?xf64>
=== remap_in_affine_dim END ===

Processing linalg.generic:
linalg.generic {indexing_maps = [affine_map<(d0, d1) -> (d0, d1)>, affine_map<(d0, d1) -> (d0, d1)>, affine_map<(d0, d1) -> (d0, d1)>, affine_map<(d0, d1) -> (d0, d1)>, affine_map<(d0, d1) -> (d0, d1)>, affine_map<(d0, d1) -> (d0, d1)>], iterator_types = ["parallel", "parallel"]} ins(%59, %62, %65, %68, %71 : memref<?x?xf64>, memref<?x?xf64>, memref<?x?xf64>, memref<?x?xf64>, memref<?x?xf64>) outs(%74 : memref<?x?xf64>) {
^bb0(%in: f64, %in_0: f64, %in_1: f64, %in_2: f64, %in_3: f64, %out: f64):
  %75 = arith.addf %in, %in_0 : f64
  %76 = arith.addf %75, %in_1 : f64
  %77 = arith.addf %76, %in_2 : f64
  %78 = arith.addf %77, %in_3 : f64
  %79 = arith.mulf %78, %cst : f64
  linalg.yield %79 : f64
}
  Processing 5 inputs
  Input 0 indexing map: (d0, d1) -> (d0, d1)

=== getLinalgArgMap ===
  Initial lgMap: (d0, d1) -> (d0, d1)
  Found SubmapOp with map: (d0, d1) -> (d1 + 1, d0 + 1)
  Composed map: (d0, d1) -> (d1 + 1, d0 + 1)
  Final lgMap: (d0, d1) -> (d1 + 1, d0 + 1)
=== getLinalgArgMap END ===

  Calling remap_in_affine_dim for input 0

=== remap_in_affine_dim ===
  oldmap: (d0, d1) -> (d1 + 1, d0 + 1)
  firstNDims: 2
  check_reduction (input): 0
  lower_bound_val: 0
  dimidx: -1
  check_reduction (output): 0
  new map (map2): (d0, d1, d2) -> (d1 + 1, d0 + 1)
  validDims: 2, validSims: 0
  Created SubmapOp with type: memref<?x?x?xf64>
=== remap_in_affine_dim END ===

  Input 1 indexing map: (d0, d1) -> (d0, d1)

=== getLinalgArgMap ===
  Initial lgMap: (d0, d1) -> (d0, d1)
  Found SubmapOp with map: (d0, d1) -> (d1 + 1, d0)
  Composed map: (d0, d1) -> (d1 + 1, d0)
  Final lgMap: (d0, d1) -> (d1 + 1, d0)
=== getLinalgArgMap END ===

  Calling remap_in_affine_dim for input 1

=== remap_in_affine_dim ===
  oldmap: (d0, d1) -> (d1 + 1, d0)
  firstNDims: 2
  check_reduction (input): 0
  lower_bound_val: 0
  dimidx: -1
  check_reduction (output): 0
  new map (map2): (d0, d1, d2) -> (d1 + 1, d0)
  validDims: 2, validSims: 0
  Created SubmapOp with type: memref<?x?x?xf64>
=== remap_in_affine_dim END ===

  Input 2 indexing map: (d0, d1) -> (d0, d1)

=== getLinalgArgMap ===
  Initial lgMap: (d0, d1) -> (d0, d1)
  Found SubmapOp with map: (d0, d1) -> (d1 + 1, d0 + 2)
  Composed map: (d0, d1) -> (d1 + 1, d0 + 2)
  Final lgMap: (d0, d1) -> (d1 + 1, d0 + 2)
=== getLinalgArgMap END ===

  Calling remap_in_affine_dim for input 2

=== remap_in_affine_dim ===
  oldmap: (d0, d1) -> (d1 + 1, d0 + 2)
  firstNDims: 2
  check_reduction (input): 0
  lower_bound_val: 0
  dimidx: -1
  check_reduction (output): 0
  new map (map2): (d0, d1, d2) -> (d1 + 1, d0 + 2)
  validDims: 2, validSims: 0
  Created SubmapOp with type: memref<?x?x?xf64>
=== remap_in_affine_dim END ===

  Input 3 indexing map: (d0, d1) -> (d0, d1)

=== getLinalgArgMap ===
  Initial lgMap: (d0, d1) -> (d0, d1)
  Found SubmapOp with map: (d0, d1) -> (d1 + 2, d0 + 1)
  Composed map: (d0, d1) -> (d1 + 2, d0 + 1)
  Final lgMap: (d0, d1) -> (d1 + 2, d0 + 1)
=== getLinalgArgMap END ===

  Calling remap_in_affine_dim for input 3

=== remap_in_affine_dim ===
  oldmap: (d0, d1) -> (d1 + 2, d0 + 1)
  firstNDims: 2
  check_reduction (input): 0
  lower_bound_val: 0
  dimidx: -1
  check_reduction (output): 0
  new map (map2): (d0, d1, d2) -> (d1 + 2, d0 + 1)
  validDims: 2, validSims: 0
  Created SubmapOp with type: memref<?x?x?xf64>
=== remap_in_affine_dim END ===

  Input 4 indexing map: (d0, d1) -> (d0, d1)

=== getLinalgArgMap ===
  Initial lgMap: (d0, d1) -> (d0, d1)
  Found SubmapOp with map: (d0, d1) -> (d1, d0 + 1)
  Composed map: (d0, d1) -> (d1, d0 + 1)
  Final lgMap: (d0, d1) -> (d1, d0 + 1)
=== getLinalgArgMap END ===

  Calling remap_in_affine_dim for input 4

=== remap_in_affine_dim ===
  oldmap: (d0, d1) -> (d1, d0 + 1)
  firstNDims: 2
  check_reduction (input): 0
  lower_bound_val: 0
  dimidx: -1
  check_reduction (output): 0
  new map (map2): (d0, d1, d2) -> (d1, d0 + 1)
  validDims: 2, validSims: 0
  Created SubmapOp with type: memref<?x?x?xf64>
=== remap_in_affine_dim END ===

  Processing 1 outputs

=== getLinalgArgMap ===
  Initial lgMap: (d0, d1) -> (d0, d1)
  Found SubmapOp with map: (d0, d1) -> (d1 + 1, d0 + 1)
  Composed map: (d0, d1) -> (d1 + 1, d0 + 1)
  Final lgMap: (d0, d1) -> (d1 + 1, d0 + 1)
=== getLinalgArgMap END ===

  Calling remap_in_affine_dim for output 0

=== remap_in_affine_dim ===
  oldmap: (d0, d1) -> (d1 + 1, d0 + 1)
  firstNDims: 2
  check_reduction (input): 1
  lower_bound_val: 0
  dimidx: -1
  check_reduction (output): 1
  new map (map2): (d0, d1, d2) -> (d1 + 1, d0 + 1)
  validDims: 2, validSims: 0
  Created SubmapOp with type: memref<?x?x?xf64>
=== remap_in_affine_dim END ===


--- Processing Loads ---

--- Processing Stores ---
REJECTED: More than one linalg generic


========================================
=== AffineForOpRaising::matchAndRewrite ===
========================================
Processing loop:
affine.for %arg4 = 0 to %1 {
  %2 = affine.apply affine_map<()[s0] -> (s0 - 1)>()[%0]
  %3 = arith.subi %2, %c1 : index
  %4 = affine.apply affine_map<()[s0] -> (s0 - 1)>()[%0]
  %5 = arith.subi %4, %c1 : index
  %6 = polygeist.submap(%arg2, %5, %3) {map = affine_map<(d0, d1) -> (d1 + 1, d0 + 1)>} : (memref<?x30xf64>, index, index) -> memref<?x?xf64>
  %7 = affine.apply affine_map<()[s0] -> (s0 - 1)>()[%0]
  %8 = arith.subi %7, %c1 : index
  %9 = polygeist.submap(%arg2, %8, %3) {map = affine_map<(d0, d1) -> (d1 + 1, d0)>} : (memref<?x30xf64>, index, index) -> memref<?x?xf64>
  %10 = affine.apply affine_map<()[s0] -> (s0 - 1)>()[%0]
  %11 = arith.subi %10, %c1 : index
  %12 = polygeist.submap(%arg2, %11, %3) {map = affine_map<(d0, d1) -> (d1 + 1, d0 + 2)>} : (memref<?x30xf64>, index, index) -> memref<?x?xf64>
  %13 = affine.apply affine_map<()[s0] -> (s0 - 1)>()[%0]
  %14 = arith.subi %13, %c1 : index
  %15 = polygeist.submap(%arg2, %14, %3) {map = affine_map<(d0, d1) -> (d1 + 2, d0 + 1)>} : (memref<?x30xf64>, index, index) -> memref<?x?xf64>
  %16 = affine.apply affine_map<()[s0] -> (s0 - 1)>()[%0]
  %17 = arith.subi %16, %c1 : index
  %18 = polygeist.submap(%arg2, %17, %3) {map = affine_map<(d0, d1) -> (d1, d0 + 1)>} : (memref<?x30xf64>, index, index) -> memref<?x?xf64>
  %19 = affine.apply affine_map<()[s0] -> (s0 - 1)>()[%0]
  %20 = arith.subi %19, %c1 : index
  %21 = polygeist.submap(%arg3, %20, %3) {map = affine_map<(d0, d1) -> (d1 + 1, d0 + 1)>} : (memref<?x30xf64>, index, index) -> memref<?x?xf64>
  linalg.generic {indexing_maps = [affine_map<(d0, d1) -> (d0, d1)>, affine_map<(d0, d1) -> (d0, d1)>, affine_map<(d0, d1) -> (d0, d1)>, affine_map<(d0, d1) -> (d0, d1)>, affine_map<(d0, d1) -> (d0, d1)>, affine_map<(d0, d1) -> (d0, d1)>], iterator_types = ["parallel", "parallel"]} ins(%6, %9, %12, %15, %18 : memref<?x?xf64>, memref<?x?xf64>, memref<?x?xf64>, memref<?x?xf64>, memref<?x?xf64>) outs(%21 : memref<?x?xf64>) {
  ^bb0(%in: f64, %in_0: f64, %in_1: f64, %in_2: f64, %in_3: f64, %out: f64):
    %42 = arith.addf %in, %in_0 : f64
    %43 = arith.addf %42, %in_1 : f64
    %44 = arith.addf %43, %in_2 : f64
    %45 = arith.addf %44, %in_3 : f64
    %46 = arith.mulf %45, %cst : f64
    linalg.yield %46 : f64
  }
  %22 = affine.apply affine_map<()[s0] -> (s0 - 1)>()[%0]
  %23 = arith.subi %22, %c1 : index
  %24 = affine.apply affine_map<()[s0] -> (s0 - 1)>()[%0]
  %25 = arith.subi %24, %c1 : index
  %26 = polygeist.submap(%arg3, %25, %23) {map = affine_map<(d0, d1) -> (d1 + 1, d0 + 1)>} : (memref<?x30xf64>, index, index) -> memref<?x?xf64>
  %27 = affine.apply affine_map<()[s0] -> (s0 - 1)>()[%0]
  %28 = arith.subi %27, %c1 : index
  %29 = polygeist.submap(%arg3, %28, %23) {map = affine_map<(d0, d1) -> (d1 + 1, d0)>} : (memref<?x30xf64>, index, index) -> memref<?x?xf64>
  %30 = affine.apply affine_map<()[s0] -> (s0 - 1)>()[%0]
  %31 = arith.subi %30, %c1 : index
  %32 = polygeist.submap(%arg3, %31, %23) {map = affine_map<(d0, d1) -> (d1 + 1, d0 + 2)>} : (memref<?x30xf64>, index, index) -> memref<?x?xf64>
  %33 = affine.apply affine_map<()[s0] -> (s0 - 1)>()[%0]
  %34 = arith.subi %33, %c1 : index
  %35 = polygeist.submap(%arg3, %34, %23) {map = affine_map<(d0, d1) -> (d1 + 2, d0 + 1)>} : (memref<?x30xf64>, index, index) -> memref<?x?xf64>
  %36 = affine.apply affine_map<()[s0] -> (s0 - 1)>()[%0]
  %37 = arith.subi %36, %c1 : index
  %38 = polygeist.submap(%arg3, %37, %23) {map = affine_map<(d0, d1) -> (d1, d0 + 1)>} : (memref<?x30xf64>, index, index) -> memref<?x?xf64>
  %39 = affine.apply affine_map<()[s0] -> (s0 - 1)>()[%0]
  %40 = arith.subi %39, %c1 : index
  %41 = polygeist.submap(%arg2, %40, %23) {map = affine_map<(d0, d1) -> (d1 + 1, d0 + 1)>} : (memref<?x30xf64>, index, index) -> memref<?x?xf64>
  linalg.generic {indexing_maps = [affine_map<(d0, d1) -> (d0, d1)>, affine_map<(d0, d1) -> (d0, d1)>, affine_map<(d0, d1) -> (d0, d1)>, affine_map<(d0, d1) -> (d0, d1)>, affine_map<(d0, d1) -> (d0, d1)>, affine_map<(d0, d1) -> (d0, d1)>], iterator_types = ["parallel", "parallel"]} ins(%26, %29, %32, %35, %38 : memref<?x?xf64>, memref<?x?xf64>, memref<?x?xf64>, memref<?x?xf64>, memref<?x?xf64>) outs(%41 : memref<?x?xf64>) {
  ^bb0(%in: f64, %in_0: f64, %in_1: f64, %in_2: f64, %in_3: f64, %out: f64):
    %42 = arith.addf %in, %in_0 : f64
    %43 = arith.addf %42, %in_1 : f64
    %44 = arith.addf %43, %in_2 : f64
    %45 = arith.addf %44, %in_3 : f64
    %46 = arith.mulf %45, %cst : f64
    linalg.yield %46 : f64
  }
}

Pattern recognition complete:
  Loads: 0
  Stores: 0
  LinalgGenerics: 2

Loop bounds:
  lbMap: () -> (0)
  ubMap: ()[s0] -> (s0)

--- Processing Linalg Generics ---
Processing linalg.generic:
linalg.generic {indexing_maps = [affine_map<(d0, d1) -> (d0, d1)>, affine_map<(d0, d1) -> (d0, d1)>, affine_map<(d0, d1) -> (d0, d1)>, affine_map<(d0, d1) -> (d0, d1)>, affine_map<(d0, d1) -> (d0, d1)>, affine_map<(d0, d1) -> (d0, d1)>], iterator_types = ["parallel", "parallel"]} ins(%9, %12, %15, %18, %21 : memref<?x?xf64>, memref<?x?xf64>, memref<?x?xf64>, memref<?x?xf64>, memref<?x?xf64>) outs(%24 : memref<?x?xf64>) {
^bb0(%in: f64, %in_0: f64, %in_1: f64, %in_2: f64, %in_3: f64, %out: f64):
  %45 = arith.addf %in, %in_0 : f64
  %46 = arith.addf %45, %in_1 : f64
  %47 = arith.addf %46, %in_2 : f64
  %48 = arith.addf %47, %in_3 : f64
  %49 = arith.mulf %48, %cst : f64
  linalg.yield %49 : f64
}
  Processing 5 inputs
  Input 0 indexing map: (d0, d1) -> (d0, d1)

=== getLinalgArgMap ===
  Initial lgMap: (d0, d1) -> (d0, d1)
  Found SubmapOp with map: (d0, d1) -> (d1 + 1, d0 + 1)
  Composed map: (d0, d1) -> (d1 + 1, d0 + 1)
  Final lgMap: (d0, d1) -> (d1 + 1, d0 + 1)
=== getLinalgArgMap END ===

  Calling remap_in_affine_dim for input 0

=== remap_in_affine_dim ===
  oldmap: (d0, d1) -> (d1 + 1, d0 + 1)
  firstNDims: 2
  check_reduction (input): 0
  lower_bound_val: 0
  dimidx: -1
  check_reduction (output): 0
  new map (map2): (d0, d1, d2) -> (d1 + 1, d0 + 1)
  validDims: 2, validSims: 0
  Created SubmapOp with type: memref<?x?x?xf64>
=== remap_in_affine_dim END ===

  Input 1 indexing map: (d0, d1) -> (d0, d1)

=== getLinalgArgMap ===
  Initial lgMap: (d0, d1) -> (d0, d1)
  Found SubmapOp with map: (d0, d1) -> (d1 + 1, d0)
  Composed map: (d0, d1) -> (d1 + 1, d0)
  Final lgMap: (d0, d1) -> (d1 + 1, d0)
=== getLinalgArgMap END ===

  Calling remap_in_affine_dim for input 1

=== remap_in_affine_dim ===
  oldmap: (d0, d1) -> (d1 + 1, d0)
  firstNDims: 2
  check_reduction (input): 0
  lower_bound_val: 0
  dimidx: -1
  check_reduction (output): 0
  new map (map2): (d0, d1, d2) -> (d1 + 1, d0)
  validDims: 2, validSims: 0
  Created SubmapOp with type: memref<?x?x?xf64>
=== remap_in_affine_dim END ===

  Input 2 indexing map: (d0, d1) -> (d0, d1)

=== getLinalgArgMap ===
  Initial lgMap: (d0, d1) -> (d0, d1)
  Found SubmapOp with map: (d0, d1) -> (d1 + 1, d0 + 2)
  Composed map: (d0, d1) -> (d1 + 1, d0 + 2)
  Final lgMap: (d0, d1) -> (d1 + 1, d0 + 2)
=== getLinalgArgMap END ===

  Calling remap_in_affine_dim for input 2

=== remap_in_affine_dim ===
  oldmap: (d0, d1) -> (d1 + 1, d0 + 2)
  firstNDims: 2
  check_reduction (input): 0
  lower_bound_val: 0
  dimidx: -1
  check_reduction (output): 0
  new map (map2): (d0, d1, d2) -> (d1 + 1, d0 + 2)
  validDims: 2, validSims: 0
  Created SubmapOp with type: memref<?x?x?xf64>
=== remap_in_affine_dim END ===

  Input 3 indexing map: (d0, d1) -> (d0, d1)

=== getLinalgArgMap ===
  Initial lgMap: (d0, d1) -> (d0, d1)
  Found SubmapOp with map: (d0, d1) -> (d1 + 2, d0 + 1)
  Composed map: (d0, d1) -> (d1 + 2, d0 + 1)
  Final lgMap: (d0, d1) -> (d1 + 2, d0 + 1)
=== getLinalgArgMap END ===

  Calling remap_in_affine_dim for input 3

=== remap_in_affine_dim ===
  oldmap: (d0, d1) -> (d1 + 2, d0 + 1)
  firstNDims: 2
  check_reduction (input): 0
  lower_bound_val: 0
  dimidx: -1
  check_reduction (output): 0
  new map (map2): (d0, d1, d2) -> (d1 + 2, d0 + 1)
  validDims: 2, validSims: 0
  Created SubmapOp with type: memref<?x?x?xf64>
=== remap_in_affine_dim END ===

  Input 4 indexing map: (d0, d1) -> (d0, d1)

=== getLinalgArgMap ===
  Initial lgMap: (d0, d1) -> (d0, d1)
  Found SubmapOp with map: (d0, d1) -> (d1, d0 + 1)
  Composed map: (d0, d1) -> (d1, d0 + 1)
  Final lgMap: (d0, d1) -> (d1, d0 + 1)
=== getLinalgArgMap END ===

  Calling remap_in_affine_dim for input 4

=== remap_in_affine_dim ===
  oldmap: (d0, d1) -> (d1, d0 + 1)
  firstNDims: 2
  check_reduction (input): 0
  lower_bound_val: 0
  dimidx: -1
  check_reduction (output): 0
  new map (map2): (d0, d1, d2) -> (d1, d0 + 1)
  validDims: 2, validSims: 0
  Created SubmapOp with type: memref<?x?x?xf64>
=== remap_in_affine_dim END ===

  Processing 1 outputs

=== getLinalgArgMap ===
  Initial lgMap: (d0, d1) -> (d0, d1)
  Found SubmapOp with map: (d0, d1) -> (d1 + 1, d0 + 1)
  Composed map: (d0, d1) -> (d1 + 1, d0 + 1)
  Final lgMap: (d0, d1) -> (d1 + 1, d0 + 1)
=== getLinalgArgMap END ===

  Calling remap_in_affine_dim for output 0

=== remap_in_affine_dim ===
  oldmap: (d0, d1) -> (d1 + 1, d0 + 1)
  firstNDims: 2
  check_reduction (input): 1
  lower_bound_val: 0
  dimidx: -1
  check_reduction (output): 1
  new map (map2): (d0, d1, d2) -> (d1 + 1, d0 + 1)
  validDims: 2, validSims: 0
  Created SubmapOp with type: memref<?x?x?xf64>
=== remap_in_affine_dim END ===

Processing linalg.generic:
linalg.generic {indexing_maps = [affine_map<(d0, d1) -> (d0, d1)>, affine_map<(d0, d1) -> (d0, d1)>, affine_map<(d0, d1) -> (d0, d1)>, affine_map<(d0, d1) -> (d0, d1)>, affine_map<(d0, d1) -> (d0, d1)>, affine_map<(d0, d1) -> (d0, d1)>], iterator_types = ["parallel", "parallel"]} ins(%59, %62, %65, %68, %71 : memref<?x?xf64>, memref<?x?xf64>, memref<?x?xf64>, memref<?x?xf64>, memref<?x?xf64>) outs(%74 : memref<?x?xf64>) {
^bb0(%in: f64, %in_0: f64, %in_1: f64, %in_2: f64, %in_3: f64, %out: f64):
  %75 = arith.addf %in, %in_0 : f64
  %76 = arith.addf %75, %in_1 : f64
  %77 = arith.addf %76, %in_2 : f64
  %78 = arith.addf %77, %in_3 : f64
  %79 = arith.mulf %78, %cst : f64
  linalg.yield %79 : f64
}
  Processing 5 inputs
  Input 0 indexing map: (d0, d1) -> (d0, d1)

=== getLinalgArgMap ===
  Initial lgMap: (d0, d1) -> (d0, d1)
  Found SubmapOp with map: (d0, d1) -> (d1 + 1, d0 + 1)
  Composed map: (d0, d1) -> (d1 + 1, d0 + 1)
  Final lgMap: (d0, d1) -> (d1 + 1, d0 + 1)
=== getLinalgArgMap END ===

  Calling remap_in_affine_dim for input 0

=== remap_in_affine_dim ===
  oldmap: (d0, d1) -> (d1 + 1, d0 + 1)
  firstNDims: 2
  check_reduction (input): 0
  lower_bound_val: 0
  dimidx: -1
  check_reduction (output): 0
  new map (map2): (d0, d1, d2) -> (d1 + 1, d0 + 1)
  validDims: 2, validSims: 0
  Created SubmapOp with type: memref<?x?x?xf64>
=== remap_in_affine_dim END ===

  Input 1 indexing map: (d0, d1) -> (d0, d1)

=== getLinalgArgMap ===
  Initial lgMap: (d0, d1) -> (d0, d1)
  Found SubmapOp with map: (d0, d1) -> (d1 + 1, d0)
  Composed map: (d0, d1) -> (d1 + 1, d0)
  Final lgMap: (d0, d1) -> (d1 + 1, d0)
=== getLinalgArgMap END ===

  Calling remap_in_affine_dim for input 1

=== remap_in_affine_dim ===
  oldmap: (d0, d1) -> (d1 + 1, d0)
  firstNDims: 2
  check_reduction (input): 0
  lower_bound_val: 0
  dimidx: -1
  check_reduction (output): 0
  new map (map2): (d0, d1, d2) -> (d1 + 1, d0)
  validDims: 2, validSims: 0
  Created SubmapOp with type: memref<?x?x?xf64>
=== remap_in_affine_dim END ===

  Input 2 indexing map: (d0, d1) -> (d0, d1)

=== getLinalgArgMap ===
  Initial lgMap: (d0, d1) -> (d0, d1)
  Found SubmapOp with map: (d0, d1) -> (d1 + 1, d0 + 2)
  Composed map: (d0, d1) -> (d1 + 1, d0 + 2)
  Final lgMap: (d0, d1) -> (d1 + 1, d0 + 2)
=== getLinalgArgMap END ===

  Calling remap_in_affine_dim for input 2

=== remap_in_affine_dim ===
  oldmap: (d0, d1) -> (d1 + 1, d0 + 2)
  firstNDims: 2
  check_reduction (input): 0
  lower_bound_val: 0
  dimidx: -1
  check_reduction (output): 0
  new map (map2): (d0, d1, d2) -> (d1 + 1, d0 + 2)
  validDims: 2, validSims: 0
  Created SubmapOp with type: memref<?x?x?xf64>
=== remap_in_affine_dim END ===

  Input 3 indexing map: (d0, d1) -> (d0, d1)

=== getLinalgArgMap ===
  Initial lgMap: (d0, d1) -> (d0, d1)
  Found SubmapOp with map: (d0, d1) -> (d1 + 2, d0 + 1)
  Composed map: (d0, d1) -> (d1 + 2, d0 + 1)
  Final lgMap: (d0, d1) -> (d1 + 2, d0 + 1)
=== getLinalgArgMap END ===

  Calling remap_in_affine_dim for input 3

=== remap_in_affine_dim ===
  oldmap: (d0, d1) -> (d1 + 2, d0 + 1)
  firstNDims: 2
  check_reduction (input): 0
  lower_bound_val: 0
  dimidx: -1
  check_reduction (output): 0
  new map (map2): (d0, d1, d2) -> (d1 + 2, d0 + 1)
  validDims: 2, validSims: 0
  Created SubmapOp with type: memref<?x?x?xf64>
=== remap_in_affine_dim END ===

  Input 4 indexing map: (d0, d1) -> (d0, d1)

=== getLinalgArgMap ===
  Initial lgMap: (d0, d1) -> (d0, d1)
  Found SubmapOp with map: (d0, d1) -> (d1, d0 + 1)
  Composed map: (d0, d1) -> (d1, d0 + 1)
  Final lgMap: (d0, d1) -> (d1, d0 + 1)
=== getLinalgArgMap END ===

  Calling remap_in_affine_dim for input 4

=== remap_in_affine_dim ===
  oldmap: (d0, d1) -> (d1, d0 + 1)
  firstNDims: 2
  check_reduction (input): 0
  lower_bound_val: 0
  dimidx: -1
  check_reduction (output): 0
  new map (map2): (d0, d1, d2) -> (d1, d0 + 1)
  validDims: 2, validSims: 0
  Created SubmapOp with type: memref<?x?x?xf64>
=== remap_in_affine_dim END ===

  Processing 1 outputs

=== getLinalgArgMap ===
  Initial lgMap: (d0, d1) -> (d0, d1)
  Found SubmapOp with map: (d0, d1) -> (d1 + 1, d0 + 1)
  Composed map: (d0, d1) -> (d1 + 1, d0 + 1)
  Final lgMap: (d0, d1) -> (d1 + 1, d0 + 1)
=== getLinalgArgMap END ===

  Calling remap_in_affine_dim for output 0

=== remap_in_affine_dim ===
  oldmap: (d0, d1) -> (d1 + 1, d0 + 1)
  firstNDims: 2
  check_reduction (input): 1
  lower_bound_val: 0
  dimidx: -1
  check_reduction (output): 1
  new map (map2): (d0, d1, d2) -> (d1 + 1, d0 + 1)
  validDims: 2, validSims: 0
  Created SubmapOp with type: memref<?x?x?xf64>
=== remap_in_affine_dim END ===


--- Processing Loads ---

--- Processing Stores ---
REJECTED: More than one linalg generic


========================================
=== AffineForOpRaising::matchAndRewrite ===
========================================
Processing loop:
affine.for %arg4 = 0 to %1 {
  %2 = affine.apply affine_map<()[s0] -> (s0 - 1)>()[%0]
  %3 = arith.subi %2, %c1 : index
  %4 = affine.apply affine_map<()[s0] -> (s0 - 1)>()[%0]
  %5 = arith.subi %4, %c1 : index
  %6 = polygeist.submap(%arg2, %5, %3) {map = affine_map<(d0, d1) -> (d1 + 1, d0 + 1)>} : (memref<?x30xf64>, index, index) -> memref<?x?xf64>
  %7 = affine.apply affine_map<()[s0] -> (s0 - 1)>()[%0]
  %8 = arith.subi %7, %c1 : index
  %9 = polygeist.submap(%arg2, %8, %3) {map = affine_map<(d0, d1) -> (d1 + 1, d0)>} : (memref<?x30xf64>, index, index) -> memref<?x?xf64>
  %10 = affine.apply affine_map<()[s0] -> (s0 - 1)>()[%0]
  %11 = arith.subi %10, %c1 : index
  %12 = polygeist.submap(%arg2, %11, %3) {map = affine_map<(d0, d1) -> (d1 + 1, d0 + 2)>} : (memref<?x30xf64>, index, index) -> memref<?x?xf64>
  %13 = affine.apply affine_map<()[s0] -> (s0 - 1)>()[%0]
  %14 = arith.subi %13, %c1 : index
  %15 = polygeist.submap(%arg2, %14, %3) {map = affine_map<(d0, d1) -> (d1 + 2, d0 + 1)>} : (memref<?x30xf64>, index, index) -> memref<?x?xf64>
  %16 = affine.apply affine_map<()[s0] -> (s0 - 1)>()[%0]
  %17 = arith.subi %16, %c1 : index
  %18 = polygeist.submap(%arg2, %17, %3) {map = affine_map<(d0, d1) -> (d1, d0 + 1)>} : (memref<?x30xf64>, index, index) -> memref<?x?xf64>
  %19 = affine.apply affine_map<()[s0] -> (s0 - 1)>()[%0]
  %20 = arith.subi %19, %c1 : index
  %21 = polygeist.submap(%arg3, %20, %3) {map = affine_map<(d0, d1) -> (d1 + 1, d0 + 1)>} : (memref<?x30xf64>, index, index) -> memref<?x?xf64>
  linalg.generic {indexing_maps = [affine_map<(d0, d1) -> (d0, d1)>, affine_map<(d0, d1) -> (d0, d1)>, affine_map<(d0, d1) -> (d0, d1)>, affine_map<(d0, d1) -> (d0, d1)>, affine_map<(d0, d1) -> (d0, d1)>, affine_map<(d0, d1) -> (d0, d1)>], iterator_types = ["parallel", "parallel"]} ins(%6, %9, %12, %15, %18 : memref<?x?xf64>, memref<?x?xf64>, memref<?x?xf64>, memref<?x?xf64>, memref<?x?xf64>) outs(%21 : memref<?x?xf64>) {
  ^bb0(%in: f64, %in_0: f64, %in_1: f64, %in_2: f64, %in_3: f64, %out: f64):
    %42 = arith.addf %in, %in_0 : f64
    %43 = arith.addf %42, %in_1 : f64
    %44 = arith.addf %43, %in_2 : f64
    %45 = arith.addf %44, %in_3 : f64
    %46 = arith.mulf %45, %cst : f64
    linalg.yield %46 : f64
  }
  %22 = affine.apply affine_map<()[s0] -> (s0 - 1)>()[%0]
  %23 = arith.subi %22, %c1 : index
  %24 = affine.apply affine_map<()[s0] -> (s0 - 1)>()[%0]
  %25 = arith.subi %24, %c1 : index
  %26 = polygeist.submap(%arg3, %25, %23) {map = affine_map<(d0, d1) -> (d1 + 1, d0 + 1)>} : (memref<?x30xf64>, index, index) -> memref<?x?xf64>
  %27 = affine.apply affine_map<()[s0] -> (s0 - 1)>()[%0]
  %28 = arith.subi %27, %c1 : index
  %29 = polygeist.submap(%arg3, %28, %23) {map = affine_map<(d0, d1) -> (d1 + 1, d0)>} : (memref<?x30xf64>, index, index) -> memref<?x?xf64>
  %30 = affine.apply affine_map<()[s0] -> (s0 - 1)>()[%0]
  %31 = arith.subi %30, %c1 : index
  %32 = polygeist.submap(%arg3, %31, %23) {map = affine_map<(d0, d1) -> (d1 + 1, d0 + 2)>} : (memref<?x30xf64>, index, index) -> memref<?x?xf64>
  %33 = affine.apply affine_map<()[s0] -> (s0 - 1)>()[%0]
  %34 = arith.subi %33, %c1 : index
  %35 = polygeist.submap(%arg3, %34, %23) {map = affine_map<(d0, d1) -> (d1 + 2, d0 + 1)>} : (memref<?x30xf64>, index, index) -> memref<?x?xf64>
  %36 = affine.apply affine_map<()[s0] -> (s0 - 1)>()[%0]
  %37 = arith.subi %36, %c1 : index
  %38 = polygeist.submap(%arg3, %37, %23) {map = affine_map<(d0, d1) -> (d1, d0 + 1)>} : (memref<?x30xf64>, index, index) -> memref<?x?xf64>
  %39 = affine.apply affine_map<()[s0] -> (s0 - 1)>()[%0]
  %40 = arith.subi %39, %c1 : index
  %41 = polygeist.submap(%arg2, %40, %23) {map = affine_map<(d0, d1) -> (d1 + 1, d0 + 1)>} : (memref<?x30xf64>, index, index) -> memref<?x?xf64>
  linalg.generic {indexing_maps = [affine_map<(d0, d1) -> (d0, d1)>, affine_map<(d0, d1) -> (d0, d1)>, affine_map<(d0, d1) -> (d0, d1)>, affine_map<(d0, d1) -> (d0, d1)>, affine_map<(d0, d1) -> (d0, d1)>, affine_map<(d0, d1) -> (d0, d1)>], iterator_types = ["parallel", "parallel"]} ins(%26, %29, %32, %35, %38 : memref<?x?xf64>, memref<?x?xf64>, memref<?x?xf64>, memref<?x?xf64>, memref<?x?xf64>) outs(%41 : memref<?x?xf64>) {
  ^bb0(%in: f64, %in_0: f64, %in_1: f64, %in_2: f64, %in_3: f64, %out: f64):
    %42 = arith.addf %in, %in_0 : f64
    %43 = arith.addf %42, %in_1 : f64
    %44 = arith.addf %43, %in_2 : f64
    %45 = arith.addf %44, %in_3 : f64
    %46 = arith.mulf %45, %cst : f64
    linalg.yield %46 : f64
  }
}

Pattern recognition complete:
  Loads: 0
  Stores: 0
  LinalgGenerics: 2

Loop bounds:
  lbMap: () -> (0)
  ubMap: ()[s0] -> (s0)

--- Processing Linalg Generics ---
Processing linalg.generic:
linalg.generic {indexing_maps = [affine_map<(d0, d1) -> (d0, d1)>, affine_map<(d0, d1) -> (d0, d1)>, affine_map<(d0, d1) -> (d0, d1)>, affine_map<(d0, d1) -> (d0, d1)>, affine_map<(d0, d1) -> (d0, d1)>, affine_map<(d0, d1) -> (d0, d1)>], iterator_types = ["parallel", "parallel"]} ins(%9, %12, %15, %18, %21 : memref<?x?xf64>, memref<?x?xf64>, memref<?x?xf64>, memref<?x?xf64>, memref<?x?xf64>) outs(%24 : memref<?x?xf64>) {
^bb0(%in: f64, %in_0: f64, %in_1: f64, %in_2: f64, %in_3: f64, %out: f64):
  %45 = arith.addf %in, %in_0 : f64
  %46 = arith.addf %45, %in_1 : f64
  %47 = arith.addf %46, %in_2 : f64
  %48 = arith.addf %47, %in_3 : f64
  %49 = arith.mulf %48, %cst : f64
  linalg.yield %49 : f64
}
  Processing 5 inputs
  Input 0 indexing map: (d0, d1) -> (d0, d1)

=== getLinalgArgMap ===
  Initial lgMap: (d0, d1) -> (d0, d1)
  Found SubmapOp with map: (d0, d1) -> (d1 + 1, d0 + 1)
  Composed map: (d0, d1) -> (d1 + 1, d0 + 1)
  Final lgMap: (d0, d1) -> (d1 + 1, d0 + 1)
=== getLinalgArgMap END ===

  Calling remap_in_affine_dim for input 0

=== remap_in_affine_dim ===
  oldmap: (d0, d1) -> (d1 + 1, d0 + 1)
  firstNDims: 2
  check_reduction (input): 0
  lower_bound_val: 0
  dimidx: -1
  check_reduction (output): 0
  new map (map2): (d0, d1, d2) -> (d1 + 1, d0 + 1)
  validDims: 2, validSims: 0
  Created SubmapOp with type: memref<?x?x?xf64>
=== remap_in_affine_dim END ===

  Input 1 indexing map: (d0, d1) -> (d0, d1)

=== getLinalgArgMap ===
  Initial lgMap: (d0, d1) -> (d0, d1)
  Found SubmapOp with map: (d0, d1) -> (d1 + 1, d0)
  Composed map: (d0, d1) -> (d1 + 1, d0)
  Final lgMap: (d0, d1) -> (d1 + 1, d0)
=== getLinalgArgMap END ===

  Calling remap_in_affine_dim for input 1

=== remap_in_affine_dim ===
  oldmap: (d0, d1) -> (d1 + 1, d0)
  firstNDims: 2
  check_reduction (input): 0
  lower_bound_val: 0
  dimidx: -1
  check_reduction (output): 0
  new map (map2): (d0, d1, d2) -> (d1 + 1, d0)
  validDims: 2, validSims: 0
  Created SubmapOp with type: memref<?x?x?xf64>
=== remap_in_affine_dim END ===

  Input 2 indexing map: (d0, d1) -> (d0, d1)

=== getLinalgArgMap ===
  Initial lgMap: (d0, d1) -> (d0, d1)
  Found SubmapOp with map: (d0, d1) -> (d1 + 1, d0 + 2)
  Composed map: (d0, d1) -> (d1 + 1, d0 + 2)
  Final lgMap: (d0, d1) -> (d1 + 1, d0 + 2)
=== getLinalgArgMap END ===

  Calling remap_in_affine_dim for input 2

=== remap_in_affine_dim ===
  oldmap: (d0, d1) -> (d1 + 1, d0 + 2)
  firstNDims: 2
  check_reduction (input): 0
  lower_bound_val: 0
  dimidx: -1
  check_reduction (output): 0
  new map (map2): (d0, d1, d2) -> (d1 + 1, d0 + 2)
  validDims: 2, validSims: 0
  Created SubmapOp with type: memref<?x?x?xf64>
=== remap_in_affine_dim END ===

  Input 3 indexing map: (d0, d1) -> (d0, d1)

=== getLinalgArgMap ===
  Initial lgMap: (d0, d1) -> (d0, d1)
  Found SubmapOp with map: (d0, d1) -> (d1 + 2, d0 + 1)
  Composed map: (d0, d1) -> (d1 + 2, d0 + 1)
  Final lgMap: (d0, d1) -> (d1 + 2, d0 + 1)
=== getLinalgArgMap END ===

  Calling remap_in_affine_dim for input 3

=== remap_in_affine_dim ===
  oldmap: (d0, d1) -> (d1 + 2, d0 + 1)
  firstNDims: 2
  check_reduction (input): 0
  lower_bound_val: 0
  dimidx: -1
  check_reduction (output): 0
  new map (map2): (d0, d1, d2) -> (d1 + 2, d0 + 1)
  validDims: 2, validSims: 0
  Created SubmapOp with type: memref<?x?x?xf64>
=== remap_in_affine_dim END ===

  Input 4 indexing map: (d0, d1) -> (d0, d1)

=== getLinalgArgMap ===
  Initial lgMap: (d0, d1) -> (d0, d1)
  Found SubmapOp with map: (d0, d1) -> (d1, d0 + 1)
  Composed map: (d0, d1) -> (d1, d0 + 1)
  Final lgMap: (d0, d1) -> (d1, d0 + 1)
=== getLinalgArgMap END ===

  Calling remap_in_affine_dim for input 4

=== remap_in_affine_dim ===
  oldmap: (d0, d1) -> (d1, d0 + 1)
  firstNDims: 2
  check_reduction (input): 0
  lower_bound_val: 0
  dimidx: -1
  check_reduction (output): 0
  new map (map2): (d0, d1, d2) -> (d1, d0 + 1)
  validDims: 2, validSims: 0
  Created SubmapOp with type: memref<?x?x?xf64>
=== remap_in_affine_dim END ===

  Processing 1 outputs

=== getLinalgArgMap ===
  Initial lgMap: (d0, d1) -> (d0, d1)
  Found SubmapOp with map: (d0, d1) -> (d1 + 1, d0 + 1)
  Composed map: (d0, d1) -> (d1 + 1, d0 + 1)
  Final lgMap: (d0, d1) -> (d1 + 1, d0 + 1)
=== getLinalgArgMap END ===

  Calling remap_in_affine_dim for output 0

=== remap_in_affine_dim ===
  oldmap: (d0, d1) -> (d1 + 1, d0 + 1)
  firstNDims: 2
  check_reduction (input): 1
  lower_bound_val: 0
  dimidx: -1
  check_reduction (output): 1
  new map (map2): (d0, d1, d2) -> (d1 + 1, d0 + 1)
  validDims: 2, validSims: 0
  Created SubmapOp with type: memref<?x?x?xf64>
=== remap_in_affine_dim END ===

Processing linalg.generic:
linalg.generic {indexing_maps = [affine_map<(d0, d1) -> (d0, d1)>, affine_map<(d0, d1) -> (d0, d1)>, affine_map<(d0, d1) -> (d0, d1)>, affine_map<(d0, d1) -> (d0, d1)>, affine_map<(d0, d1) -> (d0, d1)>, affine_map<(d0, d1) -> (d0, d1)>], iterator_types = ["parallel", "parallel"]} ins(%59, %62, %65, %68, %71 : memref<?x?xf64>, memref<?x?xf64>, memref<?x?xf64>, memref<?x?xf64>, memref<?x?xf64>) outs(%74 : memref<?x?xf64>) {
^bb0(%in: f64, %in_0: f64, %in_1: f64, %in_2: f64, %in_3: f64, %out: f64):
  %75 = arith.addf %in, %in_0 : f64
  %76 = arith.addf %75, %in_1 : f64
  %77 = arith.addf %76, %in_2 : f64
  %78 = arith.addf %77, %in_3 : f64
  %79 = arith.mulf %78, %cst : f64
  linalg.yield %79 : f64
}
  Processing 5 inputs
  Input 0 indexing map: (d0, d1) -> (d0, d1)

=== getLinalgArgMap ===
  Initial lgMap: (d0, d1) -> (d0, d1)
  Found SubmapOp with map: (d0, d1) -> (d1 + 1, d0 + 1)
  Composed map: (d0, d1) -> (d1 + 1, d0 + 1)
  Final lgMap: (d0, d1) -> (d1 + 1, d0 + 1)
=== getLinalgArgMap END ===

  Calling remap_in_affine_dim for input 0

=== remap_in_affine_dim ===
  oldmap: (d0, d1) -> (d1 + 1, d0 + 1)
  firstNDims: 2
  check_reduction (input): 0
  lower_bound_val: 0
  dimidx: -1
  check_reduction (output): 0
  new map (map2): (d0, d1, d2) -> (d1 + 1, d0 + 1)
  validDims: 2, validSims: 0
  Created SubmapOp with type: memref<?x?x?xf64>
=== remap_in_affine_dim END ===

  Input 1 indexing map: (d0, d1) -> (d0, d1)

=== getLinalgArgMap ===
  Initial lgMap: (d0, d1) -> (d0, d1)
  Found SubmapOp with map: (d0, d1) -> (d1 + 1, d0)
  Composed map: (d0, d1) -> (d1 + 1, d0)
  Final lgMap: (d0, d1) -> (d1 + 1, d0)
=== getLinalgArgMap END ===

  Calling remap_in_affine_dim for input 1

=== remap_in_affine_dim ===
  oldmap: (d0, d1) -> (d1 + 1, d0)
  firstNDims: 2
  check_reduction (input): 0
  lower_bound_val: 0
  dimidx: -1
  check_reduction (output): 0
  new map (map2): (d0, d1, d2) -> (d1 + 1, d0)
  validDims: 2, validSims: 0
  Created SubmapOp with type: memref<?x?x?xf64>
=== remap_in_affine_dim END ===

  Input 2 indexing map: (d0, d1) -> (d0, d1)

=== getLinalgArgMap ===
  Initial lgMap: (d0, d1) -> (d0, d1)
  Found SubmapOp with map: (d0, d1) -> (d1 + 1, d0 + 2)
  Composed map: (d0, d1) -> (d1 + 1, d0 + 2)
  Final lgMap: (d0, d1) -> (d1 + 1, d0 + 2)
=== getLinalgArgMap END ===

  Calling remap_in_affine_dim for input 2

=== remap_in_affine_dim ===
  oldmap: (d0, d1) -> (d1 + 1, d0 + 2)
  firstNDims: 2
  check_reduction (input): 0
  lower_bound_val: 0
  dimidx: -1
  check_reduction (output): 0
  new map (map2): (d0, d1, d2) -> (d1 + 1, d0 + 2)
  validDims: 2, validSims: 0
  Created SubmapOp with type: memref<?x?x?xf64>
=== remap_in_affine_dim END ===

  Input 3 indexing map: (d0, d1) -> (d0, d1)

=== getLinalgArgMap ===
  Initial lgMap: (d0, d1) -> (d0, d1)
  Found SubmapOp with map: (d0, d1) -> (d1 + 2, d0 + 1)
  Composed map: (d0, d1) -> (d1 + 2, d0 + 1)
  Final lgMap: (d0, d1) -> (d1 + 2, d0 + 1)
=== getLinalgArgMap END ===

  Calling remap_in_affine_dim for input 3

=== remap_in_affine_dim ===
  oldmap: (d0, d1) -> (d1 + 2, d0 + 1)
  firstNDims: 2
  check_reduction (input): 0
  lower_bound_val: 0
  dimidx: -1
  check_reduction (output): 0
  new map (map2): (d0, d1, d2) -> (d1 + 2, d0 + 1)
  validDims: 2, validSims: 0
  Created SubmapOp with type: memref<?x?x?xf64>
=== remap_in_affine_dim END ===

  Input 4 indexing map: (d0, d1) -> (d0, d1)

=== getLinalgArgMap ===
  Initial lgMap: (d0, d1) -> (d0, d1)
  Found SubmapOp with map: (d0, d1) -> (d1, d0 + 1)
  Composed map: (d0, d1) -> (d1, d0 + 1)
  Final lgMap: (d0, d1) -> (d1, d0 + 1)
=== getLinalgArgMap END ===

  Calling remap_in_affine_dim for input 4

=== remap_in_affine_dim ===
  oldmap: (d0, d1) -> (d1, d0 + 1)
  firstNDims: 2
  check_reduction (input): 0
  lower_bound_val: 0
  dimidx: -1
  check_reduction (output): 0
  new map (map2): (d0, d1, d2) -> (d1, d0 + 1)
  validDims: 2, validSims: 0
  Created SubmapOp with type: memref<?x?x?xf64>
=== remap_in_affine_dim END ===

  Processing 1 outputs

=== getLinalgArgMap ===
  Initial lgMap: (d0, d1) -> (d0, d1)
  Found SubmapOp with map: (d0, d1) -> (d1 + 1, d0 + 1)
  Composed map: (d0, d1) -> (d1 + 1, d0 + 1)
  Final lgMap: (d0, d1) -> (d1 + 1, d0 + 1)
=== getLinalgArgMap END ===

  Calling remap_in_affine_dim for output 0

=== remap_in_affine_dim ===
  oldmap: (d0, d1) -> (d1 + 1, d0 + 1)
  firstNDims: 2
  check_reduction (input): 1
  lower_bound_val: 0
  dimidx: -1
  check_reduction (output): 1
  new map (map2): (d0, d1, d2) -> (d1 + 1, d0 + 1)
  validDims: 2, validSims: 0
  Created SubmapOp with type: memref<?x?x?xf64>
=== remap_in_affine_dim END ===


--- Processing Loads ---

--- Processing Stores ---
REJECTED: More than one linalg generic


========================================
=== AffineForOpRaising::matchAndRewrite ===
========================================
Processing loop:
affine.for %arg4 = 0 to %1 {
  %2 = affine.apply affine_map<()[s0] -> (s0 - 1)>()[%0]
  %3 = arith.subi %2, %c1 : index
  %4 = affine.apply affine_map<()[s0] -> (s0 - 1)>()[%0]
  %5 = arith.subi %4, %c1 : index
  %6 = polygeist.submap(%arg2, %5, %3) {map = affine_map<(d0, d1) -> (d1 + 1, d0 + 1)>} : (memref<?x30xf64>, index, index) -> memref<?x?xf64>
  %7 = affine.apply affine_map<()[s0] -> (s0 - 1)>()[%0]
  %8 = arith.subi %7, %c1 : index
  %9 = polygeist.submap(%arg2, %8, %3) {map = affine_map<(d0, d1) -> (d1 + 1, d0)>} : (memref<?x30xf64>, index, index) -> memref<?x?xf64>
  %10 = affine.apply affine_map<()[s0] -> (s0 - 1)>()[%0]
  %11 = arith.subi %10, %c1 : index
  %12 = polygeist.submap(%arg2, %11, %3) {map = affine_map<(d0, d1) -> (d1 + 1, d0 + 2)>} : (memref<?x30xf64>, index, index) -> memref<?x?xf64>
  %13 = affine.apply affine_map<()[s0] -> (s0 - 1)>()[%0]
  %14 = arith.subi %13, %c1 : index
  %15 = polygeist.submap(%arg2, %14, %3) {map = affine_map<(d0, d1) -> (d1 + 2, d0 + 1)>} : (memref<?x30xf64>, index, index) -> memref<?x?xf64>
  %16 = affine.apply affine_map<()[s0] -> (s0 - 1)>()[%0]
  %17 = arith.subi %16, %c1 : index
  %18 = polygeist.submap(%arg2, %17, %3) {map = affine_map<(d0, d1) -> (d1, d0 + 1)>} : (memref<?x30xf64>, index, index) -> memref<?x?xf64>
  %19 = affine.apply affine_map<()[s0] -> (s0 - 1)>()[%0]
  %20 = arith.subi %19, %c1 : index
  %21 = polygeist.submap(%arg3, %20, %3) {map = affine_map<(d0, d1) -> (d1 + 1, d0 + 1)>} : (memref<?x30xf64>, index, index) -> memref<?x?xf64>
  linalg.generic {indexing_maps = [affine_map<(d0, d1) -> (d0, d1)>, affine_map<(d0, d1) -> (d0, d1)>, affine_map<(d0, d1) -> (d0, d1)>, affine_map<(d0, d1) -> (d0, d1)>, affine_map<(d0, d1) -> (d0, d1)>, affine_map<(d0, d1) -> (d0, d1)>], iterator_types = ["parallel", "parallel"]} ins(%6, %9, %12, %15, %18 : memref<?x?xf64>, memref<?x?xf64>, memref<?x?xf64>, memref<?x?xf64>, memref<?x?xf64>) outs(%21 : memref<?x?xf64>) {
  ^bb0(%in: f64, %in_0: f64, %in_1: f64, %in_2: f64, %in_3: f64, %out: f64):
    %42 = arith.addf %in, %in_0 : f64
    %43 = arith.addf %42, %in_1 : f64
    %44 = arith.addf %43, %in_2 : f64
    %45 = arith.addf %44, %in_3 : f64
    %46 = arith.mulf %45, %cst : f64
    linalg.yield %46 : f64
  }
  %22 = affine.apply affine_map<()[s0] -> (s0 - 1)>()[%0]
  %23 = arith.subi %22, %c1 : index
  %24 = affine.apply affine_map<()[s0] -> (s0 - 1)>()[%0]
  %25 = arith.subi %24, %c1 : index
  %26 = polygeist.submap(%arg3, %25, %23) {map = affine_map<(d0, d1) -> (d1 + 1, d0 + 1)>} : (memref<?x30xf64>, index, index) -> memref<?x?xf64>
  %27 = affine.apply affine_map<()[s0] -> (s0 - 1)>()[%0]
  %28 = arith.subi %27, %c1 : index
  %29 = polygeist.submap(%arg3, %28, %23) {map = affine_map<(d0, d1) -> (d1 + 1, d0)>} : (memref<?x30xf64>, index, index) -> memref<?x?xf64>
  %30 = affine.apply affine_map<()[s0] -> (s0 - 1)>()[%0]
  %31 = arith.subi %30, %c1 : index
  %32 = polygeist.submap(%arg3, %31, %23) {map = affine_map<(d0, d1) -> (d1 + 1, d0 + 2)>} : (memref<?x30xf64>, index, index) -> memref<?x?xf64>
  %33 = affine.apply affine_map<()[s0] -> (s0 - 1)>()[%0]
  %34 = arith.subi %33, %c1 : index
  %35 = polygeist.submap(%arg3, %34, %23) {map = affine_map<(d0, d1) -> (d1 + 2, d0 + 1)>} : (memref<?x30xf64>, index, index) -> memref<?x?xf64>
  %36 = affine.apply affine_map<()[s0] -> (s0 - 1)>()[%0]
  %37 = arith.subi %36, %c1 : index
  %38 = polygeist.submap(%arg3, %37, %23) {map = affine_map<(d0, d1) -> (d1, d0 + 1)>} : (memref<?x30xf64>, index, index) -> memref<?x?xf64>
  %39 = affine.apply affine_map<()[s0] -> (s0 - 1)>()[%0]
  %40 = arith.subi %39, %c1 : index
  %41 = polygeist.submap(%arg2, %40, %23) {map = affine_map<(d0, d1) -> (d1 + 1, d0 + 1)>} : (memref<?x30xf64>, index, index) -> memref<?x?xf64>
  linalg.generic {indexing_maps = [affine_map<(d0, d1) -> (d0, d1)>, affine_map<(d0, d1) -> (d0, d1)>, affine_map<(d0, d1) -> (d0, d1)>, affine_map<(d0, d1) -> (d0, d1)>, affine_map<(d0, d1) -> (d0, d1)>, affine_map<(d0, d1) -> (d0, d1)>], iterator_types = ["parallel", "parallel"]} ins(%26, %29, %32, %35, %38 : memref<?x?xf64>, memref<?x?xf64>, memref<?x?xf64>, memref<?x?xf64>, memref<?x?xf64>) outs(%41 : memref<?x?xf64>) {
  ^bb0(%in: f64, %in_0: f64, %in_1: f64, %in_2: f64, %in_3: f64, %out: f64):
    %42 = arith.addf %in, %in_0 : f64
    %43 = arith.addf %42, %in_1 : f64
    %44 = arith.addf %43, %in_2 : f64
    %45 = arith.addf %44, %in_3 : f64
    %46 = arith.mulf %45, %cst : f64
    linalg.yield %46 : f64
  }
}

Pattern recognition complete:
  Loads: 0
  Stores: 0
  LinalgGenerics: 2

Loop bounds:
  lbMap: () -> (0)
  ubMap: ()[s0] -> (s0)

--- Processing Linalg Generics ---
Processing linalg.generic:
linalg.generic {indexing_maps = [affine_map<(d0, d1) -> (d0, d1)>, affine_map<(d0, d1) -> (d0, d1)>, affine_map<(d0, d1) -> (d0, d1)>, affine_map<(d0, d1) -> (d0, d1)>, affine_map<(d0, d1) -> (d0, d1)>, affine_map<(d0, d1) -> (d0, d1)>], iterator_types = ["parallel", "parallel"]} ins(%9, %12, %15, %18, %21 : memref<?x?xf64>, memref<?x?xf64>, memref<?x?xf64>, memref<?x?xf64>, memref<?x?xf64>) outs(%24 : memref<?x?xf64>) {
^bb0(%in: f64, %in_0: f64, %in_1: f64, %in_2: f64, %in_3: f64, %out: f64):
  %45 = arith.addf %in, %in_0 : f64
  %46 = arith.addf %45, %in_1 : f64
  %47 = arith.addf %46, %in_2 : f64
  %48 = arith.addf %47, %in_3 : f64
  %49 = arith.mulf %48, %cst : f64
  linalg.yield %49 : f64
}
  Processing 5 inputs
  Input 0 indexing map: (d0, d1) -> (d0, d1)

=== getLinalgArgMap ===
  Initial lgMap: (d0, d1) -> (d0, d1)
  Found SubmapOp with map: (d0, d1) -> (d1 + 1, d0 + 1)
  Composed map: (d0, d1) -> (d1 + 1, d0 + 1)
  Final lgMap: (d0, d1) -> (d1 + 1, d0 + 1)
=== getLinalgArgMap END ===

  Calling remap_in_affine_dim for input 0

=== remap_in_affine_dim ===
  oldmap: (d0, d1) -> (d1 + 1, d0 + 1)
  firstNDims: 2
  check_reduction (input): 0
  lower_bound_val: 0
  dimidx: -1
  check_reduction (output): 0
  new map (map2): (d0, d1, d2) -> (d1 + 1, d0 + 1)
  validDims: 2, validSims: 0
  Created SubmapOp with type: memref<?x?x?xf64>
=== remap_in_affine_dim END ===

  Input 1 indexing map: (d0, d1) -> (d0, d1)

=== getLinalgArgMap ===
  Initial lgMap: (d0, d1) -> (d0, d1)
  Found SubmapOp with map: (d0, d1) -> (d1 + 1, d0)
  Composed map: (d0, d1) -> (d1 + 1, d0)
  Final lgMap: (d0, d1) -> (d1 + 1, d0)
=== getLinalgArgMap END ===

  Calling remap_in_affine_dim for input 1

=== remap_in_affine_dim ===
  oldmap: (d0, d1) -> (d1 + 1, d0)
  firstNDims: 2
  check_reduction (input): 0
  lower_bound_val: 0
  dimidx: -1
  check_reduction (output): 0
  new map (map2): (d0, d1, d2) -> (d1 + 1, d0)
  validDims: 2, validSims: 0
  Created SubmapOp with type: memref<?x?x?xf64>
=== remap_in_affine_dim END ===

  Input 2 indexing map: (d0, d1) -> (d0, d1)

=== getLinalgArgMap ===
  Initial lgMap: (d0, d1) -> (d0, d1)
  Found SubmapOp with map: (d0, d1) -> (d1 + 1, d0 + 2)
  Composed map: (d0, d1) -> (d1 + 1, d0 + 2)
  Final lgMap: (d0, d1) -> (d1 + 1, d0 + 2)
=== getLinalgArgMap END ===

  Calling remap_in_affine_dim for input 2

=== remap_in_affine_dim ===
  oldmap: (d0, d1) -> (d1 + 1, d0 + 2)
  firstNDims: 2
  check_reduction (input): 0
  lower_bound_val: 0
  dimidx: -1
  check_reduction (output): 0
  new map (map2): (d0, d1, d2) -> (d1 + 1, d0 + 2)
  validDims: 2, validSims: 0
  Created SubmapOp with type: memref<?x?x?xf64>
=== remap_in_affine_dim END ===

  Input 3 indexing map: (d0, d1) -> (d0, d1)

=== getLinalgArgMap ===
  Initial lgMap: (d0, d1) -> (d0, d1)
  Found SubmapOp with map: (d0, d1) -> (d1 + 2, d0 + 1)
  Composed map: (d0, d1) -> (d1 + 2, d0 + 1)
  Final lgMap: (d0, d1) -> (d1 + 2, d0 + 1)
=== getLinalgArgMap END ===

  Calling remap_in_affine_dim for input 3

=== remap_in_affine_dim ===
  oldmap: (d0, d1) -> (d1 + 2, d0 + 1)
  firstNDims: 2
  check_reduction (input): 0
  lower_bound_val: 0
  dimidx: -1
  check_reduction (output): 0
  new map (map2): (d0, d1, d2) -> (d1 + 2, d0 + 1)
  validDims: 2, validSims: 0
  Created SubmapOp with type: memref<?x?x?xf64>
=== remap_in_affine_dim END ===

  Input 4 indexing map: (d0, d1) -> (d0, d1)

=== getLinalgArgMap ===
  Initial lgMap: (d0, d1) -> (d0, d1)
  Found SubmapOp with map: (d0, d1) -> (d1, d0 + 1)
  Composed map: (d0, d1) -> (d1, d0 + 1)
  Final lgMap: (d0, d1) -> (d1, d0 + 1)
=== getLinalgArgMap END ===

  Calling remap_in_affine_dim for input 4

=== remap_in_affine_dim ===
  oldmap: (d0, d1) -> (d1, d0 + 1)
  firstNDims: 2
  check_reduction (input): 0
  lower_bound_val: 0
  dimidx: -1
  check_reduction (output): 0
  new map (map2): (d0, d1, d2) -> (d1, d0 + 1)
  validDims: 2, validSims: 0
  Created SubmapOp with type: memref<?x?x?xf64>
=== remap_in_affine_dim END ===

  Processing 1 outputs

=== getLinalgArgMap ===
  Initial lgMap: (d0, d1) -> (d0, d1)
  Found SubmapOp with map: (d0, d1) -> (d1 + 1, d0 + 1)
  Composed map: (d0, d1) -> (d1 + 1, d0 + 1)
  Final lgMap: (d0, d1) -> (d1 + 1, d0 + 1)
=== getLinalgArgMap END ===

  Calling remap_in_affine_dim for output 0

=== remap_in_affine_dim ===
  oldmap: (d0, d1) -> (d1 + 1, d0 + 1)
  firstNDims: 2
  check_reduction (input): 1
  lower_bound_val: 0
  dimidx: -1
  check_reduction (output): 1
  new map (map2): (d0, d1, d2) -> (d1 + 1, d0 + 1)
  validDims: 2, validSims: 0
  Created SubmapOp with type: memref<?x?x?xf64>
=== remap_in_affine_dim END ===

Processing linalg.generic:
linalg.generic {indexing_maps = [affine_map<(d0, d1) -> (d0, d1)>, affine_map<(d0, d1) -> (d0, d1)>, affine_map<(d0, d1) -> (d0, d1)>, affine_map<(d0, d1) -> (d0, d1)>, affine_map<(d0, d1) -> (d0, d1)>, affine_map<(d0, d1) -> (d0, d1)>], iterator_types = ["parallel", "parallel"]} ins(%59, %62, %65, %68, %71 : memref<?x?xf64>, memref<?x?xf64>, memref<?x?xf64>, memref<?x?xf64>, memref<?x?xf64>) outs(%74 : memref<?x?xf64>) {
^bb0(%in: f64, %in_0: f64, %in_1: f64, %in_2: f64, %in_3: f64, %out: f64):
  %75 = arith.addf %in, %in_0 : f64
  %76 = arith.addf %75, %in_1 : f64
  %77 = arith.addf %76, %in_2 : f64
  %78 = arith.addf %77, %in_3 : f64
  %79 = arith.mulf %78, %cst : f64
  linalg.yield %79 : f64
}
  Processing 5 inputs
  Input 0 indexing map: (d0, d1) -> (d0, d1)

=== getLinalgArgMap ===
  Initial lgMap: (d0, d1) -> (d0, d1)
  Found SubmapOp with map: (d0, d1) -> (d1 + 1, d0 + 1)
  Composed map: (d0, d1) -> (d1 + 1, d0 + 1)
  Final lgMap: (d0, d1) -> (d1 + 1, d0 + 1)
=== getLinalgArgMap END ===

  Calling remap_in_affine_dim for input 0

=== remap_in_affine_dim ===
  oldmap: (d0, d1) -> (d1 + 1, d0 + 1)
  firstNDims: 2
  check_reduction (input): 0
  lower_bound_val: 0
  dimidx: -1
  check_reduction (output): 0
  new map (map2): (d0, d1, d2) -> (d1 + 1, d0 + 1)
  validDims: 2, validSims: 0
  Created SubmapOp with type: memref<?x?x?xf64>
=== remap_in_affine_dim END ===

  Input 1 indexing map: (d0, d1) -> (d0, d1)

=== getLinalgArgMap ===
  Initial lgMap: (d0, d1) -> (d0, d1)
  Found SubmapOp with map: (d0, d1) -> (d1 + 1, d0)
  Composed map: (d0, d1) -> (d1 + 1, d0)
  Final lgMap: (d0, d1) -> (d1 + 1, d0)
=== getLinalgArgMap END ===

  Calling remap_in_affine_dim for input 1

=== remap_in_affine_dim ===
  oldmap: (d0, d1) -> (d1 + 1, d0)
  firstNDims: 2
  check_reduction (input): 0
  lower_bound_val: 0
  dimidx: -1
  check_reduction (output): 0
  new map (map2): (d0, d1, d2) -> (d1 + 1, d0)
  validDims: 2, validSims: 0
  Created SubmapOp with type: memref<?x?x?xf64>
=== remap_in_affine_dim END ===

  Input 2 indexing map: (d0, d1) -> (d0, d1)

=== getLinalgArgMap ===
  Initial lgMap: (d0, d1) -> (d0, d1)
  Found SubmapOp with map: (d0, d1) -> (d1 + 1, d0 + 2)
  Composed map: (d0, d1) -> (d1 + 1, d0 + 2)
  Final lgMap: (d0, d1) -> (d1 + 1, d0 + 2)
=== getLinalgArgMap END ===

  Calling remap_in_affine_dim for input 2

=== remap_in_affine_dim ===
  oldmap: (d0, d1) -> (d1 + 1, d0 + 2)
  firstNDims: 2
  check_reduction (input): 0
  lower_bound_val: 0
  dimidx: -1
  check_reduction (output): 0
  new map (map2): (d0, d1, d2) -> (d1 + 1, d0 + 2)
  validDims: 2, validSims: 0
  Created SubmapOp with type: memref<?x?x?xf64>
=== remap_in_affine_dim END ===

  Input 3 indexing map: (d0, d1) -> (d0, d1)

=== getLinalgArgMap ===
  Initial lgMap: (d0, d1) -> (d0, d1)
  Found SubmapOp with map: (d0, d1) -> (d1 + 2, d0 + 1)
  Composed map: (d0, d1) -> (d1 + 2, d0 + 1)
  Final lgMap: (d0, d1) -> (d1 + 2, d0 + 1)
=== getLinalgArgMap END ===

  Calling remap_in_affine_dim for input 3

=== remap_in_affine_dim ===
  oldmap: (d0, d1) -> (d1 + 2, d0 + 1)
  firstNDims: 2
  check_reduction (input): 0
  lower_bound_val: 0
  dimidx: -1
  check_reduction (output): 0
  new map (map2): (d0, d1, d2) -> (d1 + 2, d0 + 1)
  validDims: 2, validSims: 0
  Created SubmapOp with type: memref<?x?x?xf64>
=== remap_in_affine_dim END ===

  Input 4 indexing map: (d0, d1) -> (d0, d1)

=== getLinalgArgMap ===
  Initial lgMap: (d0, d1) -> (d0, d1)
  Found SubmapOp with map: (d0, d1) -> (d1, d0 + 1)
  Composed map: (d0, d1) -> (d1, d0 + 1)
  Final lgMap: (d0, d1) -> (d1, d0 + 1)
=== getLinalgArgMap END ===

  Calling remap_in_affine_dim for input 4

=== remap_in_affine_dim ===
  oldmap: (d0, d1) -> (d1, d0 + 1)
  firstNDims: 2
  check_reduction (input): 0
  lower_bound_val: 0
  dimidx: -1
  check_reduction (output): 0
  new map (map2): (d0, d1, d2) -> (d1, d0 + 1)
  validDims: 2, validSims: 0
  Created SubmapOp with type: memref<?x?x?xf64>
=== remap_in_affine_dim END ===

  Processing 1 outputs

=== getLinalgArgMap ===
  Initial lgMap: (d0, d1) -> (d0, d1)
  Found SubmapOp with map: (d0, d1) -> (d1 + 1, d0 + 1)
  Composed map: (d0, d1) -> (d1 + 1, d0 + 1)
  Final lgMap: (d0, d1) -> (d1 + 1, d0 + 1)
=== getLinalgArgMap END ===

  Calling remap_in_affine_dim for output 0

=== remap_in_affine_dim ===
  oldmap: (d0, d1) -> (d1 + 1, d0 + 1)
  firstNDims: 2
  check_reduction (input): 1
  lower_bound_val: 0
  dimidx: -1
  check_reduction (output): 1
  new map (map2): (d0, d1, d2) -> (d1 + 1, d0 + 1)
  validDims: 2, validSims: 0
  Created SubmapOp with type: memref<?x?x?xf64>
=== remap_in_affine_dim END ===


--- Processing Loads ---

--- Processing Stores ---
REJECTED: More than one linalg generic


========================================
=== AffineForOpRaising::matchAndRewrite ===
========================================
Processing loop:
affine.for %arg4 = 0 to %1 {
  %2 = affine.apply affine_map<()[s0] -> (s0 - 1)>()[%0]
  %3 = arith.subi %2, %c1 : index
  %4 = affine.apply affine_map<()[s0] -> (s0 - 1)>()[%0]
  %5 = arith.subi %4, %c1 : index
  %6 = polygeist.submap(%arg2, %5, %3) {map = affine_map<(d0, d1) -> (d1 + 1, d0 + 1)>} : (memref<?x30xf64>, index, index) -> memref<?x?xf64>
  %7 = affine.apply affine_map<()[s0] -> (s0 - 1)>()[%0]
  %8 = arith.subi %7, %c1 : index
  %9 = polygeist.submap(%arg2, %8, %3) {map = affine_map<(d0, d1) -> (d1 + 1, d0)>} : (memref<?x30xf64>, index, index) -> memref<?x?xf64>
  %10 = affine.apply affine_map<()[s0] -> (s0 - 1)>()[%0]
  %11 = arith.subi %10, %c1 : index
  %12 = polygeist.submap(%arg2, %11, %3) {map = affine_map<(d0, d1) -> (d1 + 1, d0 + 2)>} : (memref<?x30xf64>, index, index) -> memref<?x?xf64>
  %13 = affine.apply affine_map<()[s0] -> (s0 - 1)>()[%0]
  %14 = arith.subi %13, %c1 : index
  %15 = polygeist.submap(%arg2, %14, %3) {map = affine_map<(d0, d1) -> (d1 + 2, d0 + 1)>} : (memref<?x30xf64>, index, index) -> memref<?x?xf64>
  %16 = affine.apply affine_map<()[s0] -> (s0 - 1)>()[%0]
  %17 = arith.subi %16, %c1 : index
  %18 = polygeist.submap(%arg2, %17, %3) {map = affine_map<(d0, d1) -> (d1, d0 + 1)>} : (memref<?x30xf64>, index, index) -> memref<?x?xf64>
  %19 = affine.apply affine_map<()[s0] -> (s0 - 1)>()[%0]
  %20 = arith.subi %19, %c1 : index
  %21 = polygeist.submap(%arg3, %20, %3) {map = affine_map<(d0, d1) -> (d1 + 1, d0 + 1)>} : (memref<?x30xf64>, index, index) -> memref<?x?xf64>
  linalg.generic {indexing_maps = [affine_map<(d0, d1) -> (d0, d1)>, affine_map<(d0, d1) -> (d0, d1)>, affine_map<(d0, d1) -> (d0, d1)>, affine_map<(d0, d1) -> (d0, d1)>, affine_map<(d0, d1) -> (d0, d1)>, affine_map<(d0, d1) -> (d0, d1)>], iterator_types = ["parallel", "parallel"]} ins(%6, %9, %12, %15, %18 : memref<?x?xf64>, memref<?x?xf64>, memref<?x?xf64>, memref<?x?xf64>, memref<?x?xf64>) outs(%21 : memref<?x?xf64>) {
  ^bb0(%in: f64, %in_0: f64, %in_1: f64, %in_2: f64, %in_3: f64, %out: f64):
    %42 = arith.addf %in, %in_0 : f64
    %43 = arith.addf %42, %in_1 : f64
    %44 = arith.addf %43, %in_2 : f64
    %45 = arith.addf %44, %in_3 : f64
    %46 = arith.mulf %45, %cst : f64
    linalg.yield %46 : f64
  }
  %22 = affine.apply affine_map<()[s0] -> (s0 - 1)>()[%0]
  %23 = arith.subi %22, %c1 : index
  %24 = affine.apply affine_map<()[s0] -> (s0 - 1)>()[%0]
  %25 = arith.subi %24, %c1 : index
  %26 = polygeist.submap(%arg3, %25, %23) {map = affine_map<(d0, d1) -> (d1 + 1, d0 + 1)>} : (memref<?x30xf64>, index, index) -> memref<?x?xf64>
  %27 = affine.apply affine_map<()[s0] -> (s0 - 1)>()[%0]
  %28 = arith.subi %27, %c1 : index
  %29 = polygeist.submap(%arg3, %28, %23) {map = affine_map<(d0, d1) -> (d1 + 1, d0)>} : (memref<?x30xf64>, index, index) -> memref<?x?xf64>
  %30 = affine.apply affine_map<()[s0] -> (s0 - 1)>()[%0]
  %31 = arith.subi %30, %c1 : index
  %32 = polygeist.submap(%arg3, %31, %23) {map = affine_map<(d0, d1) -> (d1 + 1, d0 + 2)>} : (memref<?x30xf64>, index, index) -> memref<?x?xf64>
  %33 = affine.apply affine_map<()[s0] -> (s0 - 1)>()[%0]
  %34 = arith.subi %33, %c1 : index
  %35 = polygeist.submap(%arg3, %34, %23) {map = affine_map<(d0, d1) -> (d1 + 2, d0 + 1)>} : (memref<?x30xf64>, index, index) -> memref<?x?xf64>
  %36 = affine.apply affine_map<()[s0] -> (s0 - 1)>()[%0]
  %37 = arith.subi %36, %c1 : index
  %38 = polygeist.submap(%arg3, %37, %23) {map = affine_map<(d0, d1) -> (d1, d0 + 1)>} : (memref<?x30xf64>, index, index) -> memref<?x?xf64>
  %39 = affine.apply affine_map<()[s0] -> (s0 - 1)>()[%0]
  %40 = arith.subi %39, %c1 : index
  %41 = polygeist.submap(%arg2, %40, %23) {map = affine_map<(d0, d1) -> (d1 + 1, d0 + 1)>} : (memref<?x30xf64>, index, index) -> memref<?x?xf64>
  linalg.generic {indexing_maps = [affine_map<(d0, d1) -> (d0, d1)>, affine_map<(d0, d1) -> (d0, d1)>, affine_map<(d0, d1) -> (d0, d1)>, affine_map<(d0, d1) -> (d0, d1)>, affine_map<(d0, d1) -> (d0, d1)>, affine_map<(d0, d1) -> (d0, d1)>], iterator_types = ["parallel", "parallel"]} ins(%26, %29, %32, %35, %38 : memref<?x?xf64>, memref<?x?xf64>, memref<?x?xf64>, memref<?x?xf64>, memref<?x?xf64>) outs(%41 : memref<?x?xf64>) {
  ^bb0(%in: f64, %in_0: f64, %in_1: f64, %in_2: f64, %in_3: f64, %out: f64):
    %42 = arith.addf %in, %in_0 : f64
    %43 = arith.addf %42, %in_1 : f64
    %44 = arith.addf %43, %in_2 : f64
    %45 = arith.addf %44, %in_3 : f64
    %46 = arith.mulf %45, %cst : f64
    linalg.yield %46 : f64
  }
}

Pattern recognition complete:
  Loads: 0
  Stores: 0
  LinalgGenerics: 2

Loop bounds:
  lbMap: () -> (0)
  ubMap: ()[s0] -> (s0)

--- Processing Linalg Generics ---
Processing linalg.generic:
linalg.generic {indexing_maps = [affine_map<(d0, d1) -> (d0, d1)>, affine_map<(d0, d1) -> (d0, d1)>, affine_map<(d0, d1) -> (d0, d1)>, affine_map<(d0, d1) -> (d0, d1)>, affine_map<(d0, d1) -> (d0, d1)>, affine_map<(d0, d1) -> (d0, d1)>], iterator_types = ["parallel", "parallel"]} ins(%9, %12, %15, %18, %21 : memref<?x?xf64>, memref<?x?xf64>, memref<?x?xf64>, memref<?x?xf64>, memref<?x?xf64>) outs(%24 : memref<?x?xf64>) {
^bb0(%in: f64, %in_0: f64, %in_1: f64, %in_2: f64, %in_3: f64, %out: f64):
  %45 = arith.addf %in, %in_0 : f64
  %46 = arith.addf %45, %in_1 : f64
  %47 = arith.addf %46, %in_2 : f64
  %48 = arith.addf %47, %in_3 : f64
  %49 = arith.mulf %48, %cst : f64
  linalg.yield %49 : f64
}
  Processing 5 inputs
  Input 0 indexing map: (d0, d1) -> (d0, d1)

=== getLinalgArgMap ===
  Initial lgMap: (d0, d1) -> (d0, d1)
  Found SubmapOp with map: (d0, d1) -> (d1 + 1, d0 + 1)
  Composed map: (d0, d1) -> (d1 + 1, d0 + 1)
  Final lgMap: (d0, d1) -> (d1 + 1, d0 + 1)
=== getLinalgArgMap END ===

  Calling remap_in_affine_dim for input 0

=== remap_in_affine_dim ===
  oldmap: (d0, d1) -> (d1 + 1, d0 + 1)
  firstNDims: 2
  check_reduction (input): 0
  lower_bound_val: 0
  dimidx: -1
  check_reduction (output): 0
  new map (map2): (d0, d1, d2) -> (d1 + 1, d0 + 1)
  validDims: 2, validSims: 0
  Created SubmapOp with type: memref<?x?x?xf64>
=== remap_in_affine_dim END ===

  Input 1 indexing map: (d0, d1) -> (d0, d1)

=== getLinalgArgMap ===
  Initial lgMap: (d0, d1) -> (d0, d1)
  Found SubmapOp with map: (d0, d1) -> (d1 + 1, d0)
  Composed map: (d0, d1) -> (d1 + 1, d0)
  Final lgMap: (d0, d1) -> (d1 + 1, d0)
=== getLinalgArgMap END ===

  Calling remap_in_affine_dim for input 1

=== remap_in_affine_dim ===
  oldmap: (d0, d1) -> (d1 + 1, d0)
  firstNDims: 2
  check_reduction (input): 0
  lower_bound_val: 0
  dimidx: -1
  check_reduction (output): 0
  new map (map2): (d0, d1, d2) -> (d1 + 1, d0)
  validDims: 2, validSims: 0
  Created SubmapOp with type: memref<?x?x?xf64>
=== remap_in_affine_dim END ===

  Input 2 indexing map: (d0, d1) -> (d0, d1)

=== getLinalgArgMap ===
  Initial lgMap: (d0, d1) -> (d0, d1)
  Found SubmapOp with map: (d0, d1) -> (d1 + 1, d0 + 2)
  Composed map: (d0, d1) -> (d1 + 1, d0 + 2)
  Final lgMap: (d0, d1) -> (d1 + 1, d0 + 2)
=== getLinalgArgMap END ===

  Calling remap_in_affine_dim for input 2

=== remap_in_affine_dim ===
  oldmap: (d0, d1) -> (d1 + 1, d0 + 2)
  firstNDims: 2
  check_reduction (input): 0
  lower_bound_val: 0
  dimidx: -1
  check_reduction (output): 0
  new map (map2): (d0, d1, d2) -> (d1 + 1, d0 + 2)
  validDims: 2, validSims: 0
  Created SubmapOp with type: memref<?x?x?xf64>
=== remap_in_affine_dim END ===

  Input 3 indexing map: (d0, d1) -> (d0, d1)

=== getLinalgArgMap ===
  Initial lgMap: (d0, d1) -> (d0, d1)
  Found SubmapOp with map: (d0, d1) -> (d1 + 2, d0 + 1)
  Composed map: (d0, d1) -> (d1 + 2, d0 + 1)
  Final lgMap: (d0, d1) -> (d1 + 2, d0 + 1)
=== getLinalgArgMap END ===

  Calling remap_in_affine_dim for input 3

=== remap_in_affine_dim ===
  oldmap: (d0, d1) -> (d1 + 2, d0 + 1)
  firstNDims: 2
  check_reduction (input): 0
  lower_bound_val: 0
  dimidx: -1
  check_reduction (output): 0
  new map (map2): (d0, d1, d2) -> (d1 + 2, d0 + 1)
  validDims: 2, validSims: 0
  Created SubmapOp with type: memref<?x?x?xf64>
=== remap_in_affine_dim END ===

  Input 4 indexing map: (d0, d1) -> (d0, d1)

=== getLinalgArgMap ===
  Initial lgMap: (d0, d1) -> (d0, d1)
  Found SubmapOp with map: (d0, d1) -> (d1, d0 + 1)
  Composed map: (d0, d1) -> (d1, d0 + 1)
  Final lgMap: (d0, d1) -> (d1, d0 + 1)
=== getLinalgArgMap END ===

  Calling remap_in_affine_dim for input 4

=== remap_in_affine_dim ===
  oldmap: (d0, d1) -> (d1, d0 + 1)
  firstNDims: 2
  check_reduction (input): 0
  lower_bound_val: 0
  dimidx: -1
  check_reduction (output): 0
  new map (map2): (d0, d1, d2) -> (d1, d0 + 1)
  validDims: 2, validSims: 0
  Created SubmapOp with type: memref<?x?x?xf64>
=== remap_in_affine_dim END ===

  Processing 1 outputs

=== getLinalgArgMap ===
  Initial lgMap: (d0, d1) -> (d0, d1)
  Found SubmapOp with map: (d0, d1) -> (d1 + 1, d0 + 1)
  Composed map: (d0, d1) -> (d1 + 1, d0 + 1)
  Final lgMap: (d0, d1) -> (d1 + 1, d0 + 1)
=== getLinalgArgMap END ===

  Calling remap_in_affine_dim for output 0

=== remap_in_affine_dim ===
  oldmap: (d0, d1) -> (d1 + 1, d0 + 1)
  firstNDims: 2
  check_reduction (input): 1
  lower_bound_val: 0
  dimidx: -1
  check_reduction (output): 1
  new map (map2): (d0, d1, d2) -> (d1 + 1, d0 + 1)
  validDims: 2, validSims: 0
  Created SubmapOp with type: memref<?x?x?xf64>
=== remap_in_affine_dim END ===

Processing linalg.generic:
linalg.generic {indexing_maps = [affine_map<(d0, d1) -> (d0, d1)>, affine_map<(d0, d1) -> (d0, d1)>, affine_map<(d0, d1) -> (d0, d1)>, affine_map<(d0, d1) -> (d0, d1)>, affine_map<(d0, d1) -> (d0, d1)>, affine_map<(d0, d1) -> (d0, d1)>], iterator_types = ["parallel", "parallel"]} ins(%59, %62, %65, %68, %71 : memref<?x?xf64>, memref<?x?xf64>, memref<?x?xf64>, memref<?x?xf64>, memref<?x?xf64>) outs(%74 : memref<?x?xf64>) {
^bb0(%in: f64, %in_0: f64, %in_1: f64, %in_2: f64, %in_3: f64, %out: f64):
  %75 = arith.addf %in, %in_0 : f64
  %76 = arith.addf %75, %in_1 : f64
  %77 = arith.addf %76, %in_2 : f64
  %78 = arith.addf %77, %in_3 : f64
  %79 = arith.mulf %78, %cst : f64
  linalg.yield %79 : f64
}
  Processing 5 inputs
  Input 0 indexing map: (d0, d1) -> (d0, d1)

=== getLinalgArgMap ===
  Initial lgMap: (d0, d1) -> (d0, d1)
  Found SubmapOp with map: (d0, d1) -> (d1 + 1, d0 + 1)
  Composed map: (d0, d1) -> (d1 + 1, d0 + 1)
  Final lgMap: (d0, d1) -> (d1 + 1, d0 + 1)
=== getLinalgArgMap END ===

  Calling remap_in_affine_dim for input 0

=== remap_in_affine_dim ===
  oldmap: (d0, d1) -> (d1 + 1, d0 + 1)
  firstNDims: 2
  check_reduction (input): 0
  lower_bound_val: 0
  dimidx: -1
  check_reduction (output): 0
  new map (map2): (d0, d1, d2) -> (d1 + 1, d0 + 1)
  validDims: 2, validSims: 0
  Created SubmapOp with type: memref<?x?x?xf64>
=== remap_in_affine_dim END ===

  Input 1 indexing map: (d0, d1) -> (d0, d1)

=== getLinalgArgMap ===
  Initial lgMap: (d0, d1) -> (d0, d1)
  Found SubmapOp with map: (d0, d1) -> (d1 + 1, d0)
  Composed map: (d0, d1) -> (d1 + 1, d0)
  Final lgMap: (d0, d1) -> (d1 + 1, d0)
=== getLinalgArgMap END ===

  Calling remap_in_affine_dim for input 1

=== remap_in_affine_dim ===
  oldmap: (d0, d1) -> (d1 + 1, d0)
  firstNDims: 2
  check_reduction (input): 0
  lower_bound_val: 0
  dimidx: -1
  check_reduction (output): 0
  new map (map2): (d0, d1, d2) -> (d1 + 1, d0)
  validDims: 2, validSims: 0
  Created SubmapOp with type: memref<?x?x?xf64>
=== remap_in_affine_dim END ===

  Input 2 indexing map: (d0, d1) -> (d0, d1)

=== getLinalgArgMap ===
  Initial lgMap: (d0, d1) -> (d0, d1)
  Found SubmapOp with map: (d0, d1) -> (d1 + 1, d0 + 2)
  Composed map: (d0, d1) -> (d1 + 1, d0 + 2)
  Final lgMap: (d0, d1) -> (d1 + 1, d0 + 2)
=== getLinalgArgMap END ===

  Calling remap_in_affine_dim for input 2

=== remap_in_affine_dim ===
  oldmap: (d0, d1) -> (d1 + 1, d0 + 2)
  firstNDims: 2
  check_reduction (input): 0
  lower_bound_val: 0
  dimidx: -1
  check_reduction (output): 0
  new map (map2): (d0, d1, d2) -> (d1 + 1, d0 + 2)
  validDims: 2, validSims: 0
  Created SubmapOp with type: memref<?x?x?xf64>
=== remap_in_affine_dim END ===

  Input 3 indexing map: (d0, d1) -> (d0, d1)

=== getLinalgArgMap ===
  Initial lgMap: (d0, d1) -> (d0, d1)
  Found SubmapOp with map: (d0, d1) -> (d1 + 2, d0 + 1)
  Composed map: (d0, d1) -> (d1 + 2, d0 + 1)
  Final lgMap: (d0, d1) -> (d1 + 2, d0 + 1)
=== getLinalgArgMap END ===

  Calling remap_in_affine_dim for input 3

=== remap_in_affine_dim ===
  oldmap: (d0, d1) -> (d1 + 2, d0 + 1)
  firstNDims: 2
  check_reduction (input): 0
  lower_bound_val: 0
  dimidx: -1
  check_reduction (output): 0
  new map (map2): (d0, d1, d2) -> (d1 + 2, d0 + 1)
  validDims: 2, validSims: 0
  Created SubmapOp with type: memref<?x?x?xf64>
=== remap_in_affine_dim END ===

  Input 4 indexing map: (d0, d1) -> (d0, d1)

=== getLinalgArgMap ===
  Initial lgMap: (d0, d1) -> (d0, d1)
  Found SubmapOp with map: (d0, d1) -> (d1, d0 + 1)
  Composed map: (d0, d1) -> (d1, d0 + 1)
  Final lgMap: (d0, d1) -> (d1, d0 + 1)
=== getLinalgArgMap END ===

  Calling remap_in_affine_dim for input 4

=== remap_in_affine_dim ===
  oldmap: (d0, d1) -> (d1, d0 + 1)
  firstNDims: 2
  check_reduction (input): 0
  lower_bound_val: 0
  dimidx: -1
  check_reduction (output): 0
  new map (map2): (d0, d1, d2) -> (d1, d0 + 1)
  validDims: 2, validSims: 0
  Created SubmapOp with type: memref<?x?x?xf64>
=== remap_in_affine_dim END ===

  Processing 1 outputs

=== getLinalgArgMap ===
  Initial lgMap: (d0, d1) -> (d0, d1)
  Found SubmapOp with map: (d0, d1) -> (d1 + 1, d0 + 1)
  Composed map: (d0, d1) -> (d1 + 1, d0 + 1)
  Final lgMap: (d0, d1) -> (d1 + 1, d0 + 1)
=== getLinalgArgMap END ===

  Calling remap_in_affine_dim for output 0

=== remap_in_affine_dim ===
  oldmap: (d0, d1) -> (d1 + 1, d0 + 1)
  firstNDims: 2
  check_reduction (input): 1
  lower_bound_val: 0
  dimidx: -1
  check_reduction (output): 1
  new map (map2): (d0, d1, d2) -> (d1 + 1, d0 + 1)
  validDims: 2, validSims: 0
  Created SubmapOp with type: memref<?x?x?xf64>
=== remap_in_affine_dim END ===


--- Processing Loads ---

--- Processing Stores ---
REJECTED: More than one linalg generic


========================================
=== AffineForOpRaising::matchAndRewrite ===
========================================
Processing loop:
affine.for %arg4 = 0 to %1 {
  %2 = affine.apply affine_map<()[s0] -> (s0 - 1)>()[%0]
  %3 = arith.subi %2, %c1 : index
  %4 = affine.apply affine_map<()[s0] -> (s0 - 1)>()[%0]
  %5 = arith.subi %4, %c1 : index
  %6 = polygeist.submap(%arg2, %5, %3) {map = affine_map<(d0, d1) -> (d1 + 1, d0 + 1)>} : (memref<?x30xf64>, index, index) -> memref<?x?xf64>
  %7 = affine.apply affine_map<()[s0] -> (s0 - 1)>()[%0]
  %8 = arith.subi %7, %c1 : index
  %9 = polygeist.submap(%arg2, %8, %3) {map = affine_map<(d0, d1) -> (d1 + 1, d0)>} : (memref<?x30xf64>, index, index) -> memref<?x?xf64>
  %10 = affine.apply affine_map<()[s0] -> (s0 - 1)>()[%0]
  %11 = arith.subi %10, %c1 : index
  %12 = polygeist.submap(%arg2, %11, %3) {map = affine_map<(d0, d1) -> (d1 + 1, d0 + 2)>} : (memref<?x30xf64>, index, index) -> memref<?x?xf64>
  %13 = affine.apply affine_map<()[s0] -> (s0 - 1)>()[%0]
  %14 = arith.subi %13, %c1 : index
  %15 = polygeist.submap(%arg2, %14, %3) {map = affine_map<(d0, d1) -> (d1 + 2, d0 + 1)>} : (memref<?x30xf64>, index, index) -> memref<?x?xf64>
  %16 = affine.apply affine_map<()[s0] -> (s0 - 1)>()[%0]
  %17 = arith.subi %16, %c1 : index
  %18 = polygeist.submap(%arg2, %17, %3) {map = affine_map<(d0, d1) -> (d1, d0 + 1)>} : (memref<?x30xf64>, index, index) -> memref<?x?xf64>
  %19 = affine.apply affine_map<()[s0] -> (s0 - 1)>()[%0]
  %20 = arith.subi %19, %c1 : index
  %21 = polygeist.submap(%arg3, %20, %3) {map = affine_map<(d0, d1) -> (d1 + 1, d0 + 1)>} : (memref<?x30xf64>, index, index) -> memref<?x?xf64>
  linalg.generic {indexing_maps = [affine_map<(d0, d1) -> (d0, d1)>, affine_map<(d0, d1) -> (d0, d1)>, affine_map<(d0, d1) -> (d0, d1)>, affine_map<(d0, d1) -> (d0, d1)>, affine_map<(d0, d1) -> (d0, d1)>, affine_map<(d0, d1) -> (d0, d1)>], iterator_types = ["parallel", "parallel"]} ins(%6, %9, %12, %15, %18 : memref<?x?xf64>, memref<?x?xf64>, memref<?x?xf64>, memref<?x?xf64>, memref<?x?xf64>) outs(%21 : memref<?x?xf64>) {
  ^bb0(%in: f64, %in_0: f64, %in_1: f64, %in_2: f64, %in_3: f64, %out: f64):
    %42 = arith.addf %in, %in_0 : f64
    %43 = arith.addf %42, %in_1 : f64
    %44 = arith.addf %43, %in_2 : f64
    %45 = arith.addf %44, %in_3 : f64
    %46 = arith.mulf %45, %cst : f64
    linalg.yield %46 : f64
  }
  %22 = affine.apply affine_map<()[s0] -> (s0 - 1)>()[%0]
  %23 = arith.subi %22, %c1 : index
  %24 = affine.apply affine_map<()[s0] -> (s0 - 1)>()[%0]
  %25 = arith.subi %24, %c1 : index
  %26 = polygeist.submap(%arg3, %25, %23) {map = affine_map<(d0, d1) -> (d1 + 1, d0 + 1)>} : (memref<?x30xf64>, index, index) -> memref<?x?xf64>
  %27 = affine.apply affine_map<()[s0] -> (s0 - 1)>()[%0]
  %28 = arith.subi %27, %c1 : index
  %29 = polygeist.submap(%arg3, %28, %23) {map = affine_map<(d0, d1) -> (d1 + 1, d0)>} : (memref<?x30xf64>, index, index) -> memref<?x?xf64>
  %30 = affine.apply affine_map<()[s0] -> (s0 - 1)>()[%0]
  %31 = arith.subi %30, %c1 : index
  %32 = polygeist.submap(%arg3, %31, %23) {map = affine_map<(d0, d1) -> (d1 + 1, d0 + 2)>} : (memref<?x30xf64>, index, index) -> memref<?x?xf64>
  %33 = affine.apply affine_map<()[s0] -> (s0 - 1)>()[%0]
  %34 = arith.subi %33, %c1 : index
  %35 = polygeist.submap(%arg3, %34, %23) {map = affine_map<(d0, d1) -> (d1 + 2, d0 + 1)>} : (memref<?x30xf64>, index, index) -> memref<?x?xf64>
  %36 = affine.apply affine_map<()[s0] -> (s0 - 1)>()[%0]
  %37 = arith.subi %36, %c1 : index
  %38 = polygeist.submap(%arg3, %37, %23) {map = affine_map<(d0, d1) -> (d1, d0 + 1)>} : (memref<?x30xf64>, index, index) -> memref<?x?xf64>
  %39 = affine.apply affine_map<()[s0] -> (s0 - 1)>()[%0]
  %40 = arith.subi %39, %c1 : index
  %41 = polygeist.submap(%arg2, %40, %23) {map = affine_map<(d0, d1) -> (d1 + 1, d0 + 1)>} : (memref<?x30xf64>, index, index) -> memref<?x?xf64>
  linalg.generic {indexing_maps = [affine_map<(d0, d1) -> (d0, d1)>, affine_map<(d0, d1) -> (d0, d1)>, affine_map<(d0, d1) -> (d0, d1)>, affine_map<(d0, d1) -> (d0, d1)>, affine_map<(d0, d1) -> (d0, d1)>, affine_map<(d0, d1) -> (d0, d1)>], iterator_types = ["parallel", "parallel"]} ins(%26, %29, %32, %35, %38 : memref<?x?xf64>, memref<?x?xf64>, memref<?x?xf64>, memref<?x?xf64>, memref<?x?xf64>) outs(%41 : memref<?x?xf64>) {
  ^bb0(%in: f64, %in_0: f64, %in_1: f64, %in_2: f64, %in_3: f64, %out: f64):
    %42 = arith.addf %in, %in_0 : f64
    %43 = arith.addf %42, %in_1 : f64
    %44 = arith.addf %43, %in_2 : f64
    %45 = arith.addf %44, %in_3 : f64
    %46 = arith.mulf %45, %cst : f64
    linalg.yield %46 : f64
  }
}

Pattern recognition complete:
  Loads: 0
  Stores: 0
  LinalgGenerics: 2

Loop bounds:
  lbMap: () -> (0)
  ubMap: ()[s0] -> (s0)

--- Processing Linalg Generics ---
Processing linalg.generic:
linalg.generic {indexing_maps = [affine_map<(d0, d1) -> (d0, d1)>, affine_map<(d0, d1) -> (d0, d1)>, affine_map<(d0, d1) -> (d0, d1)>, affine_map<(d0, d1) -> (d0, d1)>, affine_map<(d0, d1) -> (d0, d1)>, affine_map<(d0, d1) -> (d0, d1)>], iterator_types = ["parallel", "parallel"]} ins(%9, %12, %15, %18, %21 : memref<?x?xf64>, memref<?x?xf64>, memref<?x?xf64>, memref<?x?xf64>, memref<?x?xf64>) outs(%24 : memref<?x?xf64>) {
^bb0(%in: f64, %in_0: f64, %in_1: f64, %in_2: f64, %in_3: f64, %out: f64):
  %45 = arith.addf %in, %in_0 : f64
  %46 = arith.addf %45, %in_1 : f64
  %47 = arith.addf %46, %in_2 : f64
  %48 = arith.addf %47, %in_3 : f64
  %49 = arith.mulf %48, %cst : f64
  linalg.yield %49 : f64
}
  Processing 5 inputs
  Input 0 indexing map: (d0, d1) -> (d0, d1)

=== getLinalgArgMap ===
  Initial lgMap: (d0, d1) -> (d0, d1)
  Found SubmapOp with map: (d0, d1) -> (d1 + 1, d0 + 1)
  Composed map: (d0, d1) -> (d1 + 1, d0 + 1)
  Final lgMap: (d0, d1) -> (d1 + 1, d0 + 1)
=== getLinalgArgMap END ===

  Calling remap_in_affine_dim for input 0

=== remap_in_affine_dim ===
  oldmap: (d0, d1) -> (d1 + 1, d0 + 1)
  firstNDims: 2
  check_reduction (input): 0
  lower_bound_val: 0
  dimidx: -1
  check_reduction (output): 0
  new map (map2): (d0, d1, d2) -> (d1 + 1, d0 + 1)
  validDims: 2, validSims: 0
  Created SubmapOp with type: memref<?x?x?xf64>
=== remap_in_affine_dim END ===

  Input 1 indexing map: (d0, d1) -> (d0, d1)

=== getLinalgArgMap ===
  Initial lgMap: (d0, d1) -> (d0, d1)
  Found SubmapOp with map: (d0, d1) -> (d1 + 1, d0)
  Composed map: (d0, d1) -> (d1 + 1, d0)
  Final lgMap: (d0, d1) -> (d1 + 1, d0)
=== getLinalgArgMap END ===

  Calling remap_in_affine_dim for input 1

=== remap_in_affine_dim ===
  oldmap: (d0, d1) -> (d1 + 1, d0)
  firstNDims: 2
  check_reduction (input): 0
  lower_bound_val: 0
  dimidx: -1
  check_reduction (output): 0
  new map (map2): (d0, d1, d2) -> (d1 + 1, d0)
  validDims: 2, validSims: 0
  Created SubmapOp with type: memref<?x?x?xf64>
=== remap_in_affine_dim END ===

  Input 2 indexing map: (d0, d1) -> (d0, d1)

=== getLinalgArgMap ===
  Initial lgMap: (d0, d1) -> (d0, d1)
  Found SubmapOp with map: (d0, d1) -> (d1 + 1, d0 + 2)
  Composed map: (d0, d1) -> (d1 + 1, d0 + 2)
  Final lgMap: (d0, d1) -> (d1 + 1, d0 + 2)
=== getLinalgArgMap END ===

  Calling remap_in_affine_dim for input 2

=== remap_in_affine_dim ===
  oldmap: (d0, d1) -> (d1 + 1, d0 + 2)
  firstNDims: 2
  check_reduction (input): 0
  lower_bound_val: 0
  dimidx: -1
  check_reduction (output): 0
  new map (map2): (d0, d1, d2) -> (d1 + 1, d0 + 2)
  validDims: 2, validSims: 0
  Created SubmapOp with type: memref<?x?x?xf64>
=== remap_in_affine_dim END ===

  Input 3 indexing map: (d0, d1) -> (d0, d1)

=== getLinalgArgMap ===
  Initial lgMap: (d0, d1) -> (d0, d1)
  Found SubmapOp with map: (d0, d1) -> (d1 + 2, d0 + 1)
  Composed map: (d0, d1) -> (d1 + 2, d0 + 1)
  Final lgMap: (d0, d1) -> (d1 + 2, d0 + 1)
=== getLinalgArgMap END ===

  Calling remap_in_affine_dim for input 3

=== remap_in_affine_dim ===
  oldmap: (d0, d1) -> (d1 + 2, d0 + 1)
  firstNDims: 2
  check_reduction (input): 0
  lower_bound_val: 0
  dimidx: -1
  check_reduction (output): 0
  new map (map2): (d0, d1, d2) -> (d1 + 2, d0 + 1)
  validDims: 2, validSims: 0
  Created SubmapOp with type: memref<?x?x?xf64>
=== remap_in_affine_dim END ===

  Input 4 indexing map: (d0, d1) -> (d0, d1)

=== getLinalgArgMap ===
  Initial lgMap: (d0, d1) -> (d0, d1)
  Found SubmapOp with map: (d0, d1) -> (d1, d0 + 1)
  Composed map: (d0, d1) -> (d1, d0 + 1)
  Final lgMap: (d0, d1) -> (d1, d0 + 1)
=== getLinalgArgMap END ===

  Calling remap_in_affine_dim for input 4

=== remap_in_affine_dim ===
  oldmap: (d0, d1) -> (d1, d0 + 1)
  firstNDims: 2
  check_reduction (input): 0
  lower_bound_val: 0
  dimidx: -1
  check_reduction (output): 0
  new map (map2): (d0, d1, d2) -> (d1, d0 + 1)
  validDims: 2, validSims: 0
  Created SubmapOp with type: memref<?x?x?xf64>
=== remap_in_affine_dim END ===

  Processing 1 outputs

=== getLinalgArgMap ===
  Initial lgMap: (d0, d1) -> (d0, d1)
  Found SubmapOp with map: (d0, d1) -> (d1 + 1, d0 + 1)
  Composed map: (d0, d1) -> (d1 + 1, d0 + 1)
  Final lgMap: (d0, d1) -> (d1 + 1, d0 + 1)
=== getLinalgArgMap END ===

  Calling remap_in_affine_dim for output 0

=== remap_in_affine_dim ===
  oldmap: (d0, d1) -> (d1 + 1, d0 + 1)
  firstNDims: 2
  check_reduction (input): 1
  lower_bound_val: 0
  dimidx: -1
  check_reduction (output): 1
  new map (map2): (d0, d1, d2) -> (d1 + 1, d0 + 1)
  validDims: 2, validSims: 0
  Created SubmapOp with type: memref<?x?x?xf64>
=== remap_in_affine_dim END ===

Processing linalg.generic:
linalg.generic {indexing_maps = [affine_map<(d0, d1) -> (d0, d1)>, affine_map<(d0, d1) -> (d0, d1)>, affine_map<(d0, d1) -> (d0, d1)>, affine_map<(d0, d1) -> (d0, d1)>, affine_map<(d0, d1) -> (d0, d1)>, affine_map<(d0, d1) -> (d0, d1)>], iterator_types = ["parallel", "parallel"]} ins(%59, %62, %65, %68, %71 : memref<?x?xf64>, memref<?x?xf64>, memref<?x?xf64>, memref<?x?xf64>, memref<?x?xf64>) outs(%74 : memref<?x?xf64>) {
^bb0(%in: f64, %in_0: f64, %in_1: f64, %in_2: f64, %in_3: f64, %out: f64):
  %75 = arith.addf %in, %in_0 : f64
  %76 = arith.addf %75, %in_1 : f64
  %77 = arith.addf %76, %in_2 : f64
  %78 = arith.addf %77, %in_3 : f64
  %79 = arith.mulf %78, %cst : f64
  linalg.yield %79 : f64
}
  Processing 5 inputs
  Input 0 indexing map: (d0, d1) -> (d0, d1)

=== getLinalgArgMap ===
  Initial lgMap: (d0, d1) -> (d0, d1)
  Found SubmapOp with map: (d0, d1) -> (d1 + 1, d0 + 1)
  Composed map: (d0, d1) -> (d1 + 1, d0 + 1)
  Final lgMap: (d0, d1) -> (d1 + 1, d0 + 1)
=== getLinalgArgMap END ===

  Calling remap_in_affine_dim for input 0

=== remap_in_affine_dim ===
  oldmap: (d0, d1) -> (d1 + 1, d0 + 1)
  firstNDims: 2
  check_reduction (input): 0
  lower_bound_val: 0
  dimidx: -1
  check_reduction (output): 0
  new map (map2): (d0, d1, d2) -> (d1 + 1, d0 + 1)
  validDims: 2, validSims: 0
  Created SubmapOp with type: memref<?x?x?xf64>
=== remap_in_affine_dim END ===

  Input 1 indexing map: (d0, d1) -> (d0, d1)

=== getLinalgArgMap ===
  Initial lgMap: (d0, d1) -> (d0, d1)
  Found SubmapOp with map: (d0, d1) -> (d1 + 1, d0)
  Composed map: (d0, d1) -> (d1 + 1, d0)
  Final lgMap: (d0, d1) -> (d1 + 1, d0)
=== getLinalgArgMap END ===

  Calling remap_in_affine_dim for input 1

=== remap_in_affine_dim ===
  oldmap: (d0, d1) -> (d1 + 1, d0)
  firstNDims: 2
  check_reduction (input): 0
  lower_bound_val: 0
  dimidx: -1
  check_reduction (output): 0
  new map (map2): (d0, d1, d2) -> (d1 + 1, d0)
  validDims: 2, validSims: 0
  Created SubmapOp with type: memref<?x?x?xf64>
=== remap_in_affine_dim END ===

  Input 2 indexing map: (d0, d1) -> (d0, d1)

=== getLinalgArgMap ===
  Initial lgMap: (d0, d1) -> (d0, d1)
  Found SubmapOp with map: (d0, d1) -> (d1 + 1, d0 + 2)
  Composed map: (d0, d1) -> (d1 + 1, d0 + 2)
  Final lgMap: (d0, d1) -> (d1 + 1, d0 + 2)
=== getLinalgArgMap END ===

  Calling remap_in_affine_dim for input 2

=== remap_in_affine_dim ===
  oldmap: (d0, d1) -> (d1 + 1, d0 + 2)
  firstNDims: 2
  check_reduction (input): 0
  lower_bound_val: 0
  dimidx: -1
  check_reduction (output): 0
  new map (map2): (d0, d1, d2) -> (d1 + 1, d0 + 2)
  validDims: 2, validSims: 0
  Created SubmapOp with type: memref<?x?x?xf64>
=== remap_in_affine_dim END ===

  Input 3 indexing map: (d0, d1) -> (d0, d1)

=== getLinalgArgMap ===
  Initial lgMap: (d0, d1) -> (d0, d1)
  Found SubmapOp with map: (d0, d1) -> (d1 + 2, d0 + 1)
  Composed map: (d0, d1) -> (d1 + 2, d0 + 1)
  Final lgMap: (d0, d1) -> (d1 + 2, d0 + 1)
=== getLinalgArgMap END ===

  Calling remap_in_affine_dim for input 3

=== remap_in_affine_dim ===
  oldmap: (d0, d1) -> (d1 + 2, d0 + 1)
  firstNDims: 2
  check_reduction (input): 0
  lower_bound_val: 0
  dimidx: -1
  check_reduction (output): 0
  new map (map2): (d0, d1, d2) -> (d1 + 2, d0 + 1)
  validDims: 2, validSims: 0
  Created SubmapOp with type: memref<?x?x?xf64>
=== remap_in_affine_dim END ===

  Input 4 indexing map: (d0, d1) -> (d0, d1)

=== getLinalgArgMap ===
  Initial lgMap: (d0, d1) -> (d0, d1)
  Found SubmapOp with map: (d0, d1) -> (d1, d0 + 1)
  Composed map: (d0, d1) -> (d1, d0 + 1)
  Final lgMap: (d0, d1) -> (d1, d0 + 1)
=== getLinalgArgMap END ===

  Calling remap_in_affine_dim for input 4

=== remap_in_affine_dim ===
  oldmap: (d0, d1) -> (d1, d0 + 1)
  firstNDims: 2
  check_reduction (input): 0
  lower_bound_val: 0
  dimidx: -1
  check_reduction (output): 0
  new map (map2): (d0, d1, d2) -> (d1, d0 + 1)
  validDims: 2, validSims: 0
  Created SubmapOp with type: memref<?x?x?xf64>
=== remap_in_affine_dim END ===

  Processing 1 outputs

=== getLinalgArgMap ===
  Initial lgMap: (d0, d1) -> (d0, d1)
  Found SubmapOp with map: (d0, d1) -> (d1 + 1, d0 + 1)
  Composed map: (d0, d1) -> (d1 + 1, d0 + 1)
  Final lgMap: (d0, d1) -> (d1 + 1, d0 + 1)
=== getLinalgArgMap END ===

  Calling remap_in_affine_dim for output 0

=== remap_in_affine_dim ===
  oldmap: (d0, d1) -> (d1 + 1, d0 + 1)
  firstNDims: 2
  check_reduction (input): 1
  lower_bound_val: 0
  dimidx: -1
  check_reduction (output): 1
  new map (map2): (d0, d1, d2) -> (d1 + 1, d0 + 1)
  validDims: 2, validSims: 0
  Created SubmapOp with type: memref<?x?x?xf64>
=== remap_in_affine_dim END ===


--- Processing Loads ---

--- Processing Stores ---
REJECTED: More than one linalg generic


========================================
=== AffineForOpRaising::matchAndRewrite ===
========================================
Processing loop:
affine.for %arg4 = 0 to %1 {
  %2 = affine.apply affine_map<()[s0] -> (s0 - 1)>()[%0]
  %3 = arith.subi %2, %c1 : index
  %4 = affine.apply affine_map<()[s0] -> (s0 - 1)>()[%0]
  %5 = arith.subi %4, %c1 : index
  %6 = polygeist.submap(%arg2, %5, %3) {map = affine_map<(d0, d1) -> (d1 + 1, d0 + 1)>} : (memref<?x30xf64>, index, index) -> memref<?x?xf64>
  %7 = affine.apply affine_map<()[s0] -> (s0 - 1)>()[%0]
  %8 = arith.subi %7, %c1 : index
  %9 = polygeist.submap(%arg2, %8, %3) {map = affine_map<(d0, d1) -> (d1 + 1, d0)>} : (memref<?x30xf64>, index, index) -> memref<?x?xf64>
  %10 = affine.apply affine_map<()[s0] -> (s0 - 1)>()[%0]
  %11 = arith.subi %10, %c1 : index
  %12 = polygeist.submap(%arg2, %11, %3) {map = affine_map<(d0, d1) -> (d1 + 1, d0 + 2)>} : (memref<?x30xf64>, index, index) -> memref<?x?xf64>
  %13 = affine.apply affine_map<()[s0] -> (s0 - 1)>()[%0]
  %14 = arith.subi %13, %c1 : index
  %15 = polygeist.submap(%arg2, %14, %3) {map = affine_map<(d0, d1) -> (d1 + 2, d0 + 1)>} : (memref<?x30xf64>, index, index) -> memref<?x?xf64>
  %16 = affine.apply affine_map<()[s0] -> (s0 - 1)>()[%0]
  %17 = arith.subi %16, %c1 : index
  %18 = polygeist.submap(%arg2, %17, %3) {map = affine_map<(d0, d1) -> (d1, d0 + 1)>} : (memref<?x30xf64>, index, index) -> memref<?x?xf64>
  %19 = affine.apply affine_map<()[s0] -> (s0 - 1)>()[%0]
  %20 = arith.subi %19, %c1 : index
  %21 = polygeist.submap(%arg3, %20, %3) {map = affine_map<(d0, d1) -> (d1 + 1, d0 + 1)>} : (memref<?x30xf64>, index, index) -> memref<?x?xf64>
  linalg.generic {indexing_maps = [affine_map<(d0, d1) -> (d0, d1)>, affine_map<(d0, d1) -> (d0, d1)>, affine_map<(d0, d1) -> (d0, d1)>, affine_map<(d0, d1) -> (d0, d1)>, affine_map<(d0, d1) -> (d0, d1)>, affine_map<(d0, d1) -> (d0, d1)>], iterator_types = ["parallel", "parallel"]} ins(%6, %9, %12, %15, %18 : memref<?x?xf64>, memref<?x?xf64>, memref<?x?xf64>, memref<?x?xf64>, memref<?x?xf64>) outs(%21 : memref<?x?xf64>) {
  ^bb0(%in: f64, %in_0: f64, %in_1: f64, %in_2: f64, %in_3: f64, %out: f64):
    %42 = arith.addf %in, %in_0 : f64
    %43 = arith.addf %42, %in_1 : f64
    %44 = arith.addf %43, %in_2 : f64
    %45 = arith.addf %44, %in_3 : f64
    %46 = arith.mulf %45, %cst : f64
    linalg.yield %46 : f64
  }
  %22 = affine.apply affine_map<()[s0] -> (s0 - 1)>()[%0]
  %23 = arith.subi %22, %c1 : index
  %24 = affine.apply affine_map<()[s0] -> (s0 - 1)>()[%0]
  %25 = arith.subi %24, %c1 : index
  %26 = polygeist.submap(%arg3, %25, %23) {map = affine_map<(d0, d1) -> (d1 + 1, d0 + 1)>} : (memref<?x30xf64>, index, index) -> memref<?x?xf64>
  %27 = affine.apply affine_map<()[s0] -> (s0 - 1)>()[%0]
  %28 = arith.subi %27, %c1 : index
  %29 = polygeist.submap(%arg3, %28, %23) {map = affine_map<(d0, d1) -> (d1 + 1, d0)>} : (memref<?x30xf64>, index, index) -> memref<?x?xf64>
  %30 = affine.apply affine_map<()[s0] -> (s0 - 1)>()[%0]
  %31 = arith.subi %30, %c1 : index
  %32 = polygeist.submap(%arg3, %31, %23) {map = affine_map<(d0, d1) -> (d1 + 1, d0 + 2)>} : (memref<?x30xf64>, index, index) -> memref<?x?xf64>
  %33 = affine.apply affine_map<()[s0] -> (s0 - 1)>()[%0]
  %34 = arith.subi %33, %c1 : index
  %35 = polygeist.submap(%arg3, %34, %23) {map = affine_map<(d0, d1) -> (d1 + 2, d0 + 1)>} : (memref<?x30xf64>, index, index) -> memref<?x?xf64>
  %36 = affine.apply affine_map<()[s0] -> (s0 - 1)>()[%0]
  %37 = arith.subi %36, %c1 : index
  %38 = polygeist.submap(%arg3, %37, %23) {map = affine_map<(d0, d1) -> (d1, d0 + 1)>} : (memref<?x30xf64>, index, index) -> memref<?x?xf64>
  %39 = affine.apply affine_map<()[s0] -> (s0 - 1)>()[%0]
  %40 = arith.subi %39, %c1 : index
  %41 = polygeist.submap(%arg2, %40, %23) {map = affine_map<(d0, d1) -> (d1 + 1, d0 + 1)>} : (memref<?x30xf64>, index, index) -> memref<?x?xf64>
  linalg.generic {indexing_maps = [affine_map<(d0, d1) -> (d0, d1)>, affine_map<(d0, d1) -> (d0, d1)>, affine_map<(d0, d1) -> (d0, d1)>, affine_map<(d0, d1) -> (d0, d1)>, affine_map<(d0, d1) -> (d0, d1)>, affine_map<(d0, d1) -> (d0, d1)>], iterator_types = ["parallel", "parallel"]} ins(%26, %29, %32, %35, %38 : memref<?x?xf64>, memref<?x?xf64>, memref<?x?xf64>, memref<?x?xf64>, memref<?x?xf64>) outs(%41 : memref<?x?xf64>) {
  ^bb0(%in: f64, %in_0: f64, %in_1: f64, %in_2: f64, %in_3: f64, %out: f64):
    %42 = arith.addf %in, %in_0 : f64
    %43 = arith.addf %42, %in_1 : f64
    %44 = arith.addf %43, %in_2 : f64
    %45 = arith.addf %44, %in_3 : f64
    %46 = arith.mulf %45, %cst : f64
    linalg.yield %46 : f64
  }
}

Pattern recognition complete:
  Loads: 0
  Stores: 0
  LinalgGenerics: 2

Loop bounds:
  lbMap: () -> (0)
  ubMap: ()[s0] -> (s0)

--- Processing Linalg Generics ---
Processing linalg.generic:
linalg.generic {indexing_maps = [affine_map<(d0, d1) -> (d0, d1)>, affine_map<(d0, d1) -> (d0, d1)>, affine_map<(d0, d1) -> (d0, d1)>, affine_map<(d0, d1) -> (d0, d1)>, affine_map<(d0, d1) -> (d0, d1)>, affine_map<(d0, d1) -> (d0, d1)>], iterator_types = ["parallel", "parallel"]} ins(%9, %12, %15, %18, %21 : memref<?x?xf64>, memref<?x?xf64>, memref<?x?xf64>, memref<?x?xf64>, memref<?x?xf64>) outs(%24 : memref<?x?xf64>) {
^bb0(%in: f64, %in_0: f64, %in_1: f64, %in_2: f64, %in_3: f64, %out: f64):
  %45 = arith.addf %in, %in_0 : f64
  %46 = arith.addf %45, %in_1 : f64
  %47 = arith.addf %46, %in_2 : f64
  %48 = arith.addf %47, %in_3 : f64
  %49 = arith.mulf %48, %cst : f64
  linalg.yield %49 : f64
}
  Processing 5 inputs
  Input 0 indexing map: (d0, d1) -> (d0, d1)

=== getLinalgArgMap ===
  Initial lgMap: (d0, d1) -> (d0, d1)
  Found SubmapOp with map: (d0, d1) -> (d1 + 1, d0 + 1)
  Composed map: (d0, d1) -> (d1 + 1, d0 + 1)
  Final lgMap: (d0, d1) -> (d1 + 1, d0 + 1)
=== getLinalgArgMap END ===

  Calling remap_in_affine_dim for input 0

=== remap_in_affine_dim ===
  oldmap: (d0, d1) -> (d1 + 1, d0 + 1)
  firstNDims: 2
  check_reduction (input): 0
  lower_bound_val: 0
  dimidx: -1
  check_reduction (output): 0
  new map (map2): (d0, d1, d2) -> (d1 + 1, d0 + 1)
  validDims: 2, validSims: 0
  Created SubmapOp with type: memref<?x?x?xf64>
=== remap_in_affine_dim END ===

  Input 1 indexing map: (d0, d1) -> (d0, d1)

=== getLinalgArgMap ===
  Initial lgMap: (d0, d1) -> (d0, d1)
  Found SubmapOp with map: (d0, d1) -> (d1 + 1, d0)
  Composed map: (d0, d1) -> (d1 + 1, d0)
  Final lgMap: (d0, d1) -> (d1 + 1, d0)
=== getLinalgArgMap END ===

  Calling remap_in_affine_dim for input 1

=== remap_in_affine_dim ===
  oldmap: (d0, d1) -> (d1 + 1, d0)
  firstNDims: 2
  check_reduction (input): 0
  lower_bound_val: 0
  dimidx: -1
  check_reduction (output): 0
  new map (map2): (d0, d1, d2) -> (d1 + 1, d0)
  validDims: 2, validSims: 0
  Created SubmapOp with type: memref<?x?x?xf64>
=== remap_in_affine_dim END ===

  Input 2 indexing map: (d0, d1) -> (d0, d1)

=== getLinalgArgMap ===
  Initial lgMap: (d0, d1) -> (d0, d1)
  Found SubmapOp with map: (d0, d1) -> (d1 + 1, d0 + 2)
  Composed map: (d0, d1) -> (d1 + 1, d0 + 2)
  Final lgMap: (d0, d1) -> (d1 + 1, d0 + 2)
=== getLinalgArgMap END ===

  Calling remap_in_affine_dim for input 2

=== remap_in_affine_dim ===
  oldmap: (d0, d1) -> (d1 + 1, d0 + 2)
  firstNDims: 2
  check_reduction (input): 0
  lower_bound_val: 0
  dimidx: -1
  check_reduction (output): 0
  new map (map2): (d0, d1, d2) -> (d1 + 1, d0 + 2)
  validDims: 2, validSims: 0
  Created SubmapOp with type: memref<?x?x?xf64>
=== remap_in_affine_dim END ===

  Input 3 indexing map: (d0, d1) -> (d0, d1)

=== getLinalgArgMap ===
  Initial lgMap: (d0, d1) -> (d0, d1)
  Found SubmapOp with map: (d0, d1) -> (d1 + 2, d0 + 1)
  Composed map: (d0, d1) -> (d1 + 2, d0 + 1)
  Final lgMap: (d0, d1) -> (d1 + 2, d0 + 1)
=== getLinalgArgMap END ===

  Calling remap_in_affine_dim for input 3

=== remap_in_affine_dim ===
  oldmap: (d0, d1) -> (d1 + 2, d0 + 1)
  firstNDims: 2
  check_reduction (input): 0
  lower_bound_val: 0
  dimidx: -1
  check_reduction (output): 0
  new map (map2): (d0, d1, d2) -> (d1 + 2, d0 + 1)
  validDims: 2, validSims: 0
  Created SubmapOp with type: memref<?x?x?xf64>
=== remap_in_affine_dim END ===

  Input 4 indexing map: (d0, d1) -> (d0, d1)

=== getLinalgArgMap ===
  Initial lgMap: (d0, d1) -> (d0, d1)
  Found SubmapOp with map: (d0, d1) -> (d1, d0 + 1)
  Composed map: (d0, d1) -> (d1, d0 + 1)
  Final lgMap: (d0, d1) -> (d1, d0 + 1)
=== getLinalgArgMap END ===

  Calling remap_in_affine_dim for input 4

=== remap_in_affine_dim ===
  oldmap: (d0, d1) -> (d1, d0 + 1)
  firstNDims: 2
  check_reduction (input): 0
  lower_bound_val: 0
  dimidx: -1
  check_reduction (output): 0
  new map (map2): (d0, d1, d2) -> (d1, d0 + 1)
  validDims: 2, validSims: 0
  Created SubmapOp with type: memref<?x?x?xf64>
=== remap_in_affine_dim END ===

  Processing 1 outputs

=== getLinalgArgMap ===
  Initial lgMap: (d0, d1) -> (d0, d1)
  Found SubmapOp with map: (d0, d1) -> (d1 + 1, d0 + 1)
  Composed map: (d0, d1) -> (d1 + 1, d0 + 1)
  Final lgMap: (d0, d1) -> (d1 + 1, d0 + 1)
=== getLinalgArgMap END ===

  Calling remap_in_affine_dim for output 0

=== remap_in_affine_dim ===
  oldmap: (d0, d1) -> (d1 + 1, d0 + 1)
  firstNDims: 2
  check_reduction (input): 1
  lower_bound_val: 0
  dimidx: -1
  check_reduction (output): 1
  new map (map2): (d0, d1, d2) -> (d1 + 1, d0 + 1)
  validDims: 2, validSims: 0
  Created SubmapOp with type: memref<?x?x?xf64>
=== remap_in_affine_dim END ===

Processing linalg.generic:
linalg.generic {indexing_maps = [affine_map<(d0, d1) -> (d0, d1)>, affine_map<(d0, d1) -> (d0, d1)>, affine_map<(d0, d1) -> (d0, d1)>, affine_map<(d0, d1) -> (d0, d1)>, affine_map<(d0, d1) -> (d0, d1)>, affine_map<(d0, d1) -> (d0, d1)>], iterator_types = ["parallel", "parallel"]} ins(%59, %62, %65, %68, %71 : memref<?x?xf64>, memref<?x?xf64>, memref<?x?xf64>, memref<?x?xf64>, memref<?x?xf64>) outs(%74 : memref<?x?xf64>) {
^bb0(%in: f64, %in_0: f64, %in_1: f64, %in_2: f64, %in_3: f64, %out: f64):
  %75 = arith.addf %in, %in_0 : f64
  %76 = arith.addf %75, %in_1 : f64
  %77 = arith.addf %76, %in_2 : f64
  %78 = arith.addf %77, %in_3 : f64
  %79 = arith.mulf %78, %cst : f64
  linalg.yield %79 : f64
}
  Processing 5 inputs
  Input 0 indexing map: (d0, d1) -> (d0, d1)

=== getLinalgArgMap ===
  Initial lgMap: (d0, d1) -> (d0, d1)
  Found SubmapOp with map: (d0, d1) -> (d1 + 1, d0 + 1)
  Composed map: (d0, d1) -> (d1 + 1, d0 + 1)
  Final lgMap: (d0, d1) -> (d1 + 1, d0 + 1)
=== getLinalgArgMap END ===

  Calling remap_in_affine_dim for input 0

=== remap_in_affine_dim ===
  oldmap: (d0, d1) -> (d1 + 1, d0 + 1)
  firstNDims: 2
  check_reduction (input): 0
  lower_bound_val: 0
  dimidx: -1
  check_reduction (output): 0
  new map (map2): (d0, d1, d2) -> (d1 + 1, d0 + 1)
  validDims: 2, validSims: 0
  Created SubmapOp with type: memref<?x?x?xf64>
=== remap_in_affine_dim END ===

  Input 1 indexing map: (d0, d1) -> (d0, d1)

=== getLinalgArgMap ===
  Initial lgMap: (d0, d1) -> (d0, d1)
  Found SubmapOp with map: (d0, d1) -> (d1 + 1, d0)
  Composed map: (d0, d1) -> (d1 + 1, d0)
  Final lgMap: (d0, d1) -> (d1 + 1, d0)
=== getLinalgArgMap END ===

  Calling remap_in_affine_dim for input 1

=== remap_in_affine_dim ===
  oldmap: (d0, d1) -> (d1 + 1, d0)
  firstNDims: 2
  check_reduction (input): 0
  lower_bound_val: 0
  dimidx: -1
  check_reduction (output): 0
  new map (map2): (d0, d1, d2) -> (d1 + 1, d0)
  validDims: 2, validSims: 0
  Created SubmapOp with type: memref<?x?x?xf64>
=== remap_in_affine_dim END ===

  Input 2 indexing map: (d0, d1) -> (d0, d1)

=== getLinalgArgMap ===
  Initial lgMap: (d0, d1) -> (d0, d1)
  Found SubmapOp with map: (d0, d1) -> (d1 + 1, d0 + 2)
  Composed map: (d0, d1) -> (d1 + 1, d0 + 2)
  Final lgMap: (d0, d1) -> (d1 + 1, d0 + 2)
=== getLinalgArgMap END ===

  Calling remap_in_affine_dim for input 2

=== remap_in_affine_dim ===
  oldmap: (d0, d1) -> (d1 + 1, d0 + 2)
  firstNDims: 2
  check_reduction (input): 0
  lower_bound_val: 0
  dimidx: -1
  check_reduction (output): 0
  new map (map2): (d0, d1, d2) -> (d1 + 1, d0 + 2)
  validDims: 2, validSims: 0
  Created SubmapOp with type: memref<?x?x?xf64>
=== remap_in_affine_dim END ===

  Input 3 indexing map: (d0, d1) -> (d0, d1)

=== getLinalgArgMap ===
  Initial lgMap: (d0, d1) -> (d0, d1)
  Found SubmapOp with map: (d0, d1) -> (d1 + 2, d0 + 1)
  Composed map: (d0, d1) -> (d1 + 2, d0 + 1)
  Final lgMap: (d0, d1) -> (d1 + 2, d0 + 1)
=== getLinalgArgMap END ===

  Calling remap_in_affine_dim for input 3

=== remap_in_affine_dim ===
  oldmap: (d0, d1) -> (d1 + 2, d0 + 1)
  firstNDims: 2
  check_reduction (input): 0
  lower_bound_val: 0
  dimidx: -1
  check_reduction (output): 0
  new map (map2): (d0, d1, d2) -> (d1 + 2, d0 + 1)
  validDims: 2, validSims: 0
  Created SubmapOp with type: memref<?x?x?xf64>
=== remap_in_affine_dim END ===

  Input 4 indexing map: (d0, d1) -> (d0, d1)

=== getLinalgArgMap ===
  Initial lgMap: (d0, d1) -> (d0, d1)
  Found SubmapOp with map: (d0, d1) -> (d1, d0 + 1)
  Composed map: (d0, d1) -> (d1, d0 + 1)
  Final lgMap: (d0, d1) -> (d1, d0 + 1)
=== getLinalgArgMap END ===

  Calling remap_in_affine_dim for input 4

=== remap_in_affine_dim ===
  oldmap: (d0, d1) -> (d1, d0 + 1)
  firstNDims: 2
  check_reduction (input): 0
  lower_bound_val: 0
  dimidx: -1
  check_reduction (output): 0
  new map (map2): (d0, d1, d2) -> (d1, d0 + 1)
  validDims: 2, validSims: 0
  Created SubmapOp with type: memref<?x?x?xf64>
=== remap_in_affine_dim END ===

  Processing 1 outputs

=== getLinalgArgMap ===
  Initial lgMap: (d0, d1) -> (d0, d1)
  Found SubmapOp with map: (d0, d1) -> (d1 + 1, d0 + 1)
  Composed map: (d0, d1) -> (d1 + 1, d0 + 1)
  Final lgMap: (d0, d1) -> (d1 + 1, d0 + 1)
=== getLinalgArgMap END ===

  Calling remap_in_affine_dim for output 0

=== remap_in_affine_dim ===
  oldmap: (d0, d1) -> (d1 + 1, d0 + 1)
  firstNDims: 2
  check_reduction (input): 1
  lower_bound_val: 0
  dimidx: -1
  check_reduction (output): 1
  new map (map2): (d0, d1, d2) -> (d1 + 1, d0 + 1)
  validDims: 2, validSims: 0
  Created SubmapOp with type: memref<?x?x?xf64>
=== remap_in_affine_dim END ===


--- Processing Loads ---

--- Processing Stores ---
REJECTED: More than one linalg generic


========================================
=== AffineForOpRaising::matchAndRewrite ===
========================================
Processing loop:
affine.for %arg4 = 0 to %1 {
  %2 = affine.apply affine_map<()[s0] -> (s0 - 1)>()[%0]
  %3 = arith.subi %2, %c1 : index
  %4 = affine.apply affine_map<()[s0] -> (s0 - 1)>()[%0]
  %5 = arith.subi %4, %c1 : index
  %6 = polygeist.submap(%arg2, %5, %3) {map = affine_map<(d0, d1) -> (d1 + 1, d0 + 1)>} : (memref<?x30xf64>, index, index) -> memref<?x?xf64>
  %7 = affine.apply affine_map<()[s0] -> (s0 - 1)>()[%0]
  %8 = arith.subi %7, %c1 : index
  %9 = polygeist.submap(%arg2, %8, %3) {map = affine_map<(d0, d1) -> (d1 + 1, d0)>} : (memref<?x30xf64>, index, index) -> memref<?x?xf64>
  %10 = affine.apply affine_map<()[s0] -> (s0 - 1)>()[%0]
  %11 = arith.subi %10, %c1 : index
  %12 = polygeist.submap(%arg2, %11, %3) {map = affine_map<(d0, d1) -> (d1 + 1, d0 + 2)>} : (memref<?x30xf64>, index, index) -> memref<?x?xf64>
  %13 = affine.apply affine_map<()[s0] -> (s0 - 1)>()[%0]
  %14 = arith.subi %13, %c1 : index
  %15 = polygeist.submap(%arg2, %14, %3) {map = affine_map<(d0, d1) -> (d1 + 2, d0 + 1)>} : (memref<?x30xf64>, index, index) -> memref<?x?xf64>
  %16 = affine.apply affine_map<()[s0] -> (s0 - 1)>()[%0]
  %17 = arith.subi %16, %c1 : index
  %18 = polygeist.submap(%arg2, %17, %3) {map = affine_map<(d0, d1) -> (d1, d0 + 1)>} : (memref<?x30xf64>, index, index) -> memref<?x?xf64>
  %19 = affine.apply affine_map<()[s0] -> (s0 - 1)>()[%0]
  %20 = arith.subi %19, %c1 : index
  %21 = polygeist.submap(%arg3, %20, %3) {map = affine_map<(d0, d1) -> (d1 + 1, d0 + 1)>} : (memref<?x30xf64>, index, index) -> memref<?x?xf64>
  linalg.generic {indexing_maps = [affine_map<(d0, d1) -> (d0, d1)>, affine_map<(d0, d1) -> (d0, d1)>, affine_map<(d0, d1) -> (d0, d1)>, affine_map<(d0, d1) -> (d0, d1)>, affine_map<(d0, d1) -> (d0, d1)>, affine_map<(d0, d1) -> (d0, d1)>], iterator_types = ["parallel", "parallel"]} ins(%6, %9, %12, %15, %18 : memref<?x?xf64>, memref<?x?xf64>, memref<?x?xf64>, memref<?x?xf64>, memref<?x?xf64>) outs(%21 : memref<?x?xf64>) {
  ^bb0(%in: f64, %in_0: f64, %in_1: f64, %in_2: f64, %in_3: f64, %out: f64):
    %42 = arith.addf %in, %in_0 : f64
    %43 = arith.addf %42, %in_1 : f64
    %44 = arith.addf %43, %in_2 : f64
    %45 = arith.addf %44, %in_3 : f64
    %46 = arith.mulf %45, %cst : f64
    linalg.yield %46 : f64
  }
  %22 = affine.apply affine_map<()[s0] -> (s0 - 1)>()[%0]
  %23 = arith.subi %22, %c1 : index
  %24 = affine.apply affine_map<()[s0] -> (s0 - 1)>()[%0]
  %25 = arith.subi %24, %c1 : index
  %26 = polygeist.submap(%arg3, %25, %23) {map = affine_map<(d0, d1) -> (d1 + 1, d0 + 1)>} : (memref<?x30xf64>, index, index) -> memref<?x?xf64>
  %27 = affine.apply affine_map<()[s0] -> (s0 - 1)>()[%0]
  %28 = arith.subi %27, %c1 : index
  %29 = polygeist.submap(%arg3, %28, %23) {map = affine_map<(d0, d1) -> (d1 + 1, d0)>} : (memref<?x30xf64>, index, index) -> memref<?x?xf64>
  %30 = affine.apply affine_map<()[s0] -> (s0 - 1)>()[%0]
  %31 = arith.subi %30, %c1 : index
  %32 = polygeist.submap(%arg3, %31, %23) {map = affine_map<(d0, d1) -> (d1 + 1, d0 + 2)>} : (memref<?x30xf64>, index, index) -> memref<?x?xf64>
  %33 = affine.apply affine_map<()[s0] -> (s0 - 1)>()[%0]
  %34 = arith.subi %33, %c1 : index
  %35 = polygeist.submap(%arg3, %34, %23) {map = affine_map<(d0, d1) -> (d1 + 2, d0 + 1)>} : (memref<?x30xf64>, index, index) -> memref<?x?xf64>
  %36 = affine.apply affine_map<()[s0] -> (s0 - 1)>()[%0]
  %37 = arith.subi %36, %c1 : index
  %38 = polygeist.submap(%arg3, %37, %23) {map = affine_map<(d0, d1) -> (d1, d0 + 1)>} : (memref<?x30xf64>, index, index) -> memref<?x?xf64>
  %39 = affine.apply affine_map<()[s0] -> (s0 - 1)>()[%0]
  %40 = arith.subi %39, %c1 : index
  %41 = polygeist.submap(%arg2, %40, %23) {map = affine_map<(d0, d1) -> (d1 + 1, d0 + 1)>} : (memref<?x30xf64>, index, index) -> memref<?x?xf64>
  linalg.generic {indexing_maps = [affine_map<(d0, d1) -> (d0, d1)>, affine_map<(d0, d1) -> (d0, d1)>, affine_map<(d0, d1) -> (d0, d1)>, affine_map<(d0, d1) -> (d0, d1)>, affine_map<(d0, d1) -> (d0, d1)>, affine_map<(d0, d1) -> (d0, d1)>], iterator_types = ["parallel", "parallel"]} ins(%26, %29, %32, %35, %38 : memref<?x?xf64>, memref<?x?xf64>, memref<?x?xf64>, memref<?x?xf64>, memref<?x?xf64>) outs(%41 : memref<?x?xf64>) {
  ^bb0(%in: f64, %in_0: f64, %in_1: f64, %in_2: f64, %in_3: f64, %out: f64):
    %42 = arith.addf %in, %in_0 : f64
    %43 = arith.addf %42, %in_1 : f64
    %44 = arith.addf %43, %in_2 : f64
    %45 = arith.addf %44, %in_3 : f64
    %46 = arith.mulf %45, %cst : f64
    linalg.yield %46 : f64
  }
}

Pattern recognition complete:
  Loads: 0
  Stores: 0
  LinalgGenerics: 2

Loop bounds:
  lbMap: () -> (0)
  ubMap: ()[s0] -> (s0)

--- Processing Linalg Generics ---
Processing linalg.generic:
linalg.generic {indexing_maps = [affine_map<(d0, d1) -> (d0, d1)>, affine_map<(d0, d1) -> (d0, d1)>, affine_map<(d0, d1) -> (d0, d1)>, affine_map<(d0, d1) -> (d0, d1)>, affine_map<(d0, d1) -> (d0, d1)>, affine_map<(d0, d1) -> (d0, d1)>], iterator_types = ["parallel", "parallel"]} ins(%9, %12, %15, %18, %21 : memref<?x?xf64>, memref<?x?xf64>, memref<?x?xf64>, memref<?x?xf64>, memref<?x?xf64>) outs(%24 : memref<?x?xf64>) {
^bb0(%in: f64, %in_0: f64, %in_1: f64, %in_2: f64, %in_3: f64, %out: f64):
  %45 = arith.addf %in, %in_0 : f64
  %46 = arith.addf %45, %in_1 : f64
  %47 = arith.addf %46, %in_2 : f64
  %48 = arith.addf %47, %in_3 : f64
  %49 = arith.mulf %48, %cst : f64
  linalg.yield %49 : f64
}
  Processing 5 inputs
  Input 0 indexing map: (d0, d1) -> (d0, d1)

=== getLinalgArgMap ===
  Initial lgMap: (d0, d1) -> (d0, d1)
  Found SubmapOp with map: (d0, d1) -> (d1 + 1, d0 + 1)
  Composed map: (d0, d1) -> (d1 + 1, d0 + 1)
  Final lgMap: (d0, d1) -> (d1 + 1, d0 + 1)
=== getLinalgArgMap END ===

  Calling remap_in_affine_dim for input 0

=== remap_in_affine_dim ===
  oldmap: (d0, d1) -> (d1 + 1, d0 + 1)
  firstNDims: 2
  check_reduction (input): 0
  lower_bound_val: 0
  dimidx: -1
  check_reduction (output): 0
  new map (map2): (d0, d1, d2) -> (d1 + 1, d0 + 1)
  validDims: 2, validSims: 0
  Created SubmapOp with type: memref<?x?x?xf64>
=== remap_in_affine_dim END ===

  Input 1 indexing map: (d0, d1) -> (d0, d1)

=== getLinalgArgMap ===
  Initial lgMap: (d0, d1) -> (d0, d1)
  Found SubmapOp with map: (d0, d1) -> (d1 + 1, d0)
  Composed map: (d0, d1) -> (d1 + 1, d0)
  Final lgMap: (d0, d1) -> (d1 + 1, d0)
=== getLinalgArgMap END ===

  Calling remap_in_affine_dim for input 1

=== remap_in_affine_dim ===
  oldmap: (d0, d1) -> (d1 + 1, d0)
  firstNDims: 2
  check_reduction (input): 0
  lower_bound_val: 0
  dimidx: -1
  check_reduction (output): 0
  new map (map2): (d0, d1, d2) -> (d1 + 1, d0)
  validDims: 2, validSims: 0
  Created SubmapOp with type: memref<?x?x?xf64>
=== remap_in_affine_dim END ===

  Input 2 indexing map: (d0, d1) -> (d0, d1)

=== getLinalgArgMap ===
  Initial lgMap: (d0, d1) -> (d0, d1)
  Found SubmapOp with map: (d0, d1) -> (d1 + 1, d0 + 2)
  Composed map: (d0, d1) -> (d1 + 1, d0 + 2)
  Final lgMap: (d0, d1) -> (d1 + 1, d0 + 2)
=== getLinalgArgMap END ===

  Calling remap_in_affine_dim for input 2

=== remap_in_affine_dim ===
  oldmap: (d0, d1) -> (d1 + 1, d0 + 2)
  firstNDims: 2
  check_reduction (input): 0
  lower_bound_val: 0
  dimidx: -1
  check_reduction (output): 0
  new map (map2): (d0, d1, d2) -> (d1 + 1, d0 + 2)
  validDims: 2, validSims: 0
  Created SubmapOp with type: memref<?x?x?xf64>
=== remap_in_affine_dim END ===

  Input 3 indexing map: (d0, d1) -> (d0, d1)

=== getLinalgArgMap ===
  Initial lgMap: (d0, d1) -> (d0, d1)
  Found SubmapOp with map: (d0, d1) -> (d1 + 2, d0 + 1)
  Composed map: (d0, d1) -> (d1 + 2, d0 + 1)
  Final lgMap: (d0, d1) -> (d1 + 2, d0 + 1)
=== getLinalgArgMap END ===

  Calling remap_in_affine_dim for input 3

=== remap_in_affine_dim ===
  oldmap: (d0, d1) -> (d1 + 2, d0 + 1)
  firstNDims: 2
  check_reduction (input): 0
  lower_bound_val: 0
  dimidx: -1
  check_reduction (output): 0
  new map (map2): (d0, d1, d2) -> (d1 + 2, d0 + 1)
  validDims: 2, validSims: 0
  Created SubmapOp with type: memref<?x?x?xf64>
=== remap_in_affine_dim END ===

  Input 4 indexing map: (d0, d1) -> (d0, d1)

=== getLinalgArgMap ===
  Initial lgMap: (d0, d1) -> (d0, d1)
  Found SubmapOp with map: (d0, d1) -> (d1, d0 + 1)
  Composed map: (d0, d1) -> (d1, d0 + 1)
  Final lgMap: (d0, d1) -> (d1, d0 + 1)
=== getLinalgArgMap END ===

  Calling remap_in_affine_dim for input 4

=== remap_in_affine_dim ===
  oldmap: (d0, d1) -> (d1, d0 + 1)
  firstNDims: 2
  check_reduction (input): 0
  lower_bound_val: 0
  dimidx: -1
  check_reduction (output): 0
  new map (map2): (d0, d1, d2) -> (d1, d0 + 1)
  validDims: 2, validSims: 0
  Created SubmapOp with type: memref<?x?x?xf64>
=== remap_in_affine_dim END ===

  Processing 1 outputs

=== getLinalgArgMap ===
  Initial lgMap: (d0, d1) -> (d0, d1)
  Found SubmapOp with map: (d0, d1) -> (d1 + 1, d0 + 1)
  Composed map: (d0, d1) -> (d1 + 1, d0 + 1)
  Final lgMap: (d0, d1) -> (d1 + 1, d0 + 1)
=== getLinalgArgMap END ===

  Calling remap_in_affine_dim for output 0

=== remap_in_affine_dim ===
  oldmap: (d0, d1) -> (d1 + 1, d0 + 1)
  firstNDims: 2
  check_reduction (input): 1
  lower_bound_val: 0
  dimidx: -1
  check_reduction (output): 1
  new map (map2): (d0, d1, d2) -> (d1 + 1, d0 + 1)
  validDims: 2, validSims: 0
  Created SubmapOp with type: memref<?x?x?xf64>
=== remap_in_affine_dim END ===

Processing linalg.generic:
linalg.generic {indexing_maps = [affine_map<(d0, d1) -> (d0, d1)>, affine_map<(d0, d1) -> (d0, d1)>, affine_map<(d0, d1) -> (d0, d1)>, affine_map<(d0, d1) -> (d0, d1)>, affine_map<(d0, d1) -> (d0, d1)>, affine_map<(d0, d1) -> (d0, d1)>], iterator_types = ["parallel", "parallel"]} ins(%59, %62, %65, %68, %71 : memref<?x?xf64>, memref<?x?xf64>, memref<?x?xf64>, memref<?x?xf64>, memref<?x?xf64>) outs(%74 : memref<?x?xf64>) {
^bb0(%in: f64, %in_0: f64, %in_1: f64, %in_2: f64, %in_3: f64, %out: f64):
  %75 = arith.addf %in, %in_0 : f64
  %76 = arith.addf %75, %in_1 : f64
  %77 = arith.addf %76, %in_2 : f64
  %78 = arith.addf %77, %in_3 : f64
  %79 = arith.mulf %78, %cst : f64
  linalg.yield %79 : f64
}
  Processing 5 inputs
  Input 0 indexing map: (d0, d1) -> (d0, d1)

=== getLinalgArgMap ===
  Initial lgMap: (d0, d1) -> (d0, d1)
  Found SubmapOp with map: (d0, d1) -> (d1 + 1, d0 + 1)
  Composed map: (d0, d1) -> (d1 + 1, d0 + 1)
  Final lgMap: (d0, d1) -> (d1 + 1, d0 + 1)
=== getLinalgArgMap END ===

  Calling remap_in_affine_dim for input 0

=== remap_in_affine_dim ===
  oldmap: (d0, d1) -> (d1 + 1, d0 + 1)
  firstNDims: 2
  check_reduction (input): 0
  lower_bound_val: 0
  dimidx: -1
  check_reduction (output): 0
  new map (map2): (d0, d1, d2) -> (d1 + 1, d0 + 1)
  validDims: 2, validSims: 0
  Created SubmapOp with type: memref<?x?x?xf64>
=== remap_in_affine_dim END ===

  Input 1 indexing map: (d0, d1) -> (d0, d1)

=== getLinalgArgMap ===
  Initial lgMap: (d0, d1) -> (d0, d1)
  Found SubmapOp with map: (d0, d1) -> (d1 + 1, d0)
  Composed map: (d0, d1) -> (d1 + 1, d0)
  Final lgMap: (d0, d1) -> (d1 + 1, d0)
=== getLinalgArgMap END ===

  Calling remap_in_affine_dim for input 1

=== remap_in_affine_dim ===
  oldmap: (d0, d1) -> (d1 + 1, d0)
  firstNDims: 2
  check_reduction (input): 0
  lower_bound_val: 0
  dimidx: -1
  check_reduction (output): 0
  new map (map2): (d0, d1, d2) -> (d1 + 1, d0)
  validDims: 2, validSims: 0
  Created SubmapOp with type: memref<?x?x?xf64>
=== remap_in_affine_dim END ===

  Input 2 indexing map: (d0, d1) -> (d0, d1)

=== getLinalgArgMap ===
  Initial lgMap: (d0, d1) -> (d0, d1)
  Found SubmapOp with map: (d0, d1) -> (d1 + 1, d0 + 2)
  Composed map: (d0, d1) -> (d1 + 1, d0 + 2)
  Final lgMap: (d0, d1) -> (d1 + 1, d0 + 2)
=== getLinalgArgMap END ===

  Calling remap_in_affine_dim for input 2

=== remap_in_affine_dim ===
  oldmap: (d0, d1) -> (d1 + 1, d0 + 2)
  firstNDims: 2
  check_reduction (input): 0
  lower_bound_val: 0
  dimidx: -1
  check_reduction (output): 0
  new map (map2): (d0, d1, d2) -> (d1 + 1, d0 + 2)
  validDims: 2, validSims: 0
  Created SubmapOp with type: memref<?x?x?xf64>
=== remap_in_affine_dim END ===

  Input 3 indexing map: (d0, d1) -> (d0, d1)

=== getLinalgArgMap ===
  Initial lgMap: (d0, d1) -> (d0, d1)
  Found SubmapOp with map: (d0, d1) -> (d1 + 2, d0 + 1)
  Composed map: (d0, d1) -> (d1 + 2, d0 + 1)
  Final lgMap: (d0, d1) -> (d1 + 2, d0 + 1)
=== getLinalgArgMap END ===

  Calling remap_in_affine_dim for input 3

=== remap_in_affine_dim ===
  oldmap: (d0, d1) -> (d1 + 2, d0 + 1)
  firstNDims: 2
  check_reduction (input): 0
  lower_bound_val: 0
  dimidx: -1
  check_reduction (output): 0
  new map (map2): (d0, d1, d2) -> (d1 + 2, d0 + 1)
  validDims: 2, validSims: 0
  Created SubmapOp with type: memref<?x?x?xf64>
=== remap_in_affine_dim END ===

  Input 4 indexing map: (d0, d1) -> (d0, d1)

=== getLinalgArgMap ===
  Initial lgMap: (d0, d1) -> (d0, d1)
  Found SubmapOp with map: (d0, d1) -> (d1, d0 + 1)
  Composed map: (d0, d1) -> (d1, d0 + 1)
  Final lgMap: (d0, d1) -> (d1, d0 + 1)
=== getLinalgArgMap END ===

  Calling remap_in_affine_dim for input 4

=== remap_in_affine_dim ===
  oldmap: (d0, d1) -> (d1, d0 + 1)
  firstNDims: 2
  check_reduction (input): 0
  lower_bound_val: 0
  dimidx: -1
  check_reduction (output): 0
  new map (map2): (d0, d1, d2) -> (d1, d0 + 1)
  validDims: 2, validSims: 0
  Created SubmapOp with type: memref<?x?x?xf64>
=== remap_in_affine_dim END ===

  Processing 1 outputs

=== getLinalgArgMap ===
  Initial lgMap: (d0, d1) -> (d0, d1)
  Found SubmapOp with map: (d0, d1) -> (d1 + 1, d0 + 1)
  Composed map: (d0, d1) -> (d1 + 1, d0 + 1)
  Final lgMap: (d0, d1) -> (d1 + 1, d0 + 1)
=== getLinalgArgMap END ===

  Calling remap_in_affine_dim for output 0

=== remap_in_affine_dim ===
  oldmap: (d0, d1) -> (d1 + 1, d0 + 1)
  firstNDims: 2
  check_reduction (input): 1
  lower_bound_val: 0
  dimidx: -1
  check_reduction (output): 1
  new map (map2): (d0, d1, d2) -> (d1 + 1, d0 + 1)
  validDims: 2, validSims: 0
  Created SubmapOp with type: memref<?x?x?xf64>
=== remap_in_affine_dim END ===


--- Processing Loads ---

--- Processing Stores ---
REJECTED: More than one linalg generic

WARNING: AffineForOpRaising didn't converge
jacobi-2d.mlir:3:3: warning: AffineForOpRaising didn't converge, continuing anyway
  func.func @kernel_jacobi_2d(%arg0: i32, %arg1: i32, %arg2: memref<?x30xf64>, %arg3: memref<?x30xf64>) attributes {llvm.linkage = #llvm.linkage<external>} {
  ^
jacobi-2d.mlir:3:3: note: see current operation: 
func.func @kernel_jacobi_2d(%arg0: i32, %arg1: i32, %arg2: memref<?x30xf64>, %arg3: memref<?x30xf64>) attributes {llvm.linkage = #llvm.linkage<external>} {
  %c1 = arith.constant 1 : index
  %cst = arith.constant 2.000000e-01 : f64
  %0 = arith.index_cast %arg1 : i32 to index
  %1 = arith.index_cast %arg0 : i32 to index
  affine.for %arg4 = 0 to %1 {
    %2 = affine.apply affine_map<()[s0] -> (s0 - 1)>()[%0]
    %3 = arith.subi %2, %c1 : index
    %4 = affine.apply affine_map<()[s0] -> (s0 - 1)>()[%0]
    %5 = arith.subi %4, %c1 : index
    %6 = polygeist.submap(%arg2, %5, %3) {map = affine_map<(d0, d1) -> (d1 + 1, d0 + 1)>} : (memref<?x30xf64>, index, index) -> memref<?x?xf64>
    %7 = affine.apply affine_map<()[s0] -> (s0 - 1)>()[%0]
    %8 = arith.subi %7, %c1 : index
    %9 = polygeist.submap(%arg2, %8, %3) {map = affine_map<(d0, d1) -> (d1 + 1, d0)>} : (memref<?x30xf64>, index, index) -> memref<?x?xf64>
    %10 = affine.apply affine_map<()[s0] -> (s0 - 1)>()[%0]
    %11 = arith.subi %10, %c1 : index
    %12 = polygeist.submap(%arg2, %11, %3) {map = affine_map<(d0, d1) -> (d1 + 1, d0 + 2)>} : (memref<?x30xf64>, index, index) -> memref<?x?xf64>
    %13 = affine.apply affine_map<()[s0] -> (s0 - 1)>()[%0]
    %14 = arith.subi %13, %c1 : index
    %15 = polygeist.submap(%arg2, %14, %3) {map = affine_map<(d0, d1) -> (d1 + 2, d0 + 1)>} : (memref<?x30xf64>, index, index) -> memref<?x?xf64>
    %16 = affine.apply affine_map<()[s0] -> (s0 - 1)>()[%0]
    %17 = arith.subi %16, %c1 : index
    %18 = polygeist.submap(%arg2, %17, %3) {map = affine_map<(d0, d1) -> (d1, d0 + 1)>} : (memref<?x30xf64>, index, index) -> memref<?x?xf64>
    %19 = affine.apply affine_map<()[s0] -> (s0 - 1)>()[%0]
    %20 = arith.subi %19, %c1 : index
    %21 = polygeist.submap(%arg3, %20, %3) {map = affine_map<(d0, d1) -> (d1 + 1, d0 + 1)>} : (memref<?x30xf64>, index, index) -> memref<?x?xf64>
    linalg.generic {indexing_maps = [affine_map<(d0, d1) -> (d0, d1)>, affine_map<(d0, d1) -> (d0, d1)>, affine_map<(d0, d1) -> (d0, d1)>, affine_map<(d0, d1) -> (d0, d1)>, affine_map<(d0, d1) -> (d0, d1)>, affine_map<(d0, d1) -> (d0, d1)>], iterator_types = ["parallel", "parallel"]} ins(%6, %9, %12, %15, %18 : memref<?x?xf64>, memref<?x?xf64>, memref<?x?xf64>, memref<?x?xf64>, memref<?x?xf64>) outs(%21 : memref<?x?xf64>) {
    ^bb0(%in: f64, %in_0: f64, %in_1: f64, %in_2: f64, %in_3: f64, %out: f64):
      %42 = arith.addf %in, %in_0 : f64
      %43 = arith.addf %42, %in_1 : f64
      %44 = arith.addf %43, %in_2 : f64
      %45 = arith.addf %44, %in_3 : f64
      %46 = arith.mulf %45, %cst : f64
      linalg.yield %46 : f64
    }
    %22 = affine.apply affine_map<()[s0] -> (s0 - 1)>()[%0]
    %23 = arith.subi %22, %c1 : index
    %24 = affine.apply affine_map<()[s0] -> (s0 - 1)>()[%0]
    %25 = arith.subi %24, %c1 : index
    %26 = polygeist.submap(%arg3, %25, %23) {map = affine_map<(d0, d1) -> (d1 + 1, d0 + 1)>} : (memref<?x30xf64>, index, index) -> memref<?x?xf64>
    %27 = affine.apply affine_map<()[s0] -> (s0 - 1)>()[%0]
    %28 = arith.subi %27, %c1 : index
    %29 = polygeist.submap(%arg3, %28, %23) {map = affine_map<(d0, d1) -> (d1 + 1, d0)>} : (memref<?x30xf64>, index, index) -> memref<?x?xf64>
    %30 = affine.apply affine_map<()[s0] -> (s0 - 1)>()[%0]
    %31 = arith.subi %30, %c1 : index
    %32 = polygeist.submap(%arg3, %31, %23) {map = affine_map<(d0, d1) -> (d1 + 1, d0 + 2)>} : (memref<?x30xf64>, index, index) -> memref<?x?xf64>
    %33 = affine.apply affine_map<()[s0] -> (s0 - 1)>()[%0]
    %34 = arith.subi %33, %c1 : index
    %35 = polygeist.submap(%arg3, %34, %23) {map = affine_map<(d0, d1) -> (d1 + 2, d0 + 1)>} : (memref<?x30xf64>, index, index) -> memref<?x?xf64>
    %36 = affine.apply affine_map<()[s0] -> (s0 - 1)>()[%0]
    %37 = arith.subi %36, %c1 : index
    %38 = polygeist.submap(%arg3, %37, %23) {map = affine_map<(d0, d1) -> (d1, d0 + 1)>} : (memref<?x30xf64>, index, index) -> memref<?x?xf64>
    %39 = affine.apply affine_map<()[s0] -> (s0 - 1)>()[%0]
    %40 = arith.subi %39, %c1 : index
    %41 = polygeist.submap(%arg2, %40, %23) {map = affine_map<(d0, d1) -> (d1 + 1, d0 + 1)>} : (memref<?x30xf64>, index, index) -> memref<?x?xf64>
    linalg.generic {indexing_maps = [affine_map<(d0, d1) -> (d0, d1)>, affine_map<(d0, d1) -> (d0, d1)>, affine_map<(d0, d1) -> (d0, d1)>, affine_map<(d0, d1) -> (d0, d1)>, affine_map<(d0, d1) -> (d0, d1)>, affine_map<(d0, d1) -> (d0, d1)>], iterator_types = ["parallel", "parallel"]} ins(%26, %29, %32, %35, %38 : memref<?x?xf64>, memref<?x?xf64>, memref<?x?xf64>, memref<?x?xf64>, memref<?x?xf64>) outs(%41 : memref<?x?xf64>) {
    ^bb0(%in: f64, %in_0: f64, %in_1: f64, %in_2: f64, %in_3: f64, %out: f64):
      %42 = arith.addf %in, %in_0 : f64
      %43 = arith.addf %42, %in_1 : f64
      %44 = arith.addf %43, %in_2 : f64
      %45 = arith.addf %44, %in_3 : f64
      %46 = arith.mulf %45, %cst : f64
      linalg.yield %46 : f64
    }
  }
  return
}
### Step 3 Complete ###

****************************************
*** RaiseAffineToLinalg END ***
****************************************


****************************************
*** RaiseAffineToLinalgPipeline END ***
****************************************

