
****************************************
*** RaiseAffineToLinalgPipeline START ***
****************************************

Running pipeline...

****************************************
*** RaiseAffineToLinalg START ***
****************************************

### Step 1: Applying AffineParallelFission ###

=== AffineParallelFission ===
Processing affine.parallel:
affine.parallel (%arg3) = (%arg2) to (symbol(%0)) {
  affine.parallel (%arg4) = (0) to (%arg2) {
    %1 = affine.load %arg1[%arg2, %arg4] : memref<?x40xf64>
    %2 = affine.load %arg1[%arg4, %arg3] : memref<?x40xf64>
    %3 = arith.mulf %1, %2 : f64
    %4 = affine.load %arg1[%arg2, %arg3] : memref<?x40xf64>
    %5 = arith.subf %4, %3 : f64
    affine.store %5, %arg1[%arg2, %arg3] : memref<?x40xf64>
  }
}
REJECTED: Less than 2 nested loops (found 1)


=== AffineParallelFission ===
Processing affine.parallel:
affine.parallel (%arg4) = (0) to (%arg2) {
  %1 = affine.load %arg1[%arg2, %arg4] : memref<?x40xf64>
  %2 = affine.load %arg1[%arg4, %arg3] : memref<?x40xf64>
  %3 = arith.mulf %1, %2 : f64
  %4 = affine.load %arg1[%arg2, %arg3] : memref<?x40xf64>
  %5 = arith.subf %4, %3 : f64
  affine.store %5, %arg1[%arg2, %arg3] : memref<?x40xf64>
}
### Step 1 Complete ###

### Step 2: Applying AffineParallelToFor ###

=== AffineParallelToFor ===
Processing affine.parallel:
affine.parallel (%arg3) = (%arg2) to (symbol(%0)) {
  affine.parallel (%arg4) = (0) to (%arg2) {
    %1 = affine.load %arg1[%arg2, %arg4] : memref<?x40xf64>
    %2 = affine.load %arg1[%arg4, %arg3] : memref<?x40xf64>
    %3 = arith.mulf %1, %2 : f64
    %4 = affine.load %arg1[%arg2, %arg3] : memref<?x40xf64>
    %5 = arith.subf %4, %3 : f64
    affine.store %5, %arg1[%arg2, %arg3] : memref<?x40xf64>
  }
}
Converting parallel loop with 1 induction variables
=== AffineParallelToFor SUCCESS ===


=== AffineParallelToFor ===
Processing affine.parallel:
affine.parallel (%arg4) = (0) to (%arg2) {
  %1 = affine.load %arg1[%arg2, %arg4] : memref<?x40xf64>
  %2 = affine.load %arg1[%arg4, %arg3] : memref<?x40xf64>
  %3 = arith.mulf %1, %2 : f64
  %4 = affine.load %arg1[%arg2, %arg3] : memref<?x40xf64>
  %5 = arith.subf %4, %3 : f64
  affine.store %5, %arg1[%arg2, %arg3] : memref<?x40xf64>
}
Converting parallel loop with 1 induction variables
=== AffineParallelToFor SUCCESS ===

### Step 2 Complete ###

### Step 3: Applying AffineForOpRaising ###

========================================
=== AffineForOpRaising::matchAndRewrite ===
========================================
Processing loop:
affine.for %arg3 = affine_map<(d0) -> (d0)>(%arg2) to %0 {
  affine.for %arg4 = 0 to affine_map<(d0) -> (d0)>(%arg2) {
    %1 = affine.load %arg1[%arg2, %arg4] : memref<?x40xf64>
    %2 = affine.load %arg1[%arg4, %arg3] : memref<?x40xf64>
    %3 = arith.mulf %1, %2 : f64
    %4 = affine.load %arg1[%arg2, %arg3] : memref<?x40xf64>
    %5 = arith.subf %4, %3 : f64
    affine.store %5, %arg1[%arg2, %arg3] : memref<?x40xf64>
  }
}

REJECTED: Walk was interrupted (invalid operations found)


========================================
=== AffineForOpRaising::matchAndRewrite ===
========================================
Processing loop:
affine.for %arg4 = 0 to affine_map<(d0) -> (d0)>(%arg2) {
  %1 = affine.load %arg1[%arg2, %arg4] : memref<?x40xf64>
  %2 = affine.load %arg1[%arg4, %arg3] : memref<?x40xf64>
  %3 = arith.mulf %1, %2 : f64
  %4 = affine.load %arg1[%arg2, %arg3] : memref<?x40xf64>
  %5 = arith.subf %4, %3 : f64
  affine.store %5, %arg1[%arg2, %arg3] : memref<?x40xf64>
}

Pattern recognition complete:
  Loads: 3
  Stores: 1
  LinalgGenerics: 0

Loop bounds:
  lbMap: () -> (0)
  ubMap: (d0) -> (d0)

--- Processing Linalg Generics ---

--- Processing Loads ---
Processing load: %4 = affine.load %arg1[%arg2, %arg4] : memref<?x40xf64>

=== remap_in_affine_dim ===
  oldmap: (d0, d1) -> (d0, d1)
  firstNDims: 0
  check_reduction (input): 0
  lower_bound_val: 0
  dimidx: 1
  check_reduction (output): 0
  new map (map2): (d0)[s0] -> (s0, d0)
  validDims: 1, validSims: 1
  Created SubmapOp with type: memref<?xf64>
=== remap_in_affine_dim END ===

Processing load: %6 = affine.load %arg1[%arg4, %arg3] : memref<?x40xf64>

=== remap_in_affine_dim ===
  oldmap: (d0, d1) -> (d0, d1)
  firstNDims: 0
  check_reduction (input): 0
  lower_bound_val: 0
  dimidx: 0
  check_reduction (output): 0
  new map (map2): (d0)[s0] -> (d0, s0)
  validDims: 1, validSims: 1
  Created SubmapOp with type: memref<?xf64>
=== remap_in_affine_dim END ===

Processing load: %9 = affine.load %arg1[%arg2, %arg3] : memref<?x40xf64>

--- Processing Stores ---
Processing store: affine.store %10, %arg1[%arg2, %arg3] : memref<?x40xf64>

=== remap_in_affine_dim ===
  oldmap: (d0, d1) -> (d0, d1)
  firstNDims: 0
  check_reduction (input): 1
  lower_bound_val: 0
  dimidx: -1
  check_reduction (output): 1
  new map (map2): (d0)[s0, s1] -> (s0, s1)
  validDims: 0, validSims: 2
  Created SubmapOp with type: memref<?xf64>
=== remap_in_affine_dim END ===


--- Creating linalg.generic ---
Iterator type for this loop: reduction
Total iterator types: 1
Total inputs: 2
Total outputs: 1

=== AffineForOpRaising SUCCESS ===
========================================


========================================
=== AffineForOpRaising::matchAndRewrite ===
========================================
Processing loop:
affine.for %arg3 = affine_map<(d0) -> (d0)>(%arg2) to %0 {
  %1 = affine.apply affine_map<(d0) -> (d0)>(%arg2)
  %2 = polygeist.submap(%arg1, %arg2, %1) {map = affine_map<(d0)[s0] -> (s0, d0)>} : (memref<?x40xf64>, index, index) -> memref<?xf64>
  %3 = polygeist.submap(%arg1, %arg3, %1) {map = affine_map<(d0)[s0] -> (d0, s0)>} : (memref<?x40xf64>, index, index) -> memref<?xf64>
  %4 = polygeist.submap(%arg1, %arg2, %arg3, %1) {map = affine_map<(d0)[s0, s1] -> (s0, s1)>} : (memref<?x40xf64>, index, index, index) -> memref<?xf64>
  linalg.generic {indexing_maps = [affine_map<(d0) -> (d0)>, affine_map<(d0) -> (d0)>, affine_map<(d0) -> (d0)>], iterator_types = ["reduction"]} ins(%2, %3 : memref<?xf64>, memref<?xf64>) outs(%4 : memref<?xf64>) {
  ^bb0(%in: f64, %in_0: f64, %out: f64):
    %5 = arith.mulf %in, %in_0 : f64
    %6 = arith.subf %out, %5 : f64
    linalg.yield %6 : f64
  }
}

Pattern recognition complete:
  Loads: 0
  Stores: 0
  LinalgGenerics: 1

REJECTED: Loop doesn't have constant lower bound


========================================
=== AffineForOpRaising::matchAndRewrite ===
========================================
Processing loop:
affine.for %arg3 = affine_map<(d0) -> (d0)>(%arg2) to %0 {
  %1 = polygeist.submap(%arg1, %arg2, %arg2) {map = affine_map<(d0)[s0] -> (s0, d0)>} : (memref<?x40xf64>, index, index) -> memref<?xf64>
  %2 = polygeist.submap(%arg1, %arg3, %arg2) {map = affine_map<(d0)[s0] -> (d0, s0)>} : (memref<?x40xf64>, index, index) -> memref<?xf64>
  %3 = polygeist.submap(%arg1, %arg2, %arg3, %arg2) {map = affine_map<(d0)[s0, s1] -> (s0, s1)>} : (memref<?x40xf64>, index, index, index) -> memref<?xf64>
  linalg.generic {indexing_maps = [affine_map<(d0) -> (d0)>, affine_map<(d0) -> (d0)>, affine_map<(d0) -> (d0)>], iterator_types = ["reduction"]} ins(%1, %2 : memref<?xf64>, memref<?xf64>) outs(%3 : memref<?xf64>) {
  ^bb0(%in: f64, %in_0: f64, %out: f64):
    %4 = arith.mulf %in, %in_0 : f64
    %5 = arith.subf %out, %4 : f64
    linalg.yield %5 : f64
  }
}

Pattern recognition complete:
  Loads: 0
  Stores: 0
  LinalgGenerics: 1

REJECTED: Loop doesn't have constant lower bound


========================================
=== AffineForOpRaising::matchAndRewrite ===
========================================
Processing loop:
affine.for %arg2 = 0 to %0 {
  affine.for %arg3 = 0 to affine_map<(d0) -> (d0)>(%arg2) {
    affine.for %arg4 = 0 to affine_map<(d0) -> (d0)>(%arg3) {
      %4 = affine.load %arg1[%arg2, %arg4] : memref<?x40xf64>
      %5 = affine.load %arg1[%arg4, %arg3] : memref<?x40xf64>
      %6 = arith.mulf %4, %5 : f64
      %7 = affine.load %arg1[%arg2, %arg3] : memref<?x40xf64>
      %8 = arith.subf %7, %6 : f64
      affine.store %8, %arg1[%arg2, %arg3] : memref<?x40xf64>
    }
    %1 = affine.load %arg1[%arg3, %arg3] : memref<?x40xf64>
    %2 = affine.load %arg1[%arg2, %arg3] : memref<?x40xf64>
    %3 = arith.divf %2, %1 : f64
    affine.store %3, %arg1[%arg2, %arg3] : memref<?x40xf64>
  }
  affine.for %arg3 = affine_map<(d0) -> (d0)>(%arg2) to %0 {
    %1 = polygeist.submap(%arg1, %arg2, %arg2) {map = affine_map<(d0)[s0] -> (s0, d0)>} : (memref<?x40xf64>, index, index) -> memref<?xf64>
    %2 = polygeist.submap(%arg1, %arg3, %arg2) {map = affine_map<(d0)[s0] -> (d0, s0)>} : (memref<?x40xf64>, index, index) -> memref<?xf64>
    %3 = polygeist.submap(%arg1, %arg2, %arg3, %arg2) {map = affine_map<(d0)[s0, s1] -> (s0, s1)>} : (memref<?x40xf64>, index, index, index) -> memref<?xf64>
    linalg.generic {indexing_maps = [affine_map<(d0) -> (d0)>, affine_map<(d0) -> (d0)>, affine_map<(d0) -> (d0)>], iterator_types = ["reduction"]} ins(%1, %2 : memref<?xf64>, memref<?xf64>) outs(%3 : memref<?xf64>) {
    ^bb0(%in: f64, %in_0: f64, %out: f64):
      %4 = arith.mulf %in, %in_0 : f64
      %5 = arith.subf %out, %4 : f64
      linalg.yield %5 : f64
    }
  }
}

REJECTED: Walk was interrupted (invalid operations found)


========================================
=== AffineForOpRaising::matchAndRewrite ===
========================================
Processing loop:
affine.for %arg3 = 0 to affine_map<(d0) -> (d0)>(%arg2) {
  affine.for %arg4 = 0 to affine_map<(d0) -> (d0)>(%arg3) {
    %4 = affine.load %arg1[%arg2, %arg4] : memref<?x40xf64>
    %5 = affine.load %arg1[%arg4, %arg3] : memref<?x40xf64>
    %6 = arith.mulf %4, %5 : f64
    %7 = affine.load %arg1[%arg2, %arg3] : memref<?x40xf64>
    %8 = arith.subf %7, %6 : f64
    affine.store %8, %arg1[%arg2, %arg3] : memref<?x40xf64>
  }
  %1 = affine.load %arg1[%arg3, %arg3] : memref<?x40xf64>
  %2 = affine.load %arg1[%arg2, %arg3] : memref<?x40xf64>
  %3 = arith.divf %2, %1 : f64
  affine.store %3, %arg1[%arg2, %arg3] : memref<?x40xf64>
}

REJECTED: Walk was interrupted (invalid operations found)


========================================
=== AffineForOpRaising::matchAndRewrite ===
========================================
Processing loop:
affine.for %arg4 = 0 to affine_map<(d0) -> (d0)>(%arg3) {
  %4 = affine.load %arg1[%arg2, %arg4] : memref<?x40xf64>
  %5 = affine.load %arg1[%arg4, %arg3] : memref<?x40xf64>
  %6 = arith.mulf %4, %5 : f64
  %7 = affine.load %arg1[%arg2, %arg3] : memref<?x40xf64>
  %8 = arith.subf %7, %6 : f64
  affine.store %8, %arg1[%arg2, %arg3] : memref<?x40xf64>
}

Pattern recognition complete:
  Loads: 3
  Stores: 1
  LinalgGenerics: 0

Loop bounds:
  lbMap: () -> (0)
  ubMap: (d0) -> (d0)

--- Processing Linalg Generics ---

--- Processing Loads ---
Processing load: %7 = affine.load %arg1[%arg2, %arg4] : memref<?x40xf64>

=== remap_in_affine_dim ===
  oldmap: (d0, d1) -> (d0, d1)
  firstNDims: 0
  check_reduction (input): 0
  lower_bound_val: 0
  dimidx: 1
  check_reduction (output): 0
  new map (map2): (d0)[s0] -> (s0, d0)
  validDims: 1, validSims: 1
  Created SubmapOp with type: memref<?xf64>
=== remap_in_affine_dim END ===

Processing load: %9 = affine.load %arg1[%arg4, %arg3] : memref<?x40xf64>

=== remap_in_affine_dim ===
  oldmap: (d0, d1) -> (d0, d1)
  firstNDims: 0
  check_reduction (input): 0
  lower_bound_val: 0
  dimidx: 0
  check_reduction (output): 0
  new map (map2): (d0)[s0] -> (d0, s0)
  validDims: 1, validSims: 1
  Created SubmapOp with type: memref<?xf64>
=== remap_in_affine_dim END ===

Processing load: %12 = affine.load %arg1[%arg2, %arg3] : memref<?x40xf64>

--- Processing Stores ---
Processing store: affine.store %13, %arg1[%arg2, %arg3] : memref<?x40xf64>

=== remap_in_affine_dim ===
  oldmap: (d0, d1) -> (d0, d1)
  firstNDims: 0
  check_reduction (input): 1
  lower_bound_val: 0
  dimidx: -1
  check_reduction (output): 1
  new map (map2): (d0)[s0, s1] -> (s0, s1)
  validDims: 0, validSims: 2
  Created SubmapOp with type: memref<?xf64>
=== remap_in_affine_dim END ===


--- Creating linalg.generic ---
Iterator type for this loop: reduction
Total iterator types: 1
Total inputs: 2
Total outputs: 1

=== AffineForOpRaising SUCCESS ===
========================================


========================================
=== AffineForOpRaising::matchAndRewrite ===
========================================
Processing loop:
affine.for %arg2 = 0 to %0 {
  affine.for %arg3 = 0 to affine_map<(d0) -> (d0)>(%arg2) {
    %1 = affine.apply affine_map<(d0) -> (d0)>(%arg3)
    %2 = polygeist.submap(%arg1, %arg2, %1) {map = affine_map<(d0)[s0] -> (s0, d0)>} : (memref<?x40xf64>, index, index) -> memref<?xf64>
    %3 = polygeist.submap(%arg1, %arg3, %1) {map = affine_map<(d0)[s0] -> (d0, s0)>} : (memref<?x40xf64>, index, index) -> memref<?xf64>
    %4 = polygeist.submap(%arg1, %arg2, %arg3, %1) {map = affine_map<(d0)[s0, s1] -> (s0, s1)>} : (memref<?x40xf64>, index, index, index) -> memref<?xf64>
    linalg.generic {indexing_maps = [affine_map<(d0) -> (d0)>, affine_map<(d0) -> (d0)>, affine_map<(d0) -> (d0)>], iterator_types = ["reduction"]} ins(%2, %3 : memref<?xf64>, memref<?xf64>) outs(%4 : memref<?xf64>) {
    ^bb0(%in: f64, %in_0: f64, %out: f64):
      %8 = arith.mulf %in, %in_0 : f64
      %9 = arith.subf %out, %8 : f64
      linalg.yield %9 : f64
    }
    %5 = affine.load %arg1[%arg3, %arg3] : memref<?x40xf64>
    %6 = affine.load %arg1[%arg2, %arg3] : memref<?x40xf64>
    %7 = arith.divf %6, %5 : f64
    affine.store %7, %arg1[%arg2, %arg3] : memref<?x40xf64>
  }
  affine.for %arg3 = affine_map<(d0) -> (d0)>(%arg2) to %0 {
    %1 = polygeist.submap(%arg1, %arg2, %arg2) {map = affine_map<(d0)[s0] -> (s0, d0)>} : (memref<?x40xf64>, index, index) -> memref<?xf64>
    %2 = polygeist.submap(%arg1, %arg3, %arg2) {map = affine_map<(d0)[s0] -> (d0, s0)>} : (memref<?x40xf64>, index, index) -> memref<?xf64>
    %3 = polygeist.submap(%arg1, %arg2, %arg3, %arg2) {map = affine_map<(d0)[s0, s1] -> (s0, s1)>} : (memref<?x40xf64>, index, index, index) -> memref<?xf64>
    linalg.generic {indexing_maps = [affine_map<(d0) -> (d0)>, affine_map<(d0) -> (d0)>, affine_map<(d0) -> (d0)>], iterator_types = ["reduction"]} ins(%1, %2 : memref<?xf64>, memref<?xf64>) outs(%3 : memref<?xf64>) {
    ^bb0(%in: f64, %in_0: f64, %out: f64):
      %4 = arith.mulf %in, %in_0 : f64
      %5 = arith.subf %out, %4 : f64
      linalg.yield %5 : f64
    }
  }
}

REJECTED: Walk was interrupted (invalid operations found)


========================================
=== AffineForOpRaising::matchAndRewrite ===
========================================
Processing loop:
affine.for %arg3 = 0 to affine_map<(d0) -> (d0)>(%arg2) {
  %1 = affine.apply affine_map<(d0) -> (d0)>(%arg3)
  %2 = polygeist.submap(%arg1, %arg2, %1) {map = affine_map<(d0)[s0] -> (s0, d0)>} : (memref<?x40xf64>, index, index) -> memref<?xf64>
  %3 = polygeist.submap(%arg1, %arg3, %1) {map = affine_map<(d0)[s0] -> (d0, s0)>} : (memref<?x40xf64>, index, index) -> memref<?xf64>
  %4 = polygeist.submap(%arg1, %arg2, %arg3, %1) {map = affine_map<(d0)[s0, s1] -> (s0, s1)>} : (memref<?x40xf64>, index, index, index) -> memref<?xf64>
  linalg.generic {indexing_maps = [affine_map<(d0) -> (d0)>, affine_map<(d0) -> (d0)>, affine_map<(d0) -> (d0)>], iterator_types = ["reduction"]} ins(%2, %3 : memref<?xf64>, memref<?xf64>) outs(%4 : memref<?xf64>) {
  ^bb0(%in: f64, %in_0: f64, %out: f64):
    %8 = arith.mulf %in, %in_0 : f64
    %9 = arith.subf %out, %8 : f64
    linalg.yield %9 : f64
  }
  %5 = affine.load %arg1[%arg3, %arg3] : memref<?x40xf64>
  %6 = affine.load %arg1[%arg2, %arg3] : memref<?x40xf64>
  %7 = arith.divf %6, %5 : f64
  affine.store %7, %arg1[%arg2, %arg3] : memref<?x40xf64>
}

Pattern recognition complete:
  Loads: 2
  Stores: 1
  LinalgGenerics: 1

Loop bounds:
  lbMap: () -> (0)
  ubMap: (d0) -> (d0)

--- Processing Linalg Generics ---
Processing linalg.generic:
linalg.generic {indexing_maps = [affine_map<(d0) -> (d0)>, affine_map<(d0) -> (d0)>, affine_map<(d0) -> (d0)>], iterator_types = ["reduction"]} ins(%5, %6 : memref<?xf64>, memref<?xf64>) outs(%7 : memref<?xf64>) {
^bb0(%in: f64, %in_0: f64, %out: f64):
  %11 = arith.mulf %in, %in_0 : f64
  %12 = arith.subf %out, %11 : f64
  linalg.yield %12 : f64
}
  Processing 2 inputs
  Input 0 indexing map: (d0) -> (d0)

=== getLinalgArgMap ===
  Initial lgMap: (d0) -> (d0)
  Found SubmapOp with map: (d0)[s0] -> (s0, d0)
  Composed map: (d0)[s0] -> (s0, d0)
  Final lgMap: (d0)[s0] -> (s0, d0)
=== getLinalgArgMap END ===

  Calling remap_in_affine_dim for input 0

=== remap_in_affine_dim ===
  oldmap: (d0)[s0] -> (s0, d0)
  firstNDims: 1
  check_reduction (input): 0
  lower_bound_val: 0
  dimidx: -1
  check_reduction (output): 0
  new map (map2): (d0, d1)[s0] -> (s0, d0)
  validDims: 1, validSims: 1
Non-dominating block argument encountered
  REJECTED: remap_in_affine_dim returned illegal for input

========================================
=== AffineForOpRaising::matchAndRewrite ===
========================================
Processing loop:
affine.for %arg2 = 0 to %0 {
  %1 = affine.apply affine_map<(d0) -> (d0)>(%arg2)
  affine.for %arg3 = 0 to affine_map<(d0) -> (d0)>(%arg2) {
    %2 = affine.apply affine_map<(d0) -> (d0)>(%arg3)
    %3 = polygeist.submap(%arg1, %arg2, %2) {map = affine_map<(d0)[s0] -> (s0, d0)>} : (memref<?x40xf64>, index, index) -> memref<?xf64>
    %4 = polygeist.submap(%arg1, %arg3, %2) {map = affine_map<(d0)[s0] -> (d0, s0)>} : (memref<?x40xf64>, index, index) -> memref<?xf64>
    %5 = polygeist.submap(%arg1, %arg2, %arg3, %2) {map = affine_map<(d0)[s0, s1] -> (s0, s1)>} : (memref<?x40xf64>, index, index, index) -> memref<?xf64>
    linalg.generic {indexing_maps = [affine_map<(d0) -> (d0)>, affine_map<(d0) -> (d0)>, affine_map<(d0) -> (d0)>], iterator_types = ["reduction"]} ins(%3, %4 : memref<?xf64>, memref<?xf64>) outs(%5 : memref<?xf64>) {
    ^bb0(%in: f64, %in_0: f64, %out: f64):
      %9 = arith.mulf %in, %in_0 : f64
      %10 = arith.subf %out, %9 : f64
      linalg.yield %10 : f64
    }
    %6 = affine.load %arg1[%arg3, %arg3] : memref<?x40xf64>
    %7 = affine.load %arg1[%arg2, %arg3] : memref<?x40xf64>
    %8 = arith.divf %7, %6 : f64
    affine.store %8, %arg1[%arg2, %arg3] : memref<?x40xf64>
  }
  affine.for %arg3 = affine_map<(d0) -> (d0)>(%arg2) to %0 {
    %2 = polygeist.submap(%arg1, %arg2, %arg2) {map = affine_map<(d0)[s0] -> (s0, d0)>} : (memref<?x40xf64>, index, index) -> memref<?xf64>
    %3 = polygeist.submap(%arg1, %arg3, %arg2) {map = affine_map<(d0)[s0] -> (d0, s0)>} : (memref<?x40xf64>, index, index) -> memref<?xf64>
    %4 = polygeist.submap(%arg1, %arg2, %arg3, %arg2) {map = affine_map<(d0)[s0, s1] -> (s0, s1)>} : (memref<?x40xf64>, index, index, index) -> memref<?xf64>
    linalg.generic {indexing_maps = [affine_map<(d0) -> (d0)>, affine_map<(d0) -> (d0)>, affine_map<(d0) -> (d0)>], iterator_types = ["reduction"]} ins(%2, %3 : memref<?xf64>, memref<?xf64>) outs(%4 : memref<?xf64>) {
    ^bb0(%in: f64, %in_0: f64, %out: f64):
      %5 = arith.mulf %in, %in_0 : f64
      %6 = arith.subf %out, %5 : f64
      linalg.yield %6 : f64
    }
  }
}

REJECTED: Walk was interrupted (invalid operations found)


========================================
=== AffineForOpRaising::matchAndRewrite ===
========================================
Processing loop:
affine.for %arg2 = 0 to %0 {
  affine.for %arg3 = 0 to affine_map<(d0) -> (d0)>(%arg2) {
    %1 = polygeist.submap(%arg1, %arg2, %arg3) {map = affine_map<(d0)[s0] -> (s0, d0)>} : (memref<?x40xf64>, index, index) -> memref<?xf64>
    %2 = polygeist.submap(%arg1, %arg3, %arg3) {map = affine_map<(d0)[s0] -> (d0, s0)>} : (memref<?x40xf64>, index, index) -> memref<?xf64>
    %3 = polygeist.submap(%arg1, %arg2, %arg3, %arg3) {map = affine_map<(d0)[s0, s1] -> (s0, s1)>} : (memref<?x40xf64>, index, index, index) -> memref<?xf64>
    linalg.generic {indexing_maps = [affine_map<(d0) -> (d0)>, affine_map<(d0) -> (d0)>, affine_map<(d0) -> (d0)>], iterator_types = ["reduction"]} ins(%1, %2 : memref<?xf64>, memref<?xf64>) outs(%3 : memref<?xf64>) {
    ^bb0(%in: f64, %in_0: f64, %out: f64):
      %7 = arith.mulf %in, %in_0 : f64
      %8 = arith.subf %out, %7 : f64
      linalg.yield %8 : f64
    }
    %4 = affine.load %arg1[%arg3, %arg3] : memref<?x40xf64>
    %5 = affine.load %arg1[%arg2, %arg3] : memref<?x40xf64>
    %6 = arith.divf %5, %4 : f64
    affine.store %6, %arg1[%arg2, %arg3] : memref<?x40xf64>
  }
  affine.for %arg3 = affine_map<(d0) -> (d0)>(%arg2) to %0 {
    %1 = polygeist.submap(%arg1, %arg2, %arg2) {map = affine_map<(d0)[s0] -> (s0, d0)>} : (memref<?x40xf64>, index, index) -> memref<?xf64>
    %2 = polygeist.submap(%arg1, %arg3, %arg2) {map = affine_map<(d0)[s0] -> (d0, s0)>} : (memref<?x40xf64>, index, index) -> memref<?xf64>
    %3 = polygeist.submap(%arg1, %arg2, %arg3, %arg2) {map = affine_map<(d0)[s0, s1] -> (s0, s1)>} : (memref<?x40xf64>, index, index, index) -> memref<?xf64>
    linalg.generic {indexing_maps = [affine_map<(d0) -> (d0)>, affine_map<(d0) -> (d0)>, affine_map<(d0) -> (d0)>], iterator_types = ["reduction"]} ins(%1, %2 : memref<?xf64>, memref<?xf64>) outs(%3 : memref<?xf64>) {
    ^bb0(%in: f64, %in_0: f64, %out: f64):
      %4 = arith.mulf %in, %in_0 : f64
      %5 = arith.subf %out, %4 : f64
      linalg.yield %5 : f64
    }
  }
}

REJECTED: Walk was interrupted (invalid operations found)


========================================
=== AffineForOpRaising::matchAndRewrite ===
========================================
Processing loop:
affine.for %arg3 = 0 to affine_map<(d0) -> (d0)>(%arg2) {
  %1 = polygeist.submap(%arg1, %arg2, %arg3) {map = affine_map<(d0)[s0] -> (s0, d0)>} : (memref<?x40xf64>, index, index) -> memref<?xf64>
  %2 = polygeist.submap(%arg1, %arg3, %arg3) {map = affine_map<(d0)[s0] -> (d0, s0)>} : (memref<?x40xf64>, index, index) -> memref<?xf64>
  %3 = polygeist.submap(%arg1, %arg2, %arg3, %arg3) {map = affine_map<(d0)[s0, s1] -> (s0, s1)>} : (memref<?x40xf64>, index, index, index) -> memref<?xf64>
  linalg.generic {indexing_maps = [affine_map<(d0) -> (d0)>, affine_map<(d0) -> (d0)>, affine_map<(d0) -> (d0)>], iterator_types = ["reduction"]} ins(%1, %2 : memref<?xf64>, memref<?xf64>) outs(%3 : memref<?xf64>) {
  ^bb0(%in: f64, %in_0: f64, %out: f64):
    %7 = arith.mulf %in, %in_0 : f64
    %8 = arith.subf %out, %7 : f64
    linalg.yield %8 : f64
  }
  %4 = affine.load %arg1[%arg3, %arg3] : memref<?x40xf64>
  %5 = affine.load %arg1[%arg2, %arg3] : memref<?x40xf64>
  %6 = arith.divf %5, %4 : f64
  affine.store %6, %arg1[%arg2, %arg3] : memref<?x40xf64>
}

Pattern recognition complete:
  Loads: 2
  Stores: 1
  LinalgGenerics: 1

Loop bounds:
  lbMap: () -> (0)
  ubMap: (d0) -> (d0)

--- Processing Linalg Generics ---
Processing linalg.generic:
linalg.generic {indexing_maps = [affine_map<(d0) -> (d0)>, affine_map<(d0) -> (d0)>, affine_map<(d0) -> (d0)>], iterator_types = ["reduction"]} ins(%4, %5 : memref<?xf64>, memref<?xf64>) outs(%6 : memref<?xf64>) {
^bb0(%in: f64, %in_0: f64, %out: f64):
  %10 = arith.mulf %in, %in_0 : f64
  %11 = arith.subf %out, %10 : f64
  linalg.yield %11 : f64
}
  Processing 2 inputs
  Input 0 indexing map: (d0) -> (d0)

=== getLinalgArgMap ===
  Initial lgMap: (d0) -> (d0)
  Found SubmapOp with map: (d0)[s0] -> (s0, d0)
  Composed map: (d0)[s0] -> (s0, d0)
  Final lgMap: (d0)[s0] -> (s0, d0)
=== getLinalgArgMap END ===

  Calling remap_in_affine_dim for input 0

=== remap_in_affine_dim ===
  oldmap: (d0)[s0] -> (s0, d0)
  firstNDims: 1
  check_reduction (input): 0
  lower_bound_val: 0
  dimidx: -1
  check_reduction (output): 0
  new map (map2): (d0, d1)[s0] -> (s0, d0)
  validDims: 1, validSims: 1
Non-dominating block argument encountered
  REJECTED: remap_in_affine_dim returned illegal for input

========================================
=== AffineForOpRaising::matchAndRewrite ===
========================================
Processing loop:
affine.for %arg2 = 0 to %0 {
  %1 = affine.apply affine_map<(d0) -> (d0)>(%arg2)
  affine.for %arg3 = 0 to affine_map<(d0) -> (d0)>(%arg2) {
    %2 = polygeist.submap(%arg1, %arg2, %arg3) {map = affine_map<(d0)[s0] -> (s0, d0)>} : (memref<?x40xf64>, index, index) -> memref<?xf64>
    %3 = polygeist.submap(%arg1, %arg3, %arg3) {map = affine_map<(d0)[s0] -> (d0, s0)>} : (memref<?x40xf64>, index, index) -> memref<?xf64>
    %4 = polygeist.submap(%arg1, %arg2, %arg3, %arg3) {map = affine_map<(d0)[s0, s1] -> (s0, s1)>} : (memref<?x40xf64>, index, index, index) -> memref<?xf64>
    linalg.generic {indexing_maps = [affine_map<(d0) -> (d0)>, affine_map<(d0) -> (d0)>, affine_map<(d0) -> (d0)>], iterator_types = ["reduction"]} ins(%2, %3 : memref<?xf64>, memref<?xf64>) outs(%4 : memref<?xf64>) {
    ^bb0(%in: f64, %in_0: f64, %out: f64):
      %8 = arith.mulf %in, %in_0 : f64
      %9 = arith.subf %out, %8 : f64
      linalg.yield %9 : f64
    }
    %5 = affine.load %arg1[%arg3, %arg3] : memref<?x40xf64>
    %6 = affine.load %arg1[%arg2, %arg3] : memref<?x40xf64>
    %7 = arith.divf %6, %5 : f64
    affine.store %7, %arg1[%arg2, %arg3] : memref<?x40xf64>
  }
  affine.for %arg3 = affine_map<(d0) -> (d0)>(%arg2) to %0 {
    %2 = polygeist.submap(%arg1, %arg2, %arg2) {map = affine_map<(d0)[s0] -> (s0, d0)>} : (memref<?x40xf64>, index, index) -> memref<?xf64>
    %3 = polygeist.submap(%arg1, %arg3, %arg2) {map = affine_map<(d0)[s0] -> (d0, s0)>} : (memref<?x40xf64>, index, index) -> memref<?xf64>
    %4 = polygeist.submap(%arg1, %arg2, %arg3, %arg2) {map = affine_map<(d0)[s0, s1] -> (s0, s1)>} : (memref<?x40xf64>, index, index, index) -> memref<?xf64>
    linalg.generic {indexing_maps = [affine_map<(d0) -> (d0)>, affine_map<(d0) -> (d0)>, affine_map<(d0) -> (d0)>], iterator_types = ["reduction"]} ins(%2, %3 : memref<?xf64>, memref<?xf64>) outs(%4 : memref<?xf64>) {
    ^bb0(%in: f64, %in_0: f64, %out: f64):
      %5 = arith.mulf %in, %in_0 : f64
      %6 = arith.subf %out, %5 : f64
      linalg.yield %6 : f64
    }
  }
}

REJECTED: Walk was interrupted (invalid operations found)


========================================
=== AffineForOpRaising::matchAndRewrite ===
========================================
Processing loop:
affine.for %arg3 = affine_map<(d0) -> (d0)>(%arg2) to %0 {
  %1 = polygeist.submap(%arg1, %arg2, %arg2) {map = affine_map<(d0)[s0] -> (s0, d0)>} : (memref<?x40xf64>, index, index) -> memref<?xf64>
  %2 = polygeist.submap(%arg1, %arg3, %arg2) {map = affine_map<(d0)[s0] -> (d0, s0)>} : (memref<?x40xf64>, index, index) -> memref<?xf64>
  %3 = polygeist.submap(%arg1, %arg2, %arg3, %arg2) {map = affine_map<(d0)[s0, s1] -> (s0, s1)>} : (memref<?x40xf64>, index, index, index) -> memref<?xf64>
  linalg.generic {indexing_maps = [affine_map<(d0) -> (d0)>, affine_map<(d0) -> (d0)>, affine_map<(d0) -> (d0)>], iterator_types = ["reduction"]} ins(%1, %2 : memref<?xf64>, memref<?xf64>) outs(%3 : memref<?xf64>) {
  ^bb0(%in: f64, %in_0: f64, %out: f64):
    %4 = arith.mulf %in, %in_0 : f64
    %5 = arith.subf %out, %4 : f64
    linalg.yield %5 : f64
  }
}

Pattern recognition complete:
  Loads: 0
  Stores: 0
  LinalgGenerics: 1

REJECTED: Loop doesn't have constant lower bound


========================================
=== AffineForOpRaising::matchAndRewrite ===
========================================
Processing loop:
affine.for %arg2 = 0 to %0 {
  affine.for %arg3 = 0 to affine_map<(d0) -> (d0)>(%arg2) {
    %1 = polygeist.submap(%arg1, %arg2, %arg3) {map = affine_map<(d0)[s0] -> (s0, d0)>} : (memref<?x40xf64>, index, index) -> memref<?xf64>
    %2 = polygeist.submap(%arg1, %arg3, %arg3) {map = affine_map<(d0)[s0] -> (d0, s0)>} : (memref<?x40xf64>, index, index) -> memref<?xf64>
    %3 = polygeist.submap(%arg1, %arg2, %arg3, %arg3) {map = affine_map<(d0)[s0, s1] -> (s0, s1)>} : (memref<?x40xf64>, index, index, index) -> memref<?xf64>
    linalg.generic {indexing_maps = [affine_map<(d0) -> (d0)>, affine_map<(d0) -> (d0)>, affine_map<(d0) -> (d0)>], iterator_types = ["reduction"]} ins(%1, %2 : memref<?xf64>, memref<?xf64>) outs(%3 : memref<?xf64>) {
    ^bb0(%in: f64, %in_0: f64, %out: f64):
      %7 = arith.mulf %in, %in_0 : f64
      %8 = arith.subf %out, %7 : f64
      linalg.yield %8 : f64
    }
    %4 = affine.load %arg1[%arg3, %arg3] : memref<?x40xf64>
    %5 = affine.load %arg1[%arg2, %arg3] : memref<?x40xf64>
    %6 = arith.divf %5, %4 : f64
    affine.store %6, %arg1[%arg2, %arg3] : memref<?x40xf64>
  }
  affine.for %arg3 = affine_map<(d0) -> (d0)>(%arg2) to %0 {
    %1 = polygeist.submap(%arg1, %arg2, %arg2) {map = affine_map<(d0)[s0] -> (s0, d0)>} : (memref<?x40xf64>, index, index) -> memref<?xf64>
    %2 = polygeist.submap(%arg1, %arg3, %arg2) {map = affine_map<(d0)[s0] -> (d0, s0)>} : (memref<?x40xf64>, index, index) -> memref<?xf64>
    %3 = polygeist.submap(%arg1, %arg2, %arg3, %arg2) {map = affine_map<(d0)[s0, s1] -> (s0, s1)>} : (memref<?x40xf64>, index, index, index) -> memref<?xf64>
    linalg.generic {indexing_maps = [affine_map<(d0) -> (d0)>, affine_map<(d0) -> (d0)>, affine_map<(d0) -> (d0)>], iterator_types = ["reduction"]} ins(%1, %2 : memref<?xf64>, memref<?xf64>) outs(%3 : memref<?xf64>) {
    ^bb0(%in: f64, %in_0: f64, %out: f64):
      %4 = arith.mulf %in, %in_0 : f64
      %5 = arith.subf %out, %4 : f64
      linalg.yield %5 : f64
    }
  }
}

REJECTED: Walk was interrupted (invalid operations found)


========================================
=== AffineForOpRaising::matchAndRewrite ===
========================================
Processing loop:
affine.for %arg3 = 0 to affine_map<(d0) -> (d0)>(%arg2) {
  %1 = polygeist.submap(%arg1, %arg2, %arg3) {map = affine_map<(d0)[s0] -> (s0, d0)>} : (memref<?x40xf64>, index, index) -> memref<?xf64>
  %2 = polygeist.submap(%arg1, %arg3, %arg3) {map = affine_map<(d0)[s0] -> (d0, s0)>} : (memref<?x40xf64>, index, index) -> memref<?xf64>
  %3 = polygeist.submap(%arg1, %arg2, %arg3, %arg3) {map = affine_map<(d0)[s0, s1] -> (s0, s1)>} : (memref<?x40xf64>, index, index, index) -> memref<?xf64>
  linalg.generic {indexing_maps = [affine_map<(d0) -> (d0)>, affine_map<(d0) -> (d0)>, affine_map<(d0) -> (d0)>], iterator_types = ["reduction"]} ins(%1, %2 : memref<?xf64>, memref<?xf64>) outs(%3 : memref<?xf64>) {
  ^bb0(%in: f64, %in_0: f64, %out: f64):
    %7 = arith.mulf %in, %in_0 : f64
    %8 = arith.subf %out, %7 : f64
    linalg.yield %8 : f64
  }
  %4 = affine.load %arg1[%arg3, %arg3] : memref<?x40xf64>
  %5 = affine.load %arg1[%arg2, %arg3] : memref<?x40xf64>
  %6 = arith.divf %5, %4 : f64
  affine.store %6, %arg1[%arg2, %arg3] : memref<?x40xf64>
}

Pattern recognition complete:
  Loads: 2
  Stores: 1
  LinalgGenerics: 1

Loop bounds:
  lbMap: () -> (0)
  ubMap: (d0) -> (d0)

--- Processing Linalg Generics ---
Processing linalg.generic:
linalg.generic {indexing_maps = [affine_map<(d0) -> (d0)>, affine_map<(d0) -> (d0)>, affine_map<(d0) -> (d0)>], iterator_types = ["reduction"]} ins(%4, %5 : memref<?xf64>, memref<?xf64>) outs(%6 : memref<?xf64>) {
^bb0(%in: f64, %in_0: f64, %out: f64):
  %10 = arith.mulf %in, %in_0 : f64
  %11 = arith.subf %out, %10 : f64
  linalg.yield %11 : f64
}
  Processing 2 inputs
  Input 0 indexing map: (d0) -> (d0)

=== getLinalgArgMap ===
  Initial lgMap: (d0) -> (d0)
  Found SubmapOp with map: (d0)[s0] -> (s0, d0)
  Composed map: (d0)[s0] -> (s0, d0)
  Final lgMap: (d0)[s0] -> (s0, d0)
=== getLinalgArgMap END ===

  Calling remap_in_affine_dim for input 0

=== remap_in_affine_dim ===
  oldmap: (d0)[s0] -> (s0, d0)
  firstNDims: 1
  check_reduction (input): 0
  lower_bound_val: 0
  dimidx: -1
  check_reduction (output): 0
  new map (map2): (d0, d1)[s0] -> (s0, d0)
  validDims: 1, validSims: 1
Non-dominating block argument encountered
  REJECTED: remap_in_affine_dim returned illegal for input

========================================
=== AffineForOpRaising::matchAndRewrite ===
========================================
Processing loop:
affine.for %arg2 = 0 to %0 {
  %1 = affine.apply affine_map<(d0) -> (d0)>(%arg2)
  affine.for %arg3 = 0 to affine_map<(d0) -> (d0)>(%arg2) {
    %2 = polygeist.submap(%arg1, %arg2, %arg3) {map = affine_map<(d0)[s0] -> (s0, d0)>} : (memref<?x40xf64>, index, index) -> memref<?xf64>
    %3 = polygeist.submap(%arg1, %arg3, %arg3) {map = affine_map<(d0)[s0] -> (d0, s0)>} : (memref<?x40xf64>, index, index) -> memref<?xf64>
    %4 = polygeist.submap(%arg1, %arg2, %arg3, %arg3) {map = affine_map<(d0)[s0, s1] -> (s0, s1)>} : (memref<?x40xf64>, index, index, index) -> memref<?xf64>
    linalg.generic {indexing_maps = [affine_map<(d0) -> (d0)>, affine_map<(d0) -> (d0)>, affine_map<(d0) -> (d0)>], iterator_types = ["reduction"]} ins(%2, %3 : memref<?xf64>, memref<?xf64>) outs(%4 : memref<?xf64>) {
    ^bb0(%in: f64, %in_0: f64, %out: f64):
      %8 = arith.mulf %in, %in_0 : f64
      %9 = arith.subf %out, %8 : f64
      linalg.yield %9 : f64
    }
    %5 = affine.load %arg1[%arg3, %arg3] : memref<?x40xf64>
    %6 = affine.load %arg1[%arg2, %arg3] : memref<?x40xf64>
    %7 = arith.divf %6, %5 : f64
    affine.store %7, %arg1[%arg2, %arg3] : memref<?x40xf64>
  }
  affine.for %arg3 = affine_map<(d0) -> (d0)>(%arg2) to %0 {
    %2 = polygeist.submap(%arg1, %arg2, %arg2) {map = affine_map<(d0)[s0] -> (s0, d0)>} : (memref<?x40xf64>, index, index) -> memref<?xf64>
    %3 = polygeist.submap(%arg1, %arg3, %arg2) {map = affine_map<(d0)[s0] -> (d0, s0)>} : (memref<?x40xf64>, index, index) -> memref<?xf64>
    %4 = polygeist.submap(%arg1, %arg2, %arg3, %arg2) {map = affine_map<(d0)[s0, s1] -> (s0, s1)>} : (memref<?x40xf64>, index, index, index) -> memref<?xf64>
    linalg.generic {indexing_maps = [affine_map<(d0) -> (d0)>, affine_map<(d0) -> (d0)>, affine_map<(d0) -> (d0)>], iterator_types = ["reduction"]} ins(%2, %3 : memref<?xf64>, memref<?xf64>) outs(%4 : memref<?xf64>) {
    ^bb0(%in: f64, %in_0: f64, %out: f64):
      %5 = arith.mulf %in, %in_0 : f64
      %6 = arith.subf %out, %5 : f64
      linalg.yield %6 : f64
    }
  }
}

REJECTED: Walk was interrupted (invalid operations found)


========================================
=== AffineForOpRaising::matchAndRewrite ===
========================================
Processing loop:
affine.for %arg3 = affine_map<(d0) -> (d0)>(%arg2) to %0 {
  %1 = polygeist.submap(%arg1, %arg2, %arg2) {map = affine_map<(d0)[s0] -> (s0, d0)>} : (memref<?x40xf64>, index, index) -> memref<?xf64>
  %2 = polygeist.submap(%arg1, %arg3, %arg2) {map = affine_map<(d0)[s0] -> (d0, s0)>} : (memref<?x40xf64>, index, index) -> memref<?xf64>
  %3 = polygeist.submap(%arg1, %arg2, %arg3, %arg2) {map = affine_map<(d0)[s0, s1] -> (s0, s1)>} : (memref<?x40xf64>, index, index, index) -> memref<?xf64>
  linalg.generic {indexing_maps = [affine_map<(d0) -> (d0)>, affine_map<(d0) -> (d0)>, affine_map<(d0) -> (d0)>], iterator_types = ["reduction"]} ins(%1, %2 : memref<?xf64>, memref<?xf64>) outs(%3 : memref<?xf64>) {
  ^bb0(%in: f64, %in_0: f64, %out: f64):
    %4 = arith.mulf %in, %in_0 : f64
    %5 = arith.subf %out, %4 : f64
    linalg.yield %5 : f64
  }
}

Pattern recognition complete:
  Loads: 0
  Stores: 0
  LinalgGenerics: 1

REJECTED: Loop doesn't have constant lower bound


========================================
=== AffineForOpRaising::matchAndRewrite ===
========================================
Processing loop:
affine.for %arg2 = 0 to %0 {
  affine.for %arg3 = 0 to affine_map<(d0) -> (d0)>(%arg2) {
    %1 = polygeist.submap(%arg1, %arg2, %arg3) {map = affine_map<(d0)[s0] -> (s0, d0)>} : (memref<?x40xf64>, index, index) -> memref<?xf64>
    %2 = polygeist.submap(%arg1, %arg3, %arg3) {map = affine_map<(d0)[s0] -> (d0, s0)>} : (memref<?x40xf64>, index, index) -> memref<?xf64>
    %3 = polygeist.submap(%arg1, %arg2, %arg3, %arg3) {map = affine_map<(d0)[s0, s1] -> (s0, s1)>} : (memref<?x40xf64>, index, index, index) -> memref<?xf64>
    linalg.generic {indexing_maps = [affine_map<(d0) -> (d0)>, affine_map<(d0) -> (d0)>, affine_map<(d0) -> (d0)>], iterator_types = ["reduction"]} ins(%1, %2 : memref<?xf64>, memref<?xf64>) outs(%3 : memref<?xf64>) {
    ^bb0(%in: f64, %in_0: f64, %out: f64):
      %7 = arith.mulf %in, %in_0 : f64
      %8 = arith.subf %out, %7 : f64
      linalg.yield %8 : f64
    }
    %4 = affine.load %arg1[%arg3, %arg3] : memref<?x40xf64>
    %5 = affine.load %arg1[%arg2, %arg3] : memref<?x40xf64>
    %6 = arith.divf %5, %4 : f64
    affine.store %6, %arg1[%arg2, %arg3] : memref<?x40xf64>
  }
  affine.for %arg3 = affine_map<(d0) -> (d0)>(%arg2) to %0 {
    %1 = polygeist.submap(%arg1, %arg2, %arg2) {map = affine_map<(d0)[s0] -> (s0, d0)>} : (memref<?x40xf64>, index, index) -> memref<?xf64>
    %2 = polygeist.submap(%arg1, %arg3, %arg2) {map = affine_map<(d0)[s0] -> (d0, s0)>} : (memref<?x40xf64>, index, index) -> memref<?xf64>
    %3 = polygeist.submap(%arg1, %arg2, %arg3, %arg2) {map = affine_map<(d0)[s0, s1] -> (s0, s1)>} : (memref<?x40xf64>, index, index, index) -> memref<?xf64>
    linalg.generic {indexing_maps = [affine_map<(d0) -> (d0)>, affine_map<(d0) -> (d0)>, affine_map<(d0) -> (d0)>], iterator_types = ["reduction"]} ins(%1, %2 : memref<?xf64>, memref<?xf64>) outs(%3 : memref<?xf64>) {
    ^bb0(%in: f64, %in_0: f64, %out: f64):
      %4 = arith.mulf %in, %in_0 : f64
      %5 = arith.subf %out, %4 : f64
      linalg.yield %5 : f64
    }
  }
}

REJECTED: Walk was interrupted (invalid operations found)


========================================
=== AffineForOpRaising::matchAndRewrite ===
========================================
Processing loop:
affine.for %arg3 = 0 to affine_map<(d0) -> (d0)>(%arg2) {
  %1 = polygeist.submap(%arg1, %arg2, %arg3) {map = affine_map<(d0)[s0] -> (s0, d0)>} : (memref<?x40xf64>, index, index) -> memref<?xf64>
  %2 = polygeist.submap(%arg1, %arg3, %arg3) {map = affine_map<(d0)[s0] -> (d0, s0)>} : (memref<?x40xf64>, index, index) -> memref<?xf64>
  %3 = polygeist.submap(%arg1, %arg2, %arg3, %arg3) {map = affine_map<(d0)[s0, s1] -> (s0, s1)>} : (memref<?x40xf64>, index, index, index) -> memref<?xf64>
  linalg.generic {indexing_maps = [affine_map<(d0) -> (d0)>, affine_map<(d0) -> (d0)>, affine_map<(d0) -> (d0)>], iterator_types = ["reduction"]} ins(%1, %2 : memref<?xf64>, memref<?xf64>) outs(%3 : memref<?xf64>) {
  ^bb0(%in: f64, %in_0: f64, %out: f64):
    %7 = arith.mulf %in, %in_0 : f64
    %8 = arith.subf %out, %7 : f64
    linalg.yield %8 : f64
  }
  %4 = affine.load %arg1[%arg3, %arg3] : memref<?x40xf64>
  %5 = affine.load %arg1[%arg2, %arg3] : memref<?x40xf64>
  %6 = arith.divf %5, %4 : f64
  affine.store %6, %arg1[%arg2, %arg3] : memref<?x40xf64>
}

Pattern recognition complete:
  Loads: 2
  Stores: 1
  LinalgGenerics: 1

Loop bounds:
  lbMap: () -> (0)
  ubMap: (d0) -> (d0)

--- Processing Linalg Generics ---
Processing linalg.generic:
linalg.generic {indexing_maps = [affine_map<(d0) -> (d0)>, affine_map<(d0) -> (d0)>, affine_map<(d0) -> (d0)>], iterator_types = ["reduction"]} ins(%4, %5 : memref<?xf64>, memref<?xf64>) outs(%6 : memref<?xf64>) {
^bb0(%in: f64, %in_0: f64, %out: f64):
  %10 = arith.mulf %in, %in_0 : f64
  %11 = arith.subf %out, %10 : f64
  linalg.yield %11 : f64
}
  Processing 2 inputs
  Input 0 indexing map: (d0) -> (d0)

=== getLinalgArgMap ===
  Initial lgMap: (d0) -> (d0)
  Found SubmapOp with map: (d0)[s0] -> (s0, d0)
  Composed map: (d0)[s0] -> (s0, d0)
  Final lgMap: (d0)[s0] -> (s0, d0)
=== getLinalgArgMap END ===

  Calling remap_in_affine_dim for input 0

=== remap_in_affine_dim ===
  oldmap: (d0)[s0] -> (s0, d0)
  firstNDims: 1
  check_reduction (input): 0
  lower_bound_val: 0
  dimidx: -1
  check_reduction (output): 0
  new map (map2): (d0, d1)[s0] -> (s0, d0)
  validDims: 1, validSims: 1
Non-dominating block argument encountered
  REJECTED: remap_in_affine_dim returned illegal for input

========================================
=== AffineForOpRaising::matchAndRewrite ===
========================================
Processing loop:
affine.for %arg2 = 0 to %0 {
  %1 = affine.apply affine_map<(d0) -> (d0)>(%arg2)
  affine.for %arg3 = 0 to affine_map<(d0) -> (d0)>(%arg2) {
    %2 = polygeist.submap(%arg1, %arg2, %arg3) {map = affine_map<(d0)[s0] -> (s0, d0)>} : (memref<?x40xf64>, index, index) -> memref<?xf64>
    %3 = polygeist.submap(%arg1, %arg3, %arg3) {map = affine_map<(d0)[s0] -> (d0, s0)>} : (memref<?x40xf64>, index, index) -> memref<?xf64>
    %4 = polygeist.submap(%arg1, %arg2, %arg3, %arg3) {map = affine_map<(d0)[s0, s1] -> (s0, s1)>} : (memref<?x40xf64>, index, index, index) -> memref<?xf64>
    linalg.generic {indexing_maps = [affine_map<(d0) -> (d0)>, affine_map<(d0) -> (d0)>, affine_map<(d0) -> (d0)>], iterator_types = ["reduction"]} ins(%2, %3 : memref<?xf64>, memref<?xf64>) outs(%4 : memref<?xf64>) {
    ^bb0(%in: f64, %in_0: f64, %out: f64):
      %8 = arith.mulf %in, %in_0 : f64
      %9 = arith.subf %out, %8 : f64
      linalg.yield %9 : f64
    }
    %5 = affine.load %arg1[%arg3, %arg3] : memref<?x40xf64>
    %6 = affine.load %arg1[%arg2, %arg3] : memref<?x40xf64>
    %7 = arith.divf %6, %5 : f64
    affine.store %7, %arg1[%arg2, %arg3] : memref<?x40xf64>
  }
  affine.for %arg3 = affine_map<(d0) -> (d0)>(%arg2) to %0 {
    %2 = polygeist.submap(%arg1, %arg2, %arg2) {map = affine_map<(d0)[s0] -> (s0, d0)>} : (memref<?x40xf64>, index, index) -> memref<?xf64>
    %3 = polygeist.submap(%arg1, %arg3, %arg2) {map = affine_map<(d0)[s0] -> (d0, s0)>} : (memref<?x40xf64>, index, index) -> memref<?xf64>
    %4 = polygeist.submap(%arg1, %arg2, %arg3, %arg2) {map = affine_map<(d0)[s0, s1] -> (s0, s1)>} : (memref<?x40xf64>, index, index, index) -> memref<?xf64>
    linalg.generic {indexing_maps = [affine_map<(d0) -> (d0)>, affine_map<(d0) -> (d0)>, affine_map<(d0) -> (d0)>], iterator_types = ["reduction"]} ins(%2, %3 : memref<?xf64>, memref<?xf64>) outs(%4 : memref<?xf64>) {
    ^bb0(%in: f64, %in_0: f64, %out: f64):
      %5 = arith.mulf %in, %in_0 : f64
      %6 = arith.subf %out, %5 : f64
      linalg.yield %6 : f64
    }
  }
}

REJECTED: Walk was interrupted (invalid operations found)


========================================
=== AffineForOpRaising::matchAndRewrite ===
========================================
Processing loop:
affine.for %arg3 = affine_map<(d0) -> (d0)>(%arg2) to %0 {
  %1 = polygeist.submap(%arg1, %arg2, %arg2) {map = affine_map<(d0)[s0] -> (s0, d0)>} : (memref<?x40xf64>, index, index) -> memref<?xf64>
  %2 = polygeist.submap(%arg1, %arg3, %arg2) {map = affine_map<(d0)[s0] -> (d0, s0)>} : (memref<?x40xf64>, index, index) -> memref<?xf64>
  %3 = polygeist.submap(%arg1, %arg2, %arg3, %arg2) {map = affine_map<(d0)[s0, s1] -> (s0, s1)>} : (memref<?x40xf64>, index, index, index) -> memref<?xf64>
  linalg.generic {indexing_maps = [affine_map<(d0) -> (d0)>, affine_map<(d0) -> (d0)>, affine_map<(d0) -> (d0)>], iterator_types = ["reduction"]} ins(%1, %2 : memref<?xf64>, memref<?xf64>) outs(%3 : memref<?xf64>) {
  ^bb0(%in: f64, %in_0: f64, %out: f64):
    %4 = arith.mulf %in, %in_0 : f64
    %5 = arith.subf %out, %4 : f64
    linalg.yield %5 : f64
  }
}

Pattern recognition complete:
  Loads: 0
  Stores: 0
  LinalgGenerics: 1

REJECTED: Loop doesn't have constant lower bound


========================================
=== AffineForOpRaising::matchAndRewrite ===
========================================
Processing loop:
affine.for %arg2 = 0 to %0 {
  affine.for %arg3 = 0 to affine_map<(d0) -> (d0)>(%arg2) {
    %1 = polygeist.submap(%arg1, %arg2, %arg3) {map = affine_map<(d0)[s0] -> (s0, d0)>} : (memref<?x40xf64>, index, index) -> memref<?xf64>
    %2 = polygeist.submap(%arg1, %arg3, %arg3) {map = affine_map<(d0)[s0] -> (d0, s0)>} : (memref<?x40xf64>, index, index) -> memref<?xf64>
    %3 = polygeist.submap(%arg1, %arg2, %arg3, %arg3) {map = affine_map<(d0)[s0, s1] -> (s0, s1)>} : (memref<?x40xf64>, index, index, index) -> memref<?xf64>
    linalg.generic {indexing_maps = [affine_map<(d0) -> (d0)>, affine_map<(d0) -> (d0)>, affine_map<(d0) -> (d0)>], iterator_types = ["reduction"]} ins(%1, %2 : memref<?xf64>, memref<?xf64>) outs(%3 : memref<?xf64>) {
    ^bb0(%in: f64, %in_0: f64, %out: f64):
      %7 = arith.mulf %in, %in_0 : f64
      %8 = arith.subf %out, %7 : f64
      linalg.yield %8 : f64
    }
    %4 = affine.load %arg1[%arg3, %arg3] : memref<?x40xf64>
    %5 = affine.load %arg1[%arg2, %arg3] : memref<?x40xf64>
    %6 = arith.divf %5, %4 : f64
    affine.store %6, %arg1[%arg2, %arg3] : memref<?x40xf64>
  }
  affine.for %arg3 = affine_map<(d0) -> (d0)>(%arg2) to %0 {
    %1 = polygeist.submap(%arg1, %arg2, %arg2) {map = affine_map<(d0)[s0] -> (s0, d0)>} : (memref<?x40xf64>, index, index) -> memref<?xf64>
    %2 = polygeist.submap(%arg1, %arg3, %arg2) {map = affine_map<(d0)[s0] -> (d0, s0)>} : (memref<?x40xf64>, index, index) -> memref<?xf64>
    %3 = polygeist.submap(%arg1, %arg2, %arg3, %arg2) {map = affine_map<(d0)[s0, s1] -> (s0, s1)>} : (memref<?x40xf64>, index, index, index) -> memref<?xf64>
    linalg.generic {indexing_maps = [affine_map<(d0) -> (d0)>, affine_map<(d0) -> (d0)>, affine_map<(d0) -> (d0)>], iterator_types = ["reduction"]} ins(%1, %2 : memref<?xf64>, memref<?xf64>) outs(%3 : memref<?xf64>) {
    ^bb0(%in: f64, %in_0: f64, %out: f64):
      %4 = arith.mulf %in, %in_0 : f64
      %5 = arith.subf %out, %4 : f64
      linalg.yield %5 : f64
    }
  }
}

REJECTED: Walk was interrupted (invalid operations found)


========================================
=== AffineForOpRaising::matchAndRewrite ===
========================================
Processing loop:
affine.for %arg3 = 0 to affine_map<(d0) -> (d0)>(%arg2) {
  %1 = polygeist.submap(%arg1, %arg2, %arg3) {map = affine_map<(d0)[s0] -> (s0, d0)>} : (memref<?x40xf64>, index, index) -> memref<?xf64>
  %2 = polygeist.submap(%arg1, %arg3, %arg3) {map = affine_map<(d0)[s0] -> (d0, s0)>} : (memref<?x40xf64>, index, index) -> memref<?xf64>
  %3 = polygeist.submap(%arg1, %arg2, %arg3, %arg3) {map = affine_map<(d0)[s0, s1] -> (s0, s1)>} : (memref<?x40xf64>, index, index, index) -> memref<?xf64>
  linalg.generic {indexing_maps = [affine_map<(d0) -> (d0)>, affine_map<(d0) -> (d0)>, affine_map<(d0) -> (d0)>], iterator_types = ["reduction"]} ins(%1, %2 : memref<?xf64>, memref<?xf64>) outs(%3 : memref<?xf64>) {
  ^bb0(%in: f64, %in_0: f64, %out: f64):
    %7 = arith.mulf %in, %in_0 : f64
    %8 = arith.subf %out, %7 : f64
    linalg.yield %8 : f64
  }
  %4 = affine.load %arg1[%arg3, %arg3] : memref<?x40xf64>
  %5 = affine.load %arg1[%arg2, %arg3] : memref<?x40xf64>
  %6 = arith.divf %5, %4 : f64
  affine.store %6, %arg1[%arg2, %arg3] : memref<?x40xf64>
}

Pattern recognition complete:
  Loads: 2
  Stores: 1
  LinalgGenerics: 1

Loop bounds:
  lbMap: () -> (0)
  ubMap: (d0) -> (d0)

--- Processing Linalg Generics ---
Processing linalg.generic:
linalg.generic {indexing_maps = [affine_map<(d0) -> (d0)>, affine_map<(d0) -> (d0)>, affine_map<(d0) -> (d0)>], iterator_types = ["reduction"]} ins(%4, %5 : memref<?xf64>, memref<?xf64>) outs(%6 : memref<?xf64>) {
^bb0(%in: f64, %in_0: f64, %out: f64):
  %10 = arith.mulf %in, %in_0 : f64
  %11 = arith.subf %out, %10 : f64
  linalg.yield %11 : f64
}
  Processing 2 inputs
  Input 0 indexing map: (d0) -> (d0)

=== getLinalgArgMap ===
  Initial lgMap: (d0) -> (d0)
  Found SubmapOp with map: (d0)[s0] -> (s0, d0)
  Composed map: (d0)[s0] -> (s0, d0)
  Final lgMap: (d0)[s0] -> (s0, d0)
=== getLinalgArgMap END ===

  Calling remap_in_affine_dim for input 0

=== remap_in_affine_dim ===
  oldmap: (d0)[s0] -> (s0, d0)
  firstNDims: 1
  check_reduction (input): 0
  lower_bound_val: 0
  dimidx: -1
  check_reduction (output): 0
  new map (map2): (d0, d1)[s0] -> (s0, d0)
  validDims: 1, validSims: 1
Non-dominating block argument encountered
  REJECTED: remap_in_affine_dim returned illegal for input

========================================
=== AffineForOpRaising::matchAndRewrite ===
========================================
Processing loop:
affine.for %arg2 = 0 to %0 {
  %1 = affine.apply affine_map<(d0) -> (d0)>(%arg2)
  affine.for %arg3 = 0 to affine_map<(d0) -> (d0)>(%arg2) {
    %2 = polygeist.submap(%arg1, %arg2, %arg3) {map = affine_map<(d0)[s0] -> (s0, d0)>} : (memref<?x40xf64>, index, index) -> memref<?xf64>
    %3 = polygeist.submap(%arg1, %arg3, %arg3) {map = affine_map<(d0)[s0] -> (d0, s0)>} : (memref<?x40xf64>, index, index) -> memref<?xf64>
    %4 = polygeist.submap(%arg1, %arg2, %arg3, %arg3) {map = affine_map<(d0)[s0, s1] -> (s0, s1)>} : (memref<?x40xf64>, index, index, index) -> memref<?xf64>
    linalg.generic {indexing_maps = [affine_map<(d0) -> (d0)>, affine_map<(d0) -> (d0)>, affine_map<(d0) -> (d0)>], iterator_types = ["reduction"]} ins(%2, %3 : memref<?xf64>, memref<?xf64>) outs(%4 : memref<?xf64>) {
    ^bb0(%in: f64, %in_0: f64, %out: f64):
      %8 = arith.mulf %in, %in_0 : f64
      %9 = arith.subf %out, %8 : f64
      linalg.yield %9 : f64
    }
    %5 = affine.load %arg1[%arg3, %arg3] : memref<?x40xf64>
    %6 = affine.load %arg1[%arg2, %arg3] : memref<?x40xf64>
    %7 = arith.divf %6, %5 : f64
    affine.store %7, %arg1[%arg2, %arg3] : memref<?x40xf64>
  }
  affine.for %arg3 = affine_map<(d0) -> (d0)>(%arg2) to %0 {
    %2 = polygeist.submap(%arg1, %arg2, %arg2) {map = affine_map<(d0)[s0] -> (s0, d0)>} : (memref<?x40xf64>, index, index) -> memref<?xf64>
    %3 = polygeist.submap(%arg1, %arg3, %arg2) {map = affine_map<(d0)[s0] -> (d0, s0)>} : (memref<?x40xf64>, index, index) -> memref<?xf64>
    %4 = polygeist.submap(%arg1, %arg2, %arg3, %arg2) {map = affine_map<(d0)[s0, s1] -> (s0, s1)>} : (memref<?x40xf64>, index, index, index) -> memref<?xf64>
    linalg.generic {indexing_maps = [affine_map<(d0) -> (d0)>, affine_map<(d0) -> (d0)>, affine_map<(d0) -> (d0)>], iterator_types = ["reduction"]} ins(%2, %3 : memref<?xf64>, memref<?xf64>) outs(%4 : memref<?xf64>) {
    ^bb0(%in: f64, %in_0: f64, %out: f64):
      %5 = arith.mulf %in, %in_0 : f64
      %6 = arith.subf %out, %5 : f64
      linalg.yield %6 : f64
    }
  }
}

REJECTED: Walk was interrupted (invalid operations found)


========================================
=== AffineForOpRaising::matchAndRewrite ===
========================================
Processing loop:
affine.for %arg3 = affine_map<(d0) -> (d0)>(%arg2) to %0 {
  %1 = polygeist.submap(%arg1, %arg2, %arg2) {map = affine_map<(d0)[s0] -> (s0, d0)>} : (memref<?x40xf64>, index, index) -> memref<?xf64>
  %2 = polygeist.submap(%arg1, %arg3, %arg2) {map = affine_map<(d0)[s0] -> (d0, s0)>} : (memref<?x40xf64>, index, index) -> memref<?xf64>
  %3 = polygeist.submap(%arg1, %arg2, %arg3, %arg2) {map = affine_map<(d0)[s0, s1] -> (s0, s1)>} : (memref<?x40xf64>, index, index, index) -> memref<?xf64>
  linalg.generic {indexing_maps = [affine_map<(d0) -> (d0)>, affine_map<(d0) -> (d0)>, affine_map<(d0) -> (d0)>], iterator_types = ["reduction"]} ins(%1, %2 : memref<?xf64>, memref<?xf64>) outs(%3 : memref<?xf64>) {
  ^bb0(%in: f64, %in_0: f64, %out: f64):
    %4 = arith.mulf %in, %in_0 : f64
    %5 = arith.subf %out, %4 : f64
    linalg.yield %5 : f64
  }
}

Pattern recognition complete:
  Loads: 0
  Stores: 0
  LinalgGenerics: 1

REJECTED: Loop doesn't have constant lower bound


========================================
=== AffineForOpRaising::matchAndRewrite ===
========================================
Processing loop:
affine.for %arg2 = 0 to %0 {
  affine.for %arg3 = 0 to affine_map<(d0) -> (d0)>(%arg2) {
    %1 = polygeist.submap(%arg1, %arg2, %arg3) {map = affine_map<(d0)[s0] -> (s0, d0)>} : (memref<?x40xf64>, index, index) -> memref<?xf64>
    %2 = polygeist.submap(%arg1, %arg3, %arg3) {map = affine_map<(d0)[s0] -> (d0, s0)>} : (memref<?x40xf64>, index, index) -> memref<?xf64>
    %3 = polygeist.submap(%arg1, %arg2, %arg3, %arg3) {map = affine_map<(d0)[s0, s1] -> (s0, s1)>} : (memref<?x40xf64>, index, index, index) -> memref<?xf64>
    linalg.generic {indexing_maps = [affine_map<(d0) -> (d0)>, affine_map<(d0) -> (d0)>, affine_map<(d0) -> (d0)>], iterator_types = ["reduction"]} ins(%1, %2 : memref<?xf64>, memref<?xf64>) outs(%3 : memref<?xf64>) {
    ^bb0(%in: f64, %in_0: f64, %out: f64):
      %7 = arith.mulf %in, %in_0 : f64
      %8 = arith.subf %out, %7 : f64
      linalg.yield %8 : f64
    }
    %4 = affine.load %arg1[%arg3, %arg3] : memref<?x40xf64>
    %5 = affine.load %arg1[%arg2, %arg3] : memref<?x40xf64>
    %6 = arith.divf %5, %4 : f64
    affine.store %6, %arg1[%arg2, %arg3] : memref<?x40xf64>
  }
  affine.for %arg3 = affine_map<(d0) -> (d0)>(%arg2) to %0 {
    %1 = polygeist.submap(%arg1, %arg2, %arg2) {map = affine_map<(d0)[s0] -> (s0, d0)>} : (memref<?x40xf64>, index, index) -> memref<?xf64>
    %2 = polygeist.submap(%arg1, %arg3, %arg2) {map = affine_map<(d0)[s0] -> (d0, s0)>} : (memref<?x40xf64>, index, index) -> memref<?xf64>
    %3 = polygeist.submap(%arg1, %arg2, %arg3, %arg2) {map = affine_map<(d0)[s0, s1] -> (s0, s1)>} : (memref<?x40xf64>, index, index, index) -> memref<?xf64>
    linalg.generic {indexing_maps = [affine_map<(d0) -> (d0)>, affine_map<(d0) -> (d0)>, affine_map<(d0) -> (d0)>], iterator_types = ["reduction"]} ins(%1, %2 : memref<?xf64>, memref<?xf64>) outs(%3 : memref<?xf64>) {
    ^bb0(%in: f64, %in_0: f64, %out: f64):
      %4 = arith.mulf %in, %in_0 : f64
      %5 = arith.subf %out, %4 : f64
      linalg.yield %5 : f64
    }
  }
}

REJECTED: Walk was interrupted (invalid operations found)


========================================
=== AffineForOpRaising::matchAndRewrite ===
========================================
Processing loop:
affine.for %arg3 = 0 to affine_map<(d0) -> (d0)>(%arg2) {
  %1 = polygeist.submap(%arg1, %arg2, %arg3) {map = affine_map<(d0)[s0] -> (s0, d0)>} : (memref<?x40xf64>, index, index) -> memref<?xf64>
  %2 = polygeist.submap(%arg1, %arg3, %arg3) {map = affine_map<(d0)[s0] -> (d0, s0)>} : (memref<?x40xf64>, index, index) -> memref<?xf64>
  %3 = polygeist.submap(%arg1, %arg2, %arg3, %arg3) {map = affine_map<(d0)[s0, s1] -> (s0, s1)>} : (memref<?x40xf64>, index, index, index) -> memref<?xf64>
  linalg.generic {indexing_maps = [affine_map<(d0) -> (d0)>, affine_map<(d0) -> (d0)>, affine_map<(d0) -> (d0)>], iterator_types = ["reduction"]} ins(%1, %2 : memref<?xf64>, memref<?xf64>) outs(%3 : memref<?xf64>) {
  ^bb0(%in: f64, %in_0: f64, %out: f64):
    %7 = arith.mulf %in, %in_0 : f64
    %8 = arith.subf %out, %7 : f64
    linalg.yield %8 : f64
  }
  %4 = affine.load %arg1[%arg3, %arg3] : memref<?x40xf64>
  %5 = affine.load %arg1[%arg2, %arg3] : memref<?x40xf64>
  %6 = arith.divf %5, %4 : f64
  affine.store %6, %arg1[%arg2, %arg3] : memref<?x40xf64>
}

Pattern recognition complete:
  Loads: 2
  Stores: 1
  LinalgGenerics: 1

Loop bounds:
  lbMap: () -> (0)
  ubMap: (d0) -> (d0)

--- Processing Linalg Generics ---
Processing linalg.generic:
linalg.generic {indexing_maps = [affine_map<(d0) -> (d0)>, affine_map<(d0) -> (d0)>, affine_map<(d0) -> (d0)>], iterator_types = ["reduction"]} ins(%4, %5 : memref<?xf64>, memref<?xf64>) outs(%6 : memref<?xf64>) {
^bb0(%in: f64, %in_0: f64, %out: f64):
  %10 = arith.mulf %in, %in_0 : f64
  %11 = arith.subf %out, %10 : f64
  linalg.yield %11 : f64
}
  Processing 2 inputs
  Input 0 indexing map: (d0) -> (d0)

=== getLinalgArgMap ===
  Initial lgMap: (d0) -> (d0)
  Found SubmapOp with map: (d0)[s0] -> (s0, d0)
  Composed map: (d0)[s0] -> (s0, d0)
  Final lgMap: (d0)[s0] -> (s0, d0)
=== getLinalgArgMap END ===

  Calling remap_in_affine_dim for input 0

=== remap_in_affine_dim ===
  oldmap: (d0)[s0] -> (s0, d0)
  firstNDims: 1
  check_reduction (input): 0
  lower_bound_val: 0
  dimidx: -1
  check_reduction (output): 0
  new map (map2): (d0, d1)[s0] -> (s0, d0)
  validDims: 1, validSims: 1
Non-dominating block argument encountered
  REJECTED: remap_in_affine_dim returned illegal for input

========================================
=== AffineForOpRaising::matchAndRewrite ===
========================================
Processing loop:
affine.for %arg2 = 0 to %0 {
  %1 = affine.apply affine_map<(d0) -> (d0)>(%arg2)
  affine.for %arg3 = 0 to affine_map<(d0) -> (d0)>(%arg2) {
    %2 = polygeist.submap(%arg1, %arg2, %arg3) {map = affine_map<(d0)[s0] -> (s0, d0)>} : (memref<?x40xf64>, index, index) -> memref<?xf64>
    %3 = polygeist.submap(%arg1, %arg3, %arg3) {map = affine_map<(d0)[s0] -> (d0, s0)>} : (memref<?x40xf64>, index, index) -> memref<?xf64>
    %4 = polygeist.submap(%arg1, %arg2, %arg3, %arg3) {map = affine_map<(d0)[s0, s1] -> (s0, s1)>} : (memref<?x40xf64>, index, index, index) -> memref<?xf64>
    linalg.generic {indexing_maps = [affine_map<(d0) -> (d0)>, affine_map<(d0) -> (d0)>, affine_map<(d0) -> (d0)>], iterator_types = ["reduction"]} ins(%2, %3 : memref<?xf64>, memref<?xf64>) outs(%4 : memref<?xf64>) {
    ^bb0(%in: f64, %in_0: f64, %out: f64):
      %8 = arith.mulf %in, %in_0 : f64
      %9 = arith.subf %out, %8 : f64
      linalg.yield %9 : f64
    }
    %5 = affine.load %arg1[%arg3, %arg3] : memref<?x40xf64>
    %6 = affine.load %arg1[%arg2, %arg3] : memref<?x40xf64>
    %7 = arith.divf %6, %5 : f64
    affine.store %7, %arg1[%arg2, %arg3] : memref<?x40xf64>
  }
  affine.for %arg3 = affine_map<(d0) -> (d0)>(%arg2) to %0 {
    %2 = polygeist.submap(%arg1, %arg2, %arg2) {map = affine_map<(d0)[s0] -> (s0, d0)>} : (memref<?x40xf64>, index, index) -> memref<?xf64>
    %3 = polygeist.submap(%arg1, %arg3, %arg2) {map = affine_map<(d0)[s0] -> (d0, s0)>} : (memref<?x40xf64>, index, index) -> memref<?xf64>
    %4 = polygeist.submap(%arg1, %arg2, %arg3, %arg2) {map = affine_map<(d0)[s0, s1] -> (s0, s1)>} : (memref<?x40xf64>, index, index, index) -> memref<?xf64>
    linalg.generic {indexing_maps = [affine_map<(d0) -> (d0)>, affine_map<(d0) -> (d0)>, affine_map<(d0) -> (d0)>], iterator_types = ["reduction"]} ins(%2, %3 : memref<?xf64>, memref<?xf64>) outs(%4 : memref<?xf64>) {
    ^bb0(%in: f64, %in_0: f64, %out: f64):
      %5 = arith.mulf %in, %in_0 : f64
      %6 = arith.subf %out, %5 : f64
      linalg.yield %6 : f64
    }
  }
}

REJECTED: Walk was interrupted (invalid operations found)


========================================
=== AffineForOpRaising::matchAndRewrite ===
========================================
Processing loop:
affine.for %arg3 = affine_map<(d0) -> (d0)>(%arg2) to %0 {
  %1 = polygeist.submap(%arg1, %arg2, %arg2) {map = affine_map<(d0)[s0] -> (s0, d0)>} : (memref<?x40xf64>, index, index) -> memref<?xf64>
  %2 = polygeist.submap(%arg1, %arg3, %arg2) {map = affine_map<(d0)[s0] -> (d0, s0)>} : (memref<?x40xf64>, index, index) -> memref<?xf64>
  %3 = polygeist.submap(%arg1, %arg2, %arg3, %arg2) {map = affine_map<(d0)[s0, s1] -> (s0, s1)>} : (memref<?x40xf64>, index, index, index) -> memref<?xf64>
  linalg.generic {indexing_maps = [affine_map<(d0) -> (d0)>, affine_map<(d0) -> (d0)>, affine_map<(d0) -> (d0)>], iterator_types = ["reduction"]} ins(%1, %2 : memref<?xf64>, memref<?xf64>) outs(%3 : memref<?xf64>) {
  ^bb0(%in: f64, %in_0: f64, %out: f64):
    %4 = arith.mulf %in, %in_0 : f64
    %5 = arith.subf %out, %4 : f64
    linalg.yield %5 : f64
  }
}

Pattern recognition complete:
  Loads: 0
  Stores: 0
  LinalgGenerics: 1

REJECTED: Loop doesn't have constant lower bound


========================================
=== AffineForOpRaising::matchAndRewrite ===
========================================
Processing loop:
affine.for %arg2 = 0 to %0 {
  affine.for %arg3 = 0 to affine_map<(d0) -> (d0)>(%arg2) {
    %1 = polygeist.submap(%arg1, %arg2, %arg3) {map = affine_map<(d0)[s0] -> (s0, d0)>} : (memref<?x40xf64>, index, index) -> memref<?xf64>
    %2 = polygeist.submap(%arg1, %arg3, %arg3) {map = affine_map<(d0)[s0] -> (d0, s0)>} : (memref<?x40xf64>, index, index) -> memref<?xf64>
    %3 = polygeist.submap(%arg1, %arg2, %arg3, %arg3) {map = affine_map<(d0)[s0, s1] -> (s0, s1)>} : (memref<?x40xf64>, index, index, index) -> memref<?xf64>
    linalg.generic {indexing_maps = [affine_map<(d0) -> (d0)>, affine_map<(d0) -> (d0)>, affine_map<(d0) -> (d0)>], iterator_types = ["reduction"]} ins(%1, %2 : memref<?xf64>, memref<?xf64>) outs(%3 : memref<?xf64>) {
    ^bb0(%in: f64, %in_0: f64, %out: f64):
      %7 = arith.mulf %in, %in_0 : f64
      %8 = arith.subf %out, %7 : f64
      linalg.yield %8 : f64
    }
    %4 = affine.load %arg1[%arg3, %arg3] : memref<?x40xf64>
    %5 = affine.load %arg1[%arg2, %arg3] : memref<?x40xf64>
    %6 = arith.divf %5, %4 : f64
    affine.store %6, %arg1[%arg2, %arg3] : memref<?x40xf64>
  }
  affine.for %arg3 = affine_map<(d0) -> (d0)>(%arg2) to %0 {
    %1 = polygeist.submap(%arg1, %arg2, %arg2) {map = affine_map<(d0)[s0] -> (s0, d0)>} : (memref<?x40xf64>, index, index) -> memref<?xf64>
    %2 = polygeist.submap(%arg1, %arg3, %arg2) {map = affine_map<(d0)[s0] -> (d0, s0)>} : (memref<?x40xf64>, index, index) -> memref<?xf64>
    %3 = polygeist.submap(%arg1, %arg2, %arg3, %arg2) {map = affine_map<(d0)[s0, s1] -> (s0, s1)>} : (memref<?x40xf64>, index, index, index) -> memref<?xf64>
    linalg.generic {indexing_maps = [affine_map<(d0) -> (d0)>, affine_map<(d0) -> (d0)>, affine_map<(d0) -> (d0)>], iterator_types = ["reduction"]} ins(%1, %2 : memref<?xf64>, memref<?xf64>) outs(%3 : memref<?xf64>) {
    ^bb0(%in: f64, %in_0: f64, %out: f64):
      %4 = arith.mulf %in, %in_0 : f64
      %5 = arith.subf %out, %4 : f64
      linalg.yield %5 : f64
    }
  }
}

REJECTED: Walk was interrupted (invalid operations found)


========================================
=== AffineForOpRaising::matchAndRewrite ===
========================================
Processing loop:
affine.for %arg3 = 0 to affine_map<(d0) -> (d0)>(%arg2) {
  %1 = polygeist.submap(%arg1, %arg2, %arg3) {map = affine_map<(d0)[s0] -> (s0, d0)>} : (memref<?x40xf64>, index, index) -> memref<?xf64>
  %2 = polygeist.submap(%arg1, %arg3, %arg3) {map = affine_map<(d0)[s0] -> (d0, s0)>} : (memref<?x40xf64>, index, index) -> memref<?xf64>
  %3 = polygeist.submap(%arg1, %arg2, %arg3, %arg3) {map = affine_map<(d0)[s0, s1] -> (s0, s1)>} : (memref<?x40xf64>, index, index, index) -> memref<?xf64>
  linalg.generic {indexing_maps = [affine_map<(d0) -> (d0)>, affine_map<(d0) -> (d0)>, affine_map<(d0) -> (d0)>], iterator_types = ["reduction"]} ins(%1, %2 : memref<?xf64>, memref<?xf64>) outs(%3 : memref<?xf64>) {
  ^bb0(%in: f64, %in_0: f64, %out: f64):
    %7 = arith.mulf %in, %in_0 : f64
    %8 = arith.subf %out, %7 : f64
    linalg.yield %8 : f64
  }
  %4 = affine.load %arg1[%arg3, %arg3] : memref<?x40xf64>
  %5 = affine.load %arg1[%arg2, %arg3] : memref<?x40xf64>
  %6 = arith.divf %5, %4 : f64
  affine.store %6, %arg1[%arg2, %arg3] : memref<?x40xf64>
}

Pattern recognition complete:
  Loads: 2
  Stores: 1
  LinalgGenerics: 1

Loop bounds:
  lbMap: () -> (0)
  ubMap: (d0) -> (d0)

--- Processing Linalg Generics ---
Processing linalg.generic:
linalg.generic {indexing_maps = [affine_map<(d0) -> (d0)>, affine_map<(d0) -> (d0)>, affine_map<(d0) -> (d0)>], iterator_types = ["reduction"]} ins(%4, %5 : memref<?xf64>, memref<?xf64>) outs(%6 : memref<?xf64>) {
^bb0(%in: f64, %in_0: f64, %out: f64):
  %10 = arith.mulf %in, %in_0 : f64
  %11 = arith.subf %out, %10 : f64
  linalg.yield %11 : f64
}
  Processing 2 inputs
  Input 0 indexing map: (d0) -> (d0)

=== getLinalgArgMap ===
  Initial lgMap: (d0) -> (d0)
  Found SubmapOp with map: (d0)[s0] -> (s0, d0)
  Composed map: (d0)[s0] -> (s0, d0)
  Final lgMap: (d0)[s0] -> (s0, d0)
=== getLinalgArgMap END ===

  Calling remap_in_affine_dim for input 0

=== remap_in_affine_dim ===
  oldmap: (d0)[s0] -> (s0, d0)
  firstNDims: 1
  check_reduction (input): 0
  lower_bound_val: 0
  dimidx: -1
  check_reduction (output): 0
  new map (map2): (d0, d1)[s0] -> (s0, d0)
  validDims: 1, validSims: 1
Non-dominating block argument encountered
  REJECTED: remap_in_affine_dim returned illegal for input

========================================
=== AffineForOpRaising::matchAndRewrite ===
========================================
Processing loop:
affine.for %arg2 = 0 to %0 {
  %1 = affine.apply affine_map<(d0) -> (d0)>(%arg2)
  affine.for %arg3 = 0 to affine_map<(d0) -> (d0)>(%arg2) {
    %2 = polygeist.submap(%arg1, %arg2, %arg3) {map = affine_map<(d0)[s0] -> (s0, d0)>} : (memref<?x40xf64>, index, index) -> memref<?xf64>
    %3 = polygeist.submap(%arg1, %arg3, %arg3) {map = affine_map<(d0)[s0] -> (d0, s0)>} : (memref<?x40xf64>, index, index) -> memref<?xf64>
    %4 = polygeist.submap(%arg1, %arg2, %arg3, %arg3) {map = affine_map<(d0)[s0, s1] -> (s0, s1)>} : (memref<?x40xf64>, index, index, index) -> memref<?xf64>
    linalg.generic {indexing_maps = [affine_map<(d0) -> (d0)>, affine_map<(d0) -> (d0)>, affine_map<(d0) -> (d0)>], iterator_types = ["reduction"]} ins(%2, %3 : memref<?xf64>, memref<?xf64>) outs(%4 : memref<?xf64>) {
    ^bb0(%in: f64, %in_0: f64, %out: f64):
      %8 = arith.mulf %in, %in_0 : f64
      %9 = arith.subf %out, %8 : f64
      linalg.yield %9 : f64
    }
    %5 = affine.load %arg1[%arg3, %arg3] : memref<?x40xf64>
    %6 = affine.load %arg1[%arg2, %arg3] : memref<?x40xf64>
    %7 = arith.divf %6, %5 : f64
    affine.store %7, %arg1[%arg2, %arg3] : memref<?x40xf64>
  }
  affine.for %arg3 = affine_map<(d0) -> (d0)>(%arg2) to %0 {
    %2 = polygeist.submap(%arg1, %arg2, %arg2) {map = affine_map<(d0)[s0] -> (s0, d0)>} : (memref<?x40xf64>, index, index) -> memref<?xf64>
    %3 = polygeist.submap(%arg1, %arg3, %arg2) {map = affine_map<(d0)[s0] -> (d0, s0)>} : (memref<?x40xf64>, index, index) -> memref<?xf64>
    %4 = polygeist.submap(%arg1, %arg2, %arg3, %arg2) {map = affine_map<(d0)[s0, s1] -> (s0, s1)>} : (memref<?x40xf64>, index, index, index) -> memref<?xf64>
    linalg.generic {indexing_maps = [affine_map<(d0) -> (d0)>, affine_map<(d0) -> (d0)>, affine_map<(d0) -> (d0)>], iterator_types = ["reduction"]} ins(%2, %3 : memref<?xf64>, memref<?xf64>) outs(%4 : memref<?xf64>) {
    ^bb0(%in: f64, %in_0: f64, %out: f64):
      %5 = arith.mulf %in, %in_0 : f64
      %6 = arith.subf %out, %5 : f64
      linalg.yield %6 : f64
    }
  }
}

REJECTED: Walk was interrupted (invalid operations found)


========================================
=== AffineForOpRaising::matchAndRewrite ===
========================================
Processing loop:
affine.for %arg3 = affine_map<(d0) -> (d0)>(%arg2) to %0 {
  %1 = polygeist.submap(%arg1, %arg2, %arg2) {map = affine_map<(d0)[s0] -> (s0, d0)>} : (memref<?x40xf64>, index, index) -> memref<?xf64>
  %2 = polygeist.submap(%arg1, %arg3, %arg2) {map = affine_map<(d0)[s0] -> (d0, s0)>} : (memref<?x40xf64>, index, index) -> memref<?xf64>
  %3 = polygeist.submap(%arg1, %arg2, %arg3, %arg2) {map = affine_map<(d0)[s0, s1] -> (s0, s1)>} : (memref<?x40xf64>, index, index, index) -> memref<?xf64>
  linalg.generic {indexing_maps = [affine_map<(d0) -> (d0)>, affine_map<(d0) -> (d0)>, affine_map<(d0) -> (d0)>], iterator_types = ["reduction"]} ins(%1, %2 : memref<?xf64>, memref<?xf64>) outs(%3 : memref<?xf64>) {
  ^bb0(%in: f64, %in_0: f64, %out: f64):
    %4 = arith.mulf %in, %in_0 : f64
    %5 = arith.subf %out, %4 : f64
    linalg.yield %5 : f64
  }
}

Pattern recognition complete:
  Loads: 0
  Stores: 0
  LinalgGenerics: 1

REJECTED: Loop doesn't have constant lower bound


========================================
=== AffineForOpRaising::matchAndRewrite ===
========================================
Processing loop:
affine.for %arg2 = 0 to %0 {
  affine.for %arg3 = 0 to affine_map<(d0) -> (d0)>(%arg2) {
    %1 = polygeist.submap(%arg1, %arg2, %arg3) {map = affine_map<(d0)[s0] -> (s0, d0)>} : (memref<?x40xf64>, index, index) -> memref<?xf64>
    %2 = polygeist.submap(%arg1, %arg3, %arg3) {map = affine_map<(d0)[s0] -> (d0, s0)>} : (memref<?x40xf64>, index, index) -> memref<?xf64>
    %3 = polygeist.submap(%arg1, %arg2, %arg3, %arg3) {map = affine_map<(d0)[s0, s1] -> (s0, s1)>} : (memref<?x40xf64>, index, index, index) -> memref<?xf64>
    linalg.generic {indexing_maps = [affine_map<(d0) -> (d0)>, affine_map<(d0) -> (d0)>, affine_map<(d0) -> (d0)>], iterator_types = ["reduction"]} ins(%1, %2 : memref<?xf64>, memref<?xf64>) outs(%3 : memref<?xf64>) {
    ^bb0(%in: f64, %in_0: f64, %out: f64):
      %7 = arith.mulf %in, %in_0 : f64
      %8 = arith.subf %out, %7 : f64
      linalg.yield %8 : f64
    }
    %4 = affine.load %arg1[%arg3, %arg3] : memref<?x40xf64>
    %5 = affine.load %arg1[%arg2, %arg3] : memref<?x40xf64>
    %6 = arith.divf %5, %4 : f64
    affine.store %6, %arg1[%arg2, %arg3] : memref<?x40xf64>
  }
  affine.for %arg3 = affine_map<(d0) -> (d0)>(%arg2) to %0 {
    %1 = polygeist.submap(%arg1, %arg2, %arg2) {map = affine_map<(d0)[s0] -> (s0, d0)>} : (memref<?x40xf64>, index, index) -> memref<?xf64>
    %2 = polygeist.submap(%arg1, %arg3, %arg2) {map = affine_map<(d0)[s0] -> (d0, s0)>} : (memref<?x40xf64>, index, index) -> memref<?xf64>
    %3 = polygeist.submap(%arg1, %arg2, %arg3, %arg2) {map = affine_map<(d0)[s0, s1] -> (s0, s1)>} : (memref<?x40xf64>, index, index, index) -> memref<?xf64>
    linalg.generic {indexing_maps = [affine_map<(d0) -> (d0)>, affine_map<(d0) -> (d0)>, affine_map<(d0) -> (d0)>], iterator_types = ["reduction"]} ins(%1, %2 : memref<?xf64>, memref<?xf64>) outs(%3 : memref<?xf64>) {
    ^bb0(%in: f64, %in_0: f64, %out: f64):
      %4 = arith.mulf %in, %in_0 : f64
      %5 = arith.subf %out, %4 : f64
      linalg.yield %5 : f64
    }
  }
}

REJECTED: Walk was interrupted (invalid operations found)


========================================
=== AffineForOpRaising::matchAndRewrite ===
========================================
Processing loop:
affine.for %arg3 = 0 to affine_map<(d0) -> (d0)>(%arg2) {
  %1 = polygeist.submap(%arg1, %arg2, %arg3) {map = affine_map<(d0)[s0] -> (s0, d0)>} : (memref<?x40xf64>, index, index) -> memref<?xf64>
  %2 = polygeist.submap(%arg1, %arg3, %arg3) {map = affine_map<(d0)[s0] -> (d0, s0)>} : (memref<?x40xf64>, index, index) -> memref<?xf64>
  %3 = polygeist.submap(%arg1, %arg2, %arg3, %arg3) {map = affine_map<(d0)[s0, s1] -> (s0, s1)>} : (memref<?x40xf64>, index, index, index) -> memref<?xf64>
  linalg.generic {indexing_maps = [affine_map<(d0) -> (d0)>, affine_map<(d0) -> (d0)>, affine_map<(d0) -> (d0)>], iterator_types = ["reduction"]} ins(%1, %2 : memref<?xf64>, memref<?xf64>) outs(%3 : memref<?xf64>) {
  ^bb0(%in: f64, %in_0: f64, %out: f64):
    %7 = arith.mulf %in, %in_0 : f64
    %8 = arith.subf %out, %7 : f64
    linalg.yield %8 : f64
  }
  %4 = affine.load %arg1[%arg3, %arg3] : memref<?x40xf64>
  %5 = affine.load %arg1[%arg2, %arg3] : memref<?x40xf64>
  %6 = arith.divf %5, %4 : f64
  affine.store %6, %arg1[%arg2, %arg3] : memref<?x40xf64>
}

Pattern recognition complete:
  Loads: 2
  Stores: 1
  LinalgGenerics: 1

Loop bounds:
  lbMap: () -> (0)
  ubMap: (d0) -> (d0)

--- Processing Linalg Generics ---
Processing linalg.generic:
linalg.generic {indexing_maps = [affine_map<(d0) -> (d0)>, affine_map<(d0) -> (d0)>, affine_map<(d0) -> (d0)>], iterator_types = ["reduction"]} ins(%4, %5 : memref<?xf64>, memref<?xf64>) outs(%6 : memref<?xf64>) {
^bb0(%in: f64, %in_0: f64, %out: f64):
  %10 = arith.mulf %in, %in_0 : f64
  %11 = arith.subf %out, %10 : f64
  linalg.yield %11 : f64
}
  Processing 2 inputs
  Input 0 indexing map: (d0) -> (d0)

=== getLinalgArgMap ===
  Initial lgMap: (d0) -> (d0)
  Found SubmapOp with map: (d0)[s0] -> (s0, d0)
  Composed map: (d0)[s0] -> (s0, d0)
  Final lgMap: (d0)[s0] -> (s0, d0)
=== getLinalgArgMap END ===

  Calling remap_in_affine_dim for input 0

=== remap_in_affine_dim ===
  oldmap: (d0)[s0] -> (s0, d0)
  firstNDims: 1
  check_reduction (input): 0
  lower_bound_val: 0
  dimidx: -1
  check_reduction (output): 0
  new map (map2): (d0, d1)[s0] -> (s0, d0)
  validDims: 1, validSims: 1
Non-dominating block argument encountered
  REJECTED: remap_in_affine_dim returned illegal for input

========================================
=== AffineForOpRaising::matchAndRewrite ===
========================================
Processing loop:
affine.for %arg2 = 0 to %0 {
  %1 = affine.apply affine_map<(d0) -> (d0)>(%arg2)
  affine.for %arg3 = 0 to affine_map<(d0) -> (d0)>(%arg2) {
    %2 = polygeist.submap(%arg1, %arg2, %arg3) {map = affine_map<(d0)[s0] -> (s0, d0)>} : (memref<?x40xf64>, index, index) -> memref<?xf64>
    %3 = polygeist.submap(%arg1, %arg3, %arg3) {map = affine_map<(d0)[s0] -> (d0, s0)>} : (memref<?x40xf64>, index, index) -> memref<?xf64>
    %4 = polygeist.submap(%arg1, %arg2, %arg3, %arg3) {map = affine_map<(d0)[s0, s1] -> (s0, s1)>} : (memref<?x40xf64>, index, index, index) -> memref<?xf64>
    linalg.generic {indexing_maps = [affine_map<(d0) -> (d0)>, affine_map<(d0) -> (d0)>, affine_map<(d0) -> (d0)>], iterator_types = ["reduction"]} ins(%2, %3 : memref<?xf64>, memref<?xf64>) outs(%4 : memref<?xf64>) {
    ^bb0(%in: f64, %in_0: f64, %out: f64):
      %8 = arith.mulf %in, %in_0 : f64
      %9 = arith.subf %out, %8 : f64
      linalg.yield %9 : f64
    }
    %5 = affine.load %arg1[%arg3, %arg3] : memref<?x40xf64>
    %6 = affine.load %arg1[%arg2, %arg3] : memref<?x40xf64>
    %7 = arith.divf %6, %5 : f64
    affine.store %7, %arg1[%arg2, %arg3] : memref<?x40xf64>
  }
  affine.for %arg3 = affine_map<(d0) -> (d0)>(%arg2) to %0 {
    %2 = polygeist.submap(%arg1, %arg2, %arg2) {map = affine_map<(d0)[s0] -> (s0, d0)>} : (memref<?x40xf64>, index, index) -> memref<?xf64>
    %3 = polygeist.submap(%arg1, %arg3, %arg2) {map = affine_map<(d0)[s0] -> (d0, s0)>} : (memref<?x40xf64>, index, index) -> memref<?xf64>
    %4 = polygeist.submap(%arg1, %arg2, %arg3, %arg2) {map = affine_map<(d0)[s0, s1] -> (s0, s1)>} : (memref<?x40xf64>, index, index, index) -> memref<?xf64>
    linalg.generic {indexing_maps = [affine_map<(d0) -> (d0)>, affine_map<(d0) -> (d0)>, affine_map<(d0) -> (d0)>], iterator_types = ["reduction"]} ins(%2, %3 : memref<?xf64>, memref<?xf64>) outs(%4 : memref<?xf64>) {
    ^bb0(%in: f64, %in_0: f64, %out: f64):
      %5 = arith.mulf %in, %in_0 : f64
      %6 = arith.subf %out, %5 : f64
      linalg.yield %6 : f64
    }
  }
}

REJECTED: Walk was interrupted (invalid operations found)


========================================
=== AffineForOpRaising::matchAndRewrite ===
========================================
Processing loop:
affine.for %arg3 = affine_map<(d0) -> (d0)>(%arg2) to %0 {
  %1 = polygeist.submap(%arg1, %arg2, %arg2) {map = affine_map<(d0)[s0] -> (s0, d0)>} : (memref<?x40xf64>, index, index) -> memref<?xf64>
  %2 = polygeist.submap(%arg1, %arg3, %arg2) {map = affine_map<(d0)[s0] -> (d0, s0)>} : (memref<?x40xf64>, index, index) -> memref<?xf64>
  %3 = polygeist.submap(%arg1, %arg2, %arg3, %arg2) {map = affine_map<(d0)[s0, s1] -> (s0, s1)>} : (memref<?x40xf64>, index, index, index) -> memref<?xf64>
  linalg.generic {indexing_maps = [affine_map<(d0) -> (d0)>, affine_map<(d0) -> (d0)>, affine_map<(d0) -> (d0)>], iterator_types = ["reduction"]} ins(%1, %2 : memref<?xf64>, memref<?xf64>) outs(%3 : memref<?xf64>) {
  ^bb0(%in: f64, %in_0: f64, %out: f64):
    %4 = arith.mulf %in, %in_0 : f64
    %5 = arith.subf %out, %4 : f64
    linalg.yield %5 : f64
  }
}

Pattern recognition complete:
  Loads: 0
  Stores: 0
  LinalgGenerics: 1

REJECTED: Loop doesn't have constant lower bound


========================================
=== AffineForOpRaising::matchAndRewrite ===
========================================
Processing loop:
affine.for %arg2 = 0 to %0 {
  affine.for %arg3 = 0 to affine_map<(d0) -> (d0)>(%arg2) {
    %1 = polygeist.submap(%arg1, %arg2, %arg3) {map = affine_map<(d0)[s0] -> (s0, d0)>} : (memref<?x40xf64>, index, index) -> memref<?xf64>
    %2 = polygeist.submap(%arg1, %arg3, %arg3) {map = affine_map<(d0)[s0] -> (d0, s0)>} : (memref<?x40xf64>, index, index) -> memref<?xf64>
    %3 = polygeist.submap(%arg1, %arg2, %arg3, %arg3) {map = affine_map<(d0)[s0, s1] -> (s0, s1)>} : (memref<?x40xf64>, index, index, index) -> memref<?xf64>
    linalg.generic {indexing_maps = [affine_map<(d0) -> (d0)>, affine_map<(d0) -> (d0)>, affine_map<(d0) -> (d0)>], iterator_types = ["reduction"]} ins(%1, %2 : memref<?xf64>, memref<?xf64>) outs(%3 : memref<?xf64>) {
    ^bb0(%in: f64, %in_0: f64, %out: f64):
      %7 = arith.mulf %in, %in_0 : f64
      %8 = arith.subf %out, %7 : f64
      linalg.yield %8 : f64
    }
    %4 = affine.load %arg1[%arg3, %arg3] : memref<?x40xf64>
    %5 = affine.load %arg1[%arg2, %arg3] : memref<?x40xf64>
    %6 = arith.divf %5, %4 : f64
    affine.store %6, %arg1[%arg2, %arg3] : memref<?x40xf64>
  }
  affine.for %arg3 = affine_map<(d0) -> (d0)>(%arg2) to %0 {
    %1 = polygeist.submap(%arg1, %arg2, %arg2) {map = affine_map<(d0)[s0] -> (s0, d0)>} : (memref<?x40xf64>, index, index) -> memref<?xf64>
    %2 = polygeist.submap(%arg1, %arg3, %arg2) {map = affine_map<(d0)[s0] -> (d0, s0)>} : (memref<?x40xf64>, index, index) -> memref<?xf64>
    %3 = polygeist.submap(%arg1, %arg2, %arg3, %arg2) {map = affine_map<(d0)[s0, s1] -> (s0, s1)>} : (memref<?x40xf64>, index, index, index) -> memref<?xf64>
    linalg.generic {indexing_maps = [affine_map<(d0) -> (d0)>, affine_map<(d0) -> (d0)>, affine_map<(d0) -> (d0)>], iterator_types = ["reduction"]} ins(%1, %2 : memref<?xf64>, memref<?xf64>) outs(%3 : memref<?xf64>) {
    ^bb0(%in: f64, %in_0: f64, %out: f64):
      %4 = arith.mulf %in, %in_0 : f64
      %5 = arith.subf %out, %4 : f64
      linalg.yield %5 : f64
    }
  }
}

REJECTED: Walk was interrupted (invalid operations found)


========================================
=== AffineForOpRaising::matchAndRewrite ===
========================================
Processing loop:
affine.for %arg3 = 0 to affine_map<(d0) -> (d0)>(%arg2) {
  %1 = polygeist.submap(%arg1, %arg2, %arg3) {map = affine_map<(d0)[s0] -> (s0, d0)>} : (memref<?x40xf64>, index, index) -> memref<?xf64>
  %2 = polygeist.submap(%arg1, %arg3, %arg3) {map = affine_map<(d0)[s0] -> (d0, s0)>} : (memref<?x40xf64>, index, index) -> memref<?xf64>
  %3 = polygeist.submap(%arg1, %arg2, %arg3, %arg3) {map = affine_map<(d0)[s0, s1] -> (s0, s1)>} : (memref<?x40xf64>, index, index, index) -> memref<?xf64>
  linalg.generic {indexing_maps = [affine_map<(d0) -> (d0)>, affine_map<(d0) -> (d0)>, affine_map<(d0) -> (d0)>], iterator_types = ["reduction"]} ins(%1, %2 : memref<?xf64>, memref<?xf64>) outs(%3 : memref<?xf64>) {
  ^bb0(%in: f64, %in_0: f64, %out: f64):
    %7 = arith.mulf %in, %in_0 : f64
    %8 = arith.subf %out, %7 : f64
    linalg.yield %8 : f64
  }
  %4 = affine.load %arg1[%arg3, %arg3] : memref<?x40xf64>
  %5 = affine.load %arg1[%arg2, %arg3] : memref<?x40xf64>
  %6 = arith.divf %5, %4 : f64
  affine.store %6, %arg1[%arg2, %arg3] : memref<?x40xf64>
}

Pattern recognition complete:
  Loads: 2
  Stores: 1
  LinalgGenerics: 1

Loop bounds:
  lbMap: () -> (0)
  ubMap: (d0) -> (d0)

--- Processing Linalg Generics ---
Processing linalg.generic:
linalg.generic {indexing_maps = [affine_map<(d0) -> (d0)>, affine_map<(d0) -> (d0)>, affine_map<(d0) -> (d0)>], iterator_types = ["reduction"]} ins(%4, %5 : memref<?xf64>, memref<?xf64>) outs(%6 : memref<?xf64>) {
^bb0(%in: f64, %in_0: f64, %out: f64):
  %10 = arith.mulf %in, %in_0 : f64
  %11 = arith.subf %out, %10 : f64
  linalg.yield %11 : f64
}
  Processing 2 inputs
  Input 0 indexing map: (d0) -> (d0)

=== getLinalgArgMap ===
  Initial lgMap: (d0) -> (d0)
  Found SubmapOp with map: (d0)[s0] -> (s0, d0)
  Composed map: (d0)[s0] -> (s0, d0)
  Final lgMap: (d0)[s0] -> (s0, d0)
=== getLinalgArgMap END ===

  Calling remap_in_affine_dim for input 0

=== remap_in_affine_dim ===
  oldmap: (d0)[s0] -> (s0, d0)
  firstNDims: 1
  check_reduction (input): 0
  lower_bound_val: 0
  dimidx: -1
  check_reduction (output): 0
  new map (map2): (d0, d1)[s0] -> (s0, d0)
  validDims: 1, validSims: 1
Non-dominating block argument encountered
  REJECTED: remap_in_affine_dim returned illegal for input

========================================
=== AffineForOpRaising::matchAndRewrite ===
========================================
Processing loop:
affine.for %arg2 = 0 to %0 {
  %1 = affine.apply affine_map<(d0) -> (d0)>(%arg2)
  affine.for %arg3 = 0 to affine_map<(d0) -> (d0)>(%arg2) {
    %2 = polygeist.submap(%arg1, %arg2, %arg3) {map = affine_map<(d0)[s0] -> (s0, d0)>} : (memref<?x40xf64>, index, index) -> memref<?xf64>
    %3 = polygeist.submap(%arg1, %arg3, %arg3) {map = affine_map<(d0)[s0] -> (d0, s0)>} : (memref<?x40xf64>, index, index) -> memref<?xf64>
    %4 = polygeist.submap(%arg1, %arg2, %arg3, %arg3) {map = affine_map<(d0)[s0, s1] -> (s0, s1)>} : (memref<?x40xf64>, index, index, index) -> memref<?xf64>
    linalg.generic {indexing_maps = [affine_map<(d0) -> (d0)>, affine_map<(d0) -> (d0)>, affine_map<(d0) -> (d0)>], iterator_types = ["reduction"]} ins(%2, %3 : memref<?xf64>, memref<?xf64>) outs(%4 : memref<?xf64>) {
    ^bb0(%in: f64, %in_0: f64, %out: f64):
      %8 = arith.mulf %in, %in_0 : f64
      %9 = arith.subf %out, %8 : f64
      linalg.yield %9 : f64
    }
    %5 = affine.load %arg1[%arg3, %arg3] : memref<?x40xf64>
    %6 = affine.load %arg1[%arg2, %arg3] : memref<?x40xf64>
    %7 = arith.divf %6, %5 : f64
    affine.store %7, %arg1[%arg2, %arg3] : memref<?x40xf64>
  }
  affine.for %arg3 = affine_map<(d0) -> (d0)>(%arg2) to %0 {
    %2 = polygeist.submap(%arg1, %arg2, %arg2) {map = affine_map<(d0)[s0] -> (s0, d0)>} : (memref<?x40xf64>, index, index) -> memref<?xf64>
    %3 = polygeist.submap(%arg1, %arg3, %arg2) {map = affine_map<(d0)[s0] -> (d0, s0)>} : (memref<?x40xf64>, index, index) -> memref<?xf64>
    %4 = polygeist.submap(%arg1, %arg2, %arg3, %arg2) {map = affine_map<(d0)[s0, s1] -> (s0, s1)>} : (memref<?x40xf64>, index, index, index) -> memref<?xf64>
    linalg.generic {indexing_maps = [affine_map<(d0) -> (d0)>, affine_map<(d0) -> (d0)>, affine_map<(d0) -> (d0)>], iterator_types = ["reduction"]} ins(%2, %3 : memref<?xf64>, memref<?xf64>) outs(%4 : memref<?xf64>) {
    ^bb0(%in: f64, %in_0: f64, %out: f64):
      %5 = arith.mulf %in, %in_0 : f64
      %6 = arith.subf %out, %5 : f64
      linalg.yield %6 : f64
    }
  }
}

REJECTED: Walk was interrupted (invalid operations found)


========================================
=== AffineForOpRaising::matchAndRewrite ===
========================================
Processing loop:
affine.for %arg3 = affine_map<(d0) -> (d0)>(%arg2) to %0 {
  %1 = polygeist.submap(%arg1, %arg2, %arg2) {map = affine_map<(d0)[s0] -> (s0, d0)>} : (memref<?x40xf64>, index, index) -> memref<?xf64>
  %2 = polygeist.submap(%arg1, %arg3, %arg2) {map = affine_map<(d0)[s0] -> (d0, s0)>} : (memref<?x40xf64>, index, index) -> memref<?xf64>
  %3 = polygeist.submap(%arg1, %arg2, %arg3, %arg2) {map = affine_map<(d0)[s0, s1] -> (s0, s1)>} : (memref<?x40xf64>, index, index, index) -> memref<?xf64>
  linalg.generic {indexing_maps = [affine_map<(d0) -> (d0)>, affine_map<(d0) -> (d0)>, affine_map<(d0) -> (d0)>], iterator_types = ["reduction"]} ins(%1, %2 : memref<?xf64>, memref<?xf64>) outs(%3 : memref<?xf64>) {
  ^bb0(%in: f64, %in_0: f64, %out: f64):
    %4 = arith.mulf %in, %in_0 : f64
    %5 = arith.subf %out, %4 : f64
    linalg.yield %5 : f64
  }
}

Pattern recognition complete:
  Loads: 0
  Stores: 0
  LinalgGenerics: 1

REJECTED: Loop doesn't have constant lower bound


========================================
=== AffineForOpRaising::matchAndRewrite ===
========================================
Processing loop:
affine.for %arg2 = 0 to %0 {
  affine.for %arg3 = 0 to affine_map<(d0) -> (d0)>(%arg2) {
    %1 = polygeist.submap(%arg1, %arg2, %arg3) {map = affine_map<(d0)[s0] -> (s0, d0)>} : (memref<?x40xf64>, index, index) -> memref<?xf64>
    %2 = polygeist.submap(%arg1, %arg3, %arg3) {map = affine_map<(d0)[s0] -> (d0, s0)>} : (memref<?x40xf64>, index, index) -> memref<?xf64>
    %3 = polygeist.submap(%arg1, %arg2, %arg3, %arg3) {map = affine_map<(d0)[s0, s1] -> (s0, s1)>} : (memref<?x40xf64>, index, index, index) -> memref<?xf64>
    linalg.generic {indexing_maps = [affine_map<(d0) -> (d0)>, affine_map<(d0) -> (d0)>, affine_map<(d0) -> (d0)>], iterator_types = ["reduction"]} ins(%1, %2 : memref<?xf64>, memref<?xf64>) outs(%3 : memref<?xf64>) {
    ^bb0(%in: f64, %in_0: f64, %out: f64):
      %7 = arith.mulf %in, %in_0 : f64
      %8 = arith.subf %out, %7 : f64
      linalg.yield %8 : f64
    }
    %4 = affine.load %arg1[%arg3, %arg3] : memref<?x40xf64>
    %5 = affine.load %arg1[%arg2, %arg3] : memref<?x40xf64>
    %6 = arith.divf %5, %4 : f64
    affine.store %6, %arg1[%arg2, %arg3] : memref<?x40xf64>
  }
  affine.for %arg3 = affine_map<(d0) -> (d0)>(%arg2) to %0 {
    %1 = polygeist.submap(%arg1, %arg2, %arg2) {map = affine_map<(d0)[s0] -> (s0, d0)>} : (memref<?x40xf64>, index, index) -> memref<?xf64>
    %2 = polygeist.submap(%arg1, %arg3, %arg2) {map = affine_map<(d0)[s0] -> (d0, s0)>} : (memref<?x40xf64>, index, index) -> memref<?xf64>
    %3 = polygeist.submap(%arg1, %arg2, %arg3, %arg2) {map = affine_map<(d0)[s0, s1] -> (s0, s1)>} : (memref<?x40xf64>, index, index, index) -> memref<?xf64>
    linalg.generic {indexing_maps = [affine_map<(d0) -> (d0)>, affine_map<(d0) -> (d0)>, affine_map<(d0) -> (d0)>], iterator_types = ["reduction"]} ins(%1, %2 : memref<?xf64>, memref<?xf64>) outs(%3 : memref<?xf64>) {
    ^bb0(%in: f64, %in_0: f64, %out: f64):
      %4 = arith.mulf %in, %in_0 : f64
      %5 = arith.subf %out, %4 : f64
      linalg.yield %5 : f64
    }
  }
}

REJECTED: Walk was interrupted (invalid operations found)


========================================
=== AffineForOpRaising::matchAndRewrite ===
========================================
Processing loop:
affine.for %arg3 = 0 to affine_map<(d0) -> (d0)>(%arg2) {
  %1 = polygeist.submap(%arg1, %arg2, %arg3) {map = affine_map<(d0)[s0] -> (s0, d0)>} : (memref<?x40xf64>, index, index) -> memref<?xf64>
  %2 = polygeist.submap(%arg1, %arg3, %arg3) {map = affine_map<(d0)[s0] -> (d0, s0)>} : (memref<?x40xf64>, index, index) -> memref<?xf64>
  %3 = polygeist.submap(%arg1, %arg2, %arg3, %arg3) {map = affine_map<(d0)[s0, s1] -> (s0, s1)>} : (memref<?x40xf64>, index, index, index) -> memref<?xf64>
  linalg.generic {indexing_maps = [affine_map<(d0) -> (d0)>, affine_map<(d0) -> (d0)>, affine_map<(d0) -> (d0)>], iterator_types = ["reduction"]} ins(%1, %2 : memref<?xf64>, memref<?xf64>) outs(%3 : memref<?xf64>) {
  ^bb0(%in: f64, %in_0: f64, %out: f64):
    %7 = arith.mulf %in, %in_0 : f64
    %8 = arith.subf %out, %7 : f64
    linalg.yield %8 : f64
  }
  %4 = affine.load %arg1[%arg3, %arg3] : memref<?x40xf64>
  %5 = affine.load %arg1[%arg2, %arg3] : memref<?x40xf64>
  %6 = arith.divf %5, %4 : f64
  affine.store %6, %arg1[%arg2, %arg3] : memref<?x40xf64>
}

Pattern recognition complete:
  Loads: 2
  Stores: 1
  LinalgGenerics: 1

Loop bounds:
  lbMap: () -> (0)
  ubMap: (d0) -> (d0)

--- Processing Linalg Generics ---
Processing linalg.generic:
linalg.generic {indexing_maps = [affine_map<(d0) -> (d0)>, affine_map<(d0) -> (d0)>, affine_map<(d0) -> (d0)>], iterator_types = ["reduction"]} ins(%4, %5 : memref<?xf64>, memref<?xf64>) outs(%6 : memref<?xf64>) {
^bb0(%in: f64, %in_0: f64, %out: f64):
  %10 = arith.mulf %in, %in_0 : f64
  %11 = arith.subf %out, %10 : f64
  linalg.yield %11 : f64
}
  Processing 2 inputs
  Input 0 indexing map: (d0) -> (d0)

=== getLinalgArgMap ===
  Initial lgMap: (d0) -> (d0)
  Found SubmapOp with map: (d0)[s0] -> (s0, d0)
  Composed map: (d0)[s0] -> (s0, d0)
  Final lgMap: (d0)[s0] -> (s0, d0)
=== getLinalgArgMap END ===

  Calling remap_in_affine_dim for input 0

=== remap_in_affine_dim ===
  oldmap: (d0)[s0] -> (s0, d0)
  firstNDims: 1
  check_reduction (input): 0
  lower_bound_val: 0
  dimidx: -1
  check_reduction (output): 0
  new map (map2): (d0, d1)[s0] -> (s0, d0)
  validDims: 1, validSims: 1
Non-dominating block argument encountered
  REJECTED: remap_in_affine_dim returned illegal for input

========================================
=== AffineForOpRaising::matchAndRewrite ===
========================================
Processing loop:
affine.for %arg2 = 0 to %0 {
  %1 = affine.apply affine_map<(d0) -> (d0)>(%arg2)
  affine.for %arg3 = 0 to affine_map<(d0) -> (d0)>(%arg2) {
    %2 = polygeist.submap(%arg1, %arg2, %arg3) {map = affine_map<(d0)[s0] -> (s0, d0)>} : (memref<?x40xf64>, index, index) -> memref<?xf64>
    %3 = polygeist.submap(%arg1, %arg3, %arg3) {map = affine_map<(d0)[s0] -> (d0, s0)>} : (memref<?x40xf64>, index, index) -> memref<?xf64>
    %4 = polygeist.submap(%arg1, %arg2, %arg3, %arg3) {map = affine_map<(d0)[s0, s1] -> (s0, s1)>} : (memref<?x40xf64>, index, index, index) -> memref<?xf64>
    linalg.generic {indexing_maps = [affine_map<(d0) -> (d0)>, affine_map<(d0) -> (d0)>, affine_map<(d0) -> (d0)>], iterator_types = ["reduction"]} ins(%2, %3 : memref<?xf64>, memref<?xf64>) outs(%4 : memref<?xf64>) {
    ^bb0(%in: f64, %in_0: f64, %out: f64):
      %8 = arith.mulf %in, %in_0 : f64
      %9 = arith.subf %out, %8 : f64
      linalg.yield %9 : f64
    }
    %5 = affine.load %arg1[%arg3, %arg3] : memref<?x40xf64>
    %6 = affine.load %arg1[%arg2, %arg3] : memref<?x40xf64>
    %7 = arith.divf %6, %5 : f64
    affine.store %7, %arg1[%arg2, %arg3] : memref<?x40xf64>
  }
  affine.for %arg3 = affine_map<(d0) -> (d0)>(%arg2) to %0 {
    %2 = polygeist.submap(%arg1, %arg2, %arg2) {map = affine_map<(d0)[s0] -> (s0, d0)>} : (memref<?x40xf64>, index, index) -> memref<?xf64>
    %3 = polygeist.submap(%arg1, %arg3, %arg2) {map = affine_map<(d0)[s0] -> (d0, s0)>} : (memref<?x40xf64>, index, index) -> memref<?xf64>
    %4 = polygeist.submap(%arg1, %arg2, %arg3, %arg2) {map = affine_map<(d0)[s0, s1] -> (s0, s1)>} : (memref<?x40xf64>, index, index, index) -> memref<?xf64>
    linalg.generic {indexing_maps = [affine_map<(d0) -> (d0)>, affine_map<(d0) -> (d0)>, affine_map<(d0) -> (d0)>], iterator_types = ["reduction"]} ins(%2, %3 : memref<?xf64>, memref<?xf64>) outs(%4 : memref<?xf64>) {
    ^bb0(%in: f64, %in_0: f64, %out: f64):
      %5 = arith.mulf %in, %in_0 : f64
      %6 = arith.subf %out, %5 : f64
      linalg.yield %6 : f64
    }
  }
}

REJECTED: Walk was interrupted (invalid operations found)


========================================
=== AffineForOpRaising::matchAndRewrite ===
========================================
Processing loop:
affine.for %arg3 = affine_map<(d0) -> (d0)>(%arg2) to %0 {
  %1 = polygeist.submap(%arg1, %arg2, %arg2) {map = affine_map<(d0)[s0] -> (s0, d0)>} : (memref<?x40xf64>, index, index) -> memref<?xf64>
  %2 = polygeist.submap(%arg1, %arg3, %arg2) {map = affine_map<(d0)[s0] -> (d0, s0)>} : (memref<?x40xf64>, index, index) -> memref<?xf64>
  %3 = polygeist.submap(%arg1, %arg2, %arg3, %arg2) {map = affine_map<(d0)[s0, s1] -> (s0, s1)>} : (memref<?x40xf64>, index, index, index) -> memref<?xf64>
  linalg.generic {indexing_maps = [affine_map<(d0) -> (d0)>, affine_map<(d0) -> (d0)>, affine_map<(d0) -> (d0)>], iterator_types = ["reduction"]} ins(%1, %2 : memref<?xf64>, memref<?xf64>) outs(%3 : memref<?xf64>) {
  ^bb0(%in: f64, %in_0: f64, %out: f64):
    %4 = arith.mulf %in, %in_0 : f64
    %5 = arith.subf %out, %4 : f64
    linalg.yield %5 : f64
  }
}

Pattern recognition complete:
  Loads: 0
  Stores: 0
  LinalgGenerics: 1

REJECTED: Loop doesn't have constant lower bound


========================================
=== AffineForOpRaising::matchAndRewrite ===
========================================
Processing loop:
affine.for %arg2 = 0 to %0 {
  affine.for %arg3 = 0 to affine_map<(d0) -> (d0)>(%arg2) {
    %1 = polygeist.submap(%arg1, %arg2, %arg3) {map = affine_map<(d0)[s0] -> (s0, d0)>} : (memref<?x40xf64>, index, index) -> memref<?xf64>
    %2 = polygeist.submap(%arg1, %arg3, %arg3) {map = affine_map<(d0)[s0] -> (d0, s0)>} : (memref<?x40xf64>, index, index) -> memref<?xf64>
    %3 = polygeist.submap(%arg1, %arg2, %arg3, %arg3) {map = affine_map<(d0)[s0, s1] -> (s0, s1)>} : (memref<?x40xf64>, index, index, index) -> memref<?xf64>
    linalg.generic {indexing_maps = [affine_map<(d0) -> (d0)>, affine_map<(d0) -> (d0)>, affine_map<(d0) -> (d0)>], iterator_types = ["reduction"]} ins(%1, %2 : memref<?xf64>, memref<?xf64>) outs(%3 : memref<?xf64>) {
    ^bb0(%in: f64, %in_0: f64, %out: f64):
      %7 = arith.mulf %in, %in_0 : f64
      %8 = arith.subf %out, %7 : f64
      linalg.yield %8 : f64
    }
    %4 = affine.load %arg1[%arg3, %arg3] : memref<?x40xf64>
    %5 = affine.load %arg1[%arg2, %arg3] : memref<?x40xf64>
    %6 = arith.divf %5, %4 : f64
    affine.store %6, %arg1[%arg2, %arg3] : memref<?x40xf64>
  }
  affine.for %arg3 = affine_map<(d0) -> (d0)>(%arg2) to %0 {
    %1 = polygeist.submap(%arg1, %arg2, %arg2) {map = affine_map<(d0)[s0] -> (s0, d0)>} : (memref<?x40xf64>, index, index) -> memref<?xf64>
    %2 = polygeist.submap(%arg1, %arg3, %arg2) {map = affine_map<(d0)[s0] -> (d0, s0)>} : (memref<?x40xf64>, index, index) -> memref<?xf64>
    %3 = polygeist.submap(%arg1, %arg2, %arg3, %arg2) {map = affine_map<(d0)[s0, s1] -> (s0, s1)>} : (memref<?x40xf64>, index, index, index) -> memref<?xf64>
    linalg.generic {indexing_maps = [affine_map<(d0) -> (d0)>, affine_map<(d0) -> (d0)>, affine_map<(d0) -> (d0)>], iterator_types = ["reduction"]} ins(%1, %2 : memref<?xf64>, memref<?xf64>) outs(%3 : memref<?xf64>) {
    ^bb0(%in: f64, %in_0: f64, %out: f64):
      %4 = arith.mulf %in, %in_0 : f64
      %5 = arith.subf %out, %4 : f64
      linalg.yield %5 : f64
    }
  }
}

REJECTED: Walk was interrupted (invalid operations found)


========================================
=== AffineForOpRaising::matchAndRewrite ===
========================================
Processing loop:
affine.for %arg3 = 0 to affine_map<(d0) -> (d0)>(%arg2) {
  %1 = polygeist.submap(%arg1, %arg2, %arg3) {map = affine_map<(d0)[s0] -> (s0, d0)>} : (memref<?x40xf64>, index, index) -> memref<?xf64>
  %2 = polygeist.submap(%arg1, %arg3, %arg3) {map = affine_map<(d0)[s0] -> (d0, s0)>} : (memref<?x40xf64>, index, index) -> memref<?xf64>
  %3 = polygeist.submap(%arg1, %arg2, %arg3, %arg3) {map = affine_map<(d0)[s0, s1] -> (s0, s1)>} : (memref<?x40xf64>, index, index, index) -> memref<?xf64>
  linalg.generic {indexing_maps = [affine_map<(d0) -> (d0)>, affine_map<(d0) -> (d0)>, affine_map<(d0) -> (d0)>], iterator_types = ["reduction"]} ins(%1, %2 : memref<?xf64>, memref<?xf64>) outs(%3 : memref<?xf64>) {
  ^bb0(%in: f64, %in_0: f64, %out: f64):
    %7 = arith.mulf %in, %in_0 : f64
    %8 = arith.subf %out, %7 : f64
    linalg.yield %8 : f64
  }
  %4 = affine.load %arg1[%arg3, %arg3] : memref<?x40xf64>
  %5 = affine.load %arg1[%arg2, %arg3] : memref<?x40xf64>
  %6 = arith.divf %5, %4 : f64
  affine.store %6, %arg1[%arg2, %arg3] : memref<?x40xf64>
}

Pattern recognition complete:
  Loads: 2
  Stores: 1
  LinalgGenerics: 1

Loop bounds:
  lbMap: () -> (0)
  ubMap: (d0) -> (d0)

--- Processing Linalg Generics ---
Processing linalg.generic:
linalg.generic {indexing_maps = [affine_map<(d0) -> (d0)>, affine_map<(d0) -> (d0)>, affine_map<(d0) -> (d0)>], iterator_types = ["reduction"]} ins(%4, %5 : memref<?xf64>, memref<?xf64>) outs(%6 : memref<?xf64>) {
^bb0(%in: f64, %in_0: f64, %out: f64):
  %10 = arith.mulf %in, %in_0 : f64
  %11 = arith.subf %out, %10 : f64
  linalg.yield %11 : f64
}
  Processing 2 inputs
  Input 0 indexing map: (d0) -> (d0)

=== getLinalgArgMap ===
  Initial lgMap: (d0) -> (d0)
  Found SubmapOp with map: (d0)[s0] -> (s0, d0)
  Composed map: (d0)[s0] -> (s0, d0)
  Final lgMap: (d0)[s0] -> (s0, d0)
=== getLinalgArgMap END ===

  Calling remap_in_affine_dim for input 0

=== remap_in_affine_dim ===
  oldmap: (d0)[s0] -> (s0, d0)
  firstNDims: 1
  check_reduction (input): 0
  lower_bound_val: 0
  dimidx: -1
  check_reduction (output): 0
  new map (map2): (d0, d1)[s0] -> (s0, d0)
  validDims: 1, validSims: 1
Non-dominating block argument encountered
  REJECTED: remap_in_affine_dim returned illegal for input

========================================
=== AffineForOpRaising::matchAndRewrite ===
========================================
Processing loop:
affine.for %arg2 = 0 to %0 {
  %1 = affine.apply affine_map<(d0) -> (d0)>(%arg2)
  affine.for %arg3 = 0 to affine_map<(d0) -> (d0)>(%arg2) {
    %2 = polygeist.submap(%arg1, %arg2, %arg3) {map = affine_map<(d0)[s0] -> (s0, d0)>} : (memref<?x40xf64>, index, index) -> memref<?xf64>
    %3 = polygeist.submap(%arg1, %arg3, %arg3) {map = affine_map<(d0)[s0] -> (d0, s0)>} : (memref<?x40xf64>, index, index) -> memref<?xf64>
    %4 = polygeist.submap(%arg1, %arg2, %arg3, %arg3) {map = affine_map<(d0)[s0, s1] -> (s0, s1)>} : (memref<?x40xf64>, index, index, index) -> memref<?xf64>
    linalg.generic {indexing_maps = [affine_map<(d0) -> (d0)>, affine_map<(d0) -> (d0)>, affine_map<(d0) -> (d0)>], iterator_types = ["reduction"]} ins(%2, %3 : memref<?xf64>, memref<?xf64>) outs(%4 : memref<?xf64>) {
    ^bb0(%in: f64, %in_0: f64, %out: f64):
      %8 = arith.mulf %in, %in_0 : f64
      %9 = arith.subf %out, %8 : f64
      linalg.yield %9 : f64
    }
    %5 = affine.load %arg1[%arg3, %arg3] : memref<?x40xf64>
    %6 = affine.load %arg1[%arg2, %arg3] : memref<?x40xf64>
    %7 = arith.divf %6, %5 : f64
    affine.store %7, %arg1[%arg2, %arg3] : memref<?x40xf64>
  }
  affine.for %arg3 = affine_map<(d0) -> (d0)>(%arg2) to %0 {
    %2 = polygeist.submap(%arg1, %arg2, %arg2) {map = affine_map<(d0)[s0] -> (s0, d0)>} : (memref<?x40xf64>, index, index) -> memref<?xf64>
    %3 = polygeist.submap(%arg1, %arg3, %arg2) {map = affine_map<(d0)[s0] -> (d0, s0)>} : (memref<?x40xf64>, index, index) -> memref<?xf64>
    %4 = polygeist.submap(%arg1, %arg2, %arg3, %arg2) {map = affine_map<(d0)[s0, s1] -> (s0, s1)>} : (memref<?x40xf64>, index, index, index) -> memref<?xf64>
    linalg.generic {indexing_maps = [affine_map<(d0) -> (d0)>, affine_map<(d0) -> (d0)>, affine_map<(d0) -> (d0)>], iterator_types = ["reduction"]} ins(%2, %3 : memref<?xf64>, memref<?xf64>) outs(%4 : memref<?xf64>) {
    ^bb0(%in: f64, %in_0: f64, %out: f64):
      %5 = arith.mulf %in, %in_0 : f64
      %6 = arith.subf %out, %5 : f64
      linalg.yield %6 : f64
    }
  }
}

REJECTED: Walk was interrupted (invalid operations found)

WARNING: AffineForOpRaising didn't converge
lu.mlir:3:3: warning: AffineForOpRaising didn't converge, continuing anyway
  func.func @kernel_lu(%arg0: i32, %arg1: memref<?x40xf64>) attributes {llvm.linkage = #llvm.linkage<external>} {
  ^
lu.mlir:3:3: note: see current operation: 
func.func @kernel_lu(%arg0: i32, %arg1: memref<?x40xf64>) attributes {llvm.linkage = #llvm.linkage<external>} {
  %0 = arith.index_cast %arg0 : i32 to index
  affine.for %arg2 = 0 to %0 {
    affine.for %arg3 = 0 to affine_map<(d0) -> (d0)>(%arg2) {
      %1 = polygeist.submap(%arg1, %arg2, %arg3) {map = affine_map<(d0)[s0] -> (s0, d0)>} : (memref<?x40xf64>, index, index) -> memref<?xf64>
      %2 = polygeist.submap(%arg1, %arg3, %arg3) {map = affine_map<(d0)[s0] -> (d0, s0)>} : (memref<?x40xf64>, index, index) -> memref<?xf64>
      %3 = polygeist.submap(%arg1, %arg2, %arg3, %arg3) {map = affine_map<(d0)[s0, s1] -> (s0, s1)>} : (memref<?x40xf64>, index, index, index) -> memref<?xf64>
      linalg.generic {indexing_maps = [affine_map<(d0) -> (d0)>, affine_map<(d0) -> (d0)>, affine_map<(d0) -> (d0)>], iterator_types = ["reduction"]} ins(%1, %2 : memref<?xf64>, memref<?xf64>) outs(%3 : memref<?xf64>) {
      ^bb0(%in: f64, %in_0: f64, %out: f64):
        %7 = arith.mulf %in, %in_0 : f64
        %8 = arith.subf %out, %7 : f64
        linalg.yield %8 : f64
      }
      %4 = affine.load %arg1[%arg3, %arg3] : memref<?x40xf64>
      %5 = affine.load %arg1[%arg2, %arg3] : memref<?x40xf64>
      %6 = arith.divf %5, %4 : f64
      affine.store %6, %arg1[%arg2, %arg3] : memref<?x40xf64>
    }
    affine.for %arg3 = affine_map<(d0) -> (d0)>(%arg2) to %0 {
      %1 = polygeist.submap(%arg1, %arg2, %arg2) {map = affine_map<(d0)[s0] -> (s0, d0)>} : (memref<?x40xf64>, index, index) -> memref<?xf64>
      %2 = polygeist.submap(%arg1, %arg3, %arg2) {map = affine_map<(d0)[s0] -> (d0, s0)>} : (memref<?x40xf64>, index, index) -> memref<?xf64>
      %3 = polygeist.submap(%arg1, %arg2, %arg3, %arg2) {map = affine_map<(d0)[s0, s1] -> (s0, s1)>} : (memref<?x40xf64>, index, index, index) -> memref<?xf64>
      linalg.generic {indexing_maps = [affine_map<(d0) -> (d0)>, affine_map<(d0) -> (d0)>, affine_map<(d0) -> (d0)>], iterator_types = ["reduction"]} ins(%1, %2 : memref<?xf64>, memref<?xf64>) outs(%3 : memref<?xf64>) {
      ^bb0(%in: f64, %in_0: f64, %out: f64):
        %4 = arith.mulf %in, %in_0 : f64
        %5 = arith.subf %out, %4 : f64
        linalg.yield %5 : f64
      }
    }
  }
  return
}
### Step 3 Complete ###

****************************************
*** RaiseAffineToLinalg END ***
****************************************


****************************************
*** RaiseAffineToLinalgPipeline END ***
****************************************

