kernel,upstream_source,upstream_token,benchmark_api,native_cuda_source,native_cuda_token,native_cuda_provenance,comparability,legal_ratio,semantic_note,shape,adjudication_source,dtype,recipe_version,recipe_fingerprint,measured_recipe_fingerprint,shape_selection,shape_selection_note,gpu_status,cpu_status,cpu_orin_status,timing_scope
aten_abs,aten/src/ATen/native/cpu/UnaryOpsKernel.cpp,abs_kernel,torch.abs,,,MEASURED_CUDA_DISPATCH_SOURCE_NOT_PINNED,EXACT_ATEN_OPERATION,yes,"shape, dtype, output materialization, and operation semantics aligned",N=4194304,built_in_provenance_rule,f32,2026-09-08-v3,6f2fbd84283a7177,,AUTO_SCALE_LARGEST_ARRAY_APPROX_4194304,uniformly scale extracted dimensions; preserve ratios; minimum dimension 2,PASS,PASS,PASS,best_of_20_synchronized_wall; warmup=5
aten_acos,aten/src/ATen/native/cpu/UnaryOpsKernel.cpp,acos_kernel,torch.acos,,,MEASURED_CUDA_DISPATCH_SOURCE_NOT_PINNED,EXACT_ATEN_OPERATION,yes,"shape, dtype, output materialization, and operation semantics aligned",N=4194304,built_in_provenance_rule,f32,2026-09-08-v3,85bb3f1c3c6b8549,,AUTO_SCALE_LARGEST_ARRAY_APPROX_4194304,uniformly scale extracted dimensions; preserve ratios; minimum dimension 2,PASS,PASS,PASS,best_of_20_synchronized_wall; warmup=5
aten_acosh,aten/src/ATen/native/cpu/UnaryOpsKernel.cpp,acosh_kernel,torch.acosh,,,MEASURED_CUDA_DISPATCH_SOURCE_NOT_PINNED,EXACT_ATEN_OPERATION,yes,"shape, dtype, output materialization, and operation semantics aligned",N=4194304,built_in_provenance_rule,f32,2026-09-08-v3,ed8691f0d04228f3,,AUTO_SCALE_LARGEST_ARRAY_APPROX_4194304,uniformly scale extracted dimensions; preserve ratios; minimum dimension 2,PASS,PASS,PASS,best_of_20_synchronized_wall; warmup=5
aten_adaptive_avg_pool2d,aten/src/ATen/native/AdaptiveAveragePooling.cpp,adaptive_avg_pool2d,torch.nn.functional.adaptive_avg_pool2d,aten/src/ATen/native/cuda/AdaptiveAveragePooling.cu,Tensor adaptive_avg_pool2d_cuda(,PINNED_IMPLEMENTATION_SOURCE,EXACT_ATEN_OPERATION,yes,"shape, dtype, output materialization, and operation semantics aligned",B=4_C=32_H=256_W=256_OH=128_OW=128,built_in_provenance_rule,f32,2026-09-08-v3,1a91e610dab8183b,,EXPLICIT_STRUCTURED_SHAPE,full regular 2x2 uniform-window convolution,PASS,PASS,PASS,best_of_20_synchronized_wall; warmup=5
aten_adaptive_avg_pool2d_backward_cpu,aten/src/ATen/native/cpu/AdaptiveAvgPoolKernel.cpp,adapative_avg_pool2d_backward_kernel_impl,torch.ops.aten._adaptive_avg_pool2d_backward,aten/src/ATen/native/cuda/AdaptiveAveragePooling.cu,Tensor adaptive_avg_pool2d_backward_cuda(,PINNED_IMPLEMENTATION_SOURCE,EXACT_ATEN_OPERATION,yes,"shape, dtype, output materialization, and operation semantics aligned",B=1_C=2_I0=6_O0=3_I1=7_O1=3,built_in_provenance_rule,f32,2026-09-08-v3,89333b9eaee2c52c,,EXPLICIT_STRUCTURED_SHAPE,full fractional adaptive average backward,PASS,PASS,PASS,best_of_20_synchronized_wall; warmup=5
aten_adaptive_avg_pool3d,aten/src/ATen/native/AdaptiveAveragePooling3d.cpp,adaptive_avg_pool3d,torch.nn.functional.adaptive_avg_pool3d,aten/src/ATen/native/cuda/AdaptiveAveragePooling3d.cu,Tensor adaptive_avg_pool3d_cuda(,PINNED_IMPLEMENTATION_SOURCE,EXACT_ATEN_OPERATION,yes,"shape, dtype, output materialization, and operation semantics aligned",B=2_C=3_D=8_H=8_W=8,built_in_provenance_rule,f32,2026-09-08-v3,b3c8e383067677ef,,EXPLICIT_STRUCTURED_SHAPE,full regular adaptive average 3d forward,PASS,PASS,PASS,best_of_20_synchronized_wall; warmup=5
aten_adaptive_avg_pool3d_backward_cpu,aten/src/ATen/native/cpu/AdaptiveAvgPoolKernel.cpp,adapative_avg_pool3d_backward_kernel_impl,torch.ops.aten._adaptive_avg_pool3d_backward,aten/src/ATen/native/cuda/AdaptiveAveragePooling3d.cu,Tensor adaptive_avg_pool3d_backward_cuda(,PINNED_IMPLEMENTATION_SOURCE,EXACT_ATEN_OPERATION,yes,"shape, dtype, output materialization, and operation semantics aligned",B=1_C=2_I0=6_O0=3_I1=7_O1=3_I2=8_O2=3,built_in_provenance_rule,f32,2026-09-08-v3,d43f964a57156ad4,,EXPLICIT_STRUCTURED_SHAPE,full fractional adaptive average 3d backward,PASS,PASS,PASS,best_of_20_synchronized_wall; warmup=5
aten_adaptive_max_pool2d_backward_cpu,aten/src/ATen/native/cpu/AdaptiveMaxPoolKernel.cpp,adaptive_max_pool2d_backward_kernel_impl,torch.ops.aten.adaptive_max_pool2d_backward,,,MEASURED_CUDA_DISPATCH_SOURCE_NOT_PINNED,EXACT_ATEN_OPERATION,yes,"shape, dtype, output materialization, and operation semantics aligned",B=1_C=2_I0=6_O0=3_I1=7_O1=3,built_in_provenance_rule,f32,2026-09-08-v3,39fcc708e001d3b6,,EXPLICIT_STRUCTURED_SHAPE,full saved-index adaptive max 2d backward,PASS,PASS,PASS,best_of_20_synchronized_wall; warmup=5
aten_add,aten/src/ATen/native/CPUBlas.cpp,void axpy,torch.add,,,MEASURED_CUDA_DISPATCH_SOURCE_NOT_PINNED,EXACT_ATEN_OPERATION,yes,"shape, dtype, output materialization, and operation semantics aligned",B=11_C=46_H=92_W=92,built_in_provenance_rule,f32,2026-09-08-v3,3f848f6bbc668548,,AUTO_SCALE_LARGEST_ARRAY_APPROX_4194304,uniformly scale extracted dimensions; preserve ratios; minimum dimension 2,PASS,PASS,PASS,best_of_20_synchronized_wall; warmup=5
aten_add_clamp,aten/src/ATen/native/cpu/BinaryOpsKernel.cpp,add_clamp_kernel,torch.add + torch.clamp,,,MEASURED_CUDA_DISPATCH_SOURCE_NOT_PINNED,EXACT_MATERIALIZED_COMPOSITION,yes_composition,"same dense result and layout, implemented by multiple ATen operations",N=4194304,built_in_provenance_rule,f32,2026-09-08-v3,e6061ef1e74be3cd,,AUTO_SCALE_LARGEST_ARRAY_APPROX_4194304,uniformly scale extracted dimensions; preserve ratios; minimum dimension 2,PASS,PASS,PASS,best_of_20_synchronized_wall; warmup=5
aten_addcdiv,aten/src/ATen/native/cpu/PointwiseOpsKernel.cpp,addcdiv_cpu,torch.addcdiv,,,MEASURED_CUDA_DISPATCH_SOURCE_NOT_PINNED,EXACT_ATEN_OPERATION,yes,"audited complete operation: shape, dtype, outputs, layout, and fixed parameters align",N=4194304,native_fixture_adjudication.csv,f32,2026-09-08-v3,edb482d5b31abdc6,,EXPLICIT_STRUCTURED_SHAPE,full graph,PASS,MISSING,PASS,best_of_20_synchronized_wall; warmup=5
aten_addcmul,aten/src/ATen/native/cpu/PointwiseOpsKernel.cpp,addcmul_cpu,torch.addcmul,,,MEASURED_CUDA_DISPATCH_SOURCE_NOT_PINNED,EXACT_ATEN_OPERATION,yes,"audited complete operation: shape, dtype, outputs, layout, and fixed parameters align",N=4194304,native_fixture_adjudication.csv,f32,2026-09-08-v3,28105c017f81cc7d,,EXPLICIT_STRUCTURED_SHAPE,full graph,PASS,MISSING,PASS,best_of_20_synchronized_wall; warmup=5
aten_addmm,aten/src/ATen/native/LinearAlgebra.cpp,static void addmm_impl_cpu_,torch.addmm,,,MEASURED_CUDA_DISPATCH_SOURCE_NOT_PINNED,EXACT_ATEN_OPERATION,yes,"shape, dtype, output materialization, and operation semantics aligned",M=512_N=512_K=512,built_in_provenance_rule,f64,2026-09-08-v3,ffd39b2736a01291,,EXPLICIT_STRUCTURED_SHAPE,full FP64 GEMM with alpha and beta,PASS,PASS,PASS,best_of_20_synchronized_wall; warmup=5
aten_addr_elementwise,aten/src/ATen/native/cpu/LinearAlgebraKernel.cpp,addr_kernel,torch.addr_elementwise,,,MEASURED_CUDA_DISPATCH_SOURCE_NOT_PINNED,EXACT_EXTRACTED_FIXTURE,yes,fingerprinted CUDA recipe reproduces the complete fixed C fixture; classification is limited to the extracted fixture and does not claim equivalence to additional parent-operator dispatch or storage work,N=8388608,native_fixture_adjudication.csv,f32,2026-09-08-v3,7a7a9623bd97ca37,7a7a9623bd97ca37,EXPLICIT_STRUCTURED_SHAPE,full beta-zero addr graph through cuDNN pointwise operations,PASS,MISSING,PASS,best_of_20_synchronized_wall; warmup=5
aten_allany_dims_cpu,aten/src/ATen/native/ReduceOps.cpp,allany_dims_default,torch.all/torch.any + int32 materialization,,,MEASURED_CUDA_DISPATCH_SOURCE_NOT_PINNED,EXACT_EXTRACTED_FIXTURE,yes,fingerprinted CUDA recipe reproduces the complete fixed C fixture; classification is limited to the extracted fixture and does not claim equivalence to additional parent-operator dispatch or storage work,R=131072_C=64,native_fixture_adjudication.csv,i32,2026-09-08-v3,35a61ce54804f951,35a61ce54804f951,EXPLICIT_STRUCTURED_SHAPE,full dynamic CUB segmented all-or-any reduction,PASS,MISSING,SKIP,best_of_20_synchronized_wall; warmup=5
aten_aminmax_allreduce_cpu,aten/src/ATen/native/cpu/ReduceAllOpsKernel.cpp,aminmax_allreduce_kernel,torch.aminmax_allreduce,,,MEASURED_CUDA_DISPATCH_SOURCE_NOT_PINNED,EXACT_BENCHMARK_DOMAIN,yes,audited for generated finite inputs; NaN/corner semantics are excluded from this fixed benchmark instance,N=4194304,native_fixture_adjudication.csv,f32,2026-09-08-v3,bcf3f003725b80a9,,AUTO_SCALE_LARGEST_ARRAY_APPROX_4194304,uniformly scale extracted dimensions; preserve ratios; minimum dimension 2,PASS,MISSING,PASS,best_of_20_synchronized_wall; warmup=5
aten_aminmax_cpu,aten/src/ATen/native/cpu/TensorCompareKernel.cpp,aminmax_kernel,torch.aminmax,,,MEASURED_CUDA_DISPATCH_SOURCE_NOT_PINNED,EXACT_BENCHMARK_DOMAIN,yes,audited for generated finite inputs; NaN/corner semantics are excluded from this fixed benchmark instance,N=4194304,native_fixture_adjudication.csv,f32,2026-09-08-v3,aecc587e74e29772,,AUTO_SCALE_LARGEST_ARRAY_APPROX_4194304,uniformly scale extracted dimensions; preserve ratios; minimum dimension 2,PASS,MISSING,PASS,best_of_20_synchronized_wall; warmup=5
aten_and_reduce_cpu,aten/src/ATen/native/cpu/ReduceOpsKernel.cpp,and_kernel_impl,torch.all + int32 materialization,,,MEASURED_CUDA_DISPATCH_SOURCE_NOT_PINNED,EXACT_EXTRACTED_FIXTURE,yes,fingerprinted CUDA recipe reproduces the complete fixed C fixture; classification is limited to the extracted fixture and does not claim equivalence to additional parent-operator dispatch or storage work,R=131072_K=64,native_fixture_adjudication.csv,i32,2026-09-08-v3,0926a61c1f3908b6,0926a61c1f3908b6,EXPLICIT_STRUCTURED_SHAPE,full CUB segmented logical-and reduction,PASS,MISSING,SKIP,best_of_20_synchronized_wall; warmup=5
aten_angle_complex_scalarized,aten/src/ATen/native/cpu/UnaryOpsKernel.cpp,angle_kernel,torch.angle,,,MEASURED_CUDA_DISPATCH_SOURCE_NOT_PINNED,EXACT_EXTRACTED_FIXTURE,yes,fingerprinted CUDA recipe reproduces the complete fixed C fixture; classification is limited to the extracted fixture and does not claim equivalence to additional parent-operator dispatch or storage work,N=4194304,native_fixture_adjudication.csv,f32,2026-09-08-v4,dea8f1b7b7cfa157,dea8f1b7b7cfa157,AUTO_SCALE_LARGEST_ARRAY_APPROX_4194304,uniformly scale extracted dimensions; preserve ratios; minimum dimension 2,PASS,MISSING,PASS,best_of_20_synchronized_wall; warmup=5
aten_angle_real,aten/src/ATen/native/cpu/UnaryOpsKernel.cpp,angle_kernel,torch.angle,,,MEASURED_CUDA_DISPATCH_SOURCE_NOT_PINNED,EXACT_ATEN_OPERATION,yes,"audited complete operation: shape, dtype, outputs, layout, and fixed parameters align",N=4194304,native_fixture_adjudication.csv,f32,2026-09-08-v3,9f7716be3c155ab8,,AUTO_SCALE_LARGEST_ARRAY_APPROX_4194304,uniformly scale extracted dimensions; preserve ratios; minimum dimension 2,PASS,MISSING,PASS,best_of_20_synchronized_wall; warmup=5
aten_argmax_cpu,aten/src/ATen/native/cpu/ReduceOpsKernel.cpp,argmax_kernel_impl,torch.argmax(dim=1),,,MEASURED_CUDA_DISPATCH_SOURCE_NOT_PINNED,EXACT_ATEN_OPERATION,yes,"shape, dtype, output materialization, and operation semantics aligned",R=131072_K=64,built_in_provenance_rule,f32,2026-09-08-v3,8b87dc0870be83c0,,EXPLICIT_STRUCTURED_SHAPE,full row-wise first-index argmax through CUB segmented reduction,PASS,PASS,PASS,best_of_20_synchronized_wall; warmup=5
aten_argmin_cpu,aten/src/ATen/native/cpu/ReduceOpsKernel.cpp,argmin_kernel_impl,torch.argmin(dim=1),,,MEASURED_CUDA_DISPATCH_SOURCE_NOT_PINNED,EXACT_ATEN_OPERATION,yes,"shape, dtype, output materialization, and operation semantics aligned",R=131072_K=64,built_in_provenance_rule,f32,2026-09-08-v3,927e47c252552e8f,,EXPLICIT_STRUCTURED_SHAPE,full row-wise first-index argmin through CUB segmented reduction,PASS,PASS,PASS,best_of_20_synchronized_wall; warmup=5
aten_as_complex_cpu,aten/src/ATen/native/SpectralOps.cpp,as_complex,torch.complex,,,MEASURED_CUDA_DISPATCH_SOURCE_NOT_PINNED,EXACT_EXTRACTED_FIXTURE,yes,fingerprinted CUDA recipe reproduces the complete fixed C fixture; classification is limited to the extracted fixture and does not claim equivalence to additional parent-operator dispatch or storage work,N=2097151,native_fixture_adjudication.csv,f32,2026-09-08-v4,95d705a24393ccd9,95d705a24393ccd9,AUTO_SCALE_LARGEST_ARRAY_APPROX_4194304,uniformly scale extracted dimensions; preserve ratios; minimum dimension 2,PASS,MISSING,PASS,best_of_20_synchronized_wall; warmup=5
aten_asin,aten/src/ATen/native/cpu/UnaryOpsKernel.cpp,asin_kernel,torch.asin,,,MEASURED_CUDA_DISPATCH_SOURCE_NOT_PINNED,EXACT_ATEN_OPERATION,yes,"shape, dtype, output materialization, and operation semantics aligned",N=4194304,built_in_provenance_rule,f32,2026-09-08-v3,4a903a7e272d7c75,,AUTO_SCALE_LARGEST_ARRAY_APPROX_4194304,uniformly scale extracted dimensions; preserve ratios; minimum dimension 2,PASS,PASS,PASS,best_of_20_synchronized_wall; warmup=5
aten_asinh,aten/src/ATen/native/cpu/UnaryOpsKernel.cpp,asinh_kernel,torch.asinh,,,MEASURED_CUDA_DISPATCH_SOURCE_NOT_PINNED,EXACT_ATEN_OPERATION,yes,"shape, dtype, output materialization, and operation semantics aligned",N=4194304,built_in_provenance_rule,f32,2026-09-08-v3,44b2f1000e079033,,AUTO_SCALE_LARGEST_ARRAY_APPROX_4194304,uniformly scale extracted dimensions; preserve ratios; minimum dimension 2,PASS,PASS,PASS,best_of_20_synchronized_wall; warmup=5
aten_atan,aten/src/ATen/native/cpu/UnaryOpsKernel.cpp,atan_kernel,torch.atan,,,MEASURED_CUDA_DISPATCH_SOURCE_NOT_PINNED,EXACT_ATEN_OPERATION,yes,"shape, dtype, output materialization, and operation semantics aligned",N=4194304,built_in_provenance_rule,f32,2026-09-08-v3,66b99564041cb6eb,,AUTO_SCALE_LARGEST_ARRAY_APPROX_4194304,uniformly scale extracted dimensions; preserve ratios; minimum dimension 2,PASS,PASS,PASS,best_of_20_synchronized_wall; warmup=5
aten_atan2,aten/src/ATen/native/cpu/BinaryOpsKernel.cpp,atan2_kernel,torch.atan2,,,MEASURED_CUDA_DISPATCH_SOURCE_NOT_PINNED,EXACT_ATEN_OPERATION,yes,"audited complete operation: shape, dtype, outputs, layout, and fixed parameters align",N=4194304,native_fixture_adjudication.csv,f32,2026-09-08-v3,8397dd293ff562c5,,AUTO_SCALE_LARGEST_ARRAY_APPROX_4194304,uniformly scale extracted dimensions; preserve ratios; minimum dimension 2,PASS,MISSING,PASS,best_of_20_synchronized_wall; warmup=5
aten_atanh,aten/src/ATen/native/cpu/UnaryOpsKernel.cpp,atanh_kernel,torch.atanh,,,MEASURED_CUDA_DISPATCH_SOURCE_NOT_PINNED,EXACT_ATEN_OPERATION,yes,"shape, dtype, output materialization, and operation semantics aligned",N=4194304,built_in_provenance_rule,f32,2026-09-08-v3,51c661d010e4b6de,,AUTO_SCALE_LARGEST_ARRAY_APPROX_4194304,uniformly scale extracted dimensions; preserve ratios; minimum dimension 2,PASS,PASS,PASS,best_of_20_synchronized_wall; warmup=5
aten_avg_pool2d,aten/src/ATen/native/AveragePool2d.cpp,avg_pool2d,torch.nn.functional.avg_pool2d,aten/src/ATen/native/cuda/AveragePool2d.cu,avg_pool2d_out_cuda,PINNED_IMPLEMENTATION_SOURCE,EXACT_ATEN_OPERATION,yes,"shape, dtype, output materialization, and operation semantics aligned",B=2_C=4_H=16_W=16,built_in_provenance_rule,f32,2026-09-08-v3,f8994b10d0786ea2,,EXPLICIT_STRUCTURED_SHAPE,full fixed average pool 2d forward,PASS,PASS,PASS,best_of_20_synchronized_wall; warmup=5
aten_avg_pool2d_backward_cpu,aten/src/ATen/native/cpu/AvgPoolKernel.cpp,avg_pool2d_backward_kernel_impl,torch.ops.aten.avg_pool2d_backward,,,MEASURED_CUDA_DISPATCH_SOURCE_NOT_PINNED,EXACT_ATEN_OPERATION,yes,"shape, dtype, output materialization, and operation semantics aligned",B=1_C=2_I0=6_I1=7,built_in_provenance_rule,f32,2026-09-08-v3,871518045875f207,,EXPLICIT_STRUCTURED_SHAPE,full fixed average pool 2d backward,PASS,PASS,PASS,best_of_20_synchronized_wall; warmup=5
aten_avg_pool3d,aten/src/ATen/native/AveragePool3d.cpp,avg_pool3d,torch.nn.functional.avg_pool3d,aten/src/ATen/native/cuda/AveragePool3d.cu,avg_pool3d_out_cuda,PINNED_IMPLEMENTATION_SOURCE,EXACT_ATEN_OPERATION,yes,"shape, dtype, output materialization, and operation semantics aligned",B=2_C=3_D=8_H=8_W=8,built_in_provenance_rule,f32,2026-09-08-v3,64727eb4df598924,,EXPLICIT_STRUCTURED_SHAPE,full fixed average pool 3d forward,PASS,PASS,PASS,best_of_20_synchronized_wall; warmup=5
aten_avg_pool3d_backward_cpu,aten/src/ATen/native/cpu/AvgPoolKernel.cpp,avg_pool3d_backward_kernel_impl,torch.ops.aten.avg_pool3d_backward,,,MEASURED_CUDA_DISPATCH_SOURCE_NOT_PINNED,EXACT_ATEN_OPERATION,yes,"shape, dtype, output materialization, and operation semantics aligned",B=1_C=2_I0=6_I1=7_I2=8,built_in_provenance_rule,f32,2026-09-08-v3,5be05477d0f38b1d,,EXPLICIT_STRUCTURED_SHAPE,full fixed average pool 3d backward,PASS,PASS,PASS,best_of_20_synchronized_wall; warmup=5
aten_batch_norm,aten/src/ATen/native/cpu/batch_norm_kernel.cpp,batch_norm_cpu_kernel,torch.nn.functional.batch_norm(training=False),,,MEASURED_CUDA_DISPATCH_SOURCE_NOT_PINNED,EXACT_EXTRACTED_STAGE,yes_stage_only,same extracted stage; not a claim about the complete parent operator,B=11_C=46_H=92_W=92,built_in_provenance_rule,f32,2026-09-08-v3,7293a8afa214b89c,,AUTO_SCALE_LARGEST_ARRAY_APPROX_4194304,uniformly scale extracted dimensions; preserve ratios; minimum dimension 2,PASS,PASS,PASS,best_of_20_synchronized_wall; warmup=5
aten_batch_norm_cpu_entry,aten/src/ATen/native/Normalization.cpp,batch_norm_cpu,torch.batch_norm_cpu_entry,,,MEASURED_CUDA_DISPATCH_SOURCE_NOT_PINNED,EXACT_EXTRACTED_FIXTURE,yes,fingerprinted CUDA recipe reproduces the complete fixed C fixture; classification is limited to the extracted fixture and does not claim equivalence to additional parent-operator dispatch or storage work,N=4194304,native_fixture_adjudication.csv,f32,2026-09-08-v3,dfec3f0041ccf405,dfec3f0041ccf405,EXPLICIT_STRUCTURED_SHAPE,full graph,PASS,MISSING,PASS,best_of_20_synchronized_wall; warmup=5
aten_batch_norm_transform_cpu,aten/src/ATen/native/Normalization.cpp,batch_norm_cpu_transform_input_template,torch.nn.functional.batch_norm(training=False),,,MEASURED_CUDA_DISPATCH_SOURCE_NOT_PINNED,EXACT_EXTRACTED_STAGE,yes_stage_only,same extracted stage; not a claim about the complete parent operator,N=32_C=64_H=64_W=64,built_in_provenance_rule,f32,2026-09-08-v3,eb541b0999f1f551,,EXPLICIT_STRUCTURED_SHAPE,full inference batch normalization through cuDNN,PASS,PASS,PASS,best_of_20_synchronized_wall; warmup=5
aten_bf16_dot_cpu,aten/src/ATen/native/cpu/ReducedPrecisionFloatGemvFastPathKernel.cpp,bf16_dot,torch.dot (fixture stores f32),,,MEASURED_CUDA_DISPATCH_SOURCE_NOT_PINNED,EXACT_EXTRACTED_FIXTURE,yes,fingerprinted CUDA recipe reproduces the complete fixed C fixture; classification is limited to the extracted fixture and does not claim equivalence to additional parent-operator dispatch or storage work,K=4194304,native_fixture_adjudication.csv,f32,2026-09-08-v3,1b0de289c2444987,1b0de289c2444987,EXPLICIT_STRUCTURED_SHAPE,full scalarized-f32 dot product through the bufferized cuBLAS Sdot route,PASS,MISSING,SKIP,best_of_20_synchronized_wall; warmup=5
aten_bf16_gemv_trans_cpu,aten/src/ATen/native/cpu/ReducedPrecisionFloatGemvFastPathKernel.cpp,bf16_gemv_trans,torch.mv(transposed matrix; fixture stores f32),,,MEASURED_CUDA_DISPATCH_SOURCE_NOT_PINNED,EXACT_EXTRACTED_FIXTURE,yes,fingerprinted CUDA recipe reproduces the complete fixed C fixture; classification is limited to the extracted fixture and does not claim equivalence to additional parent-operator dispatch or storage work,M=4096_K=8192,native_fixture_adjudication.csv,f32,2026-09-08-v3,329c1d537815c8c4,329c1d537815c8c4,EXPLICIT_STRUCTURED_SHAPE,full scalarized-f32 transposed GEMV through bufferized cuBLAS Sgemv,PASS,MISSING,SKIP,best_of_20_synchronized_wall; warmup=5
aten_bilinear_cpu,aten/src/ATen/native/Linear.cpp,bilinear,torch.bilinear,,,MEASURED_CUDA_DISPATCH_SOURCE_NOT_PINNED,EXACT_ATEN_OPERATION,yes,"audited complete operation: shape, dtype, outputs, layout, and fixed parameters align",B=65_I=131_J=163_O=196,native_fixture_adjudication.csv,f32,2026-09-08-v3,e4dc3d520d633c96,,AUTO_SCALE_LARGEST_ARRAY_APPROX_4194304,uniformly scale extracted dimensions; preserve ratios; minimum dimension 2,PASS,MISSING,PASS,best_of_20_synchronized_wall; warmup=5
aten_binary_cross_entropy,aten/src/ATen/native/Loss.cpp,binary_cross_entropy,torch.nn.functional.binary_cross_entropy,,,MEASURED_CUDA_DISPATCH_SOURCE_NOT_PINNED,EXACT_ATEN_OPERATION,yes,"shape, dtype, output materialization, and operation semantics aligned",N=8388608,built_in_provenance_rule,f32,2026-09-08-v3,53ff0e0ce1eaedbf,,EXPLICIT_STRUCTURED_SHAPE,cuDNN pointwise loss graph followed by cuDNN mean reduction,PASS,PASS,PASS,best_of_20_synchronized_wall; warmup=5
aten_blas_axpy_cpu,aten/src/ATen/native/cpu/BlasKernel.cpp,cpublas_axpy_impl,Tensor.add_(alpha=fixture scalar),,,MEASURED_CUDA_DISPATCH_SOURCE_NOT_PINNED,EXACT_EXTRACTED_FIXTURE,yes,fingerprinted CUDA recipe reproduces the complete fixed C fixture; classification is limited to the extracted fixture and does not claim equivalence to additional parent-operator dispatch or storage work,N=4194304,native_fixture_adjudication.csv,f32,2026-09-08-v3,6052b858c06bd41d,6052b858c06bd41d,AUTO_SCALE_LARGEST_ARRAY_APPROX_4194304,uniformly scale extracted dimensions; preserve ratios; minimum dimension 2,PASS,MISSING,SKIP,best_of_20_synchronized_wall; warmup=5
aten_blas_copy_cpu,aten/src/ATen/native/cpu/BlasKernel.cpp,cpublas_copy_impl,Tensor.clone,,,MEASURED_CUDA_DISPATCH_SOURCE_NOT_PINNED,EXACT_EXTRACTED_FIXTURE,yes,fingerprinted CUDA recipe reproduces the complete fixed C fixture; classification is limited to the extracted fixture and does not claim equivalence to additional parent-operator dispatch or storage work,N=4194304,native_fixture_adjudication.csv,f32,2026-09-08-v3,360a1fed35fdcb46,360a1fed35fdcb46,AUTO_SCALE_LARGEST_ARRAY_APPROX_4194304,uniformly scale extracted dimensions; preserve ratios; minimum dimension 2,PASS,MISSING,SKIP,best_of_20_synchronized_wall; warmup=5
aten_blas_dot_naive_cpu,aten/src/ATen/native/BlasKernel.cpp,dot_naive,torch.dot,,,MEASURED_CUDA_DISPATCH_SOURCE_NOT_PINNED,EXACT_EXTRACTED_FIXTURE,yes,fingerprinted CUDA recipe reproduces the complete fixed C fixture; classification is limited to the extracted fixture and does not claim equivalence to additional parent-operator dispatch or storage work,N=4194304,native_fixture_adjudication.csv,f32,2026-09-08-v3,fbe9fc8f31413f5d,fbe9fc8f31413f5d,AUTO_SCALE_LARGEST_ARRAY_APPROX_4194304,uniformly scale extracted dimensions; preserve ratios; minimum dimension 2,PASS,MISSING,SKIP,best_of_20_synchronized_wall; warmup=5
aten_blas_gemv_generic_cpu,aten/src/ATen/native/BlasKernel.cpp,gemv,torch.mv,,,MEASURED_CUDA_DISPATCH_SOURCE_NOT_PINNED,EXACT_EXTRACTED_FIXTURE,yes,fingerprinted CUDA recipe reproduces the complete fixed C fixture; classification is limited to the extracted fixture and does not claim equivalence to additional parent-operator dispatch or storage work,K=2509_M=1672,native_fixture_adjudication.csv,f32,2026-09-08-v3,276e7def918217fb,276e7def918217fb,AUTO_SCALE_LARGEST_ARRAY_APPROX_4194304,uniformly scale extracted dimensions; preserve ratios; minimum dimension 2,PASS,MISSING,SKIP,best_of_20_synchronized_wall; warmup=5
aten_blas_scale_cpu,aten/src/ATen/native/cpu/BlasKernel.cpp,scale_,torch.blas_scale,,,MEASURED_CUDA_DISPATCH_SOURCE_NOT_PINNED,EXACT_EXTRACTED_FIXTURE,yes,fingerprinted CUDA recipe reproduces the complete fixed C fixture; classification is limited to the extracted fixture and does not claim equivalence to additional parent-operator dispatch or storage work,N=4194304,native_fixture_adjudication.csv,f32,2026-09-08-v3,cf3d9e50f32fba45,cf3d9e50f32fba45,AUTO_SCALE_LARGEST_ARRAY_APPROX_4194304,uniformly scale extracted dimensions; preserve ratios; minimum dimension 2,PASS,MISSING,PASS,best_of_20_synchronized_wall; warmup=5
aten_blas_sum_cpu,aten/src/ATen/native/cpu/BlasKernel.cpp,sum,torch.blas_sum,,,MEASURED_CUDA_DISPATCH_SOURCE_NOT_PINNED,EXACT_ATEN_OPERATION,yes,"audited complete operation: shape, dtype, outputs, layout, and fixed parameters align",N=4194304,native_fixture_adjudication.csv,f32,2026-09-08-v3,d5b5a66ab0b7ea1d,,AUTO_SCALE_LARGEST_ARRAY_APPROX_4194304,uniformly scale extracted dimensions; preserve ratios; minimum dimension 2,PASS,MISSING,PASS,best_of_20_synchronized_wall; warmup=5
aten_block_diag_cpu,aten/src/ATen/native/TensorShape.cpp,block_diag,torch.diag,,,MEASURED_CUDA_DISPATCH_SOURCE_NOT_PINNED,EXACT_EXTRACTED_FIXTURE,yes,fingerprinted CUDA recipe reproduces the complete fixed C fixture; classification is limited to the extracted fixture and does not claim equivalence to additional parent-operator dispatch or storage work,B=23_N=90,native_fixture_adjudication.csv,f32,2026-09-08-v3,cd6b4c70f3853c33,cd6b4c70f3853c33,AUTO_SCALE_LARGEST_ARRAY_APPROX_4194304,uniformly scale extracted dimensions; preserve ratios; minimum dimension 2,PASS,MISSING,PASS,best_of_20_synchronized_wall; warmup=5
aten_bmm,aten/src/ATen/native/LinearAlgebra.cpp,bmm,torch.bmm,,,MEASURED_CUDA_DISPATCH_SOURCE_NOT_PINNED,EXACT_ATEN_OPERATION,yes,"shape, dtype, output materialization, and operation semantics aligned",BATCH=70_K=282_M=141_N=211,built_in_provenance_rule,f32,2026-09-08-v3,c132d6acaaae7ca9,,AUTO_SCALE_LARGEST_ARRAY_APPROX_4194304,uniformly scale extracted dimensions; preserve ratios; minimum dimension 2,PASS,PASS,PASS,best_of_20_synchronized_wall; warmup=5
aten_cartesian_prod_cpu,aten/src/ATen/native/Itertools.cpp,cartesian_prod,torch.cartesian_prod,,,MEASURED_CUDA_DISPATCH_SOURCE_NOT_PINNED,EXACT_EXTRACTED_FIXTURE,yes,fingerprinted CUDA recipe reproduces the complete fixed C fixture; classification is limited to the extracted fixture and does not claim equivalence to additional parent-operator dispatch or storage work,A=1673_B=1254,native_fixture_adjudication.csv,f32,2026-09-08-v3,be221a6776781f52,be221a6776781f52,AUTO_SCALE_LARGEST_ARRAY_APPROX_4194304,uniformly scale extracted dimensions; preserve ratios; minimum dimension 2,PASS,MISSING,PASS,best_of_20_synchronized_wall; warmup=5
aten_cat_serial_cpu,aten/src/ATen/native/cpu/CatKernel.cpp,cat_serial_kernel,torch.cat,,,MEASURED_CUDA_DISPATCH_SOURCE_NOT_PINNED,EXACT_ATEN_OPERATION,yes,"shape, dtype, output materialization, and operation semantics aligned",K=3096_M=581_R=774,built_in_provenance_rule,f32,2026-09-08-v3,8969bf611c743094,,AUTO_SCALE_LARGEST_ARRAY_APPROX_4194304,uniformly scale extracted dimensions; preserve ratios; minimum dimension 2,PASS,PASS,PASS,best_of_20_synchronized_wall; warmup=5
aten_cat_sparse_cpu,aten/src/ATen/native/TensorShape.cpp,cat_sparse_impl,torch.cat(values only),,,MEASURED_CUDA_DISPATCH_SOURCE_NOT_PINNED,EXACT_EXTRACTED_STAGE,yes_stage_only,same extracted stage; not a claim about the complete parent operator,B=256_N=16383,built_in_provenance_rule,f32,2026-09-08-v3,5d0c09d16bc4c22a,,AUTO_SCALE_LARGEST_ARRAY_APPROX_4194304,uniformly scale extracted dimensions; preserve ratios; minimum dimension 2,PASS,PASS,PASS,best_of_20_synchronized_wall; warmup=5
aten_cauchy_cpu,aten/src/ATen/native/cpu/DistributionKernels.cpp,cauchy_kernel,torch.cauchy,,,MEASURED_CUDA_DISPATCH_SOURCE_NOT_PINNED,EXACT_EXTRACTED_TRANSFORM,yes,fingerprinted CUDA recipe reproduces the complete fixed C fixture; classification is limited to the extracted fixture and does not claim equivalence to additional parent-operator dispatch or storage work,N=4194304,native_fixture_adjudication.csv,f32,2026-09-08-v3,06523ec9a7d45565,06523ec9a7d45565,AUTO_SCALE_LARGEST_ARRAY_APPROX_4194304,uniformly scale extracted dimensions; preserve ratios; minimum dimension 2,PASS,MISSING,PASS,best_of_20_synchronized_wall; warmup=5
aten_ceil,aten/src/ATen/native/cpu/UnaryOpsKernel.cpp,ceil_kernel,torch.ceil,,,MEASURED_CUDA_DISPATCH_SOURCE_NOT_PINNED,EXACT_ATEN_OPERATION,yes,"shape, dtype, output materialization, and operation semantics aligned",N=4194304,built_in_provenance_rule,f32,2026-09-08-v3,99973374875367c6,,AUTO_SCALE_LARGEST_ARRAY_APPROX_4194304,uniformly scale extracted dimensions; preserve ratios; minimum dimension 2,PASS,PASS,PASS,best_of_20_synchronized_wall; warmup=5
aten_channel_shuffle,aten/src/ATen/native/ChanelShuffle.cpp,channel_shuffle,torch.channel_shuffle,,,MEASURED_CUDA_DISPATCH_SOURCE_NOT_PINNED,EXACT_EXTRACTED_FIXTURE,yes,fingerprinted CUDA recipe reproduces the complete fixed C fixture; classification is limited to the extracted fixture and does not claim equivalence to additional parent-operator dispatch or storage work,B=14_CPG=28_G=14_H=28_W=28,native_fixture_adjudication.csv,f32,2026-09-08-v3,f199c08db2dbc190,f199c08db2dbc190,AUTO_SCALE_LARGEST_ARRAY_APPROX_4194304,uniformly scale extracted dimensions; preserve ratios; minimum dimension 2,PASS,MISSING,SKIP,best_of_20_synchronized_wall; warmup=5
aten_channel_shuffle_cpu,aten/src/ATen/native/cpu/ChannelShuffleKernel.cpp,channel_shuffle_kernel_impl,torch.channel_shuffle,,,MEASURED_CUDA_DISPATCH_SOURCE_NOT_PINNED,EXACT_EXTRACTED_FIXTURE,yes,fingerprinted CUDA recipe reproduces the complete fixed C fixture; classification is limited to the extracted fixture and does not claim equivalence to additional parent-operator dispatch or storage work,B=17_CPG=26_G=34_S=276,native_fixture_adjudication.csv,f32,2026-09-08-v3,9c0f4efa20ff5874,9c0f4efa20ff5874,AUTO_SCALE_LARGEST_ARRAY_APPROX_4194304,uniformly scale extracted dimensions; preserve ratios; minimum dimension 2,PASS,MISSING,SKIP,best_of_20_synchronized_wall; warmup=5
aten_clamp,aten/src/ATen/native/TensorCompare.cpp,clamp,torch.clamp,,,MEASURED_CUDA_DISPATCH_SOURCE_NOT_PINNED,EXACT_ATEN_OPERATION,yes,"audited complete operation: shape, dtype, outputs, layout, and fixed parameters align",N=4194304,native_fixture_adjudication.csv,f32,2026-09-08-v3,732ae21a30b24a68,,EXPLICIT_STRUCTURED_SHAPE,comparison plus ternary-select graph,PASS,MISSING,PASS,best_of_20_synchronized_wall; warmup=5
aten_clamp_cpu,aten/src/ATen/native/cpu/TensorCompareKernel.cpp,clamp_kernel_impl,torch.clamp,,,MEASURED_CUDA_DISPATCH_SOURCE_NOT_PINNED,EXACT_EXTRACTED_FIXTURE,yes,fingerprinted CUDA recipe reproduces the complete fixed C fixture; classification is limited to the extracted fixture and does not claim equivalence to additional parent-operator dispatch or storage work,N=4194304,native_fixture_adjudication.csv,f32,2026-09-08-v3,3cd8e32878aada7c,3cd8e32878aada7c,AUTO_SCALE_LARGEST_ARRAY_APPROX_4194304,uniformly scale extracted dimensions; preserve ratios; minimum dimension 2,PASS,MISSING,PASS,best_of_20_synchronized_wall; warmup=5
aten_clamp_max_scalar_cpu,aten/src/ATen/native/cpu/TensorCompareKernel.cpp,clamp_max_scalar_kernel_impl,torch.clamp_max_scalar,,,MEASURED_CUDA_DISPATCH_SOURCE_NOT_PINNED,EXACT_EXTRACTED_FIXTURE,yes,fingerprinted CUDA recipe reproduces the complete fixed C fixture; classification is limited to the extracted fixture and does not claim equivalence to additional parent-operator dispatch or storage work,N=4194304,native_fixture_adjudication.csv,f32,2026-09-08-v3,20afe51bff9319b3,20afe51bff9319b3,AUTO_SCALE_LARGEST_ARRAY_APPROX_4194304,uniformly scale extracted dimensions; preserve ratios; minimum dimension 2,PASS,MISSING,PASS,best_of_20_synchronized_wall; warmup=5
aten_clamp_min_scalar_cpu,aten/src/ATen/native/cpu/TensorCompareKernel.cpp,clamp_min_scalar_kernel_impl,torch.clamp_min_scalar,,,MEASURED_CUDA_DISPATCH_SOURCE_NOT_PINNED,EXACT_EXTRACTED_FIXTURE,yes,fingerprinted CUDA recipe reproduces the complete fixed C fixture; classification is limited to the extracted fixture and does not claim equivalence to additional parent-operator dispatch or storage work,N=4194304,native_fixture_adjudication.csv,f32,2026-09-08-v3,79cad4471d373dda,79cad4471d373dda,AUTO_SCALE_LARGEST_ARRAY_APPROX_4194304,uniformly scale extracted dimensions; preserve ratios; minimum dimension 2,PASS,MISSING,PASS,best_of_20_synchronized_wall; warmup=5
aten_clamp_scalar_cpu,aten/src/ATen/native/cpu/TensorCompareKernel.cpp,clamp_scalar_kernel_impl,torch.clamp_scalar,,,MEASURED_CUDA_DISPATCH_SOURCE_NOT_PINNED,EXACT_EXTRACTED_FIXTURE,yes,fingerprinted CUDA recipe reproduces the complete fixed C fixture; classification is limited to the extracted fixture and does not claim equivalence to additional parent-operator dispatch or storage work,N=4194304,native_fixture_adjudication.csv,f32,2026-09-08-v3,a5b7d49626a84340,a5b7d49626a84340,AUTO_SCALE_LARGEST_ARRAY_APPROX_4194304,uniformly scale extracted dimensions; preserve ratios; minimum dimension 2,PASS,MISSING,PASS,best_of_20_synchronized_wall; warmup=5
aten_complex_scalarized,aten/src/ATen/native/cpu/ComplexKernel.cpp,complex_kernel,torch.complex,,,MEASURED_CUDA_DISPATCH_SOURCE_NOT_PINNED,EXACT_EXTRACTED_FIXTURE,yes,fingerprinted CUDA recipe reproduces the complete fixed C fixture; classification is limited to the extracted fixture and does not claim equivalence to additional parent-operator dispatch or storage work,N=4194304,native_fixture_adjudication.csv,f32,2026-09-08-v4,4aae25a1eecb3239,4aae25a1eecb3239,AUTO_SCALE_LARGEST_ARRAY_APPROX_4194304,uniformly scale extracted dimensions; preserve ratios; minimum dimension 2,PASS,MISSING,PASS,best_of_20_synchronized_wall; warmup=5
aten_compressed_block_convert_cpu,aten/src/ATen/native/TensorConversions.cpp,_compressed_to_block_compressed_cpu_kernel,reshape + permute + contiguous,,,MEASURED_CUDA_DISPATCH_SOURCE_NOT_PINNED,EXACT_EXTRACTED_FIXTURE,yes,fingerprinted CUDA recipe reproduces the complete fixed C fixture; classification is limited to the extracted fixture and does not claim equivalence to additional parent-operator dispatch or storage work,R=2048_C=2048_BR=4_BC=4,native_fixture_adjudication.csv,f32,2026-09-08-v3,5d2934fd76b7e9c2,5d2934fd76b7e9c2,EXPLICIT_STRUCTURED_SHAPE,full dense-to-block-major layout conversion via cuTENSOR permutation,PASS,MISSING,SKIP,best_of_20_synchronized_wall; warmup=5
aten_conj_complex_scalarized,aten/src/ATen/native/cpu/UnaryOpsKernel.cpp,conj_kernel,torch.conj_complex,,,MEASURED_CUDA_DISPATCH_SOURCE_NOT_PINNED,EXACT_EXTRACTED_FIXTURE,yes,fingerprinted CUDA recipe reproduces the complete fixed C fixture; classification is limited to the extracted fixture and does not claim equivalence to additional parent-operator dispatch or storage work,N=4194304,native_fixture_adjudication.csv,f32,2026-09-08-v4,cc9eb5896e00ae5b,cc9eb5896e00ae5b,AUTO_SCALE_LARGEST_ARRAY_APPROX_4194304,uniformly scale extracted dimensions; preserve ratios; minimum dimension 2,PASS,MISSING,PASS,best_of_20_synchronized_wall; warmup=5
aten_conv1d,aten/src/ATen/native/Convolution.cpp,conv1d,torch.conv1d,,,MEASURED_CUDA_DISPATCH_SOURCE_NOT_PINNED,EXACT_ATEN_OPERATION,yes,"audited complete operation: shape, dtype, outputs, layout, and fixed parameters align",B=32_IC=64_OC=128_W=4096_K=3,native_fixture_adjudication.csv,f32,2026-09-08-v3,a345c29492c9ca0c,,EXPLICIT_STRUCTURED_SHAPE,full bias plus valid 1d convolution through cuDNN,PASS,MISSING,PASS,best_of_20_synchronized_wall; warmup=5
aten_conv2d,aten/src/ATen/native/ConvolutionMM2d.cpp,slow_conv2d,torch.nn.functional.conv2d,,,MEASURED_CUDA_DISPATCH_SOURCE_NOT_PINNED,EXACT_ATEN_OPERATION,yes,"shape, dtype, output materialization, and operation semantics aligned",B=4_IC=16_OC=32_H=128_W=128_KH=3_KW=3,built_in_provenance_rule,f32,2026-09-08-v3,3b3bcbef73116a11,,EXPLICIT_STRUCTURED_SHAPE,full valid NCHW 2d convolution through cuDNN,PASS,PASS,PASS,best_of_20_synchronized_wall; warmup=5
aten_conv2d_columns_cpu,aten/src/ATen/native/ConvolutionMM2d.cpp,compute_columns2d,torch.nn.functional.unfold,,,MEASURED_CUDA_DISPATCH_SOURCE_NOT_PINNED,EXACT_EXTRACTED_STAGE,yes_stage_only,same extracted stage; not a claim about the complete parent operator,C=11_H=59_K=11_W=59,built_in_provenance_rule,f32,2026-09-08-v3,8e27c2648231bcd4,,AUTO_SCALE_LARGEST_ARRAY_APPROX_4194304,uniformly scale extracted dimensions; preserve ratios; minimum dimension 2,PASS,PASS,PASS,best_of_20_synchronized_wall; warmup=5
aten_conv3d,aten/src/ATen/native/Convolution.cpp,conv3d,torch.nn.functional.conv3d,,,MEASURED_CUDA_DISPATCH_SOURCE_NOT_PINNED,EXACT_ATEN_OPERATION,yes,"shape, dtype, output materialization, and operation semantics aligned",B=6_D=37_H=37_IC=12_K=19_OC=19_W=37,built_in_provenance_rule,f32,2026-09-08-v3,455868f2e82816fa,,AUTO_SCALE_LARGEST_ARRAY_APPROX_4194304,uniformly scale extracted dimensions; preserve ratios; minimum dimension 2,PASS,PASS,PASS,best_of_20_synchronized_wall; warmup=5
aten_conv_tbc_backward_cpu,aten/src/ATen/native/ConvolutionTBC.cpp,conv_tbc_backward,torch.conv_tbc,,,MEASURED_CUDA_DISPATCH_SOURCE_NOT_PINNED,EXACT_EXTRACTED_FIXTURE,yes,fingerprinted CUDA recipe reproduces the complete fixed C fixture; classification is limited to the extracted fixture and does not claim equivalence to additional parent-operator dispatch or storage work,T=4094_B=16_I=32_O=64_K=3,native_fixture_adjudication.csv,f32,2026-09-08-v3,f6e9bcda5af283f9,f6e9bcda5af283f9,EXPLICIT_STRUCTURED_SHAPE,full TBC input-gradient convolution through cuDNN backward-data,PASS,MISSING,PASS,best_of_20_synchronized_wall; warmup=5
aten_conv_tbc_cpu,aten/src/ATen/native/ConvolutionTBC.cpp,conv_tbc,torch.conv_tbc,,,MEASURED_CUDA_DISPATCH_SOURCE_NOT_PINNED,EXACT_EXTRACTED_FIXTURE,yes,fingerprinted CUDA recipe reproduces the complete fixed C fixture; classification is limited to the extracted fixture and does not claim equivalence to additional parent-operator dispatch or storage work,T=4096_B=16_I=32_O=64_K=3,native_fixture_adjudication.csv,f32,2026-09-08-v3,a18bfcf1a32ece09,a18bfcf1a32ece09,EXPLICIT_STRUCTURED_SHAPE,full TBC convolution through cuDNN transform plus convolution,PASS,MISSING,PASS,best_of_20_synchronized_wall; warmup=5
aten_conv_transpose2d,aten/src/ATen/native/NaiveConvolutionTranspose2d.cpp,slow_conv_transpose2d,torch.nn.functional.conv_transpose2d,,,MEASURED_CUDA_DISPATCH_SOURCE_NOT_PINNED,EXACT_ATEN_OPERATION,yes,"shape, dtype, output materialization, and operation semantics aligned",B=2_IC=16_OC=32_H=128_W=128_K=3,built_in_provenance_rule,f32,2026-09-08-v3,c294507cdb3f054e,,EXPLICIT_STRUCTURED_SHAPE,full overlap-add transposed convolution through cuDNN backward-data,PASS,PASS,PASS,best_of_20_synchronized_wall; warmup=5
aten_conv_transpose3d_backward_cpu,aten/src/ATen/native/NaiveConvolutionTranspose3d.cpp,slow_conv_transpose3d_backward_out_cpu_template,torch.conv_transpose3d,,,MEASURED_CUDA_DISPATCH_SOURCE_NOT_PINNED,EXACT_EXTRACTED_FIXTURE,yes,fingerprinted CUDA recipe reproduces the complete fixed C fixture; classification is limited to the extracted fixture and does not claim equivalence to additional parent-operator dispatch or storage work,C=15_D=45_H=53_K=23_O=23_W=60,native_fixture_adjudication.csv,f32,2026-09-08-v3,ba8f850fbd0c8713,ba8f850fbd0c8713,AUTO_SCALE_LARGEST_ARRAY_APPROX_4194304,uniformly scale extracted dimensions; preserve ratios; minimum dimension 2,PASS,MISSING,PASS,best_of_20_synchronized_wall; warmup=5
aten_conv_transpose3d_cpu,aten/src/ATen/native/NaiveConvolutionTranspose3d.cpp,slow_conv_transpose3d_out_cpu_template,torch.conv_transpose3d,,,MEASURED_CUDA_DISPATCH_SOURCE_NOT_PINNED,EXACT_ATEN_OPERATION,yes,"audited complete operation: shape, dtype, outputs, layout, and fixed parameters align",C=8_O=16_D=32_H=32_W=32_K=3,native_fixture_adjudication.csv,f32,2026-09-08-v3,cb3ec4a1c6f08eb8,,EXPLICIT_STRUCTURED_SHAPE,full 3d transposed convolution through cuDNN backward-data,PASS,MISSING,PASS,best_of_20_synchronized_wall; warmup=5
aten_conv_transpose3d_grad_weight_cpu,aten/src/ATen/native/NaiveConvolutionTranspose3d.cpp,slow_conv_transpose3d_acc_grad_parameters_cpu,torch.conv_transpose3d_grad_weight,,,MEASURED_CUDA_DISPATCH_SOURCE_NOT_PINNED,EXACT_EXTRACTED_FIXTURE,yes,fingerprinted CUDA recipe reproduces the complete fixed C fixture; classification is limited to the extracted fixture and does not claim equivalence to additional parent-operator dispatch or storage work,C=8_O=16_D=32_H=32_W=32_K=3,native_fixture_adjudication.csv,f32,2026-09-08-v3,1b77db7d015c2eee,1b77db7d015c2eee,EXPLICIT_STRUCTURED_SHAPE,full transposed-conv3d filter gradient through cuDNN backward-filter,PASS,MISSING,PASS,best_of_20_synchronized_wall; warmup=5
aten_convert_coo_to_csr_cpu,aten/src/ATen/native/TensorConversions.cpp,convert_indices_from_coo_to_csr_cpu,torch._convert_indices_from_coo_to_csr(out_int32=True),,,MEASURED_CUDA_DISPATCH_SOURCE_NOT_PINNED,EXACT_EXTRACTED_FIXTURE,yes,fingerprinted CUDA recipe reproduces the complete fixed C fixture; classification is limited to the extracted fixture and does not claim equivalence to additional parent-operator dispatch or storage work,N=4194304_R=65536,native_fixture_adjudication.csv,i32,2026-09-08-v3,88b6f49f4ce53c69,88b6f49f4ce53c69,EXPLICIT_STRUCTURED_SHAPE,full COO-to-CSR index conversion via cuSPARSE,PASS,MISSING,SKIP,best_of_20_synchronized_wall; warmup=5
aten_convert_csr_to_coo_cpu,aten/src/ATen/native/TensorConversions.cpp,convert_indices_from_csr_to_coo_cpu,torch.repeat_interleave int32 rows,,,MEASURED_CUDA_DISPATCH_SOURCE_NOT_PINNED,EXACT_EXTRACTED_FIXTURE,yes,fingerprinted CUDA recipe reproduces the complete fixed C fixture; classification is limited to the extracted fixture and does not claim equivalence to additional parent-operator dispatch or storage work,N=4194304_R=65536,native_fixture_adjudication.csv,i32,2026-09-08-v3,0d00042f447ff6a2,0d00042f447ff6a2,EXPLICIT_STRUCTURED_SHAPE,full CSR-to-COO row-index conversion via cuSPARSE,PASS,MISSING,SKIP,best_of_20_synchronized_wall; warmup=5
aten_copy_cpu,aten/src/ATen/native/cpu/CopyKernel.cpp,copy_kernel,torch.copy,,,MEASURED_CUDA_DISPATCH_SOURCE_NOT_PINNED,EXACT_ATEN_OPERATION,yes,"audited complete operation: shape, dtype, outputs, layout, and fixed parameters align",N=4194304,native_fixture_adjudication.csv,f32,2026-09-08-v3,bfde07a5167fb20d,,AUTO_SCALE_LARGEST_ARRAY_APPROX_4194304,uniformly scale extracted dimensions; preserve ratios; minimum dimension 2,PASS,MISSING,PASS,best_of_20_synchronized_wall; warmup=5
aten_copy_tensor_array_cpu,aten/src/ATen/native/TensorShape.cpp,copy_tensor_array_to_out,torch.copy_tensor_array,,,MEASURED_CUDA_DISPATCH_SOURCE_NOT_PINNED,EXACT_ATEN_OPERATION,yes,"audited complete operation: shape, dtype, outputs, layout, and fixed parameters align",B=512_N=8192,native_fixture_adjudication.csv,f32,2026-09-08-v3,763d2776dbad0967,,AUTO_SCALE_LARGEST_ARRAY_APPROX_4194304,uniformly scale extracted dimensions; preserve ratios; minimum dimension 2,PASS,MISSING,PASS,best_of_20_synchronized_wall; warmup=5
aten_cos,aten/src/ATen/native/cpu/UnaryOpsKernel.cpp,cos_kernel,torch.cos,,,MEASURED_CUDA_DISPATCH_SOURCE_NOT_PINNED,EXACT_ATEN_OPERATION,yes,"shape, dtype, output materialization, and operation semantics aligned",N=4194304,built_in_provenance_rule,f32,2026-09-08-v3,bb94742dcdc246da,,AUTO_SCALE_LARGEST_ARRAY_APPROX_4194304,uniformly scale extracted dimensions; preserve ratios; minimum dimension 2,PASS,PASS,PASS,best_of_20_synchronized_wall; warmup=5
aten_cosh,aten/src/ATen/native/cpu/UnaryOpsKernel.cpp,cosh_kernel,torch.cosh,,,MEASURED_CUDA_DISPATCH_SOURCE_NOT_PINNED,EXACT_ATEN_OPERATION,yes,"shape, dtype, output materialization, and operation semantics aligned",N=4194304,built_in_provenance_rule,f32,2026-09-08-v3,d7e37dcedb3b0e48,,AUTO_SCALE_LARGEST_ARRAY_APPROX_4194304,uniformly scale extracted dimensions; preserve ratios; minimum dimension 2,PASS,PASS,PASS,best_of_20_synchronized_wall; warmup=5
aten_count_nonzero_cpu,aten/src/ATen/native/TensorAdvancedIndexing.cpp,count_nonzero_cpu,torch.count_nonzero,,,MEASURED_CUDA_DISPATCH_SOURCE_NOT_PINNED,EXACT_ATEN_OPERATION,yes,"shape, dtype, output materialization, and operation semantics aligned",N=8388608,built_in_provenance_rule,f32,2026-09-08-v3,a90b19368639082e,,EXPLICIT_STRUCTURED_SHAPE,full CUB transformed count-nonzero reduction,PASS,PASS,PASS,best_of_20_synchronized_wall; warmup=5
aten_count_nonzero_impl_cpu,aten/src/ATen/native/TensorAdvancedIndexing.cpp,count_nonzero_impl,torch.count_nonzero,,,MEASURED_CUDA_DISPATCH_SOURCE_NOT_PINNED,EXACT_ATEN_OPERATION,yes,"shape, dtype, output materialization, and operation semantics aligned",R=131072_C=64,built_in_provenance_rule,f32,2026-09-08-v3,c958ea502e1138a8,,EXPLICIT_STRUCTURED_SHAPE,full segmented CUB transformed count-nonzero reduction,PASS,PASS,PASS,best_of_20_synchronized_wall; warmup=5
aten_cpu_blas_gemm_batched_cpu,aten/src/ATen/native/CPUBlas.cpp,gemm_batched_generic,torch.bmm,,,MEASURED_CUDA_DISPATCH_SOURCE_NOT_PINNED,EXACT_EXTRACTED_FIXTURE,yes,fingerprinted CUDA recipe reproduces the complete fixed C fixture; classification is limited to the extracted fixture and does not claim equivalence to additional parent-operator dispatch or storage work,B=52_K=311_M=208_N=259,native_fixture_adjudication.csv,f32,2026-09-08-v3,57f08d687ae9d16b,57f08d687ae9d16b,AUTO_SCALE_LARGEST_ARRAY_APPROX_4194304,uniformly scale extracted dimensions; preserve ratios; minimum dimension 2,PASS,MISSING,SKIP,best_of_20_synchronized_wall; warmup=5
aten_cpu_blas_gemm_cpu,aten/src/ATen/native/CPUBlas.cpp,gemm,torch.matmul,,,MEASURED_CUDA_DISPATCH_SOURCE_NOT_PINNED,EXACT_EXTRACTED_FIXTURE,yes,fingerprinted CUDA recipe reproduces the complete fixed C fixture; classification is limited to the extracted fixture and does not claim equivalence to additional parent-operator dispatch or storage work,K=2290_M=1374_N=1832,native_fixture_adjudication.csv,f32,2026-09-08-v3,acf1ac1e761ae7e6,acf1ac1e761ae7e6,AUTO_SCALE_LARGEST_ARRAY_APPROX_4194304,uniformly scale extracted dimensions; preserve ratios; minimum dimension 2,PASS,MISSING,SKIP,best_of_20_synchronized_wall; warmup=5
aten_cpu_blas_gemm_strided_batched_cpu,aten/src/ATen/native/CPUBlas.cpp,gemm_batched_with_stride_generic,torch.bmm,,,MEASURED_CUDA_DISPATCH_SOURCE_NOT_PINNED,EXACT_EXTRACTED_FIXTURE,yes,fingerprinted CUDA recipe reproduces the complete fixed C fixture; classification is limited to the extracted fixture and does not claim equivalence to additional parent-operator dispatch or storage work,B=52_K=311_M=208_N=259,native_fixture_adjudication.csv,f32,2026-09-08-v3,eb3e1fa75831476a,eb3e1fa75831476a,AUTO_SCALE_LARGEST_ARRAY_APPROX_4194304,uniformly scale extracted dimensions; preserve ratios; minimum dimension 2,PASS,MISSING,SKIP,best_of_20_synchronized_wall; warmup=5
aten_cross,aten/src/ATen/native/Cross.cpp,cross,torch.cross,,,MEASURED_CUDA_DISPATCH_SOURCE_NOT_PINNED,EXACT_ATEN_OPERATION,yes,"audited complete operation: shape, dtype, outputs, layout, and fixed parameters align",N=1398101,native_fixture_adjudication.csv,f32,2026-09-08-v3,b42870c4d04b959c,,EXPLICIT_STRUCTURED_SHAPE,three graph stages,PASS,MISSING,PASS,best_of_20_synchronized_wall; warmup=5
aten_cross_cpu_backend,aten/src/ATen/native/cpu/CrossKernel.cpp,cross_kernel_impl,torch.cross,,,MEASURED_CUDA_DISPATCH_SOURCE_NOT_PINNED,EXACT_ATEN_OPERATION,yes,"audited complete operation: shape, dtype, outputs, layout, and fixed parameters align",V=1398101,native_fixture_adjudication.csv,f32,2026-09-08-v3,9291ba8d1ebe364f,,EXPLICIT_STRUCTURED_SHAPE,three graph stages,PASS,MISSING,PASS,best_of_20_synchronized_wall; warmup=5
aten_cumprod_backward_cpu,aten/src/ATen/native/ReduceOps.cpp,cumprod_backward,torch.ops.aten.cumprod_backward,,,MEASURED_CUDA_DISPATCH_SOURCE_NOT_PINNED,EXACT_ATEN_OPERATION,yes,"shape, dtype, output materialization, and operation semantics aligned",N=4194304,built_in_provenance_rule,f32,2026-09-08-v3,a083602d1c94c10b,,AUTO_SCALE_LARGEST_ARRAY_APPROX_4194304,uniformly scale extracted dimensions; preserve ratios; minimum dimension 2,PASS,PASS,PASS,best_of_20_synchronized_wall; warmup=5
aten_cumprod_cpu,aten/src/ATen/native/cpu/ReduceOpsKernel.cpp,cumprod_cpu_kernel,torch.cumprod,,,MEASURED_CUDA_DISPATCH_SOURCE_NOT_PINNED,EXACT_ATEN_OPERATION,yes,"shape, dtype, output materialization, and operation semantics aligned",K=2897_R=1448,built_in_provenance_rule,f32,2026-09-08-v3,8c78205482ac384d,,AUTO_SCALE_LARGEST_ARRAY_APPROX_4194304,uniformly scale extracted dimensions; preserve ratios; minimum dimension 2,PASS,PASS,PASS,best_of_20_synchronized_wall; warmup=5
aten_cumsum,aten/src/ATen/native/cpu/ReduceOpsKernel.cpp,cumsum_cpu_kernel,torch.cumsum,,,MEASURED_CUDA_DISPATCH_SOURCE_NOT_PINNED,EXACT_ATEN_OPERATION,yes,"shape, dtype, output materialization, and operation semantics aligned",N=4194304,built_in_provenance_rule,f32,2026-09-08-v3,484e5f6c8512ace9,,AUTO_SCALE_LARGEST_ARRAY_APPROX_4194304,uniformly scale extracted dimensions; preserve ratios; minimum dimension 2,PASS,PASS,PASS,best_of_20_synchronized_wall; warmup=5
aten_dense_sparse_add_cpu,aten/src/ATen/native/sparse/SparseTensorMath.cpp,add_out_dense_sparse_cpu,dense + sparse COO tensor,,,MEASURED_CUDA_DISPATCH_SOURCE_NOT_PINNED,EXACT_ATEN_OPERATION,yes,"shape, dtype, output materialization, and operation semantics aligned",C=2047_N=16380_R=2047,built_in_provenance_rule,f32,2026-09-08-v3,6cf4609b82aff26d,,AUTO_SCALE_LARGEST_ARRAY_APPROX_4194304,uniformly scale extracted dimensions; preserve ratios; minimum dimension 2,PASS,PASS,PASS,best_of_20_synchronized_wall; warmup=5
aten_depthwise_conv3x3_cpu,aten/src/ATen/native/cpu/DepthwiseConvKernel.cpp,_convolution_depthwise3x3_winograd,torch.depthwise_conv3x3,,,MEASURED_CUDA_DISPATCH_SOURCE_NOT_PINNED,EXACT_EXTRACTED_FIXTURE,yes,fingerprinted CUDA recipe reproduces the complete fixed C fixture; classification is limited to the extracted fixture and does not claim equivalence to additional parent-operator dispatch or storage work,B=2_C=64_H=256_W=256,native_fixture_adjudication.csv,f32,2026-09-08-v3,54680f0482adafca,54680f0482adafca,EXPLICIT_STRUCTURED_SHAPE,bias plus same-padding depthwise convolution through grouped cuDNN,PASS,MISSING,PASS,best_of_20_synchronized_wall; warmup=5
aten_diff_cpu,aten/src/ATen/native/ReduceOps.cpp,diff_helper,torch.diff,,,MEASURED_CUDA_DISPATCH_SOURCE_NOT_PINNED,EXACT_EXTRACTED_FIXTURE,yes,fingerprinted CUDA recipe reproduces the complete fixed C fixture; classification is limited to the extracted fixture and does not claim equivalence to additional parent-operator dispatch or storage work,N=16777216,native_fixture_adjudication.csv,f32,2026-09-08-v3,58729da87b52269a,58729da87b52269a,EXPLICIT_STRUCTURED_SHAPE,full forward adjacent difference via CUB,PASS,MISSING,SKIP,best_of_20_synchronized_wall; warmup=5
aten_dilated_convolution_cpu,aten/src/ATen/native/NaiveDilatedConvolution.cpp,slow_conv_dilated_all_cpu_template,torch.dilated_convolution,,,MEASURED_CUDA_DISPATCH_SOURCE_NOT_PINNED,EXACT_EXTRACTED_FIXTURE,yes,fingerprinted CUDA recipe reproduces the complete fixed C fixture; classification is limited to the extracted fixture and does not claim equivalence to additional parent-operator dispatch or storage work,C=16_O=32_H=128_W=128_K=3_D=2,native_fixture_adjudication.csv,f32,2026-09-08-v3,150518b7cd72cf01,150518b7cd72cf01,EXPLICIT_STRUCTURED_SHAPE,full constant-dilation 2d convolution through cuDNN,PASS,MISSING,PASS,best_of_20_synchronized_wall; warmup=5
aten_dirichlet_grad_cpu,aten/src/ATen/native/Distributions.cpp,_dirichlet_grad_cpu,torch.dirichlet_grad,,,MEASURED_CUDA_DISPATCH_SOURCE_NOT_PINNED,EXACT_EXTRACTED_TRANSFORM,yes,fingerprinted CUDA recipe reproduces the complete fixed C fixture; classification is limited to the extracted fixture and does not claim equivalence to additional parent-operator dispatch or storage work,N=4194304,native_fixture_adjudication.csv,f32,2026-09-08-v3,da3f5b26d6de3d29,da3f5b26d6de3d29,AUTO_SCALE_LARGEST_ARRAY_APPROX_4194304,uniformly scale extracted dimensions; preserve ratios; minimum dimension 2,PASS,MISSING,PASS,best_of_20_synchronized_wall; warmup=5
aten_div,aten/src/ATen/native/cpu/BinaryOpsKernel.cpp,div_true_kernel,torch.div,,,MEASURED_CUDA_DISPATCH_SOURCE_NOT_PINNED,EXACT_ATEN_OPERATION,yes,"shape, dtype, output materialization, and operation semantics aligned",N=4194304,built_in_provenance_rule,f32,2026-09-08-v3,3a958dcfd03cdc81,,EXPLICIT_STRUCTURED_SHAPE,full graph,PASS,PASS,PASS,best_of_20_synchronized_wall; warmup=5
aten_div_floor,aten/src/ATen/native/cpu/BinaryOpsKernel.cpp,div_floor_kernel,torch.div(rounding_mode='floor'),,,MEASURED_CUDA_DISPATCH_SOURCE_NOT_PINNED,EXACT_ATEN_OPERATION,yes,"shape, dtype, output materialization, and operation semantics aligned",N=4194304,built_in_provenance_rule,f32,2026-09-08-v3,f3c518d4f8da9781,,AUTO_SCALE_LARGEST_ARRAY_APPROX_4194304,uniformly scale extracted dimensions; preserve ratios; minimum dimension 2,PASS,PASS,PASS,best_of_20_synchronized_wall; warmup=5
aten_div_trunc,aten/src/ATen/native/cpu/BinaryOpsKernel.cpp,div_trunc_kernel,torch.trunc,,,MEASURED_CUDA_DISPATCH_SOURCE_NOT_PINNED,EXACT_EXTRACTED_FIXTURE,yes,fingerprinted CUDA recipe reproduces the complete fixed C fixture; classification is limited to the extracted fixture and does not claim equivalence to additional parent-operator dispatch or storage work,N=4194304,native_fixture_adjudication.csv,f32,2026-09-08-v3,426a68638268b895,426a68638268b895,AUTO_SCALE_LARGEST_ARRAY_APPROX_4194304,uniformly scale extracted dimensions; preserve ratios; minimum dimension 2,PASS,MISSING,PASS,best_of_20_synchronized_wall; warmup=5
aten_dot,aten/src/ATen/native/Blas.cpp,Tensor dot,torch.dot,,,MEASURED_CUDA_DISPATCH_SOURCE_NOT_PINNED,EXACT_ATEN_OPERATION,yes,"shape, dtype, output materialization, and operation semantics aligned",N=4194304,built_in_provenance_rule,f64,2026-09-08-v3,8c6fe94db11fec1a,,EXPLICIT_STRUCTURED_SHAPE,full FP64 dot product through cuBLAS,PASS,PASS,PASS,best_of_20_synchronized_wall; warmup=5
aten_dropout_feature_noise_cpu,aten/src/ATen/native/Dropout.cpp,make_feature_noise,precomputed feature mask multiply + scale,,,MEASURED_CUDA_DISPATCH_SOURCE_NOT_PINNED,EXACT_EXTRACTED_FIXTURE,yes,fingerprinted CUDA recipe reproduces the complete fixed C fixture; classification is limited to the extracted fixture and does not claim equivalence to additional parent-operator dispatch or storage work,B=32_C=64_H=64_W=64,native_fixture_adjudication.csv,f32,2026-09-08-v3,bdd5f8a7dcb35084,bdd5f8a7dcb35084,EXPLICIT_STRUCTURED_SHAPE,feature-wise broadcast multiply through cuDNN OpTensor,PASS,MISSING,SKIP,best_of_20_synchronized_wall; warmup=5
aten_elu,aten/src/ATen/native/cpu/Activation.cpp,elu_kernel,torch.elu,,,MEASURED_CUDA_DISPATCH_SOURCE_NOT_PINNED,EXACT_ATEN_OPERATION,yes,"shape, dtype, output materialization, and operation semantics aligned",N=4194304,built_in_provenance_rule,f32,2026-09-08-v3,d81584f45f031a1c,,EXPLICIT_STRUCTURED_SHAPE,ELU rewritten through min-max-exp arithmetic,PASS,PASS,PASS,best_of_20_synchronized_wall; warmup=5
aten_elu_backward,aten/src/ATen/native/cpu/Activation.cpp,elu_backward_kernel,torch.ops.aten.elu_backward,,,MEASURED_CUDA_DISPATCH_SOURCE_NOT_PINNED,EXACT_ATEN_OPERATION,yes,"shape, dtype, output materialization, and operation semantics aligned",N=4194304,built_in_provenance_rule,f32,2026-09-08-v3,905088a00ae3d786,,EXPLICIT_STRUCTURED_SHAPE,ordered select through cuDNN ReLU-backward mask,PASS,PASS,PASS,best_of_20_synchronized_wall; warmup=5
aten_embedding_bag_counts_cpu,aten/src/ATen/native/EmbeddingBag.cpp,compute_counts,torch.embedding_bag_counts,,,MEASURED_CUDA_DISPATCH_SOURCE_NOT_PINNED,EXACT_EXTRACTED_FIXTURE,yes,fingerprinted CUDA recipe reproduces the complete fixed C fixture; classification is limited to the extracted fixture and does not claim equivalence to additional parent-operator dispatch or storage work,N=16777216_E=65536,native_fixture_adjudication.csv,i32,2026-09-08-v3,476b49cbfd2ea4c9,476b49cbfd2ea4c9,EXPLICIT_STRUCTURED_SHAPE,full bounded embedding-index histogram via CUB,PASS,MISSING,PASS,best_of_20_synchronized_wall; warmup=5
aten_equal_cpu,aten/src/ATen/native/ReduceOps.cpp,cpu_equal,torch.equal,,,MEASURED_CUDA_DISPATCH_SOURCE_NOT_PINNED,EXACT_BENCHMARK_DOMAIN,yes,audited for generated finite inputs; NaN/corner semantics are excluded from this fixed benchmark instance,N=8388608,native_fixture_adjudication.csv,f32,2026-09-08-v3,31ad8a80aa93c774,,EXPLICIT_STRUCTURED_SHAPE,full CUB transformed equality-and reduction,PASS,MISSING,PASS,best_of_20_synchronized_wall; warmup=5
aten_erf,aten/src/ATen/native/cpu/UnaryOpsKernel.cpp,erf_kernel,torch.erf,,,MEASURED_CUDA_DISPATCH_SOURCE_NOT_PINNED,EXACT_ATEN_OPERATION,yes,"shape, dtype, output materialization, and operation semantics aligned",N=4194304,built_in_provenance_rule,f32,2026-09-08-v3,0dd4b2733f8227cd,,EXPLICIT_STRUCTURED_SHAPE,cuDNN ERF pointwise node,PASS,PASS,PASS,best_of_20_synchronized_wall; warmup=5
aten_erfc,aten/src/ATen/native/cpu/UnaryOpsKernel.cpp,erfc_kernel,torch.erfc,,,MEASURED_CUDA_DISPATCH_SOURCE_NOT_PINNED,EXACT_ATEN_OPERATION,yes,"shape, dtype, output materialization, and operation semantics aligned",N=4194304,built_in_provenance_rule,f32,2026-09-08-v3,93a3de32a1e78949,,EXPLICIT_STRUCTURED_SHAPE,erfc expanded to one minus erf,PASS,PASS,PASS,best_of_20_synchronized_wall; warmup=5
aten_exp,aten/src/ATen/native/cpu/UnaryOpsKernel.cpp,exp_kernel,torch.exp,,,MEASURED_CUDA_DISPATCH_SOURCE_NOT_PINNED,EXACT_ATEN_OPERATION,yes,"shape, dtype, output materialization, and operation semantics aligned",N=4194304,built_in_provenance_rule,f32,2026-09-08-v3,5b828abb80778add,,AUTO_SCALE_LARGEST_ARRAY_APPROX_4194304,uniformly scale extracted dimensions; preserve ratios; minimum dimension 2,PASS,PASS,PASS,best_of_20_synchronized_wall; warmup=5
aten_exp2,aten/src/ATen/native/cpu/UnaryOpsKernel.cpp,exp2_kernel,torch.exp2,,,MEASURED_CUDA_DISPATCH_SOURCE_NOT_PINNED,EXACT_ATEN_OPERATION,yes,"shape, dtype, output materialization, and operation semantics aligned",N=4194304,built_in_provenance_rule,f32,2026-09-08-v3,a512ae97ce832704,,EXPLICIT_STRUCTURED_SHAPE,exp2 expanded to multiply plus exp,PASS,PASS,PASS,best_of_20_synchronized_wall; warmup=5
aten_expm1,aten/src/ATen/native/cpu/UnaryOpsKernel.cpp,expm1_kernel,torch.expm1,,,MEASURED_CUDA_DISPATCH_SOURCE_NOT_PINNED,EXACT_ATEN_OPERATION,yes,"audited complete operation: shape, dtype, outputs, layout, and fixed parameters align",N=4194304,native_fixture_adjudication.csv,f32,2026-09-08-v3,b76cfa17275d9f7a,,AUTO_SCALE_LARGEST_ARRAY_APPROX_4194304,uniformly scale extracted dimensions; preserve ratios; minimum dimension 2,PASS,MISSING,PASS,best_of_20_synchronized_wall; warmup=5
aten_exponential_cpu,aten/src/ATen/native/cpu/DistributionKernels.cpp,exponential_kernel,torch.exponential,,,MEASURED_CUDA_DISPATCH_SOURCE_NOT_PINNED,EXACT_EXTRACTED_TRANSFORM,yes,fingerprinted CUDA recipe reproduces the complete fixed C fixture; classification is limited to the extracted fixture and does not claim equivalence to additional parent-operator dispatch or storage work,N=4194304,native_fixture_adjudication.csv,f32,2026-09-08-v3,d9049720b153acf8,d9049720b153acf8,AUTO_SCALE_LARGEST_ARRAY_APPROX_4194304,uniformly scale extracted dimensions; preserve ratios; minimum dimension 2,PASS,MISSING,PASS,best_of_20_synchronized_wall; warmup=5
aten_fast_cat_dim0_cpu,aten/src/ATen/native/TensorShape.cpp,fastCatOutDim0,reshape + clone,,,MEASURED_CUDA_DISPATCH_SOURCE_NOT_PINNED,EXACT_EXTRACTED_FIXTURE,yes,fingerprinted CUDA recipe reproduces the complete fixed C fixture; classification is limited to the extracted fixture and does not claim equivalence to additional parent-operator dispatch or storage work,B=256_N=16383,native_fixture_adjudication.csv,f32,2026-09-08-v3,117e56345e3472bc,117e56345e3472bc,AUTO_SCALE_LARGEST_ARRAY_APPROX_4194304,uniformly scale extracted dimensions; preserve ratios; minimum dimension 2,PASS,MISSING,SKIP,best_of_20_synchronized_wall; warmup=5
aten_flatten_nd_linear_cpu,aten/src/ATen/native/Linear.cpp,_flatten_nd_linear,torch.matmul,,,MEASURED_CUDA_DISPATCH_SOURCE_NOT_PINNED,EXACT_EXTRACTED_FIXTURE,yes,fingerprinted CUDA recipe reproduces the complete fixed C fixture; classification is limited to the extracted fixture and does not claim equivalence to additional parent-operator dispatch or storage work,B=80_K=322_M=161_N=241,native_fixture_adjudication.csv,f32,2026-09-08-v3,0b73d0504d7a7d38,0b73d0504d7a7d38,AUTO_SCALE_LARGEST_ARRAY_APPROX_4194304,uniformly scale extracted dimensions; preserve ratios; minimum dimension 2,PASS,MISSING,SKIP,best_of_20_synchronized_wall; warmup=5
aten_flip_tensor_transform_cpu,aten/src/ATen/native/TensorTransformations.cpp,flip,torch.flip,,,MEASURED_CUDA_DISPATCH_SOURCE_NOT_PINNED,EXACT_EXTRACTED_FIXTURE,yes,fingerprinted CUDA recipe reproduces the complete fixed C fixture; classification is limited to the extracted fixture and does not claim equivalence to additional parent-operator dispatch or storage work,C=2897_R=1448,native_fixture_adjudication.csv,f32,2026-09-08-v3,7b156bc3275866e3,7b156bc3275866e3,AUTO_SCALE_LARGEST_ARRAY_APPROX_4194304,uniformly scale extracted dimensions; preserve ratios; minimum dimension 2,PASS,MISSING,SKIP,best_of_20_synchronized_wall; warmup=5
aten_floor,aten/src/ATen/native/cpu/UnaryOpsKernel.cpp,floor_kernel,torch.floor,,,MEASURED_CUDA_DISPATCH_SOURCE_NOT_PINNED,EXACT_ATEN_OPERATION,yes,"shape, dtype, output materialization, and operation semantics aligned",N=4194304,built_in_provenance_rule,f32,2026-09-08-v3,ee994c992feabd3f,,AUTO_SCALE_LARGEST_ARRAY_APPROX_4194304,uniformly scale extracted dimensions; preserve ratios; minimum dimension 2,PASS,PASS,PASS,best_of_20_synchronized_wall; warmup=5
aten_fmax,aten/src/ATen/native/cpu/BinaryOpsKernel.cpp,fmax_kernel,torch.fmax,,,MEASURED_CUDA_DISPATCH_SOURCE_NOT_PINNED,EXACT_ATEN_OPERATION,yes,"audited complete operation: shape, dtype, outputs, layout, and fixed parameters align",N=4194304,native_fixture_adjudication.csv,f32,2026-09-08-v3,01b6a5c5d48be296,,AUTO_SCALE_LARGEST_ARRAY_APPROX_4194304,uniformly scale extracted dimensions; preserve ratios; minimum dimension 2,PASS,MISSING,PASS,best_of_20_synchronized_wall; warmup=5
aten_fmin,aten/src/ATen/native/cpu/BinaryOpsKernel.cpp,fmin_kernel,torch.fmin,,,MEASURED_CUDA_DISPATCH_SOURCE_NOT_PINNED,EXACT_ATEN_OPERATION,yes,"audited complete operation: shape, dtype, outputs, layout, and fixed parameters align",N=4194304,native_fixture_adjudication.csv,f32,2026-09-08-v3,cae427b65388ace8,,AUTO_SCALE_LARGEST_ARRAY_APPROX_4194304,uniformly scale extracted dimensions; preserve ratios; minimum dimension 2,PASS,MISSING,PASS,best_of_20_synchronized_wall; warmup=5
aten_fmod,aten/src/ATen/native/cpu/BinaryOpsKernel.cpp,fmod_kernel,torch.fmod,,,MEASURED_CUDA_DISPATCH_SOURCE_NOT_PINNED,EXACT_ATEN_OPERATION,yes,"audited complete operation: shape, dtype, outputs, layout, and fixed parameters align",N=4194304,native_fixture_adjudication.csv,f32,2026-09-08-v3,ebf144712f447640,,AUTO_SCALE_LARGEST_ARRAY_APPROX_4194304,uniformly scale extracted dimensions; preserve ratios; minimum dimension 2,PASS,MISSING,PASS,best_of_20_synchronized_wall; warmup=5
aten_fp16_dot_cpu,aten/src/ATen/native/cpu/ReducedPrecisionFloatGemvFastPathKernel.cpp,fp16_dot,torch.dot (fixture stores f32),,,MEASURED_CUDA_DISPATCH_SOURCE_NOT_PINNED,EXACT_EXTRACTED_FIXTURE,yes,fingerprinted CUDA recipe reproduces the complete fixed C fixture; classification is limited to the extracted fixture and does not claim equivalence to additional parent-operator dispatch or storage work,K=4194304,native_fixture_adjudication.csv,f32,2026-09-08-v3,80324191d46fec17,80324191d46fec17,AUTO_SCALE_LARGEST_ARRAY_APPROX_4194304,uniformly scale extracted dimensions; preserve ratios; minimum dimension 2,PASS,MISSING,SKIP,best_of_20_synchronized_wall; warmup=5
aten_fp16_gemv_f16arith_cpu,aten/src/ATen/native/BlasKernel.cpp,fp16_gemv_notrans_fp16_arith,torch.mv (fixture stores f32),,,MEASURED_CUDA_DISPATCH_SOURCE_NOT_PINNED,EXACT_EXTRACTED_FIXTURE,yes,fingerprinted CUDA recipe reproduces the complete fixed C fixture; classification is limited to the extracted fixture and does not claim equivalence to additional parent-operator dispatch or storage work,K=2509_M=1672,native_fixture_adjudication.csv,f32,2026-09-08-v3,05355c20cc176a9e,05355c20cc176a9e,AUTO_SCALE_LARGEST_ARRAY_APPROX_4194304,uniformly scale extracted dimensions; preserve ratios; minimum dimension 2,PASS,MISSING,SKIP,best_of_20_synchronized_wall; warmup=5
aten_fp16_gemv_f32arith_cpu,aten/src/ATen/native/BlasKernel.cpp,fp16_gemv_notrans_fp32_arith,torch.mv (fixture stores f32),,,MEASURED_CUDA_DISPATCH_SOURCE_NOT_PINNED,EXACT_EXTRACTED_FIXTURE,yes,fingerprinted CUDA recipe reproduces the complete fixed C fixture; classification is limited to the extracted fixture and does not claim equivalence to additional parent-operator dispatch or storage work,K=2509_M=1672,native_fixture_adjudication.csv,f32,2026-09-08-v3,fc568ec30fd13a9b,fc568ec30fd13a9b,AUTO_SCALE_LARGEST_ARRAY_APPROX_4194304,uniformly scale extracted dimensions; preserve ratios; minimum dimension 2,PASS,MISSING,SKIP,best_of_20_synchronized_wall; warmup=5
aten_fp16_gemv_notrans_cpu,aten/src/ATen/native/BlasKernel.cpp,fp16_gemv_notrans,torch.mv (fixture stores f32),,,MEASURED_CUDA_DISPATCH_SOURCE_NOT_PINNED,EXACT_EXTRACTED_FIXTURE,yes,fingerprinted CUDA recipe reproduces the complete fixed C fixture; classification is limited to the extracted fixture and does not claim equivalence to additional parent-operator dispatch or storage work,K=2509_M=1672,native_fixture_adjudication.csv,f32,2026-09-08-v3,d39f7f4593415a61,d39f7f4593415a61,AUTO_SCALE_LARGEST_ARRAY_APPROX_4194304,uniformly scale extracted dimensions; preserve ratios; minimum dimension 2,PASS,MISSING,SKIP,best_of_20_synchronized_wall; warmup=5
aten_fp16_gemv_trans_cpu,aten/src/ATen/native/cpu/ReducedPrecisionFloatGemvFastPathKernel.cpp,fp16_gemv_trans,torch.mv(transposed matrix; fixture stores f32),,,MEASURED_CUDA_DISPATCH_SOURCE_NOT_PINNED,EXACT_EXTRACTED_FIXTURE,yes,fingerprinted CUDA recipe reproduces the complete fixed C fixture; classification is limited to the extracted fixture and does not claim equivalence to additional parent-operator dispatch or storage work,K=2897_M=1448,native_fixture_adjudication.csv,f32,2026-09-08-v3,42db21de7a9d730b,42db21de7a9d730b,AUTO_SCALE_LARGEST_ARRAY_APPROX_4194304,uniformly scale extracted dimensions; preserve ratios; minimum dimension 2,PASS,MISSING,SKIP,best_of_20_synchronized_wall; warmup=5
aten_frac,aten/src/ATen/native/cpu/UnaryOpsKernel.cpp,frac_kernel,torch.frac,,,MEASURED_CUDA_DISPATCH_SOURCE_NOT_PINNED,EXACT_ATEN_OPERATION,yes,"shape, dtype, output materialization, and operation semantics aligned",N=4194304,built_in_provenance_rule,f32,2026-09-08-v3,257b2d03a81cc271,,EXPLICIT_STRUCTURED_SHAPE,x minus trunc x rewritten to modulo one,PASS,PASS,PASS,best_of_20_synchronized_wall; warmup=5
aten_fractional_max_pool2d_cpu,aten/src/ATen/native/FractionalMaxPool2d.cpp,fractional_max_pool2d_out_frame,torch.nn.functional.fractional_max_pool2d,,,MEASURED_CUDA_DISPATCH_SOURCE_NOT_PINNED,EXACT_ATEN_OPERATION,yes,"shape, dtype, output materialization, and operation semantics aligned",B=19_C=28_IH=84_IW=93_OH=37_OW=47,built_in_provenance_rule,f32,2026-09-08-v3,d542cdff6a5e70f4,,AUTO_SCALE_LARGEST_ARRAY_APPROX_4194304,uniformly scale extracted dimensions; preserve ratios; minimum dimension 2,PASS,PASS,PASS,best_of_20_synchronized_wall; warmup=5
aten_fractional_max_pool3d_cpu,aten/src/ATen/native/FractionalMaxPool3d.cpp,fractional_max_pool3d_out_frame,torch.nn.functional.fractional_max_pool3d,,,MEASURED_CUDA_DISPATCH_SOURCE_NOT_PINNED,EXACT_ATEN_OPERATION,yes,"shape, dtype, output materialization, and operation semantics aligned",B=5_C=10_ID=39_IH=44_IW=49_OD=15_OH=19_OW=24,built_in_provenance_rule,f32,2026-09-08-v3,9d19a0b89b02c36a,,AUTO_SCALE_LARGEST_ARRAY_APPROX_4194304,uniformly scale extracted dimensions; preserve ratios; minimum dimension 2,PASS,PASS,PASS,best_of_20_synchronized_wall; warmup=5
aten_gamma_transform_cpu,aten/src/ATen/native/Distributions.cpp,_s_gamma_cpu,torch.gamma,,,MEASURED_CUDA_DISPATCH_SOURCE_NOT_PINNED,EXACT_EXTRACTED_TRANSFORM,yes,fingerprinted CUDA recipe reproduces the complete fixed C fixture; classification is limited to the extracted fixture and does not claim equivalence to additional parent-operator dispatch or storage work,N=4194304,native_fixture_adjudication.csv,f32,2026-09-08-v3,34b5c13f042ca274,34b5c13f042ca274,AUTO_SCALE_LARGEST_ARRAY_APPROX_4194304,uniformly scale extracted dimensions; preserve ratios; minimum dimension 2,PASS,MISSING,PASS,best_of_20_synchronized_wall; warmup=5
aten_gelu,aten/src/ATen/native/Activation.cpp,gelu,torch.gelu,,,MEASURED_CUDA_DISPATCH_SOURCE_NOT_PINNED,EXACT_ATEN_OPERATION,yes,"shape, dtype, output materialization, and operation semantics aligned",N=4194304,built_in_provenance_rule,f32,2026-09-08-v3,f457f641f8eed3db,,AUTO_SCALE_LARGEST_ARRAY_APPROX_4194304,uniformly scale extracted dimensions; preserve ratios; minimum dimension 2,PASS,PASS,PASS,best_of_20_synchronized_wall; warmup=5
aten_gelu_backward_cpu_exact,aten/src/ATen/native/cpu/Activation.cpp,GeluBackwardKernelImpl,torch.gelu_backward_cpu_exact,,,MEASURED_CUDA_DISPATCH_SOURCE_NOT_PINNED,EXACT_ATEN_OPERATION,yes,"audited complete operation: shape, dtype, outputs, layout, and fixed parameters align",N=4194304,native_fixture_adjudication.csv,f32,2026-09-08-v3,71eee55ef62813bd,,EXPLICIT_STRUCTURED_SHAPE,sixteen-node exact GELU backward graph,PASS,MISSING,PASS,best_of_20_synchronized_wall; warmup=5
aten_gelu_backward_cpu_tanh,aten/src/ATen/native/cpu/Activation.cpp,GeluBackwardKernelImpl,torch.gelu_backward_cpu_tanh,,,MEASURED_CUDA_DISPATCH_SOURCE_NOT_PINNED,EXACT_ATEN_OPERATION,yes,"audited complete operation: shape, dtype, outputs, layout, and fixed parameters align",N=4194304,native_fixture_adjudication.csv,f32,2026-09-08-v3,df5b1482f040c411,,EXPLICIT_STRUCTURED_SHAPE,twenty-four-node-capable tanh GELU backward graph,PASS,MISSING,PASS,best_of_20_synchronized_wall; warmup=5
aten_gelu_cpu_exact,aten/src/ATen/native/cpu/Activation.cpp,GeluKernelImpl,torch.gelu,,,MEASURED_CUDA_DISPATCH_SOURCE_NOT_PINNED,EXACT_ATEN_OPERATION,yes,"shape, dtype, output materialization, and operation semantics aligned",N=4194304,built_in_provenance_rule,f32,2026-09-08-v3,5b48840c70c886ab,,AUTO_SCALE_LARGEST_ARRAY_APPROX_4194304,uniformly scale extracted dimensions; preserve ratios; minimum dimension 2,PASS,PASS,PASS,best_of_20_synchronized_wall; warmup=5
aten_gelu_cpu_tanh,aten/src/ATen/native/cpu/Activation.cpp,GeluKernelImpl,torch.gelu_cpu_tanh,,,MEASURED_CUDA_DISPATCH_SOURCE_NOT_PINNED,EXACT_ATEN_OPERATION,yes,"audited complete operation: shape, dtype, outputs, layout, and fixed parameters align",N=4194304,native_fixture_adjudication.csv,f32,2026-09-08-v3,ddbb97ad9ec4d06e,,AUTO_SCALE_LARGEST_ARRAY_APPROX_4194304,uniformly scale extracted dimensions; preserve ratios; minimum dimension 2,PASS,MISSING,PASS,best_of_20_synchronized_wall; warmup=5
aten_gemm_notrans_cpu,aten/src/ATen/native/cpu/BlasKernel.cpp,gemm_notrans_,initial C + torch.matmul,,,MEASURED_CUDA_DISPATCH_SOURCE_NOT_PINNED,EXACT_EXTRACTED_FIXTURE,yes,fingerprinted CUDA recipe reproduces the complete fixed C fixture; classification is limited to the extracted fixture and does not claim equivalence to additional parent-operator dispatch or storage work,K=1869_M=1496_N=2243,native_fixture_adjudication.csv,f32,2026-09-08-v3,ab05c0f503c88a4f,ab05c0f503c88a4f,AUTO_SCALE_LARGEST_ARRAY_APPROX_4194304,uniformly scale extracted dimensions; preserve ratios; minimum dimension 2,PASS,MISSING,SKIP,best_of_20_synchronized_wall; warmup=5
aten_gemm_transa_cpu,aten/src/ATen/native/cpu/BlasKernel.cpp,gemm_transa_,initial C + torch.matmul(transpose A),,,MEASURED_CUDA_DISPATCH_SOURCE_NOT_PINNED,EXACT_EXTRACTED_FIXTURE,yes,fingerprinted CUDA recipe reproduces the complete fixed C fixture; classification is limited to the extracted fixture and does not claim equivalence to additional parent-operator dispatch or storage work,K=1869_M=1496_N=2243,native_fixture_adjudication.csv,f32,2026-09-08-v3,f70c4623cd1bb7ef,f70c4623cd1bb7ef,AUTO_SCALE_LARGEST_ARRAY_APPROX_4194304,uniformly scale extracted dimensions; preserve ratios; minimum dimension 2,PASS,MISSING,SKIP,best_of_20_synchronized_wall; warmup=5
aten_gemm_transab_cpu,aten/src/ATen/native/cpu/BlasKernel.cpp,gemm_transab_,initial C + torch.matmul(transpose A/B),,,MEASURED_CUDA_DISPATCH_SOURCE_NOT_PINNED,EXACT_EXTRACTED_FIXTURE,yes,fingerprinted CUDA recipe reproduces the complete fixed C fixture; classification is limited to the extracted fixture and does not claim equivalence to additional parent-operator dispatch or storage work,K=1869_M=1496_N=2243,native_fixture_adjudication.csv,f32,2026-09-08-v3,0a4de036b7ce5779,0a4de036b7ce5779,AUTO_SCALE_LARGEST_ARRAY_APPROX_4194304,uniformly scale extracted dimensions; preserve ratios; minimum dimension 2,PASS,MISSING,SKIP,best_of_20_synchronized_wall; warmup=5
aten_gemm_transb_cpu,aten/src/ATen/native/cpu/BlasKernel.cpp,gemm_transb_impl,initial C + torch.matmul(transpose B),,,MEASURED_CUDA_DISPATCH_SOURCE_NOT_PINNED,EXACT_EXTRACTED_FIXTURE,yes,fingerprinted CUDA recipe reproduces the complete fixed C fixture; classification is limited to the extracted fixture and does not claim equivalence to additional parent-operator dispatch or storage work,K=1869_M=1496_N=2243,native_fixture_adjudication.csv,f32,2026-09-08-v3,4e6fa11cb80126eb,4e6fa11cb80126eb,AUTO_SCALE_LARGEST_ARRAY_APPROX_4194304,uniformly scale extracted dimensions; preserve ratios; minimum dimension 2,PASS,MISSING,SKIP,best_of_20_synchronized_wall; warmup=5
aten_geometric_cpu,aten/src/ATen/native/cpu/DistributionKernels.cpp,geometric_kernel,torch.geometric,,,MEASURED_CUDA_DISPATCH_SOURCE_NOT_PINNED,EXACT_EXTRACTED_TRANSFORM,yes,fingerprinted CUDA recipe reproduces the complete fixed C fixture; classification is limited to the extracted fixture and does not claim equivalence to additional parent-operator dispatch or storage work,N=4194304,native_fixture_adjudication.csv,f32,2026-09-08-v3,92885ae4cc3b4ba8,92885ae4cc3b4ba8,AUTO_SCALE_LARGEST_ARRAY_APPROX_4194304,uniformly scale extracted dimensions; preserve ratios; minimum dimension 2,PASS,MISSING,PASS,best_of_20_synchronized_wall; warmup=5
aten_glu,aten/src/ATen/native/cpu/Activation.cpp,glu_kernel,torch.glu,,,MEASURED_CUDA_DISPATCH_SOURCE_NOT_PINNED,EXACT_EXTRACTED_FIXTURE,yes,fingerprinted CUDA recipe reproduces the complete fixed C fixture; classification is limited to the extracted fixture and does not claim equivalence to additional parent-operator dispatch or storage work,N=4194304,native_fixture_adjudication.csv,f32,2026-09-08-v3,02a7dcceff8d5d61,02a7dcceff8d5d61,EXPLICIT_STRUCTURED_SHAPE,full graph,PASS,MISSING,PASS,best_of_20_synchronized_wall; warmup=5
aten_glu_backward,aten/src/ATen/native/cpu/Activation.cpp,glu_backward_kernel,torch.glu,,,MEASURED_CUDA_DISPATCH_SOURCE_NOT_PINNED,EXACT_EXTRACTED_FIXTURE,yes,fingerprinted CUDA recipe reproduces the complete fixed C fixture; classification is limited to the extracted fixture and does not claim equivalence to additional parent-operator dispatch or storage work,N=4194304,native_fixture_adjudication.csv,f32,2026-09-08-v3,eef22b792f3a0e64,eef22b792f3a0e64,EXPLICIT_STRUCTURED_SHAPE,full graph,PASS,MISSING,PASS,best_of_20_synchronized_wall; warmup=5
aten_glu_jvp,aten/src/ATen/native/cpu/Activation.cpp,glu_jvp_kernel,torch.glu_jvp,,,MEASURED_CUDA_DISPATCH_SOURCE_NOT_PINNED,EXACT_EXTRACTED_FIXTURE,yes,fingerprinted CUDA recipe reproduces the complete fixed C fixture; classification is limited to the extracted fixture and does not claim equivalence to additional parent-operator dispatch or storage work,N=4194304,native_fixture_adjudication.csv,f32,2026-09-08-v3,b9b515bd3789a6a2,b9b515bd3789a6a2,AUTO_SCALE_LARGEST_ARRAY_APPROX_4194304,uniformly scale extracted dimensions; preserve ratios; minimum dimension 2,PASS,MISSING,PASS,best_of_20_synchronized_wall; warmup=5
aten_gradient_cpu,aten/src/ATen/native/ReduceOps.cpp,gradient_helper,torch.gradient,,,MEASURED_CUDA_DISPATCH_SOURCE_NOT_PINNED,EXACT_EXTRACTED_FIXTURE,yes,fingerprinted CUDA recipe reproduces the complete fixed C fixture; classification is limited to the extracted fixture and does not claim equivalence to additional parent-operator dispatch or storage work,N=4194304,native_fixture_adjudication.csv,f32,2026-09-08-v3,188c08c1431c9f4d,188c08c1431c9f4d,EXPLICIT_STRUCTURED_SHAPE,partial graph interior,PASS,MISSING,PASS,best_of_20_synchronized_wall; warmup=5
aten_gradient_float_cpu,aten/src/ATen/native/ReduceOps.cpp,gradient_helper_float,torch.gradient(coordinate spacing),,,MEASURED_CUDA_DISPATCH_SOURCE_NOT_PINNED,EXACT_EXTRACTED_FIXTURE,yes,fingerprinted CUDA recipe reproduces the complete fixed C fixture; classification is limited to the extracted fixture and does not claim equivalence to additional parent-operator dispatch or storage work,N=4194304,native_fixture_adjudication.csv,f32,2026-09-08-v3,08c36cab2c53ce68,08c36cab2c53ce68,EXPLICIT_STRUCTURED_SHAPE,partial graph interior,PASS,MISSING,SKIP,best_of_20_synchronized_wall; warmup=5
aten_hardshrink,aten/src/ATen/native/cpu/Activation.cpp,hardshrink_kernel,torch.hardshrink,,,MEASURED_CUDA_DISPATCH_SOURCE_NOT_PINNED,EXACT_EXTRACTED_FIXTURE,yes,fingerprinted CUDA recipe reproduces the complete fixed C fixture; classification is limited to the extracted fixture and does not claim equivalence to additional parent-operator dispatch or storage work,N=4194304,native_fixture_adjudication.csv,f32,2026-09-08-v3,6b84be6ffbc2f9cd,6b84be6ffbc2f9cd,EXPLICIT_STRUCTURED_SHAPE,compound predicate through two numeric masks,PASS,MISSING,PASS,best_of_20_synchronized_wall; warmup=5
aten_hardsigmoid,aten/src/ATen/native/cpu/Activation.cpp,hardsigmoid_kernel,torch.hardsigmoid,,,MEASURED_CUDA_DISPATCH_SOURCE_NOT_PINNED,EXACT_ATEN_OPERATION,yes,"audited complete operation: shape, dtype, outputs, layout, and fixed parameters align",N=4194304,native_fixture_adjudication.csv,f32,2026-09-08-v3,edda58d945a51022,,AUTO_SCALE_LARGEST_ARRAY_APPROX_4194304,uniformly scale extracted dimensions; preserve ratios; minimum dimension 2,PASS,MISSING,PASS,best_of_20_synchronized_wall; warmup=5
aten_hardsigmoid_backward,aten/src/ATen/native/cpu/Activation.cpp,hardsigmoid_backward_kernel,torch.hardsigmoid,,,MEASURED_CUDA_DISPATCH_SOURCE_NOT_PINNED,EXACT_ATEN_OPERATION,yes,"audited complete operation: shape, dtype, outputs, layout, and fixed parameters align",N=4194304,native_fixture_adjudication.csv,f32,2026-09-08-v3,4c76ee8a69d656ec,,AUTO_SCALE_LARGEST_ARRAY_APPROX_4194304,uniformly scale extracted dimensions; preserve ratios; minimum dimension 2,PASS,MISSING,PASS,best_of_20_synchronized_wall; warmup=5
aten_hardswish,aten/src/ATen/native/cpu/Activation.cpp,hardswish_kernel,torch.hardswish,,,MEASURED_CUDA_DISPATCH_SOURCE_NOT_PINNED,EXACT_ATEN_OPERATION,yes,"shape, dtype, output materialization, and operation semantics aligned",N=4194304,built_in_provenance_rule,f32,2026-09-08-v3,a69c9eae5e6108ed,,AUTO_SCALE_LARGEST_ARRAY_APPROX_4194304,uniformly scale extracted dimensions; preserve ratios; minimum dimension 2,PASS,PASS,PASS,best_of_20_synchronized_wall; warmup=5
aten_hardswish_backward,aten/src/ATen/native/cpu/Activation.cpp,hardswish_backward_kernel,torch.ops.aten.hardswish_backward,,,MEASURED_CUDA_DISPATCH_SOURCE_NOT_PINNED,EXACT_ATEN_OPERATION,yes,"shape, dtype, output materialization, and operation semantics aligned",N=4194304,built_in_provenance_rule,f32,2026-09-08-v3,6d9d2fe503529507,,EXPLICIT_STRUCTURED_SHAPE,nested ordered-select graph,PASS,PASS,PASS,best_of_20_synchronized_wall; warmup=5
aten_hardtanh,aten/src/ATen/native/Activation.cpp,Tensor hardtanh,torch.hardtanh,,,MEASURED_CUDA_DISPATCH_SOURCE_NOT_PINNED,EXACT_EXTRACTED_FIXTURE,yes,fingerprinted CUDA recipe reproduces the complete fixed C fixture; classification is limited to the extracted fixture and does not claim equivalence to additional parent-operator dispatch or storage work,N=4194304,native_fixture_adjudication.csv,f32,2026-09-08-v3,83fe1f5a9c14ac29,83fe1f5a9c14ac29,AUTO_SCALE_LARGEST_ARRAY_APPROX_4194304,uniformly scale extracted dimensions; preserve ratios; minimum dimension 2,PASS,MISSING,PASS,best_of_20_synchronized_wall; warmup=5
aten_hardtanh_backward,aten/src/ATen/native/cpu/Activation.cpp,hardtanh_backward_kernel,torch.hardtanh,,,MEASURED_CUDA_DISPATCH_SOURCE_NOT_PINNED,EXACT_EXTRACTED_FIXTURE,yes,fingerprinted CUDA recipe reproduces the complete fixed C fixture; classification is limited to the extracted fixture and does not claim equivalence to additional parent-operator dispatch or storage work,N=4194304,native_fixture_adjudication.csv,f32,2026-09-08-v3,6488125976d74959,6488125976d74959,EXPLICIT_STRUCTURED_SHAPE,compound predicate through two numeric masks,PASS,MISSING,PASS,best_of_20_synchronized_wall; warmup=5
aten_histogram_select_outer_bin_edges_cpu,aten/src/ATen/native/cpu/HistogramKernel.cpp,histogram_select_outer_bin_edges_impl,torch.aminmax,,,MEASURED_CUDA_DISPATCH_SOURCE_NOT_PINNED,EXACT_EXTRACTED_FIXTURE,yes,fingerprinted CUDA recipe reproduces the complete fixed C fixture; classification is limited to the extracted fixture and does not claim equivalence to additional parent-operator dispatch or storage work,N=4194304,native_fixture_adjudication.csv,f32,2026-09-08-v3,50f2a52b7cb2af10,50f2a52b7cb2af10,AUTO_SCALE_LARGEST_ARRAY_APPROX_4194304,uniformly scale extracted dimensions; preserve ratios; minimum dimension 2,PASS,MISSING,SKIP,best_of_20_synchronized_wall; warmup=5
aten_host_softmax_backward_cpu,aten/src/ATen/native/SoftMax.cpp,host_softmax_backward,torch.ops.aten._softmax_backward_data,,,MEASURED_CUDA_DISPATCH_SOURCE_NOT_PINNED,EXACT_ATEN_OPERATION,yes,"shape, dtype, output materialization, and operation semantics aligned",R=65536_K=64,built_in_provenance_rule,f32,2026-09-08-v3,1d034986394740d8,,EXPLICIT_STRUCTURED_SHAPE,partial graph epilogue,PASS,PASS,PASS,best_of_20_synchronized_wall; warmup=5
aten_host_softmax_cpu,aten/src/ATen/native/SoftMax.cpp,host_softmax,torch.softmax,,,MEASURED_CUDA_DISPATCH_SOURCE_NOT_PINNED,EXACT_ATEN_OPERATION,yes,"shape, dtype, output materialization, and operation semantics aligned",K=2897_R=1448,built_in_provenance_rule,f32,2026-09-08-v3,d2c1d23d13eb590a,,AUTO_SCALE_LARGEST_ARRAY_APPROX_4194304,uniformly scale extracted dimensions; preserve ratios; minimum dimension 2,PASS,PASS,PASS,best_of_20_synchronized_wall; warmup=5
aten_hspmm_cpu,aten/src/ATen/native/sparse/SparseTensorMath.cpp,hspmm_out_sparse_cpu,torch.hspmm,,,MEASURED_CUDA_DISPATCH_SOURCE_NOT_PINNED,EXACT_EXTRACTED_FIXTURE,yes,fingerprinted CUDA recipe reproduces the complete fixed C fixture; classification is limited to the extracted fixture and does not claim equivalence to additional parent-operator dispatch or storage work,R=64_C=4096_N=4096,native_fixture_adjudication.csv,f32,2026-09-08-v3,259b92fa65811255,259b92fa65811255,EXPLICIT_STRUCTURED_SHAPE,full Linalg-fill plus structured-loop COO SpMM via cuSPARSE,PASS,MISSING,PASS,best_of_20_synchronized_wall; warmup=5
aten_huber_backward,aten/src/ATen/native/cpu/PointwiseOpsKernel.cpp,huber_backward_cpu_kernel,torch.huber,,,MEASURED_CUDA_DISPATCH_SOURCE_NOT_PINNED,EXACT_EXTRACTED_FIXTURE,yes,fingerprinted CUDA recipe reproduces the complete fixed C fixture; classification is limited to the extracted fixture and does not claim equivalence to additional parent-operator dispatch or storage work,N=4194304,native_fixture_adjudication.csv,f32,2026-09-08-v3,b003b17441ada95b,b003b17441ada95b,EXPLICIT_STRUCTURED_SHAPE,piecewise Huber derivative graph,PASS,MISSING,PASS,best_of_20_synchronized_wall; warmup=5
aten_huber_elementwise,aten/src/ATen/native/cpu/BinaryOpsKernel.cpp,huber_kernel,torch.huber_elementwise,,,MEASURED_CUDA_DISPATCH_SOURCE_NOT_PINNED,EXACT_EXTRACTED_FIXTURE,yes,fingerprinted CUDA recipe reproduces the complete fixed C fixture; classification is limited to the extracted fixture and does not claim equivalence to additional parent-operator dispatch or storage work,N=4194304,native_fixture_adjudication.csv,f32,2026-09-08-v3,40458531c0ed998a,40458531c0ed998a,EXPLICIT_STRUCTURED_SHAPE,piecewise Huber loss graph,PASS,MISSING,PASS,best_of_20_synchronized_wall; warmup=5
aten_hypot,aten/src/ATen/native/cpu/BinaryOpsKernel.cpp,hypot_kernel,torch.hypot,,,MEASURED_CUDA_DISPATCH_SOURCE_NOT_PINNED,EXACT_ATEN_OPERATION,yes,"shape, dtype, output materialization, and operation semantics aligned",N=4194304,built_in_provenance_rule,f32,2026-09-08-v3,360eac1f010bdb44,,EXPLICIT_STRUCTURED_SHAPE,hypot expanded to squares add and sqrt,PASS,PASS,PASS,best_of_20_synchronized_wall; warmup=5
aten_im2col,aten/src/ATen/native/Im2Col.cpp,im2col,torch.nn.functional.unfold,,,MEASURED_CUDA_DISPATCH_SOURCE_NOT_PINNED,EXACT_ATEN_OPERATION,yes,"shape, dtype, output materialization, and operation semantics aligned",B=4_C=8_H=128_W=128_KH=3_KW=3,built_in_provenance_rule,f32,2026-09-08-v3,a4c2fa550faa122e,,EXPLICIT_STRUCTURED_SHAPE,full im2col tensor transformation,PASS,PASS,PASS,best_of_20_synchronized_wall; warmup=5
aten_int_mm_out_cpu,aten/src/ATen/native/LinearAlgebra.cpp,_int_mm_out_cpu,torch.int_mm,,,MEASURED_CUDA_DISPATCH_SOURCE_NOT_PINNED,EXACT_ATEN_OPERATION,yes,"audited complete operation: shape, dtype, outputs, layout, and fixed parameters align",M=512_N=512_K=1024,native_fixture_adjudication.csv,f32,2026-09-08-v3,2ee5f09162f73db9,,EXPLICIT_STRUCTURED_SHAPE,full i8 by i8 to i32 matrix multiplication through cuBLAS GemmEx,PASS,MISSING,PASS,best_of_20_synchronized_wall; warmup=5
aten_joint_scaling_cpu,aten/src/ATen/native/ScaledBlas.cpp,get_joint_scaling,two torch.amax(abs) reductions + multiply,,,MEASURED_CUDA_DISPATCH_SOURCE_NOT_PINNED,EXACT_EXTRACTED_FIXTURE,yes,fingerprinted CUDA recipe reproduces the complete fixed C fixture; classification is limited to the extracted fixture and does not claim equivalence to additional parent-operator dispatch or storage work,N=16777216,native_fixture_adjudication.csv,f32,2026-09-08-v3,0f1d1b10e91e7c68,0f1d1b10e91e7c68,EXPLICIT_STRUCTURED_SHAPE,two max-absolute reductions through cuBLAS Isamax,PASS,MISSING,SKIP,best_of_20_synchronized_wall; warmup=5
aten_kron_impl_cpu,aten/src/ATen/native/LinearAlgebra.cpp,KronImpl,torch.kron,,,MEASURED_CUDA_DISPATCH_SOURCE_NOT_PINNED,EXACT_EXTRACTED_FIXTURE,yes,fingerprinted CUDA recipe reproduces the complete fixed C fixture; classification is limited to the extracted fixture and does not claim equivalence to additional parent-operator dispatch or storage work,A=256_B=128_C=32_D=32,native_fixture_adjudication.csv,f32,2026-09-08-v3,71b58bc9f4730368,71b58bc9f4730368,EXPLICIT_STRUCTURED_SHAPE,full Kronecker product through mode-based cuTENSOR multiply,PASS,MISSING,SKIP,best_of_20_synchronized_wall; warmup=5
aten_kron_out_cpu,aten/src/ATen/native/LinearAlgebra.cpp,kron_out,torch.kron,,,MEASURED_CUDA_DISPATCH_SOURCE_NOT_PINNED,EXACT_EXTRACTED_FIXTURE,yes,fingerprinted CUDA recipe reproduces the complete fixed C fixture; classification is limited to the extracted fixture and does not claim equivalence to additional parent-operator dispatch or storage work,A=256_B=128_C=32_D=32,native_fixture_adjudication.csv,f32,2026-09-08-v3,7607a09d96787dbe,7607a09d96787dbe,EXPLICIT_STRUCTURED_SHAPE,full Kronecker product through mode-based cuTENSOR multiply,PASS,MISSING,SKIP,best_of_20_synchronized_wall; warmup=5
aten_layer_norm,aten/src/ATen/native/layer_norm.cpp,layer_norm,torch.nn.functional.layer_norm,,,MEASURED_CUDA_DISPATCH_SOURCE_NOT_PINNED,EXACT_ATEN_OPERATION,yes,"shape, dtype, output materialization, and operation semantics aligned",N=4194304,built_in_provenance_rule,f32,2026-09-08-v3,ee29410e4d6b41b7,,EXPLICIT_STRUCTURED_SHAPE,partial graph epilogue,PASS,PASS,PASS,best_of_20_synchronized_wall; warmup=5
aten_layer_norm_backward_cpu,aten/src/ATen/native/cpu/layer_norm_kernel.cpp,LayerNormBackwardKernelImpl,torch.ops.aten.native_layer_norm_backward,,,MEASURED_CUDA_DISPATCH_SOURCE_NOT_PINNED,EXACT_ATEN_OPERATION,yes,"shape, dtype, output materialization, and operation semantics aligned",B=1024_D=4095,built_in_provenance_rule,f32,2026-09-08-v3,15c9a3b0ddcdcc80,,AUTO_SCALE_LARGEST_ARRAY_APPROX_4194304,uniformly scale extracted dimensions; preserve ratios; minimum dimension 2,PASS,PASS,PASS,best_of_20_synchronized_wall; warmup=5
aten_layer_norm_cpu_backend,aten/src/ATen/native/cpu/layer_norm_kernel.cpp,LayerNormKernelImpl,torch.ops.aten.native_layer_norm,,,MEASURED_CUDA_DISPATCH_SOURCE_NOT_PINNED,EXACT_ATEN_OPERATION,yes,"shape, dtype, output materialization, and operation semantics aligned",B=1024_D=4095,built_in_provenance_rule,f32,2026-09-08-v3,8d1b41fe23056c78,,AUTO_SCALE_LARGEST_ARRAY_APPROX_4194304,uniformly scale extracted dimensions; preserve ratios; minimum dimension 2,PASS,PASS,PASS,best_of_20_synchronized_wall; warmup=5
aten_leaky_relu,aten/src/ATen/native/cpu/Activation.cpp,leaky_relu_kernel,torch.leaky_relu,,,MEASURED_CUDA_DISPATCH_SOURCE_NOT_PINNED,EXACT_ATEN_OPERATION,yes,"shape, dtype, output materialization, and operation semantics aligned",N=4194304,built_in_provenance_rule,f32,2026-09-08-v3,f81c45745cd970f2,,EXPLICIT_STRUCTURED_SHAPE,leaky ReLU rewritten through min-max arithmetic,PASS,PASS,PASS,best_of_20_synchronized_wall; warmup=5
aten_lerp,aten/src/ATen/native/cpu/LerpKernel.cpp,lerp_kernel,torch.lerp,,,MEASURED_CUDA_DISPATCH_SOURCE_NOT_PINNED,EXACT_EXTRACTED_FIXTURE,yes,fingerprinted CUDA recipe reproduces the complete fixed C fixture; classification is limited to the extracted fixture and does not claim equivalence to additional parent-operator dispatch or storage work,N=4194304,native_fixture_adjudication.csv,f32,2026-09-08-v3,4e802a140a827300,4e802a140a827300,EXPLICIT_STRUCTURED_SHAPE,full graph,PASS,MISSING,PASS,best_of_20_synchronized_wall; warmup=5
aten_lerp_scalar,aten/src/ATen/native/cpu/LerpKernel.cpp,lerp_kernel_scalar,torch.lerp_scalar,,,MEASURED_CUDA_DISPATCH_SOURCE_NOT_PINNED,EXACT_EXTRACTED_FIXTURE,yes,fingerprinted CUDA recipe reproduces the complete fixed C fixture; classification is limited to the extracted fixture and does not claim equivalence to additional parent-operator dispatch or storage work,N=4194304,native_fixture_adjudication.csv,f32,2026-09-08-v3,3ed458b205f9ff3d,3ed458b205f9ff3d,EXPLICIT_STRUCTURED_SHAPE,full graph,PASS,MISSING,PASS,best_of_20_synchronized_wall; warmup=5
aten_lerp_scalar_cpu,aten/src/ATen/native/cpu/LerpKernel.cpp,lerp_scalar_kernel,torch.lerp_scalar,,,MEASURED_CUDA_DISPATCH_SOURCE_NOT_PINNED,EXACT_EXTRACTED_FIXTURE,yes,fingerprinted CUDA recipe reproduces the complete fixed C fixture; classification is limited to the extracted fixture and does not claim equivalence to additional parent-operator dispatch or storage work,N=4194304,native_fixture_adjudication.csv,f32,2026-09-08-v3,78031c8798b7cb9a,78031c8798b7cb9a,EXPLICIT_STRUCTURED_SHAPE,full graph,PASS,MISSING,PASS,best_of_20_synchronized_wall; warmup=5
aten_lerp_tensor_cpu,aten/src/ATen/native/cpu/LerpKernel.cpp,lerp_tensor_kernel,torch.lerp_tensor,,,MEASURED_CUDA_DISPATCH_SOURCE_NOT_PINNED,EXACT_ATEN_OPERATION,yes,"audited complete operation: shape, dtype, outputs, layout, and fixed parameters align",N=4194304,native_fixture_adjudication.csv,f32,2026-09-08-v3,1cfee9a904ffc548,,EXPLICIT_STRUCTURED_SHAPE,full graph,PASS,MISSING,PASS,best_of_20_synchronized_wall; warmup=5
aten_linear_combination_cpu,aten/src/ATen/native/cpu/FunctionOfAMatrixUtilsKernel.cpp,_compute_linear_combination_cpu_kernel,torch.linear_combination,,,MEASURED_CUDA_DISPATCH_SOURCE_NOT_PINNED,EXACT_EXTRACTED_FIXTURE,yes,fingerprinted CUDA recipe reproduces the complete fixed C fixture; classification is limited to the extracted fixture and does not claim equivalence to additional parent-operator dispatch or storage work,N=1048575,native_fixture_adjudication.csv,f32,2026-09-08-v3,847a87e082419ef0,847a87e082419ef0,AUTO_SCALE_LARGEST_ARRAY_APPROX_4194304,uniformly scale extracted dimensions; preserve ratios; minimum dimension 2,PASS,MISSING,PASS,best_of_20_synchronized_wall; warmup=5
aten_log,aten/src/ATen/native/cpu/UnaryOpsKernel.cpp,log_kernel,torch.log,,,MEASURED_CUDA_DISPATCH_SOURCE_NOT_PINNED,EXACT_ATEN_OPERATION,yes,"shape, dtype, output materialization, and operation semantics aligned",N=4194304,built_in_provenance_rule,f32,2026-09-08-v3,3de8004fa500429e,,AUTO_SCALE_LARGEST_ARRAY_APPROX_4194304,uniformly scale extracted dimensions; preserve ratios; minimum dimension 2,PASS,PASS,PASS,best_of_20_synchronized_wall; warmup=5
aten_log10,aten/src/ATen/native/cpu/UnaryOpsKernel.cpp,log10_kernel,torch.log10,,,MEASURED_CUDA_DISPATCH_SOURCE_NOT_PINNED,EXACT_ATEN_OPERATION,yes,"audited complete operation: shape, dtype, outputs, layout, and fixed parameters align",N=4194304,native_fixture_adjudication.csv,f32,2026-09-08-v3,16be5501c4b754a0,,AUTO_SCALE_LARGEST_ARRAY_APPROX_4194304,uniformly scale extracted dimensions; preserve ratios; minimum dimension 2,PASS,MISSING,PASS,best_of_20_synchronized_wall; warmup=5
aten_log1p,aten/src/ATen/native/cpu/UnaryOpsKernel.cpp,log1p_kernel,torch.log1p,,,MEASURED_CUDA_DISPATCH_SOURCE_NOT_PINNED,EXACT_ATEN_OPERATION,yes,"audited complete operation: shape, dtype, outputs, layout, and fixed parameters align",N=4194304,native_fixture_adjudication.csv,f32,2026-09-08-v3,e84c88cd8e52d9d7,,AUTO_SCALE_LARGEST_ARRAY_APPROX_4194304,uniformly scale extracted dimensions; preserve ratios; minimum dimension 2,PASS,MISSING,PASS,best_of_20_synchronized_wall; warmup=5
aten_log2,aten/src/ATen/native/cpu/UnaryOpsKernel.cpp,log2_kernel,torch.log2,,,MEASURED_CUDA_DISPATCH_SOURCE_NOT_PINNED,EXACT_ATEN_OPERATION,yes,"audited complete operation: shape, dtype, outputs, layout, and fixed parameters align",N=4194304,native_fixture_adjudication.csv,f32,2026-09-08-v3,bb9bfb2fc1e8317e,,AUTO_SCALE_LARGEST_ARRAY_APPROX_4194304,uniformly scale extracted dimensions; preserve ratios; minimum dimension 2,PASS,MISSING,PASS,best_of_20_synchronized_wall; warmup=5
aten_log_normal_cpu,aten/src/ATen/native/cpu/DistributionKernels.cpp,log_normal_kernel,torch.log_normal,,,MEASURED_CUDA_DISPATCH_SOURCE_NOT_PINNED,EXACT_EXTRACTED_TRANSFORM,yes,fingerprinted CUDA recipe reproduces the complete fixed C fixture; classification is limited to the extracted fixture and does not claim equivalence to additional parent-operator dispatch or storage work,N=4194304,native_fixture_adjudication.csv,f32,2026-09-08-v3,d4eb4b9a2ee86ce7,d4eb4b9a2ee86ce7,EXPLICIT_STRUCTURED_SHAPE,full graph,PASS,MISSING,PASS,best_of_20_synchronized_wall; warmup=5
aten_log_sigmoid_backward_cpu,aten/src/ATen/native/cpu/Activation.cpp,log_sigmoid_backward_cpu_kernel,torch.log_sigmoid,,,MEASURED_CUDA_DISPATCH_SOURCE_NOT_PINNED,EXACT_ATEN_OPERATION,yes,"audited complete operation: shape, dtype, outputs, layout, and fixed parameters align",N=4194304,native_fixture_adjudication.csv,f32,2026-09-08-v3,aab50d8328c1a843,,AUTO_SCALE_LARGEST_ARRAY_APPROX_4194304,uniformly scale extracted dimensions; preserve ratios; minimum dimension 2,PASS,MISSING,PASS,best_of_20_synchronized_wall; warmup=5
aten_log_sigmoid_cpu,aten/src/ATen/native/cpu/Activation.cpp,log_sigmoid_cpu_kernel,torch.log_sigmoid,,,MEASURED_CUDA_DISPATCH_SOURCE_NOT_PINNED,EXACT_EXTRACTED_FIXTURE,yes,fingerprinted CUDA recipe reproduces the complete fixed C fixture; classification is limited to the extracted fixture and does not claim equivalence to additional parent-operator dispatch or storage work,N=8388608,native_fixture_adjudication.csv,f32,2026-09-08-v3,f5856fc92edb07f6,f5856fc92edb07f6,EXPLICIT_STRUCTURED_SHAPE,full stable log-sigmoid and saved buffer through two cuDNN graphs,PASS,MISSING,PASS,best_of_20_synchronized_wall; warmup=5
aten_logaddexp,aten/src/ATen/native/cpu/BinaryOpsKernel.cpp,logaddexp_kernel,torch.logaddexp,,,MEASURED_CUDA_DISPATCH_SOURCE_NOT_PINNED,EXACT_ATEN_OPERATION,yes,"shape, dtype, output materialization, and operation semantics aligned",N=4194304,built_in_provenance_rule,f32,2026-09-08-v3,f8780f262412130a,,EXPLICIT_STRUCTURED_SHAPE,stable max plus log1p-exp graph,PASS,PASS,PASS,best_of_20_synchronized_wall; warmup=5
aten_logaddexp2,aten/src/ATen/native/cpu/BinaryOpsKernel.cpp,logaddexp2_kernel,torch.logaddexp2,,,MEASURED_CUDA_DISPATCH_SOURCE_NOT_PINNED,EXACT_ATEN_OPERATION,yes,"shape, dtype, output materialization, and operation semantics aligned",N=4194304,built_in_provenance_rule,f32,2026-09-08-v3,42ce8060fb0f98d2,,EXPLICIT_STRUCTURED_SHAPE,stable base-two logaddexp graph,PASS,PASS,PASS,best_of_20_synchronized_wall; warmup=5
aten_logit,aten/src/ATen/native/cpu/UnaryOpsKernel.cpp,logit_kernel,torch.logit,,,MEASURED_CUDA_DISPATCH_SOURCE_NOT_PINNED,EXACT_EXTRACTED_FIXTURE,yes,fingerprinted CUDA recipe reproduces the complete fixed C fixture; classification is limited to the extracted fixture and does not claim equivalence to additional parent-operator dispatch or storage work,N=4194304,native_fixture_adjudication.csv,f32,2026-09-08-v3,8d961159ef398d33,8d961159ef398d33,AUTO_SCALE_LARGEST_ARRAY_APPROX_4194304,uniformly scale extracted dimensions; preserve ratios; minimum dimension 2,PASS,MISSING,PASS,best_of_20_synchronized_wall; warmup=5
aten_logit_backward,aten/src/ATen/native/cpu/BinaryOpsKernel.cpp,logit_backward_kernel,torch.logit,,,MEASURED_CUDA_DISPATCH_SOURCE_NOT_PINNED,EXACT_EXTRACTED_FIXTURE,yes,fingerprinted CUDA recipe reproduces the complete fixed C fixture; classification is limited to the extracted fixture and does not claim equivalence to additional parent-operator dispatch or storage work,N=4194304,native_fixture_adjudication.csv,f32,2026-09-08-v3,9d4fddc2f83a2bdf,9d4fddc2f83a2bdf,AUTO_SCALE_LARGEST_ARRAY_APPROX_4194304,uniformly scale extracted dimensions; preserve ratios; minimum dimension 2,PASS,MISSING,PASS,best_of_20_synchronized_wall; warmup=5
aten_masked_scale,aten/src/ATen/native/cpu/AmpGradScalerKernels.cpp,_amp_foreach_non_finite_check_and_unscale_cpu_kernel,torch.masked_scale,,,MEASURED_CUDA_DISPATCH_SOURCE_NOT_PINNED,EXACT_EXTRACTED_FIXTURE,yes,fingerprinted CUDA recipe reproduces the complete fixed C fixture; classification is limited to the extracted fixture and does not claim equivalence to additional parent-operator dispatch or storage work,N=4194304,native_fixture_adjudication.csv,f32,2026-09-08-v3,f023c7dce84c90d0,f023c7dce84c90d0,AUTO_SCALE_LARGEST_ARRAY_APPROX_4194304,uniformly scale extracted dimensions; preserve ratios; minimum dimension 2,PASS,MISSING,PASS,best_of_20_synchronized_wall; warmup=5
aten_max_all_cpu,aten/src/ATen/native/cpu/ReduceAllOpsKernel.cpp,max_all_kernel_impl,torch.max_all,,,MEASURED_CUDA_DISPATCH_SOURCE_NOT_PINNED,EXACT_BENCHMARK_DOMAIN,yes,audited for generated finite inputs; NaN/corner semantics are excluded from this fixed benchmark instance,N=4194304,native_fixture_adjudication.csv,f32,2026-09-08-v3,f8dc70d1772f00aa,,AUTO_SCALE_LARGEST_ARRAY_APPROX_4194304,uniformly scale extracted dimensions; preserve ratios; minimum dimension 2,PASS,MISSING,PASS,best_of_20_synchronized_wall; warmup=5
aten_max_pool2d,aten/src/ATen/native/cpu/MaxPoolKernel.cpp,max_pool2d,torch.nn.functional.max_pool2d,,,MEASURED_CUDA_DISPATCH_SOURCE_NOT_PINNED,EXACT_ATEN_OPERATION,yes,"shape, dtype, output materialization, and operation semantics aligned",B=16_C=32_H=128_W=128_K=2_S=2,built_in_provenance_rule,f32,2026-09-08-v3,a2ade0d34a8c60b6,,EXPLICIT_STRUCTURED_SHAPE,full 2x2 stride-2 max pooling through cuDNN,PASS,PASS,PASS,best_of_20_synchronized_wall; warmup=5
aten_max_reduce_cpu,aten/src/ATen/native/cpu/TensorCompareKernel.cpp,max_kernel_impl,torch.max_reduce,,,MEASURED_CUDA_DISPATCH_SOURCE_NOT_PINNED,EXACT_BENCHMARK_DOMAIN,yes,audited for generated finite inputs; NaN/corner semantics are excluded from this fixed benchmark instance,N=4194304,native_fixture_adjudication.csv,f32,2026-09-08-v3,f640ad1f377ca030,,AUTO_SCALE_LARGEST_ARRAY_APPROX_4194304,uniformly scale extracted dimensions; preserve ratios; minimum dimension 2,PASS,MISSING,PASS,best_of_20_synchronized_wall; warmup=5
aten_max_values_cpu,aten/src/ATen/native/cpu/ReduceOpsKernel.cpp,max_values_kernel_impl,torch.max_values,,,MEASURED_CUDA_DISPATCH_SOURCE_NOT_PINNED,EXACT_BENCHMARK_DOMAIN,yes,audited for generated finite inputs; NaN/corner semantics are excluded from this fixed benchmark instance,K=2897_R=1448,native_fixture_adjudication.csv,f32,2026-09-08-v3,bb114323f74047bb,,AUTO_SCALE_LARGEST_ARRAY_APPROX_4194304,uniformly scale extracted dimensions; preserve ratios; minimum dimension 2,PASS,MISSING,PASS,best_of_20_synchronized_wall; warmup=5
aten_maximum,aten/src/ATen/native/cpu/BinaryOpsKernel.cpp,maximum_kernel,torch.maximum,,,MEASURED_CUDA_DISPATCH_SOURCE_NOT_PINNED,EXACT_BENCHMARK_DOMAIN,yes,audited for generated finite inputs; NaN/corner semantics are excluded from this fixed benchmark instance,N=4194304,native_fixture_adjudication.csv,f32,2026-09-08-v3,20b4059e81d20c1b,,AUTO_SCALE_LARGEST_ARRAY_APPROX_4194304,uniformly scale extracted dimensions; preserve ratios; minimum dimension 2,PASS,MISSING,PASS,best_of_20_synchronized_wall; warmup=5
aten_mean,aten/src/ATen/native/ReduceOps.cpp,mean,torch.mean,,,MEASURED_CUDA_DISPATCH_SOURCE_NOT_PINNED,EXACT_ATEN_OPERATION,yes,"shape, dtype, output materialization, and operation semantics aligned",N=4194304,built_in_provenance_rule,f64,2026-09-08-v3,2a5afc39f535c695,,EXPLICIT_STRUCTURED_SHAPE,full FP64 mean reduction,PASS,PASS,PASS,best_of_20_synchronized_wall; warmup=5
aten_min_all_cpu,aten/src/ATen/native/cpu/ReduceAllOpsKernel.cpp,min_all_kernel_impl,torch.min_all,,,MEASURED_CUDA_DISPATCH_SOURCE_NOT_PINNED,EXACT_BENCHMARK_DOMAIN,yes,audited for generated finite inputs; NaN/corner semantics are excluded from this fixed benchmark instance,N=4194304,native_fixture_adjudication.csv,f32,2026-09-08-v3,81f6bfb9031dfe95,,AUTO_SCALE_LARGEST_ARRAY_APPROX_4194304,uniformly scale extracted dimensions; preserve ratios; minimum dimension 2,PASS,MISSING,PASS,best_of_20_synchronized_wall; warmup=5
aten_min_reduce_cpu,aten/src/ATen/native/cpu/TensorCompareKernel.cpp,min_kernel_impl,torch.min_reduce,,,MEASURED_CUDA_DISPATCH_SOURCE_NOT_PINNED,EXACT_BENCHMARK_DOMAIN,yes,audited for generated finite inputs; NaN/corner semantics are excluded from this fixed benchmark instance,N=4194304,native_fixture_adjudication.csv,f32,2026-09-08-v3,621c2bfc5b031aed,,AUTO_SCALE_LARGEST_ARRAY_APPROX_4194304,uniformly scale extracted dimensions; preserve ratios; minimum dimension 2,PASS,MISSING,PASS,best_of_20_synchronized_wall; warmup=5
aten_min_values_cpu,aten/src/ATen/native/cpu/ReduceOpsKernel.cpp,min_values_kernel_impl,torch.min_values,,,MEASURED_CUDA_DISPATCH_SOURCE_NOT_PINNED,EXACT_BENCHMARK_DOMAIN,yes,audited for generated finite inputs; NaN/corner semantics are excluded from this fixed benchmark instance,K=2897_R=1448,native_fixture_adjudication.csv,f32,2026-09-08-v3,730db657e6d89481,,AUTO_SCALE_LARGEST_ARRAY_APPROX_4194304,uniformly scale extracted dimensions; preserve ratios; minimum dimension 2,PASS,MISSING,PASS,best_of_20_synchronized_wall; warmup=5
aten_minimum,aten/src/ATen/native/cpu/BinaryOpsKernel.cpp,minimum_kernel,torch.minimum,,,MEASURED_CUDA_DISPATCH_SOURCE_NOT_PINNED,EXACT_BENCHMARK_DOMAIN,yes,audited for generated finite inputs; NaN/corner semantics are excluded from this fixed benchmark instance,N=4194304,native_fixture_adjudication.csv,f32,2026-09-08-v3,3f5f73c24f2d1d36,,AUTO_SCALE_LARGEST_ARRAY_APPROX_4194304,uniformly scale extracted dimensions; preserve ratios; minimum dimension 2,PASS,MISSING,PASS,best_of_20_synchronized_wall; warmup=5
aten_mish,aten/src/ATen/native/cpu/Activation.cpp,mish_kernel,torch.mish,,,MEASURED_CUDA_DISPATCH_SOURCE_NOT_PINNED,EXACT_ATEN_OPERATION,yes,"shape, dtype, output materialization, and operation semantics aligned",N=4194304,built_in_provenance_rule,f32,2026-09-08-v3,ed7cd796ed121579,,AUTO_SCALE_LARGEST_ARRAY_APPROX_4194304,uniformly scale extracted dimensions; preserve ratios; minimum dimension 2,PASS,PASS,PASS,best_of_20_synchronized_wall; warmup=5
aten_mish_backward,aten/src/ATen/native/cpu/Activation.cpp,mish_backward_kernel,torch.ops.aten.mish_backward,,,MEASURED_CUDA_DISPATCH_SOURCE_NOT_PINNED,EXACT_ATEN_OPERATION,yes,"shape, dtype, output materialization, and operation semantics aligned",N=4194304,built_in_provenance_rule,f32,2026-09-08-v3,70bf6cbf89d9ad97,,AUTO_SCALE_LARGEST_ARRAY_APPROX_4194304,uniformly scale extracted dimensions; preserve ratios; minimum dimension 2,PASS,PASS,PASS,best_of_20_synchronized_wall; warmup=5
aten_mm,aten/src/ATen/native/LinearAlgebra.cpp,TORCH_IMPL_FUNC(mm_out_cpu),torch.mm,,,MEASURED_CUDA_DISPATCH_SOURCE_NOT_PINNED,EXACT_ATEN_OPERATION,yes,"shape, dtype, output materialization, and operation semantics aligned",M=512_N=512_K=512,built_in_provenance_rule,f64,2026-09-08-v3,cd8356bf8629a037,,EXPLICIT_STRUCTURED_SHAPE,full FP64 matrix multiplication,PASS,PASS,PASS,best_of_20_synchronized_wall; warmup=5
aten_mse_backward,aten/src/ATen/native/cpu/PointwiseOpsKernel.cpp,mse_backward_cpu_kernel,torch.mse,,,MEASURED_CUDA_DISPATCH_SOURCE_NOT_PINNED,EXACT_EXTRACTED_FIXTURE,yes,fingerprinted CUDA recipe reproduces the complete fixed C fixture; classification is limited to the extracted fixture and does not claim equivalence to additional parent-operator dispatch or storage work,N=4194304,native_fixture_adjudication.csv,f32,2026-09-08-v3,3848b837a6d2bcb9,3848b837a6d2bcb9,EXPLICIT_STRUCTURED_SHAPE,full graph,PASS,MISSING,PASS,best_of_20_synchronized_wall; warmup=5
aten_mse_elementwise,aten/src/ATen/native/cpu/BinaryOpsKernel.cpp,mse_kernel,torch.mse,,,MEASURED_CUDA_DISPATCH_SOURCE_NOT_PINNED,EXACT_ATEN_OPERATION,yes,"audited complete operation: shape, dtype, outputs, layout, and fixed parameters align",N=4194304,native_fixture_adjudication.csv,f32,2026-09-08-v3,4fddb01a5fe09064,,EXPLICIT_STRUCTURED_SHAPE,full graph,PASS,MISSING,PASS,best_of_20_synchronized_wall; warmup=5
aten_mse_loss,aten/src/ATen/native/Loss.cpp,mse_loss,torch.nn.functional.mse_loss,,,MEASURED_CUDA_DISPATCH_SOURCE_NOT_PINNED,EXACT_ATEN_OPERATION,yes,"shape, dtype, output materialization, and operation semantics aligned",N=4194304,built_in_provenance_rule,f32,2026-09-08-v3,3b695fa3a223f3b4,,EXPLICIT_STRUCTURED_SHAPE,partial graph plus reduction,PASS,PASS,PASS,best_of_20_synchronized_wall; warmup=5
aten_mul,aten/src/ATen/native/cpu/BinaryOpsKernel.cpp,mul_kernel,torch.mul,,,MEASURED_CUDA_DISPATCH_SOURCE_NOT_PINNED,EXACT_ATEN_OPERATION,yes,"shape, dtype, output materialization, and operation semantics aligned",N=4194304,built_in_provenance_rule,f32,2026-09-08-v3,9d7b8aeafb805ec3,,EXPLICIT_STRUCTURED_SHAPE,generic graph multiply,PASS,PASS,PASS,best_of_20_synchronized_wall; warmup=5
aten_mv,aten/src/ATen/native/Blas.cpp,Tensor &mv_out,torch.mv,,,MEASURED_CUDA_DISPATCH_SOURCE_NOT_PINNED,EXACT_ATEN_OPERATION,yes,"shape, dtype, output materialization, and operation semantics aligned",M=4096_K=1024,built_in_provenance_rule,f64,2026-09-08-v3,a7b8e7e8f889ccc4,,EXPLICIT_STRUCTURED_SHAPE,full FP64 GEMV accumulation,PASS,PASS,PASS,best_of_20_synchronized_wall; warmup=5
aten_nansum_cpu,aten/src/ATen/native/cpu/SumKernel.cpp,nansum_kernel_impl,torch.nansum,,,MEASURED_CUDA_DISPATCH_SOURCE_NOT_PINNED,EXACT_ATEN_OPERATION,yes,"audited complete operation: shape, dtype, outputs, layout, and fixed parameters align",R=131072_K=64,native_fixture_adjudication.csv,f32,2026-09-08-v3,0085284cb82ca0db,,EXPLICIT_STRUCTURED_SHAPE,full NaN-filtered row reduction through CUB transform plus segmented sum,PASS,MISSING,PASS,best_of_20_synchronized_wall; warmup=5
aten_narrow_copy_dense_cpu,aten/src/ATen/native/TensorShape.cpp,narrow_copy_dense_cpu_out,torch.narrow_copy_dense,,,MEASURED_CUDA_DISPATCH_SOURCE_NOT_PINNED,EXACT_EXTRACTED_FIXTURE,yes,fingerprinted CUDA recipe reproduces the complete fixed C fixture; classification is limited to the extracted fixture and does not claim equivalence to additional parent-operator dispatch or storage work,C=2897_L=724_R=1448,native_fixture_adjudication.csv,f32,2026-09-08-v3,031841e44ca18076,031841e44ca18076,AUTO_SCALE_LARGEST_ARRAY_APPROX_4194304,uniformly scale extracted dimensions; preserve ratios; minimum dimension 2,PASS,MISSING,PASS,best_of_20_synchronized_wall; warmup=5
aten_neg,aten/src/ATen/native/cpu/UnaryOpsKernel.cpp,neg_kernel,torch.neg,,,MEASURED_CUDA_DISPATCH_SOURCE_NOT_PINNED,EXACT_ATEN_OPERATION,yes,"shape, dtype, output materialization, and operation semantics aligned",N=4194304,built_in_provenance_rule,f32,2026-09-08-v3,e1c9b3016ab44715,,AUTO_SCALE_LARGEST_ARRAY_APPROX_4194304,uniformly scale extracted dimensions; preserve ratios; minimum dimension 2,PASS,PASS,PASS,best_of_20_synchronized_wall; warmup=5
aten_nested_all_cpu,aten/src/ATen/native/nested/NestedTensorMath.cpp,NestedTensor_all,masked torch.all + int32 materialization,,,MEASURED_CUDA_DISPATCH_SOURCE_NOT_PINNED,EXACT_EXTRACTED_FIXTURE,yes,fingerprinted CUDA recipe reproduces the complete fixed C fixture; classification is limited to the extracted fixture and does not claim equivalence to additional parent-operator dispatch or storage work,B=724_N=5793,native_fixture_adjudication.csv,i32,2026-09-08-v3,39273232cbbc40e2,39273232cbbc40e2,AUTO_SCALE_LARGEST_ARRAY_APPROX_4194304,uniformly scale extracted dimensions; preserve ratios; minimum dimension 2,PASS,MISSING,SKIP,best_of_20_synchronized_wall; warmup=5
aten_nested_batch_offsets_cpu,aten/src/ATen/native/nested/NestedTensorTransformerFunctions.cpp,NestedTensor_batch_offsets_from_size_tensor,torch.cumsum + leading zero,,,MEASURED_CUDA_DISPATCH_SOURCE_NOT_PINNED,EXACT_EXTRACTED_FIXTURE,yes,fingerprinted CUDA recipe reproduces the complete fixed C fixture; classification is limited to the extracted fixture and does not claim equivalence to additional parent-operator dispatch or storage work,B=4194302,native_fixture_adjudication.csv,i32,2026-09-08-v3,e074e69cce6dae1c,e074e69cce6dae1c,AUTO_SCALE_LARGEST_ARRAY_APPROX_4194304,uniformly scale extracted dimensions; preserve ratios; minimum dimension 2,PASS,MISSING,SKIP,best_of_20_synchronized_wall; warmup=5
aten_nested_bmm_cpu,aten/src/ATen/native/nested/NestedTensorMatmul.cpp,bmm_nested,torch.bmm,,,MEASURED_CUDA_DISPATCH_SOURCE_NOT_PINNED,EXACT_EXTRACTED_FIXTURE,yes,fingerprinted CUDA recipe reproduces the complete fixed C fixture; classification is limited to the extracted fixture and does not claim equivalence to additional parent-operator dispatch or storage work,B=83_K=248_M=165_N=206,native_fixture_adjudication.csv,f32,2026-09-08-v3,052a884874109c4d,052a884874109c4d,AUTO_SCALE_LARGEST_ARRAY_APPROX_4194304,uniformly scale extracted dimensions; preserve ratios; minimum dimension 2,PASS,MISSING,SKIP,best_of_20_synchronized_wall; warmup=5
aten_nested_clone_cpu,aten/src/ATen/native/nested/NestedTensorFactories.cpp,clone_nested,torch.nested_clone,,,MEASURED_CUDA_DISPATCH_SOURCE_NOT_PINNED,EXACT_EXTRACTED_FIXTURE,yes,fingerprinted CUDA recipe reproduces the complete fixed C fixture; classification is limited to the extracted fixture and does not claim equivalence to additional parent-operator dispatch or storage work,B=724_N=5793,native_fixture_adjudication.csv,f32,2026-09-08-v4,fe71788a5bee6f5d,fe71788a5bee6f5d,AUTO_SCALE_LARGEST_ARRAY_APPROX_4194304,uniformly scale extracted dimensions; preserve ratios; minimum dimension 2,PASS,MISSING,PASS,best_of_20_synchronized_wall; warmup=5
aten_nested_matmul_broadcast_cpu,aten/src/ATen/native/nested/NestedTensorMatmul.cpp,matmul_nested_with_broadcasted_dense,torch.nested_matmul_broadcast,,,MEASURED_CUDA_DISPATCH_SOURCE_NOT_PINNED,EXACT_EXTRACTED_FIXTURE,yes,fingerprinted CUDA recipe reproduces the complete fixed C fixture; classification is limited to the extracted fixture and does not claim equivalence to additional parent-operator dispatch or storage work,B=89_K=266_M=178_N=222,native_fixture_adjudication.csv,f32,2026-09-08-v3,7a9f8d11436e5a37,7a9f8d11436e5a37,AUTO_SCALE_LARGEST_ARRAY_APPROX_4194304,uniformly scale extracted dimensions; preserve ratios; minimum dimension 2,PASS,MISSING,PASS,best_of_20_synchronized_wall; warmup=5
aten_nested_softmax_backward_cpu,aten/src/ATen/native/nested/NestedTensorBackward.cpp,nested_softmax_backward,torch.ops.aten._softmax_backward_data,,,MEASURED_CUDA_DISPATCH_SOURCE_NOT_PINNED,EXACT_EXTRACTED_STAGE,yes_stage_only,same extracted stage; not a claim about the complete parent operator,B=65536_N=64,built_in_provenance_rule,f32,2026-09-08-v3,34f8ac3fe2d1c2ef,,EXPLICIT_STRUCTURED_SHAPE,partial graph epilogue,PASS,PASS,PASS,best_of_20_synchronized_wall; warmup=5
aten_nested_squeeze_cpu,aten/src/ATen/native/nested/NestedTensorMath.cpp,squeeze_dim_nested,torch.nested_squeeze,,,MEASURED_CUDA_DISPATCH_SOURCE_NOT_PINNED,EXACT_EXTRACTED_FIXTURE,yes,fingerprinted CUDA recipe reproduces the complete fixed C fixture; classification is limited to the extracted fixture and does not claim equivalence to additional parent-operator dispatch or storage work,B=724_N=5793,native_fixture_adjudication.csv,f32,2026-09-08-v4,f6aafb8065321582,f6aafb8065321582,AUTO_SCALE_LARGEST_ARRAY_APPROX_4194304,uniformly scale extracted dimensions; preserve ratios; minimum dimension 2,PASS,MISSING,PASS,best_of_20_synchronized_wall; warmup=5
aten_nested_sum_backward_cpu,aten/src/ATen/native/nested/NestedTensorBackward.cpp,_nested_sum_backward_cpu,expand + clone (materialized dense output),,,MEASURED_CUDA_DISPATCH_SOURCE_NOT_PINNED,EXACT_MATERIALIZED_COMPOSITION,yes_composition,"same dense result and layout, implemented by multiple ATen operations",B=724_N=5793,built_in_provenance_rule,f32,2026-09-08-v3,ac753cd95b469a53,,AUTO_SCALE_LARGEST_ARRAY_APPROX_4194304,uniformly scale extracted dimensions; preserve ratios; minimum dimension 2,PASS,PASS,PASS,best_of_20_synchronized_wall; warmup=5
aten_nested_sum_dim_cpu,aten/src/ATen/native/nested/NestedTensorMath.cpp,NestedTensor_sum_dim_CPU,masked torch.sum,,,MEASURED_CUDA_DISPATCH_SOURCE_NOT_PINNED,EXACT_EXTRACTED_FIXTURE,yes,fingerprinted CUDA recipe reproduces the complete fixed C fixture; classification is limited to the extracted fixture and does not claim equivalence to additional parent-operator dispatch or storage work,B=724_N=5793,native_fixture_adjudication.csv,f32,2026-09-08-v3,132e688af89d8697,132e688af89d8697,AUTO_SCALE_LARGEST_ARRAY_APPROX_4194304,uniformly scale extracted dimensions; preserve ratios; minimum dimension 2,PASS,MISSING,SKIP,best_of_20_synchronized_wall; warmup=5
aten_norm_cpu,aten/src/ATen/native/cpu/ReduceOpsKernel.cpp,norm_kernel_tensor_iterator_impl,torch.norm,,,MEASURED_CUDA_DISPATCH_SOURCE_NOT_PINNED,EXACT_ATEN_OPERATION,yes,"shape, dtype, output materialization, and operation semantics aligned",K=2897_R=1448,built_in_provenance_rule,f32,2026-09-08-v3,991c983b7926e7f4,,AUTO_SCALE_LARGEST_ARRAY_APPROX_4194304,uniformly scale extracted dimensions; preserve ratios; minimum dimension 2,PASS,PASS,PASS,best_of_20_synchronized_wall; warmup=5
aten_normal_cpu,aten/src/ATen/native/cpu/DistributionKernels.cpp,normal_kernel,torch.log_normal,,,MEASURED_CUDA_DISPATCH_SOURCE_NOT_PINNED,EXACT_EXTRACTED_TRANSFORM,yes,fingerprinted CUDA recipe reproduces the complete fixed C fixture; classification is limited to the extracted fixture and does not claim equivalence to additional parent-operator dispatch or storage work,N=4194304,native_fixture_adjudication.csv,f32,2026-09-08-v3,4e2166c8e95ad7bf,4e2166c8e95ad7bf,EXPLICIT_STRUCTURED_SHAPE,full graph,PASS,MISSING,PASS,best_of_20_synchronized_wall; warmup=5
aten_or_reduce_cpu,aten/src/ATen/native/cpu/ReduceOpsKernel.cpp,or_kernel_impl,torch.or_reduce,,,MEASURED_CUDA_DISPATCH_SOURCE_NOT_PINNED,EXACT_EXTRACTED_FIXTURE,yes,fingerprinted CUDA recipe reproduces the complete fixed C fixture; classification is limited to the extracted fixture and does not claim equivalence to additional parent-operator dispatch or storage work,K=2897_R=1448,native_fixture_adjudication.csv,i32,2026-09-08-v3,bb8a8744433bfaf3,bb8a8744433bfaf3,AUTO_SCALE_LARGEST_ARRAY_APPROX_4194304,uniformly scale extracted dimensions; preserve ratios; minimum dimension 2,PASS,MISSING,PASS,best_of_20_synchronized_wall; warmup=5
aten_outer,aten/src/ATen/native/LinearAlgebra.cpp,outer,torch.outer,,,MEASURED_CUDA_DISPATCH_SOURCE_NOT_PINNED,EXACT_ATEN_OPERATION,yes,"shape, dtype, output materialization, and operation semantics aligned",M=2048_N=2048,built_in_provenance_rule,f64,2026-09-08-v3,090827df12946d14,,EXPLICIT_STRUCTURED_SHAPE,full FP64 outer product,PASS,PASS,PASS,best_of_20_synchronized_wall; warmup=5
aten_pixel_shuffle,aten/src/ATen/native/PixelShuffle.cpp,pixel_shuffle,torch.pixel_shuffle,,,MEASURED_CUDA_DISPATCH_SOURCE_NOT_PINNED,EXACT_ATEN_OPERATION,yes,"audited complete operation: shape, dtype, outputs, layout, and fixed parameters align",B=9_C=14_H=19_R=9_W=19,native_fixture_adjudication.csv,f32,2026-09-08-v3,387681cd9544c530,,AUTO_SCALE_LARGEST_ARRAY_APPROX_4194304,uniformly scale extracted dimensions; preserve ratios; minimum dimension 2,PASS,MISSING,PASS,best_of_20_synchronized_wall; warmup=5
aten_pixel_shuffle_cpu_backend,aten/src/ATen/native/cpu/PixelShuffleKernel.cpp,pixel_shuffle_kernel_impl,torch.pixel_shuffle_cpu_backend,,,MEASURED_CUDA_DISPATCH_SOURCE_NOT_PINNED,EXACT_ATEN_OPERATION,yes,"audited complete operation: shape, dtype, outputs, layout, and fixed parameters align",B=4_C=13_H=34_RATIO=9_W=34,native_fixture_adjudication.csv,f32,2026-09-08-v3,72310b3d9814d0ad,,AUTO_SCALE_LARGEST_ARRAY_APPROX_4194304,uniformly scale extracted dimensions; preserve ratios; minimum dimension 2,PASS,MISSING,PASS,best_of_20_synchronized_wall; warmup=5
aten_pixel_unshuffle_cpu_backend,aten/src/ATen/native/cpu/PixelShuffleKernel.cpp,pixel_unshuffle_kernel_impl,torch.pixel_unshuffle_cpu_backend,,,MEASURED_CUDA_DISPATCH_SOURCE_NOT_PINNED,EXACT_ATEN_OPERATION,yes,"audited complete operation: shape, dtype, outputs, layout, and fixed parameters align",B=4_C=13_H=34_RATIO=9_W=34,native_fixture_adjudication.csv,f32,2026-09-08-v3,30ac9ab652691610,,AUTO_SCALE_LARGEST_ARRAY_APPROX_4194304,uniformly scale extracted dimensions; preserve ratios; minimum dimension 2,PASS,MISSING,PASS,best_of_20_synchronized_wall; warmup=5
aten_polar_scalarized,aten/src/ATen/native/cpu/ComplexKernel.cpp,polar_kernel,torch.polar,,,MEASURED_CUDA_DISPATCH_SOURCE_NOT_PINNED,EXACT_EXTRACTED_FIXTURE,yes,fingerprinted CUDA recipe reproduces the complete fixed C fixture; classification is limited to the extracted fixture and does not claim equivalence to additional parent-operator dispatch or storage work,N=4194304,native_fixture_adjudication.csv,f32,2026-09-08-v4,42696ee2f414f4f7,42696ee2f414f4f7,AUTO_SCALE_LARGEST_ARRAY_APPROX_4194304,uniformly scale extracted dimensions; preserve ratios; minimum dimension 2,PASS,MISSING,PASS,best_of_20_synchronized_wall; warmup=5
aten_pow,aten/src/ATen/native/cpu/PowKernel.cpp,pow_tensor_tensor_kernel,torch.pow,,,MEASURED_CUDA_DISPATCH_SOURCE_NOT_PINNED,EXACT_ATEN_OPERATION,yes,"shape, dtype, output materialization, and operation semantics aligned",N=4194304,built_in_provenance_rule,f32,2026-09-08-v3,d841f8307bd2c5d4,,EXPLICIT_STRUCTURED_SHAPE,cuDNN POW pointwise node,PASS,PASS,PASS,best_of_20_synchronized_wall; warmup=5
aten_pow_tensor_scalar,aten/src/ATen/native/cpu/PowKernel.cpp,pow_tensor_scalar_kernel,"torch.pow(Tensor, Scalar)",,,MEASURED_CUDA_DISPATCH_SOURCE_NOT_PINNED,EXACT_ATEN_OPERATION,yes,"shape, dtype, output materialization, and operation semantics aligned",N=4194304,built_in_provenance_rule,f32,2026-09-08-v3,23ca8e68b86e3edf,,AUTO_SCALE_LARGEST_ARRAY_APPROX_4194304,uniformly scale extracted dimensions; preserve ratios; minimum dimension 2,PASS,PASS,PASS,best_of_20_synchronized_wall; warmup=5
aten_prod,aten/src/ATen/native/cpu/ReduceOpsKernel.cpp,prod_kernel,torch.prod,,,MEASURED_CUDA_DISPATCH_SOURCE_NOT_PINNED,EXACT_ATEN_OPERATION,yes,"audited complete operation: shape, dtype, outputs, layout, and fixed parameters align",N=4194304,native_fixture_adjudication.csv,f32,2026-09-08-v3,9a5093b9a5b6147d,,AUTO_SCALE_LARGEST_ARRAY_APPROX_4194304,uniformly scale extracted dimensions; preserve ratios; minimum dimension 2,PASS,MISSING,PASS,best_of_20_synchronized_wall; warmup=5
aten_quant_col_offsets_cpu,aten/src/ATen/native/QuantizedLinear.cpp,CalcColOffsetsTranspose,int32 column sum - zero_point*K,,,MEASURED_CUDA_DISPATCH_SOURCE_NOT_PINNED,EXACT_EXTRACTED_FIXTURE,yes,fingerprinted CUDA recipe reproduces the complete fixed C fixture; classification is limited to the extracted fixture and does not claim equivalence to additional parent-operator dispatch or storage work,K=1048576_N=48,native_fixture_adjudication.csv,f32,2026-09-08-v3,631a6e71f23a4e5e,631a6e71f23a4e5e,EXPLICIT_STRUCTURED_SHAPE,full signed-int8 column reduction and zero-point offset via CUB,PASS,MISSING,SKIP,best_of_20_synchronized_wall; warmup=5
aten_reciprocal,aten/src/ATen/native/cpu/UnaryOpsKernel.cpp,reciprocal_kernel,torch.reciprocal,,,MEASURED_CUDA_DISPATCH_SOURCE_NOT_PINNED,EXACT_ATEN_OPERATION,yes,"shape, dtype, output materialization, and operation semantics aligned",N=4194304,built_in_provenance_rule,f32,2026-09-08-v3,21e034c59660aef0,,AUTO_SCALE_LARGEST_ARRAY_APPROX_4194304,uniformly scale extracted dimensions; preserve ratios; minimum dimension 2,PASS,PASS,PASS,best_of_20_synchronized_wall; warmup=5
aten_relu,aten/src/ATen/native/Activation.cpp,relu,torch.relu,,,MEASURED_CUDA_DISPATCH_SOURCE_NOT_PINNED,EXACT_ATEN_OPERATION,yes,"shape, dtype, output materialization, and operation semantics aligned",N=4194304,built_in_provenance_rule,f32,2026-09-08-v3,2b98a38943814af4,,AUTO_SCALE_LARGEST_ARRAY_APPROX_4194304,uniformly scale extracted dimensions; preserve ratios; minimum dimension 2,PASS,PASS,PASS,best_of_20_synchronized_wall; warmup=5
aten_renorm_scale_factor,aten/src/ATen/native/cpu/RenormKernel.cpp,renorm_scale_factor_impl,torch.renorm_scale_factor,,,MEASURED_CUDA_DISPATCH_SOURCE_NOT_PINNED,EXACT_EXTRACTED_FIXTURE,yes,fingerprinted CUDA recipe reproduces the complete fixed C fixture; classification is limited to the extracted fixture and does not claim equivalence to additional parent-operator dispatch or storage work,N=4194304,native_fixture_adjudication.csv,f32,2026-09-08-v3,e42601bd48d63c94,e42601bd48d63c94,AUTO_SCALE_LARGEST_ARRAY_APPROX_4194304,uniformly scale extracted dimensions; preserve ratios; minimum dimension 2,PASS,MISSING,PASS,best_of_20_synchronized_wall; warmup=5
aten_repeat_compute_cpu,aten/src/ATen/native/Repeat.cpp,compute_cpu,torch.repeat_compute,,,MEASURED_CUDA_DISPATCH_SOURCE_NOT_PINNED,EXACT_ATEN_OPERATION,yes,"audited complete operation: shape, dtype, outputs, layout, and fixed parameters align",N=8192_R=512,native_fixture_adjudication.csv,f32,2026-09-08-v3,8de495d9b009aa55,,AUTO_SCALE_LARGEST_ARRAY_APPROX_4194304,uniformly scale extracted dimensions; preserve ratios; minimum dimension 2,PASS,MISSING,PASS,best_of_20_synchronized_wall; warmup=5
aten_repeat_tensor_shape_cpu,aten/src/ATen/native/TensorShape.cpp,repeat,torch.repeat_tensor_shape,,,MEASURED_CUDA_DISPATCH_SOURCE_NOT_PINNED,EXACT_ATEN_OPERATION,yes,"audited complete operation: shape, dtype, outputs, layout, and fixed parameters align",N=8192_R=512,native_fixture_adjudication.csv,f32,2026-09-08-v3,c950974bab2c20a2,,AUTO_SCALE_LARGEST_ARRAY_APPROX_4194304,uniformly scale extracted dimensions; preserve ratios; minimum dimension 2,PASS,MISSING,PASS,best_of_20_synchronized_wall; warmup=5
aten_rms_norm,aten/src/ATen/native/layer_norm.cpp,rms_norm_composite,torch.nn.functional.rms_norm,,,MEASURED_CUDA_DISPATCH_SOURCE_NOT_PINNED,EXACT_ATEN_OPERATION,yes,"shape, dtype, output materialization, and operation semantics aligned",N=4194304,built_in_provenance_rule,f32,2026-09-08-v3,90930f153fa1de53,,AUTO_SCALE_LARGEST_ARRAY_APPROX_4194304,uniformly scale extracted dimensions; preserve ratios; minimum dimension 2,PASS,PASS,PASS,best_of_20_synchronized_wall; warmup=5
aten_round,aten/src/ATen/native/cpu/UnaryOpsKernel.cpp,round_kernel,torch.round,,,MEASURED_CUDA_DISPATCH_SOURCE_NOT_PINNED,EXACT_EXTRACTED_FIXTURE,yes,fingerprinted CUDA recipe reproduces the complete fixed C fixture; classification is limited to the extracted fixture and does not claim equivalence to additional parent-operator dispatch or storage work,N=4194304,native_fixture_adjudication.csv,f32,2026-09-08-v3,fc33c00aba68ebf8,fc33c00aba68ebf8,EXPLICIT_STRUCTURED_SHAPE,round expanded to compare/select/floor/ceil,PASS,MISSING,PASS,best_of_20_synchronized_wall; warmup=5
aten_round_decimals,aten/src/ATen/native/cpu/UnaryOpsKernel.cpp,round_decimals_kernel,torch.round,,,MEASURED_CUDA_DISPATCH_SOURCE_NOT_PINNED,EXACT_EXTRACTED_FIXTURE,yes,fingerprinted CUDA recipe reproduces the complete fixed C fixture; classification is limited to the extracted fixture and does not claim equivalence to additional parent-operator dispatch or storage work,N=4194304,native_fixture_adjudication.csv,f32,2026-09-08-v3,6a4dc87767ea2f0d,6a4dc87767ea2f0d,AUTO_SCALE_LARGEST_ARRAY_APPROX_4194304,uniformly scale extracted dimensions; preserve ratios; minimum dimension 2,PASS,MISSING,PASS,best_of_20_synchronized_wall; warmup=5
aten_rsqrt,aten/src/ATen/native/cpu/UnaryOpsKernel.cpp,rsqrt_kernel,torch.rsqrt,,,MEASURED_CUDA_DISPATCH_SOURCE_NOT_PINNED,EXACT_ATEN_OPERATION,yes,"shape, dtype, output materialization, and operation semantics aligned",N=4194304,built_in_provenance_rule,f32,2026-09-08-v3,698b8433ba6b0c53,,EXPLICIT_STRUCTURED_SHAPE,full graph,PASS,PASS,PASS,best_of_20_synchronized_wall; warmup=5
aten_sampled_addmm_sparse_csr_cpu,aten/src/ATen/native/cpu/SampledAddmmKernel.cpp,sampled_addmm_sparse_csr_kernel,torch.sparse.sampled_addmm,,,MEASURED_CUDA_DISPATCH_SOURCE_NOT_PINNED,EXACT_ATEN_OPERATION,yes,"shape, dtype, output materialization, and operation semantics aligned",R=4096_K=512_C=4096_NNZ=262144_N=262144,built_in_provenance_rule,f32,2026-09-08-v3,3c077624966ff30d,,EXPLICIT_STRUCTURED_SHAPE,full CSR sampled dense product via cuSPARSE SDDMM,PASS,PASS,PASS,best_of_20_synchronized_wall; warmup=5
aten_shrink_backward,aten/src/ATen/native/cpu/Activation.cpp,shrink_backward_kernel,torch.shrink,,,MEASURED_CUDA_DISPATCH_SOURCE_NOT_PINNED,EXACT_EXTRACTED_FIXTURE,yes,fingerprinted CUDA recipe reproduces the complete fixed C fixture; classification is limited to the extracted fixture and does not claim equivalence to additional parent-operator dispatch or storage work,N=4194304,native_fixture_adjudication.csv,f32,2026-09-08-v3,0685394b0abd4c38,0685394b0abd4c38,EXPLICIT_STRUCTURED_SHAPE,compound predicate through two numeric masks,PASS,MISSING,PASS,best_of_20_synchronized_wall; warmup=5
aten_sigmoid,aten/src/ATen/native/cpu/UnaryOpsKernel.cpp,sigmoid_kernel,torch.sigmoid,,,MEASURED_CUDA_DISPATCH_SOURCE_NOT_PINNED,EXACT_ATEN_OPERATION,yes,"shape, dtype, output materialization, and operation semantics aligned",N=4194304,built_in_provenance_rule,f32,2026-09-08-v3,3aa4c7f67607ce07,,AUTO_SCALE_LARGEST_ARRAY_APPROX_4194304,uniformly scale extracted dimensions; preserve ratios; minimum dimension 2,PASS,PASS,PASS,best_of_20_synchronized_wall; warmup=5
aten_sigmoid_backward,aten/src/ATen/native/cpu/BinaryOpsKernel.cpp,sigmoid_backward_kernel,torch.ops.aten.sigmoid_backward,,,MEASURED_CUDA_DISPATCH_SOURCE_NOT_PINNED,EXACT_ATEN_OPERATION,yes,"shape, dtype, output materialization, and operation semantics aligned",N=4194304,built_in_provenance_rule,f32,2026-09-08-v3,1ea31fde0432d020,,EXPLICIT_STRUCTURED_SHAPE,full graph,PASS,PASS,PASS,best_of_20_synchronized_wall; warmup=5
aten_silu,aten/src/ATen/native/Activation.cpp,silu,torch.silu,,,MEASURED_CUDA_DISPATCH_SOURCE_NOT_PINNED,EXACT_ATEN_OPERATION,yes,"shape, dtype, output materialization, and operation semantics aligned",N=4194304,built_in_provenance_rule,f32,2026-09-08-v3,71d6c728c03d169b,,AUTO_SCALE_LARGEST_ARRAY_APPROX_4194304,uniformly scale extracted dimensions; preserve ratios; minimum dimension 2,PASS,PASS,PASS,best_of_20_synchronized_wall; warmup=5
aten_silu_backward,aten/src/ATen/native/cpu/Activation.cpp,silu_backward_kernel,torch.ops.aten.silu_backward,,,MEASURED_CUDA_DISPATCH_SOURCE_NOT_PINNED,EXACT_ATEN_OPERATION,yes,"shape, dtype, output materialization, and operation semantics aligned",N=4194304,built_in_provenance_rule,f32,2026-09-08-v3,0f3ebf276e2d7c0b,,AUTO_SCALE_LARGEST_ARRAY_APPROX_4194304,uniformly scale extracted dimensions; preserve ratios; minimum dimension 2,PASS,PASS,PASS,best_of_20_synchronized_wall; warmup=5
aten_silu_cpu,aten/src/ATen/native/cpu/Activation.cpp,silu_kernel,torch.silu,,,MEASURED_CUDA_DISPATCH_SOURCE_NOT_PINNED,EXACT_ATEN_OPERATION,yes,"shape, dtype, output materialization, and operation semantics aligned",N=4194304,built_in_provenance_rule,f32,2026-09-08-v3,1fff634b60e4f382,,AUTO_SCALE_LARGEST_ARRAY_APPROX_4194304,uniformly scale extracted dimensions; preserve ratios; minimum dimension 2,PASS,PASS,PASS,best_of_20_synchronized_wall; warmup=5
aten_sin,aten/src/ATen/native/cpu/UnaryOpsKernel.cpp,sin_kernel,torch.sin,,,MEASURED_CUDA_DISPATCH_SOURCE_NOT_PINNED,EXACT_ATEN_OPERATION,yes,"shape, dtype, output materialization, and operation semantics aligned",N=4194304,built_in_provenance_rule,f32,2026-09-08-v3,c33c39c26b3496c2,,AUTO_SCALE_LARGEST_ARRAY_APPROX_4194304,uniformly scale extracted dimensions; preserve ratios; minimum dimension 2,PASS,PASS,PASS,best_of_20_synchronized_wall; warmup=5
aten_sinh,aten/src/ATen/native/cpu/UnaryOpsKernel.cpp,sinh_kernel,torch.sinh,,,MEASURED_CUDA_DISPATCH_SOURCE_NOT_PINNED,EXACT_ATEN_OPERATION,yes,"shape, dtype, output materialization, and operation semantics aligned",N=4194304,built_in_provenance_rule,f32,2026-09-08-v3,4314829041c59873,,AUTO_SCALE_LARGEST_ARRAY_APPROX_4194304,uniformly scale extracted dimensions; preserve ratios; minimum dimension 2,PASS,PASS,PASS,best_of_20_synchronized_wall; warmup=5
aten_slow_conv3d_backward_input_cpu,aten/src/ATen/native/ConvolutionMM3d.cpp,slow_conv3d_backward_out_cpu_template,torch.conv_transpose3d,,,MEASURED_CUDA_DISPATCH_SOURCE_NOT_PINNED,EXACT_EXTRACTED_FIXTURE,yes,fingerprinted CUDA recipe reproduces the complete fixed C fixture; classification is limited to the extracted fixture and does not claim equivalence to additional parent-operator dispatch or storage work,C=8_O=16_D=32_H=32_W=32_K=3,native_fixture_adjudication.csv,f32,2026-09-08-v3,4d639b53fac7f809,4d639b53fac7f809,EXPLICIT_STRUCTURED_SHAPE,full slow-conv3d input gradient through cuDNN backward-data,PASS,MISSING,SKIP,best_of_20_synchronized_wall; warmup=5
aten_slow_conv3d_backward_weight_cpu,aten/src/ATen/native/ConvolutionMM3d.cpp,slow_conv3d_backward_parameters_out_cpu_template,torch.nn.grad.conv3d_weight,,,MEASURED_CUDA_DISPATCH_SOURCE_NOT_PINNED,EXACT_EXTRACTED_FIXTURE,yes,fingerprinted CUDA recipe reproduces the complete fixed C fixture; classification is limited to the extracted fixture and does not claim equivalence to additional parent-operator dispatch or storage work,C=8_O=16_D=32_H=32_W=32_K=3,native_fixture_adjudication.csv,f32,2026-09-08-v3,db2258fecb148026,db2258fecb148026,EXPLICIT_STRUCTURED_SHAPE,full slow-conv3d filter gradient through cuDNN backward-filter,PASS,MISSING,SKIP,best_of_20_synchronized_wall; warmup=5
aten_slow_conv3d_forward_cpu,aten/src/ATen/native/ConvolutionMM3d.cpp,slow_conv3d_forward_out_cpu,torch.conv3d,,,MEASURED_CUDA_DISPATCH_SOURCE_NOT_PINNED,EXACT_EXTRACTED_FIXTURE,yes,fingerprinted CUDA recipe reproduces the complete fixed C fixture; classification is limited to the extracted fixture and does not claim equivalence to additional parent-operator dispatch or storage work,C=14_D=55_H=62_K=21_O=21_W=68,native_fixture_adjudication.csv,f32,2026-09-08-v3,3d2cfd4dccb3badb,3d2cfd4dccb3badb,AUTO_SCALE_LARGEST_ARRAY_APPROX_4194304,uniformly scale extracted dimensions; preserve ratios; minimum dimension 2,PASS,MISSING,SKIP,best_of_20_synchronized_wall; warmup=5
aten_smooth_l1_backward,aten/src/ATen/native/cpu/PointwiseOpsKernel.cpp,smooth_l1_backward_cpu_kernel,torch.smooth_l1,,,MEASURED_CUDA_DISPATCH_SOURCE_NOT_PINNED,EXACT_EXTRACTED_FIXTURE,yes,fingerprinted CUDA recipe reproduces the complete fixed C fixture; classification is limited to the extracted fixture and does not claim equivalence to additional parent-operator dispatch or storage work,N=4194304,native_fixture_adjudication.csv,f32,2026-09-08-v3,50c63ccf860d2434,50c63ccf860d2434,EXPLICIT_STRUCTURED_SHAPE,piecewise smooth-L1 derivative graph,PASS,MISSING,PASS,best_of_20_synchronized_wall; warmup=5
aten_smooth_l1_elementwise,aten/src/ATen/native/cpu/BinaryOpsKernel.cpp,smooth_l1_kernel,torch.smooth_l1,,,MEASURED_CUDA_DISPATCH_SOURCE_NOT_PINNED,EXACT_EXTRACTED_FIXTURE,yes,fingerprinted CUDA recipe reproduces the complete fixed C fixture; classification is limited to the extracted fixture and does not claim equivalence to additional parent-operator dispatch or storage work,N=4194304,native_fixture_adjudication.csv,f32,2026-09-08-v3,be81f2aea77eb181,be81f2aea77eb181,EXPLICIT_STRUCTURED_SHAPE,piecewise smooth-L1 loss graph,PASS,MISSING,PASS,best_of_20_synchronized_wall; warmup=5
aten_softmax,aten/src/ATen/native/cpu/SoftMaxKernel.cpp,softmax,torch.softmax,,,MEASURED_CUDA_DISPATCH_SOURCE_NOT_PINNED,EXACT_ATEN_OPERATION,yes,"shape, dtype, output materialization, and operation semantics aligned",N=4194304,built_in_provenance_rule,f32,2026-09-08-v3,921b6470848400ca,,AUTO_SCALE_LARGEST_ARRAY_APPROX_4194304,uniformly scale extracted dimensions; preserve ratios; minimum dimension 2,PASS,PASS,PASS,best_of_20_synchronized_wall; warmup=5
aten_softplus,aten/src/ATen/native/cpu/Activation.cpp,softplus_kernel,torch.softplus,,,MEASURED_CUDA_DISPATCH_SOURCE_NOT_PINNED,EXACT_ATEN_OPERATION,yes,"shape, dtype, output materialization, and operation semantics aligned",N=8388608,built_in_provenance_rule,f32,2026-09-08-v3,57b1e51c04e2b589,,EXPLICIT_STRUCTURED_SHAPE,full thresholded softplus through a cached cuDNN pointwise graph,PASS,PASS,PASS,best_of_20_synchronized_wall; warmup=5
aten_softplus_backward,aten/src/ATen/native/cpu/Activation.cpp,softplus_backward_kernel,torch.softplus,,,MEASURED_CUDA_DISPATCH_SOURCE_NOT_PINNED,EXACT_ATEN_OPERATION,yes,"shape, dtype, output materialization, and operation semantics aligned",N=4194304,built_in_provenance_rule,f32,2026-09-08-v3,77ddf49c10f48c36,,EXPLICIT_STRUCTURED_SHAPE,softplus derivative and threshold mask graph,PASS,PASS,PASS,best_of_20_synchronized_wall; warmup=5
aten_softshrink,aten/src/ATen/native/cpu/Activation.cpp,softshrink_kernel,torch.softshrink,,,MEASURED_CUDA_DISPATCH_SOURCE_NOT_PINNED,EXACT_EXTRACTED_FIXTURE,yes,fingerprinted CUDA recipe reproduces the complete fixed C fixture; classification is limited to the extracted fixture and does not claim equivalence to additional parent-operator dispatch or storage work,N=4194304,native_fixture_adjudication.csv,f32,2026-09-08-v3,586089c4ed5789f9,586089c4ed5789f9,EXPLICIT_STRUCTURED_SHAPE,nested ordered-select graph,PASS,MISSING,PASS,best_of_20_synchronized_wall; warmup=5
aten_sort_cpu,aten/src/ATen/native/cpu/SortingKernel.cpp,sort_kernel,torch.sort,,,MEASURED_CUDA_DISPATCH_SOURCE_NOT_PINNED,EXACT_ATEN_OPERATION,yes,"shape, dtype, output materialization, and operation semantics aligned",K=4095_R=1024,built_in_provenance_rule,f32,2026-09-08-v3,0e8897b67dfc0c89,,AUTO_SCALE_LARGEST_ARRAY_APPROX_4194304,uniformly scale extracted dimensions; preserve ratios; minimum dimension 2,PASS,PASS,PASS,best_of_20_synchronized_wall; warmup=5
aten_sparse_add_values_cpu,aten/src/ATen/native/sparse/SparseTensorMath.cpp,add_out_sparse_contiguous,torch.add(alpha=0.75),,,MEASURED_CUDA_DISPATCH_SOURCE_NOT_PINNED,EXACT_EXTRACTED_STAGE,yes_stage_only,same extracted stage; not a claim about the complete parent operator,N=4194304,built_in_provenance_rule,f32,2026-09-08-v4,292b2dfa977dd624,292b2dfa977dd624,AUTO_SCALE_LARGEST_ARRAY_APPROX_4194304,uniformly scale extracted dimensions; preserve ratios; minimum dimension 2,PASS,PASS,PASS,best_of_20_synchronized_wall; warmup=5
aten_sparse_addmm_cpu,aten/src/ATen/native/sparse/SparseTensorMath.cpp,s_addmm_out_sparse_dense_worker,"torch.sparse.mm(COO, dense)",,,MEASURED_CUDA_DISPATCH_SOURCE_NOT_PINNED,EXACT_ATEN_OPERATION,yes,"shape, dtype, output materialization, and operation semantics aligned",R=64_C=4096_N=4096,built_in_provenance_rule,f32,2026-09-08-v3,af6a5bc645cf7bab,,EXPLICIT_STRUCTURED_SHAPE,full Linalg-fill plus structured-loop COO SpMM via cuSPARSE,PASS,PASS,PASS,best_of_20_synchronized_wall; warmup=5
aten_sparse_addmv_bsr_cpu,aten/src/ATen/native/sparse/SparseBlasImpl.cpp,addmv_sparse_bsr,torch.sparse_addmv_bsr,,,MEASURED_CUDA_DISPATCH_SOURCE_NOT_PINNED,EXACT_EXTRACTED_FIXTURE,yes,fingerprinted CUDA recipe reproduces the complete fixed C fixture; classification is limited to the extracted fixture and does not claim equivalence to additional parent-operator dispatch or storage work,R=4096_C=4096_BR=4_BC=4_N=262144,native_fixture_adjudication.csv,f32,2026-09-08-v3,f38e82d0726094a7,f38e82d0726094a7,EXPLICIT_STRUCTURED_SHAPE,full structured-loop square-BSR SpMV via cuSPARSE SpMM,PASS,MISSING,PASS,best_of_20_synchronized_wall; warmup=5
aten_sparse_addmv_csr_cpu,aten/src/ATen/native/sparse/SparseBlasImpl.cpp,addmv_sparse_csr,torch.sparse_addmv_csr,,,MEASURED_CUDA_DISPATCH_SOURCE_NOT_PINNED,EXACT_EXTRACTED_FIXTURE,yes,fingerprinted CUDA recipe reproduces the complete fixed C fixture; classification is limited to the extracted fixture and does not claim equivalence to additional parent-operator dispatch or storage work,R=65536_C=65536_N=4194304,native_fixture_adjudication.csv,f32,2026-09-08-v3,29b9ab46cce946f3,29b9ab46cce946f3,EXPLICIT_STRUCTURED_SHAPE,full structured-loop CSR SpMV via cuSPARSE,PASS,MISSING,PASS,best_of_20_synchronized_wall; warmup=5
aten_sparse_bmm_cpu,aten/src/ATen/native/sparse/SparseTensorMath.cpp,bmm_out_sparse_cpu,torch.bmm (dense extracted fixture),,,MEASURED_CUDA_DISPATCH_SOURCE_NOT_PINNED,EXACT_EXTRACTED_FIXTURE,yes,fingerprinted CUDA recipe reproduces the complete fixed C fixture; classification is limited to the extracted fixture and does not claim equivalence to additional parent-operator dispatch or storage work,B=37_K=375_M=300_N=225,native_fixture_adjudication.csv,f32,2026-09-08-v3,aad760bb7051755a,aad760bb7051755a,AUTO_SCALE_LARGEST_ARRAY_APPROX_4194304,uniformly scale extracted dimensions; preserve ratios; minimum dimension 2,PASS,MISSING,SKIP,best_of_20_synchronized_wall; warmup=5
aten_sparse_coo_softmax_backward_cpu,aten/src/ATen/native/sparse/SoftMax.cpp,cpu_sparse_coo_softmax_backward,torch.ops.aten._sparse_softmax_backward_data,,,MEASURED_CUDA_DISPATCH_SOURCE_NOT_PINNED,EXACT_ATEN_OPERATION,yes,"shape, dtype, output materialization, and operation semantics aligned",R=524288_K=8,built_in_provenance_rule,f32,2026-09-08-v3,a03bd7a70f27455c,,EXPLICIT_STRUCTURED_SHAPE,partial graph epilogue,PASS,PASS,PASS,best_of_20_synchronized_wall; warmup=5
aten_sparse_coo_to_csr_cpu,aten/src/ATen/native/SparseTensorUtils.cpp,coo_to_csr,torch._convert_indices_from_coo_to_csr(out_int32=True),,,MEASURED_CUDA_DISPATCH_SOURCE_NOT_PINNED,EXACT_EXTRACTED_FIXTURE,yes,fingerprinted CUDA recipe reproduces the complete fixed C fixture; classification is limited to the extracted fixture and does not claim equivalence to additional parent-operator dispatch or storage work,N=4194304_R=65536,native_fixture_adjudication.csv,i32,2026-09-08-v3,4cda79027c69d4df,4cda79027c69d4df,EXPLICIT_STRUCTURED_SHAPE,full COO-to-CSR index conversion via cuSPARSE,PASS,MISSING,SKIP,best_of_20_synchronized_wall; warmup=5
aten_sparse_csr_addmm_cpu,aten/src/ATen/native/sparse/SparseCsrTensorMath.cpp,addmm_out_sparse_csr_native_cpu,"torch.sparse.mm(CSR, dense)",,,MEASURED_CUDA_DISPATCH_SOURCE_NOT_PINNED,EXACT_ATEN_OPERATION,yes,"shape, dtype, output materialization, and operation semantics aligned",R=65536_K=65536_C=64_N=4194304,built_in_provenance_rule,f32,2026-09-08-v3,ceb60fb7c03704d8,,EXPLICIT_STRUCTURED_SHAPE,full structured-loop CSR SpMM via cuSPARSE,PASS,PASS,PASS,best_of_20_synchronized_wall; warmup=5
aten_sparse_csr_reduce_all_cpu,aten/src/ATen/native/sparse/SparseCsrTensorMath.cpp,reduce_sparse_csr_dim01_cpu_template,torch.sum,,,MEASURED_CUDA_DISPATCH_SOURCE_NOT_PINNED,EXACT_EXTRACTED_STAGE,yes_stage_only,same extracted stage; not a claim about the complete parent operator,N=4194304,built_in_provenance_rule,f32,2026-09-08-v3,ddba82d246ac2b47,,AUTO_SCALE_LARGEST_ARRAY_APPROX_4194304,uniformly scale extracted dimensions; preserve ratios; minimum dimension 2,PASS,PASS,PASS,best_of_20_synchronized_wall; warmup=5
aten_sparse_intersection_apply_cpu,aten/src/ATen/native/sparse/SparseBinaryOpIntersectionKernel.cpp,apply,torch.sparse_intersection_apply,,,MEASURED_CUDA_DISPATCH_SOURCE_NOT_PINNED,EXACT_EXTRACTED_FIXTURE,yes,fingerprinted CUDA recipe reproduces the complete fixed C fixture; classification is limited to the extracted fixture and does not claim equivalence to additional parent-operator dispatch or storage work,N=4194304,native_fixture_adjudication.csv,f32,2026-09-08-v4,89f3237065efa7c1,89f3237065efa7c1,AUTO_SCALE_LARGEST_ARRAY_APPROX_4194304,uniformly scale extracted dimensions; preserve ratios; minimum dimension 2,PASS,MISSING,PASS,best_of_20_synchronized_wall; warmup=5
aten_sparse_intersection_launch_cpu,aten/src/ATen/native/sparse/SparseBinaryOpIntersectionKernel.cpp,launch,torch.sparse_intersection_launch,,,MEASURED_CUDA_DISPATCH_SOURCE_NOT_PINNED,EXACT_EXTRACTED_FIXTURE,yes,fingerprinted CUDA recipe reproduces the complete fixed C fixture; classification is limited to the extracted fixture and does not claim equivalence to additional parent-operator dispatch or storage work,N=4194304,native_fixture_adjudication.csv,f32,2026-09-08-v4,64bc2211b27d81d9,64bc2211b27d81d9,AUTO_SCALE_LARGEST_ARRAY_APPROX_4194304,uniformly scale extracted dimensions; preserve ratios; minimum dimension 2,PASS,MISSING,PASS,best_of_20_synchronized_wall; warmup=5
aten_sparse_matmul_cpu,aten/src/ATen/native/sparse/SparseMatMul.cpp,_csr_matmult,"torch.sparse.mm(CSR, dense)",,,MEASURED_CUDA_DISPATCH_SOURCE_NOT_PINNED,EXACT_EXTRACTED_FIXTURE,yes,fingerprinted CUDA recipe reproduces the complete fixed C fixture; classification is limited to the extracted fixture and does not claim equivalence to additional parent-operator dispatch or storage work,C=2047_N=16380_R=2047,native_fixture_adjudication.csv,f32,2026-09-08-v3,2d2accc210a10238,2d2accc210a10238,AUTO_SCALE_LARGEST_ARRAY_APPROX_4194304,uniformly scale extracted dimensions; preserve ratios; minimum dimension 2,PASS,MISSING,SKIP,best_of_20_synchronized_wall; warmup=5
aten_sparse_matmul_csr_to_coo_cpu,aten/src/ATen/native/sparse/SparseMatMul.cpp,csr_to_coo,torch.repeat_interleave int32 rows,,,MEASURED_CUDA_DISPATCH_SOURCE_NOT_PINNED,EXACT_EXTRACTED_FIXTURE,yes,fingerprinted CUDA recipe reproduces the complete fixed C fixture; classification is limited to the extracted fixture and does not claim equivalence to additional parent-operator dispatch or storage work,N=4194304_R=65536,native_fixture_adjudication.csv,i32,2026-09-08-v3,52305022b28e724d,52305022b28e724d,EXPLICIT_STRUCTURED_SHAPE,full CSR-to-COO row-index conversion via cuSPARSE,PASS,MISSING,SKIP,best_of_20_synchronized_wall; warmup=5
aten_sparse_mul_cpu,aten/src/ATen/native/sparse/SparseTensorMath.cpp,mul_out_sparse_cpu,torch.mul,,,MEASURED_CUDA_DISPATCH_SOURCE_NOT_PINNED,EXACT_EXTRACTED_STAGE,yes_stage_only,same extracted stage; not a claim about the complete parent operator,N=4194304,built_in_provenance_rule,f32,2026-09-08-v4,cc84c109e16c002e,cc84c109e16c002e,AUTO_SCALE_LARGEST_ARRAY_APPROX_4194304,uniformly scale extracted dimensions; preserve ratios; minimum dimension 2,PASS,PASS,PASS,best_of_20_synchronized_wall; warmup=5
aten_sparse_norm_cpu,aten/src/ATen/native/sparse/SparseTensorMath.cpp,norm_sparse,torch.sparse_norm,,,MEASURED_CUDA_DISPATCH_SOURCE_NOT_PINNED,EXACT_EXTRACTED_FIXTURE,yes,fingerprinted CUDA recipe reproduces the complete fixed C fixture; classification is limited to the extracted fixture and does not claim equivalence to additional parent-operator dispatch or storage work,N=2097152,native_fixture_adjudication.csv,f32,2026-09-08-v4,2ed1a182be1a2c6b,2ed1a182be1a2c6b,EXPLICIT_STRUCTURED_SHAPE,full Euclidean norm through cuBLAS Snrm2,PASS,MISSING,PASS,best_of_20_synchronized_wall; warmup=5
aten_sparse_sum_cpu,aten/src/ATen/native/sparse/SparseTensorMath.cpp,_sparse_sum,torch.sum,,,MEASURED_CUDA_DISPATCH_SOURCE_NOT_PINNED,EXACT_EXTRACTED_STAGE,yes_stage_only,same extracted stage; not a claim about the complete parent operator,N=4194304,built_in_provenance_rule,f32,2026-09-08-v3,3c00d76b2ec31603,,AUTO_SCALE_LARGEST_ARRAY_APPROX_4194304,uniformly scale extracted dimensions; preserve ratios; minimum dimension 2,PASS,PASS,PASS,best_of_20_synchronized_wall; warmup=5
aten_split_copy_cpu,aten/src/ATen/native/TensorShape.cpp,split_copy_Tensor_out,torch.split_copy,,,MEASURED_CUDA_DISPATCH_SOURCE_NOT_PINNED,EXACT_ATEN_OPERATION,yes,"shape, dtype, output materialization, and operation semantics aligned",N=4194304_S=4,built_in_provenance_rule,f32,2026-09-08-v3,08724e4704e1aca6,,EXPLICIT_STRUCTURED_SHAPE,full contiguous split-copy reshape,PASS,PASS,PASS,best_of_20_synchronized_wall; warmup=5
aten_sqrt,aten/src/ATen/native/cpu/UnaryOpsKernel.cpp,sqrt_kernel,torch.sqrt,,,MEASURED_CUDA_DISPATCH_SOURCE_NOT_PINNED,EXACT_ATEN_OPERATION,yes,"shape, dtype, output materialization, and operation semantics aligned",N=4194304,built_in_provenance_rule,f32,2026-09-08-v3,0cede42120fd1ffe,,AUTO_SCALE_LARGEST_ARRAY_APPROX_4194304,uniformly scale extracted dimensions; preserve ratios; minimum dimension 2,PASS,PASS,PASS,best_of_20_synchronized_wall; warmup=5
aten_square,aten/src/ATen/native/cpu/UnaryOpsKernel.cpp,square_kernel,torch.square,,,MEASURED_CUDA_DISPATCH_SOURCE_NOT_PINNED,EXACT_ATEN_OPERATION,yes,"shape, dtype, output materialization, and operation semantics aligned",N=4194304,built_in_provenance_rule,f32,2026-09-08-v3,d6e39dc56b180446,,EXPLICIT_STRUCTURED_SHAPE,full graph,PASS,PASS,PASS,best_of_20_synchronized_wall; warmup=5
aten_sspaddmm_cpu,aten/src/ATen/native/sparse/SparseTensorMath.cpp,_sspaddmm_out_cpu,torch.sspaddmm,,,MEASURED_CUDA_DISPATCH_SOURCE_NOT_PINNED,EXACT_EXTRACTED_FIXTURE,yes,fingerprinted CUDA recipe reproduces the complete fixed C fixture; classification is limited to the extracted fixture and does not claim equivalence to additional parent-operator dispatch or storage work,C=1774_K=2365_N=18917_R=2365,native_fixture_adjudication.csv,f32,2026-09-08-v3,68d23c3c19429b5c,68d23c3c19429b5c,AUTO_SCALE_LARGEST_ARRAY_APPROX_4194304,uniformly scale extracted dimensions; preserve ratios; minimum dimension 2,PASS,MISSING,PASS,best_of_20_synchronized_wall; warmup=5
aten_stack_serial_cpu,aten/src/ATen/native/cpu/StackKernel.cpp,stack_serial_kernel,torch.stack_serial,,,MEASURED_CUDA_DISPATCH_SOURCE_NOT_PINNED,EXACT_EXTRACTED_FIXTURE,yes,fingerprinted CUDA recipe reproduces the complete fixed C fixture; classification is limited to the extracted fixture and does not claim equivalence to additional parent-operator dispatch or storage work,K=405_R=203_T=51,native_fixture_adjudication.csv,f32,2026-09-08-v3,b4586baaae66626e,b4586baaae66626e,AUTO_SCALE_LARGEST_ARRAY_APPROX_4194304,uniformly scale extracted dimensions; preserve ratios; minimum dimension 2,PASS,MISSING,PASS,best_of_20_synchronized_wall; warmup=5
aten_standard_gamma_grad_cpu,aten/src/ATen/native/Distributions.cpp,_standard_gamma_grad_cpu,torch.standard_gamma_grad,,,MEASURED_CUDA_DISPATCH_SOURCE_NOT_PINNED,EXACT_EXTRACTED_TRANSFORM,yes,fingerprinted CUDA recipe reproduces the complete fixed C fixture; classification is limited to the extracted fixture and does not claim equivalence to additional parent-operator dispatch or storage work,N=4194304,native_fixture_adjudication.csv,f32,2026-09-08-v3,573bd945902d8ca4,573bd945902d8ca4,AUTO_SCALE_LARGEST_ARRAY_APPROX_4194304,uniformly scale extracted dimensions; preserve ratios; minimum dimension 2,PASS,MISSING,PASS,best_of_20_synchronized_wall; warmup=5
aten_sum,aten/src/ATen/native/ReduceOps.cpp,sum,torch.sum,,,MEASURED_CUDA_DISPATCH_SOURCE_NOT_PINNED,EXACT_ATEN_OPERATION,yes,"shape, dtype, output materialization, and operation semantics aligned",M=65536_N=64,built_in_provenance_rule,f64,2026-09-08-v3,8323a8b552b16506,,EXPLICIT_STRUCTURED_SHAPE,full segmented CUB f64 sum reduction,PASS,PASS,PASS,best_of_20_synchronized_wall; warmup=5
aten_sum_cpu_backend,aten/src/ATen/native/cpu/SumKernel.cpp,sum_kernel_impl,torch.sum_cpu_backend,,,MEASURED_CUDA_DISPATCH_SOURCE_NOT_PINNED,EXACT_ATEN_OPERATION,yes,"audited complete operation: shape, dtype, outputs, layout, and fixed parameters align",K=4095_R=1024,native_fixture_adjudication.csv,f32,2026-09-08-v3,2e866cae1039e61c,,AUTO_SCALE_LARGEST_ARRAY_APPROX_4194304,uniformly scale extracted dimensions; preserve ratios; minimum dimension 2,PASS,MISSING,PASS,best_of_20_synchronized_wall; warmup=5
aten_sumproduct_pair_cpu,aten/src/ATen/native/Linear.cpp,sumproduct_pair,torch.bmm,,,MEASURED_CUDA_DISPATCH_SOURCE_NOT_PINNED,EXACT_EXTRACTED_FIXTURE,yes,fingerprinted CUDA recipe reproduces the complete fixed C fixture; classification is limited to the extracted fixture and does not claim equivalence to additional parent-operator dispatch or storage work,B=70_K=282_M=141_N=211,native_fixture_adjudication.csv,f32,2026-09-08-v3,b1d208ea182a8abc,b1d208ea182a8abc,AUTO_SCALE_LARGEST_ARRAY_APPROX_4194304,uniformly scale extracted dimensions; preserve ratios; minimum dimension 2,PASS,MISSING,SKIP,best_of_20_synchronized_wall; warmup=5
aten_tan,aten/src/ATen/native/cpu/UnaryOpsKernel.cpp,tan_kernel,torch.tan,,,MEASURED_CUDA_DISPATCH_SOURCE_NOT_PINNED,EXACT_ATEN_OPERATION,yes,"shape, dtype, output materialization, and operation semantics aligned",N=4194304,built_in_provenance_rule,f32,2026-09-08-v3,1ea007f2c8d24860,,AUTO_SCALE_LARGEST_ARRAY_APPROX_4194304,uniformly scale extracted dimensions; preserve ratios; minimum dimension 2,PASS,PASS,PASS,best_of_20_synchronized_wall; warmup=5
aten_tanh,aten/src/ATen/native/cpu/UnaryOpsKernel.cpp,tanh_kernel,torch.tanh,,,MEASURED_CUDA_DISPATCH_SOURCE_NOT_PINNED,EXACT_ATEN_OPERATION,yes,"shape, dtype, output materialization, and operation semantics aligned",N=4194304,built_in_provenance_rule,f32,2026-09-08-v3,4d4284953d7c9011,,AUTO_SCALE_LARGEST_ARRAY_APPROX_4194304,uniformly scale extracted dimensions; preserve ratios; minimum dimension 2,PASS,PASS,PASS,best_of_20_synchronized_wall; warmup=5
aten_tanh_backward,aten/src/ATen/native/cpu/BinaryOpsKernel.cpp,tanh_backward_kernel,torch.ops.aten.tanh_backward,,,MEASURED_CUDA_DISPATCH_SOURCE_NOT_PINNED,EXACT_ATEN_OPERATION,yes,"shape, dtype, output materialization, and operation semantics aligned",N=4194304,built_in_provenance_rule,f32,2026-09-08-v3,4a722ac00ff4eeac,,EXPLICIT_STRUCTURED_SHAPE,full graph,PASS,PASS,PASS,best_of_20_synchronized_wall; warmup=5
aten_threshold_backward,aten/src/ATen/native/cpu/Activation.cpp,threshold_kernel,torch.threshold,,,MEASURED_CUDA_DISPATCH_SOURCE_NOT_PINNED,EXACT_EXTRACTED_FIXTURE,yes,fingerprinted CUDA recipe reproduces the complete fixed C fixture; classification is limited to the extracted fixture and does not claim equivalence to additional parent-operator dispatch or storage work,N=4194304,native_fixture_adjudication.csv,f32,2026-09-08-v3,c488a87f05701220,c488a87f05701220,EXPLICIT_STRUCTURED_SHAPE,cuDNN ReLU-backward numeric mask,PASS,MISSING,PASS,best_of_20_synchronized_wall; warmup=5
aten_topk_cpu,aten/src/ATen/native/cpu/SortingKernel.cpp,topk_kernel,torch.topk,,,MEASURED_CUDA_DISPATCH_SOURCE_NOT_PINNED,EXACT_ATEN_OPERATION,yes,"shape, dtype, output materialization, and operation semantics aligned",K=4095_R=1024_TOP=512,built_in_provenance_rule,f32,2026-09-08-v3,9c362050606c21d0,,AUTO_SCALE_LARGEST_ARRAY_APPROX_4194304,uniformly scale extracted dimensions; preserve ratios; minimum dimension 2,PASS,PASS,PASS,best_of_20_synchronized_wall; warmup=5
aten_trace_cpu,aten/src/ATen/native/ReduceOps.cpp,trace_cpu,torch.trace,,,MEASURED_CUDA_DISPATCH_SOURCE_NOT_PINNED,EXACT_ATEN_OPERATION,yes,"audited complete operation: shape, dtype, outputs, layout, and fixed parameters align",N=2047,native_fixture_adjudication.csv,f32,2026-09-08-v3,c89b14f8b71c1d02,,AUTO_SCALE_LARGEST_ARRAY_APPROX_4194304,uniformly scale extracted dimensions; preserve ratios; minimum dimension 2,PASS,MISSING,PASS,best_of_20_synchronized_wall; warmup=5
aten_transform_bias_rescale_qkv_cpu,aten/src/ATen/native/cpu/NativeMultiheadAttnKernel.cpp,transform_bias_rescale_qkv_kernel_impl,bias add + QKV permutes + Q scale,,,MEASURED_CUDA_DISPATCH_SOURCE_NOT_PINNED,EXACT_EXTRACTED_FIXTURE,yes,fingerprinted CUDA recipe reproduces the complete fixed C fixture; classification is limited to the extracted fixture and does not claim equivalence to additional parent-operator dispatch or storage work,B=8_S=512_H=16_D=64,native_fixture_adjudication.csv,f32,2026-09-08-v3,85dffc2ee1e0bb1f,85dffc2ee1e0bb1f,EXPLICIT_STRUCTURED_SHAPE,three full QKV slice-bias-permute stages through cuDNN OpTensor,PASS,MISSING,SKIP,best_of_20_synchronized_wall; warmup=5
aten_transpose_copy,aten/src/ATen/native/TensorShape.cpp,transpose,torch.transpose_copy,,,MEASURED_CUDA_DISPATCH_SOURCE_NOT_PINNED,EXACT_ATEN_OPERATION,yes,"audited complete operation: shape, dtype, outputs, layout, and fixed parameters align",M=2365_N=1774,native_fixture_adjudication.csv,f32,2026-09-08-v3,5d0809aea12f7880,,AUTO_SCALE_LARGEST_ARRAY_APPROX_4194304,uniformly scale extracted dimensions; preserve ratios; minimum dimension 2,PASS,MISSING,PASS,best_of_20_synchronized_wall; warmup=5
aten_trilinear_cpu,aten/src/ATen/native/Linear.cpp,_trilinear,torch.trilinear,,,MEASURED_CUDA_DISPATCH_SOURCE_NOT_PINNED,EXACT_EXTRACTED_FIXTURE,yes,fingerprinted CUDA recipe reproduces the complete fixed C fixture; classification is limited to the extracted fixture and does not claim equivalence to additional parent-operator dispatch or storage work,B=65_I=131_J=163_K=196,native_fixture_adjudication.csv,f32,2026-09-08-v3,35ced2e11faf6b46,35ced2e11faf6b46,AUTO_SCALE_LARGEST_ARRAY_APPROX_4194304,uniformly scale extracted dimensions; preserve ratios; minimum dimension 2,PASS,MISSING,PASS,best_of_20_synchronized_wall; warmup=5
aten_trunc,aten/src/ATen/native/cpu/UnaryOpsKernel.cpp,trunc_kernel,torch.trunc,,,MEASURED_CUDA_DISPATCH_SOURCE_NOT_PINNED,EXACT_ATEN_OPERATION,yes,"audited complete operation: shape, dtype, outputs, layout, and fixed parameters align",N=4194304,native_fixture_adjudication.csv,f32,2026-09-08-v3,f7864fefa35b9eb9,,AUTO_SCALE_LARGEST_ARRAY_APPROX_4194304,uniformly scale extracted dimensions; preserve ratios; minimum dimension 2,PASS,MISSING,PASS,best_of_20_synchronized_wall; warmup=5
aten_unbind_copy_cpu,aten/src/ATen/native/TensorShape.cpp,unbind_copy_int_out,torch.unbind_copy,,,MEASURED_CUDA_DISPATCH_SOURCE_NOT_PINNED,EXACT_EXTRACTED_FIXTURE,yes,fingerprinted CUDA recipe reproduces the complete fixed C fixture; classification is limited to the extracted fixture and does not claim equivalence to additional parent-operator dispatch or storage work,B=512_N=8192,native_fixture_adjudication.csv,f32,2026-09-08-v4,8eb65b902214f090,8eb65b902214f090,AUTO_SCALE_LARGEST_ARRAY_APPROX_4194304,uniformly scale extracted dimensions; preserve ratios; minimum dimension 2,PASS,MISSING,PASS,best_of_20_synchronized_wall; warmup=5
aten_unfolded2d_copy_cpu,aten/src/ATen/native/cpu/Unfold2d.cpp,unfolded2d_copy_kernel,torch.unfolded2d_copy,,,MEASURED_CUDA_DISPATCH_SOURCE_NOT_PINNED,EXACT_ATEN_OPERATION,yes,"audited complete operation: shape, dtype, outputs, layout, and fixed parameters align",C=11_H=46_KH=17_KW=17_OH=34_OW=34_W=46,native_fixture_adjudication.csv,f32,2026-09-08-v3,0e17d50f1590c5c9,,AUTO_SCALE_LARGEST_ARRAY_APPROX_4194304,uniformly scale extracted dimensions; preserve ratios; minimum dimension 2,PASS,MISSING,PASS,best_of_20_synchronized_wall; warmup=5
aten_uniform_cpu,aten/src/ATen/native/cpu/DistributionKernels.cpp,uniform_kernel,torch.uniform,,,MEASURED_CUDA_DISPATCH_SOURCE_NOT_PINNED,EXACT_EXTRACTED_TRANSFORM,yes,fingerprinted CUDA recipe reproduces the complete fixed C fixture; classification is limited to the extracted fixture and does not claim equivalence to additional parent-operator dispatch or storage work,N=4194304,native_fixture_adjudication.csv,f32,2026-09-08-v3,58b2b03dd6dd4cd3,58b2b03dd6dd4cd3,EXPLICIT_STRUCTURED_SHAPE,full graph,PASS,MISSING,PASS,best_of_20_synchronized_wall; warmup=5
aten_upsample_bilinear2d,aten/src/ATen/native/UpSampleBilinear2d.cpp,upsample_bilinear2d,torch.upsample_bilinear2d,,,MEASURED_CUDA_DISPATCH_SOURCE_NOT_PINNED,EXACT_EXTRACTED_FIXTURE,yes,fingerprinted CUDA recipe reproduces the complete fixed C fixture; classification is limited to the extracted fixture and does not claim equivalence to additional parent-operator dispatch or storage work,B=4096_C=3_H=4_W=4,native_fixture_adjudication.csv,f32,2026-09-08-v3,750b2c42ff4d936c,750b2c42ff4d936c,EXPLICIT_STRUCTURED_SHAPE,full cuDNN bilinear 2x resample,PASS,MISSING,PASS,best_of_20_synchronized_wall; warmup=5
aten_vector_norm_out_cpu,aten/src/ATen/native/LinearAlgebra.cpp,linalg_vector_norm_out,torch.norm,,,MEASURED_CUDA_DISPATCH_SOURCE_NOT_PINNED,EXACT_ATEN_OPERATION,yes,"shape, dtype, output materialization, and operation semantics aligned",C=2897_R=1448,built_in_provenance_rule,f32,2026-09-08-v3,65b28a1c9d181232,,AUTO_SCALE_LARGEST_ARRAY_APPROX_4194304,uniformly scale extracted dimensions; preserve ratios; minimum dimension 2,PASS,PASS,PASS,best_of_20_synchronized_wall; warmup=5
aten_weight_norm_backward_cpu,aten/src/ATen/native/cpu/WeightNormKernel.cpp,weight_norm_backward_kernel,torch.ops.aten._weight_norm_interface_backward,,,MEASURED_CUDA_DISPATCH_SOURCE_NOT_PINNED,EXACT_ATEN_OPERATION,yes,"shape, dtype, output materialization, and operation semantics aligned",C=1024_S=4095,built_in_provenance_rule,f32,2026-09-08-v3,aa3c043e3e08724a,,AUTO_SCALE_LARGEST_ARRAY_APPROX_4194304,uniformly scale extracted dimensions; preserve ratios; minimum dimension 2,PASS,PASS,PASS,best_of_20_synchronized_wall; warmup=5
aten_xor_sum_cpu,aten/src/ATen/native/cpu/ReduceOpsKernel.cpp,xor_sum_kernel_impl,torch.xor_sum,,,MEASURED_CUDA_DISPATCH_SOURCE_NOT_PINNED,EXACT_EXTRACTED_FIXTURE,yes,fingerprinted CUDA recipe reproduces the complete fixed C fixture; classification is limited to the extracted fixture and does not claim equivalence to additional parent-operator dispatch or storage work,K=2897_R=1448,native_fixture_adjudication.csv,i32,2026-09-08-v3,4b1d238a23a58eb4,4b1d238a23a58eb4,AUTO_SCALE_LARGEST_ARRAY_APPROX_4194304,uniformly scale extracted dimensions; preserve ratios; minimum dimension 2,PASS,MISSING,PASS,best_of_20_synchronized_wall; warmup=5
aten_zeros_cpu,aten/src/ATen/native/TensorFactories.cpp,zeros_symint,torch.zeros,,,MEASURED_CUDA_DISPATCH_SOURCE_NOT_PINNED,EXACT_ATEN_OPERATION,yes,"audited complete operation: shape, dtype, outputs, layout, and fixed parameters align",N=4194304,native_fixture_adjudication.csv,f32,2026-09-08-v3,8396a59034c783b2,,AUTO_SCALE_LARGEST_ARRAY_APPROX_4194304,uniformly scale extracted dimensions; preserve ratios; minimum dimension 2,PASS,MISSING,PASS,best_of_20_synchronized_wall; warmup=5
