source,canonical_origin,symbol,body_index,variant,canonical_nodes,variant_nodes,iterations,timeout_s,status,proof_elapsed_ms,wall_elapsed_ms,rule_matches,detail
mlir,mlir,broadcast_scalar_to_vec,0:0,add_zero,1,3,8,5.0,match,15.048,339.836,20,
mlir,mlir,broadcast_scalar_to_vec,0:0,associate_left,1,1,8,5.0,match,13.503,336.730,0,
mlir,mlir,broadcast_scalar_to_vec,0:0,associate_right,1,1,8,5.0,match,12.822,395.953,0,
mlir,mlir,broadcast_scalar_to_vec,0:0,commute_all,1,1,8,5.0,match,13.770,338.247,0,
mlir,mlir,broadcast_scalar_to_vec,0:0,mul_one,1,3,8,5.0,match,16.479,362.437,20,
mlir,mlir,broadcast_scalar_to_vec_tensor,0:0,add_zero,1,3,8,5.0,match,14.550,331.629,20,
mlir,mlir,broadcast_scalar_to_vec_tensor,0:0,associate_left,1,1,8,5.0,match,13.230,362.186,0,
mlir,mlir,broadcast_scalar_to_vec_tensor,0:0,associate_right,1,1,8,5.0,match,13.432,365.998,0,
mlir,mlir,broadcast_scalar_to_vec_tensor,0:0,commute_all,1,1,8,5.0,match,13.945,330.028,0,
mlir,mlir,broadcast_scalar_to_vec_tensor,0:0,mul_one,1,3,8,5.0,match,14.926,331.129,20,
mlir,mlir,centered_sum_squares,0:0,add_zero,9,11,8,5.0,match,15.300,321.881,47,
mlir,mlir,centered_sum_squares,0:0,associate_left,9,9,8,5.0,match,18.434,359.009,3,
mlir,mlir,centered_sum_squares,0:0,associate_right,9,9,8,5.0,match,13.729,326.515,3,
mlir,mlir,centered_sum_squares,0:0,commute_all,9,9,8,5.0,match,16.734,344.716,4,
mlir,mlir,centered_sum_squares,0:0,mul_one,9,11,8,5.0,match,16.799,330.809,53,
mlir,mlir,cublasDaxpby,0:0,add_zero,7,9,8,5.0,match,16.325,349.246,50,
mlir,mlir,cublasDaxpby,0:0,associate_left,7,7,8,5.0,match,14.410,331.514,6,
mlir,mlir,cublasDaxpby,0:0,associate_right,7,7,8,5.0,match,18.658,403.452,6,
mlir,mlir,cublasDaxpby,0:0,commute_all,7,7,8,5.0,match,16.172,351.829,9,
mlir,mlir,cublasDaxpby,0:0,mul_one,7,9,8,5.0,match,17.651,345.127,84,
mlir,mlir,cublasDaxpy_unit,0:0,add_zero,3,5,8,5.0,match,16.910,370.363,46,
mlir,mlir,cublasDaxpy_unit,0:0,associate_left,3,3,8,5.0,match,14.616,367.683,2,
mlir,mlir,cublasDaxpy_unit,0:0,associate_right,3,3,8,5.0,match,18.929,426.037,2,
mlir,mlir,cublasDaxpy_unit,0:0,commute_all,3,3,8,5.0,match,16.941,342.628,3,
mlir,mlir,cublasDaxpy_unit,0:0,mul_one,3,5,8,5.0,match,15.331,351.384,42,
mlir,mlir,cublasDcopy,0:0,add_zero,1,3,8,5.0,match,15.190,322.073,20,
mlir,mlir,cublasDcopy,0:0,associate_left,1,1,8,5.0,match,14.680,333.807,0,
mlir,mlir,cublasDcopy,0:0,associate_right,1,1,8,5.0,match,13.208,333.179,0,
mlir,mlir,cublasDcopy,0:0,commute_all,1,1,8,5.0,match,14.312,325.204,0,
mlir,mlir,cublasDcopy,0:0,mul_one,1,3,8,5.0,match,14.388,316.263,20,
mlir,mlir,cublasDcopy_tensor,0:0,add_zero,1,3,8,5.0,match,16.414,347.286,20,
mlir,mlir,cublasDcopy_tensor,0:0,associate_left,1,1,8,5.0,match,13.939,336.666,0,
mlir,mlir,cublasDcopy_tensor,0:0,associate_right,1,1,8,5.0,match,13.482,368.988,0,
mlir,mlir,cublasDcopy_tensor,0:0,commute_all,1,1,8,5.0,match,16.285,340.913,0,
mlir,mlir,cublasDcopy_tensor,0:0,mul_one,1,3,8,5.0,match,23.315,379.817,20,
mlir,mlir,cublasDdot,0:0,add_zero,5,7,8,5.0,match,15.390,335.864,48,
mlir,mlir,cublasDdot,0:0,associate_left,5,5,8,5.0,match,14.504,360.463,4,
mlir,mlir,cublasDdot,0:0,associate_right,5,5,8,5.0,match,14.217,362.994,4,
mlir,mlir,cublasDdot,0:0,commute_all,5,5,8,5.0,match,14.849,340.609,6,
mlir,mlir,cublasDdot,0:0,mul_one,5,7,8,5.0,match,15.571,340.977,63,
mlir,mlir,cublasDgeam_scale2D,0:0,add_zero,3,5,8,5.0,match,16.416,344.453,22,
mlir,mlir,cublasDgeam_scale2D,0:0,associate_left,3,3,8,5.0,match,15.186,348.816,2,
mlir,mlir,cublasDgeam_scale2D,0:0,associate_right,3,3,8,5.0,match,14.553,369.301,2,
mlir,mlir,cublasDgeam_scale2D,0:0,commute_all,3,3,8,5.0,match,19.013,365.141,3,
mlir,mlir,cublasDgeam_scale2D,0:0,mul_one,3,5,8,5.0,match,15.892,354.105,46,
mlir,mlir,cublasDgemm,0:0,add_zero,3,5,8,5.0,match,17.256,339.408,22,
mlir,mlir,cublasDgemm,0:0,associate_left,3,3,8,5.0,match,16.431,336.244,2,
mlir,mlir,cublasDgemm,0:0,associate_right,3,3,8,5.0,match,14.414,345.148,2,
mlir,mlir,cublasDgemm,0:0,commute_all,3,3,8,5.0,match,18.016,358.784,3,
mlir,mlir,cublasDgemm,0:0,mul_one,3,5,8,5.0,match,15.004,373.096,46,
mlir,mlir,cublasDgemm,1:0,add_zero,7,9,8,5.0,match,16.425,341.458,64,
mlir,mlir,cublasDgemm,1:0,associate_left,7,7,8,5.0,match,15.034,329.669,24,
mlir,mlir,cublasDgemm,1:0,associate_right,7,7,8,5.0,match,14.821,341.392,20,
mlir,mlir,cublasDgemm,1:0,commute_all,7,7,8,5.0,match,16.050,349.519,26,
mlir,mlir,cublasDgemm,1:0,mul_one,7,9,8,5.0,match,17.026,344.956,152,
mlir,mlir,cublasDgemm_alpha_only,0:0,add_zero,7,9,8,5.0,match,21.731,377.179,64,
mlir,mlir,cublasDgemm_alpha_only,0:0,associate_left,7,7,8,5.0,match,17.237,369.908,24,
mlir,mlir,cublasDgemm_alpha_only,0:0,associate_right,7,7,8,5.0,match,15.417,361.300,20,
mlir,mlir,cublasDgemm_alpha_only,0:0,commute_all,7,7,8,5.0,match,18.937,393.536,26,
mlir,mlir,cublasDgemm_alpha_only,0:0,mul_one,7,9,8,5.0,match,16.642,333.106,152,
mlir,mlir,cublasDgemm_outer_product,0:0,add_zero,3,5,8,5.0,match,16.319,419.127,22,
mlir,mlir,cublasDgemm_outer_product,0:0,associate_left,3,3,8,5.0,match,15.047,350.756,2,
mlir,mlir,cublasDgemm_outer_product,0:0,associate_right,3,3,8,5.0,match,16.749,358.203,2,
mlir,mlir,cublasDgemm_outer_product,0:0,commute_all,3,3,8,5.0,match,15.282,351.531,3,
mlir,mlir,cublasDgemm_outer_product,0:0,mul_one,3,5,8,5.0,match,15.785,336.242,46,
mlir,mlir,cublasDgemm_simple,0:0,add_zero,5,7,8,5.0,match,15.278,360.326,48,
mlir,mlir,cublasDgemm_simple,0:0,associate_left,5,5,8,5.0,match,14.725,345.178,4,
mlir,mlir,cublasDgemm_simple,0:0,associate_right,5,5,8,5.0,match,14.803,365.456,4,
mlir,mlir,cublasDgemm_simple,0:0,commute_all,5,5,8,5.0,match,15.930,353.670,6,
mlir,mlir,cublasDgemm_simple,0:0,mul_one,5,7,8,5.0,match,19.405,364.347,63,
mlir,mlir,cublasDgemv,0:0,add_zero,5,7,8,5.0,match,14.870,334.377,48,
mlir,mlir,cublasDgemv,0:0,associate_left,5,5,8,5.0,match,15.028,347.179,4,
mlir,mlir,cublasDgemv,0:0,associate_right,5,5,8,5.0,match,14.816,348.993,4,
mlir,mlir,cublasDgemv,0:0,commute_all,5,5,8,5.0,match,15.995,398.524,6,
mlir,mlir,cublasDgemv,0:0,mul_one,5,7,8,5.0,match,15.558,331.199,63,
mlir,mlir,cublasDgemv_T,0:0,add_zero,5,7,8,5.0,match,18.699,360.186,48,
mlir,mlir,cublasDgemv_T,0:0,associate_left,5,5,8,5.0,match,19.306,348.913,4,
mlir,mlir,cublasDgemv_T,0:0,associate_right,5,5,8,5.0,match,14.996,346.721,4,
mlir,mlir,cublasDgemv_T,0:0,commute_all,5,5,8,5.0,match,14.681,340.824,6,
mlir,mlir,cublasDgemv_T,0:0,mul_one,5,7,8,5.0,match,16.605,338.945,63,
mlir,mlir,cublasDgemv_alpha,0:0,add_zero,7,9,8,5.0,match,16.744,347.182,64,
mlir,mlir,cublasDgemv_alpha,0:0,associate_left,7,7,8,5.0,match,14.761,331.236,24,
mlir,mlir,cublasDgemv_alpha,0:0,associate_right,7,7,8,5.0,match,17.145,373.770,20,
mlir,mlir,cublasDgemv_alpha,0:0,commute_all,7,7,8,5.0,match,15.353,367.790,26,
mlir,mlir,cublasDgemv_alpha,0:0,mul_one,7,9,8,5.0,match,27.399,447.940,152,
mlir,mlir,cublasDger_rank2,0:0,add_zero,9,11,8,5.0,match,15.818,420.535,130,
mlir,mlir,cublasDger_rank2,0:0,associate_left,9,9,8,5.0,match,14.402,318.324,22,
mlir,mlir,cublasDger_rank2,0:0,associate_right,9,9,8,5.0,match,15.337,335.941,25,
mlir,mlir,cublasDger_rank2,0:0,commute_all,9,9,8,5.0,match,18.234,355.610,29,
mlir,mlir,cublasDger_rank2,0:0,mul_one,9,11,8,5.0,match,16.119,349.373,164,
mlir,mlir,cublasDsyr2k,0:0,add_zero,8,10,8,5.0,match,21.876,438.989,22,
mlir,mlir,cublasDsyr2k,0:0,associate_left,8,8,8,5.0,match,17.136,405.055,2,
mlir,mlir,cublasDsyr2k,0:0,associate_right,8,8,8,5.0,match,15.219,356.584,2,
mlir,mlir,cublasDsyr2k,0:0,commute_all,8,8,8,5.0,match,15.740,451.194,3,
mlir,mlir,cublasDsyr2k,0:0,mul_one,8,10,8,5.0,match,27.604,412.564,22,
mlir,mlir,cublasDsyr2k,1:0,add_zero,18,20,8,5.0,match,18.211,361.049,74,
mlir,mlir,cublasDsyr2k,1:0,associate_left,18,18,8,5.0,match,18.132,364.784,57,
mlir,mlir,cublasDsyr2k,1:0,associate_right,18,18,8,5.0,match,17.547,356.622,63,
mlir,mlir,cublasDsyr2k,1:0,commute_all,18,18,8,5.0,match,18.918,371.791,69,
mlir,mlir,cublasDsyr2k,1:0,mul_one,18,20,8,5.0,match,19.557,480.881,74,
mlir,mlir,cublasDsyrk,0:0,add_zero,8,10,8,5.0,match,15.603,378.813,22,
mlir,mlir,cublasDsyrk,0:0,associate_left,8,8,8,5.0,match,21.726,408.538,2,
mlir,mlir,cublasDsyrk,0:0,associate_right,8,8,8,5.0,match,21.572,459.309,2,
mlir,mlir,cublasDsyrk,0:0,commute_all,8,8,8,5.0,match,17.970,417.977,3,
mlir,mlir,cublasDsyrk,0:0,mul_one,8,10,8,5.0,match,18.060,380.956,22,
mlir,mlir,cublasDsyrk,1:0,add_zero,12,14,8,5.0,match,21.752,444.745,40,
mlir,mlir,cublasDsyrk,1:0,associate_left,12,12,8,5.0,match,18.146,457.212,20,
mlir,mlir,cublasDsyrk,1:0,associate_right,12,12,8,5.0,match,17.096,375.452,24,
mlir,mlir,cublasDsyrk,1:0,commute_all,12,12,8,5.0,match,16.694,366.281,26,
mlir,mlir,cublasDsyrk,1:0,mul_one,12,14,8,5.0,match,18.575,358.305,40,
mlir,mlir,cublasSdot,0:0,add_zero,5,7,8,5.0,match,16.866,345.176,48,
mlir,mlir,cublasSdot,0:0,associate_left,5,5,8,5.0,match,13.853,323.610,4,
mlir,mlir,cublasSdot,0:0,associate_right,5,5,8,5.0,match,13.888,316.625,4,
mlir,mlir,cublasSdot,0:0,commute_all,5,5,8,5.0,match,17.442,368.165,6,
mlir,mlir,cublasSdot,0:0,mul_one,5,7,8,5.0,match,16.705,341.283,63,
mlir,mlir,cublasSgemm_broadcast3d_memref,0:0,add_zero,5,7,8,5.0,match,15.197,381.783,48,
mlir,mlir,cublasSgemm_broadcast3d_memref,0:0,associate_left,5,5,8,5.0,match,17.648,398.932,4,
mlir,mlir,cublasSgemm_broadcast3d_memref,0:0,associate_right,5,5,8,5.0,match,14.128,312.445,4,
mlir,mlir,cublasSgemm_broadcast3d_memref,0:0,commute_all,5,5,8,5.0,match,15.006,362.763,6,
mlir,mlir,cublasSgemm_broadcast3d_memref,0:0,mul_one,5,7,8,5.0,match,16.958,360.953,63,
mlir,mlir,cublasSgemm_broadcast3d_simple,0:0,add_zero,5,7,8,5.0,match,16.631,348.350,48,
mlir,mlir,cublasSgemm_broadcast3d_simple,0:0,associate_left,5,5,8,5.0,match,15.620,366.049,4,
mlir,mlir,cublasSgemm_broadcast3d_simple,0:0,associate_right,5,5,8,5.0,match,16.010,331.436,4,
mlir,mlir,cublasSgemm_broadcast3d_simple,0:0,commute_all,5,5,8,5.0,match,15.354,359.107,6,
mlir,mlir,cublasSgemm_broadcast3d_simple,0:0,mul_one,5,7,8,5.0,match,16.120,345.667,63,
mlir,mlir,cublasSgemm_strided_batched_broadcast_rhs,0:0,add_zero,5,7,8,5.0,match,14.799,359.973,48,
mlir,mlir,cublasSgemm_strided_batched_broadcast_rhs,0:0,associate_left,5,5,8,5.0,match,15.512,371.239,4,
mlir,mlir,cublasSgemm_strided_batched_broadcast_rhs,0:0,associate_right,5,5,8,5.0,match,18.479,379.392,4,
mlir,mlir,cublasSgemm_strided_batched_broadcast_rhs,0:0,commute_all,5,5,8,5.0,match,14.016,344.207,6,
mlir,mlir,cublasSgemm_strided_batched_broadcast_rhs,0:0,mul_one,5,7,8,5.0,match,16.978,409.727,63,
mlir,mlir,cublasSgemv,0:0,add_zero,5,7,8,5.0,match,20.291,358.691,48,
mlir,mlir,cublasSgemv,0:0,associate_left,5,5,8,5.0,match,16.836,356.828,4,
mlir,mlir,cublasSgemv,0:0,associate_right,5,5,8,5.0,match,15.354,349.234,4,
mlir,mlir,cublasSgemv,0:0,commute_all,5,5,8,5.0,match,14.460,330.826,6,
mlir,mlir,cublasSgemv,0:0,mul_one,5,7,8,5.0,match,21.927,365.655,63,
mlir,mlir,cublasSgemv_T,0:0,add_zero,5,7,8,5.0,match,15.361,345.865,48,
mlir,mlir,cublasSgemv_T,0:0,associate_left,5,5,8,5.0,match,14.687,340.879,4,
mlir,mlir,cublasSgemv_T,0:0,associate_right,5,5,8,5.0,match,19.946,432.421,4,
mlir,mlir,cublasSgemv_T,0:0,commute_all,5,5,8,5.0,match,22.421,390.213,6,
mlir,mlir,cublasSgemv_T,0:0,mul_one,5,7,8,5.0,match,15.972,342.336,63,
mlir,mlir,cudaAdd_f32_tensor,0:0,add_zero,3,5,8,5.0,match,21.413,446.018,46,
mlir,mlir,cudaAdd_f32_tensor,0:0,associate_left,3,3,8,5.0,match,14.885,348.873,2,
mlir,mlir,cudaAdd_f32_tensor,0:0,associate_right,3,3,8,5.0,match,14.786,349.995,2,
mlir,mlir,cudaAdd_f32_tensor,0:0,commute_all,3,3,8,5.0,match,16.888,361.976,3,
mlir,mlir,cudaAdd_f32_tensor,0:0,mul_one,3,5,8,5.0,match,15.872,350.022,42,
mlir,mlir,cudaCopy1D_f32_tensor,0:0,add_zero,1,3,8,5.0,match,14.613,344.010,20,
mlir,mlir,cudaCopy1D_f32_tensor,0:0,associate_left,1,1,8,5.0,match,13.933,370.046,0,
mlir,mlir,cudaCopy1D_f32_tensor,0:0,associate_right,1,1,8,5.0,match,14.557,367.140,0,
mlir,mlir,cudaCopy1D_f32_tensor,0:0,commute_all,1,1,8,5.0,match,20.014,357.360,0,
mlir,mlir,cudaCopy1D_f32_tensor,0:0,mul_one,1,3,8,5.0,match,22.111,404.700,20,
mlir,mlir,cudaCopy2D_f32_tensor,0:0,add_zero,1,3,8,5.0,match,15.984,356.283,20,
mlir,mlir,cudaCopy2D_f32_tensor,0:0,associate_left,1,1,8,5.0,match,12.946,331.338,0,
mlir,mlir,cudaCopy2D_f32_tensor,0:0,associate_right,1,1,8,5.0,match,15.012,415.636,0,
mlir,mlir,cudaCopy2D_f32_tensor,0:0,commute_all,1,1,8,5.0,match,13.208,363.971,0,
mlir,mlir,cudaCopy2D_f32_tensor,0:0,mul_one,1,3,8,5.0,match,22.386,337.901,20,
mlir,mlir,cudaCopy3D_f32_tensor,0:0,add_zero,1,3,8,5.0,match,19.309,365.280,20,
mlir,mlir,cudaCopy3D_f32_tensor,0:0,associate_left,1,1,8,5.0,match,16.759,357.379,0,
mlir,mlir,cudaCopy3D_f32_tensor,0:0,associate_right,1,1,8,5.0,match,14.268,347.366,0,
mlir,mlir,cudaCopy3D_f32_tensor,0:0,commute_all,1,1,8,5.0,match,13.234,330.275,0,
mlir,mlir,cudaCopy3D_f32_tensor,0:0,mul_one,1,3,8,5.0,match,15.043,352.716,20,
mlir,mlir,cudaCopy6D_f32_tensor,0:0,add_zero,1,3,8,5.0,match,22.895,439.619,20,
mlir,mlir,cudaCopy6D_f32_tensor,0:0,associate_left,1,1,8,5.0,match,14.730,341.062,0,
mlir,mlir,cudaCopy6D_f32_tensor,0:0,associate_right,1,1,8,5.0,match,14.036,343.246,0,
mlir,mlir,cudaCopy6D_f32_tensor,0:0,commute_all,1,1,8,5.0,match,18.890,422.852,0,
mlir,mlir,cudaCopy6D_f32_tensor,0:0,mul_one,1,3,8,5.0,match,20.561,341.930,20,
mlir,mlir,cudaMaskSelect_f32_tensor,0:0,add_zero,13,15,8,5.0,match,26.143,353.660,50,
mlir,mlir,cudaMaskSelect_f32_tensor,0:0,associate_left,13,13,8,5.0,match,14.719,327.452,6,
mlir,mlir,cudaMaskSelect_f32_tensor,0:0,associate_right,13,13,8,5.0,match,16.221,347.095,6,
mlir,mlir,cudaMaskSelect_f32_tensor,0:0,commute_all,13,13,8,5.0,match,21.806,363.341,9,
mlir,mlir,cudaMaskSelect_f32_tensor,0:0,mul_one,13,15,8,5.0,match,17.332,404.856,87,
mlir,mlir,cudaRopeMulMulAdd_f32_tensor,0:0,add_zero,7,9,8,5.0,match,18.607,379.857,50,
mlir,mlir,cudaRopeMulMulAdd_f32_tensor,0:0,associate_left,7,7,8,5.0,match,15.460,356.897,6,
mlir,mlir,cudaRopeMulMulAdd_f32_tensor,0:0,associate_right,7,7,8,5.0,match,17.618,376.087,6,
mlir,mlir,cudaRopeMulMulAdd_f32_tensor,0:0,commute_all,7,7,8,5.0,match,15.049,359.444,9,
mlir,mlir,cudaRopeMulMulAdd_f32_tensor,0:0,mul_one,7,9,8,5.0,match,20.838,404.809,84,
mlir,mlir,cudaRopeMulMulSub_f32_tensor,0:0,add_zero,7,9,8,5.0,match,16.052,342.966,24,
mlir,mlir,cudaRopeMulMulSub_f32_tensor,0:0,associate_left,7,7,8,5.0,match,14.016,337.622,4,
mlir,mlir,cudaRopeMulMulSub_f32_tensor,0:0,associate_right,7,7,8,5.0,match,13.996,333.270,4,
mlir,mlir,cudaRopeMulMulSub_f32_tensor,0:0,commute_all,7,7,8,5.0,match,14.804,358.139,6,
mlir,mlir,cudaRopeMulMulSub_f32_tensor,0:0,mul_one,7,9,8,5.0,match,15.475,352.108,24,
mlir,mlir,cudaSwiGLU_f32_tensor,0:0,add_zero,10,12,8,5.0,match,16.297,335.611,24,
mlir,mlir,cudaSwiGLU_f32_tensor,0:0,associate_left,10,10,8,5.0,match,14.887,338.375,4,
mlir,mlir,cudaSwiGLU_f32_tensor,0:0,associate_right,10,10,8,5.0,match,14.555,330.374,4,
mlir,mlir,cudaSwiGLU_f32_tensor,0:0,commute_all,10,10,8,5.0,match,17.407,331.288,6,
mlir,mlir,cudaSwiGLU_f32_tensor,0:0,mul_one,10,12,8,5.0,match,16.655,403.215,48,
mlir,mlir,cudnnAddTensor_batched,0:0,add_zero,3,5,8,5.0,match,15.567,405.965,46,
mlir,mlir,cudnnAddTensor_batched,0:0,associate_left,3,3,8,5.0,match,17.100,353.843,2,
mlir,mlir,cudnnAddTensor_batched,0:0,associate_right,3,3,8,5.0,match,15.365,439.863,2,
mlir,mlir,cudnnAddTensor_batched,0:0,commute_all,3,3,8,5.0,match,14.382,336.295,3,
mlir,mlir,cudnnAddTensor_batched,0:0,mul_one,3,5,8,5.0,match,16.141,340.932,42,
mlir,mlir,cudnnBatchNormalizationForwardInference,0:0,add_zero,9,11,8,5.0,match,15.238,319.740,64,
mlir,mlir,cudnnBatchNormalizationForwardInference,0:0,associate_left,9,9,8,5.0,match,21.409,460.186,24,
mlir,mlir,cudnnBatchNormalizationForwardInference,0:0,associate_right,9,9,8,5.0,match,16.354,448.953,20,
mlir,mlir,cudnnBatchNormalizationForwardInference,0:0,commute_all,9,9,8,5.0,match,22.788,398.475,26,
mlir,mlir,cudnnBatchNormalizationForwardInference,0:0,mul_one,9,11,8,5.0,match,16.796,354.322,152,
mlir,mlir,cudnnConvolutionFwd_batched,0:0,add_zero,5,7,8,5.0,match,15.395,340.877,48,
mlir,mlir,cudnnConvolutionFwd_batched,0:0,associate_left,5,5,8,5.0,match,18.526,430.168,4,
mlir,mlir,cudnnConvolutionFwd_batched,0:0,associate_right,5,5,8,5.0,match,14.515,335.346,4,
mlir,mlir,cudnnConvolutionFwd_batched,0:0,commute_all,5,5,8,5.0,match,15.122,348.011,6,
mlir,mlir,cudnnConvolutionFwd_batched,0:0,mul_one,5,7,8,5.0,match,15.487,347.454,63,
mlir,mlir,cudnnMaxPoolFwd_batched,0:0,add_zero,6,8,8,5.0,match,16.456,341.856,20,
mlir,mlir,cudnnMaxPoolFwd_batched,0:0,associate_left,6,6,8,5.0,match,14.817,342.000,0,
mlir,mlir,cudnnMaxPoolFwd_batched,0:0,associate_right,6,6,8,5.0,match,14.073,349.981,0,
mlir,mlir,cudnnMaxPoolFwd_batched,0:0,commute_all,6,6,8,5.0,match,14.072,330.957,0,
mlir,mlir,cudnnMaxPoolFwd_batched,0:0,mul_one,6,8,8,5.0,match,16.063,346.016,20,
mlir,mlir,elemwise_div_scalar,0:0,add_zero,3,5,8,5.0,match,18.530,369.559,20,
mlir,mlir,elemwise_div_scalar,0:0,associate_left,3,3,8,5.0,match,14.265,341.343,0,
mlir,mlir,elemwise_div_scalar,0:0,associate_right,3,3,8,5.0,match,14.281,348.464,0,
mlir,mlir,elemwise_div_scalar,0:0,commute_all,3,3,8,5.0,match,19.862,428.637,0,
mlir,mlir,elemwise_div_scalar,0:0,mul_one,3,5,8,5.0,match,15.561,337.220,20,
mlir,mlir,fdtd_E_update,0:0,add_zero,11,13,8,5.0,match,17.034,357.655,24,
mlir,mlir,fdtd_E_update,0:0,associate_left,11,11,8,5.0,match,14.744,352.560,4,
mlir,mlir,fdtd_E_update,0:0,associate_right,11,11,8,5.0,match,20.521,442.842,4,
mlir,mlir,fdtd_E_update,0:0,commute_all,11,11,8,5.0,match,14.675,368.244,6,
mlir,mlir,fdtd_E_update,0:0,mul_one,11,13,8,5.0,match,25.673,437.358,24,
mlir,mlir,fdtd_E_update_tensor,0:0,add_zero,11,13,8,5.0,match,15.460,350.977,24,
mlir,mlir,fdtd_E_update_tensor,0:0,associate_left,11,11,8,5.0,match,14.819,340.581,4,
mlir,mlir,fdtd_E_update_tensor,0:0,associate_right,11,11,8,5.0,match,14.038,332.742,4,
mlir,mlir,fdtd_E_update_tensor,0:0,commute_all,11,11,8,5.0,match,16.361,336.806,6,
mlir,mlir,fdtd_E_update_tensor,0:0,mul_one,11,13,8,5.0,match,15.607,344.609,24,
mlir,mlir,fdtd_update_2in,0:0,add_zero,7,9,8,5.0,match,18.072,389.366,22,
mlir,mlir,fdtd_update_2in,0:0,associate_left,7,7,8,5.0,match,14.816,348.438,2,
mlir,mlir,fdtd_update_2in,0:0,associate_right,7,7,8,5.0,match,14.776,425.187,2,
mlir,mlir,fdtd_update_2in,0:0,commute_all,7,7,8,5.0,match,20.204,392.506,3,
mlir,mlir,fdtd_update_2in,0:0,mul_one,7,9,8,5.0,match,15.406,364.347,22,
mlir,mlir,fdtd_update_2in_tensor,0:0,add_zero,7,9,8,5.0,match,21.692,446.469,22,
mlir,mlir,fdtd_update_2in_tensor,0:0,associate_left,7,7,8,5.0,match,14.349,317.705,2,
mlir,mlir,fdtd_update_2in_tensor,0:0,associate_right,7,7,8,5.0,match,13.637,321.293,2,
mlir,mlir,fdtd_update_2in_tensor,0:0,commute_all,7,7,8,5.0,match,19.465,381.953,3,
mlir,mlir,fdtd_update_2in_tensor,0:0,mul_one,7,9,8,5.0,match,19.240,372.778,22,
mlir,mlir,heat_3d_7pt,0:0,add_zero,31,33,8,5.0,match,57.444,382.240,1777,
mlir,mlir,heat_3d_7pt,0:0,associate_left,31,31,8,5.0,match,36.357,371.023,823,
mlir,mlir,heat_3d_7pt,0:0,associate_right,31,31,8,5.0,match,34.701,384.091,872,
mlir,mlir,heat_3d_7pt,0:0,commute_all,31,31,8,5.0,match,38.333,411.968,1058,
mlir,mlir,heat_3d_7pt,0:0,mul_one,31,33,8,5.0,match,59.353,402.327,2729,
mlir,mlir,heat_3d_7pt_tensor,0:0,add_zero,31,33,8,5.0,match,83.039,445.812,1777,
mlir,mlir,heat_3d_7pt_tensor,0:0,associate_left,31,31,8,5.0,match,38.471,373.883,823,
mlir,mlir,heat_3d_7pt_tensor,0:0,associate_right,31,31,8,5.0,match,34.779,369.182,872,
mlir,mlir,heat_3d_7pt_tensor,0:0,commute_all,31,31,8,5.0,match,38.868,351.431,1058,
mlir,mlir,heat_3d_7pt_tensor,0:0,mul_one,31,33,8,5.0,match,56.421,398.506,2729,
mlir,mlir,jacobi_1d_3pt,0:0,add_zero,7,9,8,5.0,match,23.068,445.329,151,
mlir,mlir,jacobi_1d_3pt,0:0,associate_left,7,7,8,5.0,match,16.295,357.890,73,
mlir,mlir,jacobi_1d_3pt,0:0,associate_right,7,7,8,5.0,match,18.037,352.502,72,
mlir,mlir,jacobi_1d_3pt,0:0,commute_all,7,7,8,5.0,match,16.669,368.333,86,
mlir,mlir,jacobi_1d_3pt,0:0,mul_one,7,9,8,5.0,match,18.055,412.799,308,
mlir,mlir,jacobi_1d_3pt_tensor,0:0,add_zero,7,9,8,5.0,match,26.966,360.780,151,
mlir,mlir,jacobi_1d_3pt_tensor,0:0,associate_left,7,7,8,5.0,match,15.238,337.938,73,
mlir,mlir,jacobi_1d_3pt_tensor,0:0,associate_right,7,7,8,5.0,match,20.264,321.979,72,
mlir,mlir,jacobi_1d_3pt_tensor,0:0,commute_all,7,7,8,5.0,match,15.572,310.660,86,
mlir,mlir,jacobi_1d_3pt_tensor,0:0,mul_one,7,9,8,5.0,match,20.499,320.525,308,
mlir,mlir,jacobi_2d_5pt,0:0,add_zero,11,13,8,5.0,match,21.765,416.413,888,
mlir,mlir,jacobi_2d_5pt,0:0,associate_left,11,11,8,5.0,match,21.519,373.250,1145,
mlir,mlir,jacobi_2d_5pt,0:0,associate_right,11,11,8,5.0,match,19.375,364.316,983,
mlir,mlir,jacobi_2d_5pt,0:0,commute_all,11,11,8,5.0,match,29.315,473.998,1240,
mlir,mlir,jacobi_2d_5pt,0:0,mul_one,11,13,8,5.0,match,26.606,353.904,1792,
mlir,mlir,jacobi_2d_5pt_tensor,0:0,add_zero,11,13,8,5.0,match,22.717,364.224,888,
mlir,mlir,jacobi_2d_5pt_tensor,0:0,associate_left,11,11,8,5.0,match,18.612,315.859,1145,
mlir,mlir,jacobi_2d_5pt_tensor,0:0,associate_right,11,11,8,5.0,match,19.692,352.907,983,
mlir,mlir,jacobi_2d_5pt_tensor,0:0,commute_all,11,11,8,5.0,match,29.744,359.709,1240,
mlir,mlir,jacobi_2d_5pt_tensor,0:0,mul_one,11,13,8,5.0,match,23.138,375.839,1792,
mlir,mlir,memset_const_1D,0:0,add_zero,1,3,8,5.0,match,18.058,379.052,23,
mlir,mlir,memset_const_1D,0:0,associate_left,1,1,8,5.0,match,15.110,375.909,0,
mlir,mlir,memset_const_1D,0:0,associate_right,1,1,8,5.0,match,17.649,360.403,0,
mlir,mlir,memset_const_1D,0:0,commute_all,1,1,8,5.0,match,14.657,352.916,0,
mlir,mlir,memset_const_1D,0:0,mul_one,1,3,8,5.0,match,14.051,353.866,8,
mlir,mlir,memset_zero_1D,0:0,add_zero,1,3,8,5.0,match,21.190,370.851,8,
mlir,mlir,memset_zero_1D,0:0,associate_left,1,1,8,5.0,match,13.471,352.909,0,
mlir,mlir,memset_zero_1D,0:0,associate_right,1,1,8,5.0,match,16.014,345.069,0,
mlir,mlir,memset_zero_1D,0:0,commute_all,1,1,8,5.0,match,14.254,368.999,0,
mlir,mlir,memset_zero_1D,0:0,mul_one,1,3,8,5.0,match,16.424,332.530,24,
mlir,mlir,memset_zero_1D_f32,0:0,add_zero,1,3,8,5.0,match,16.839,380.890,8,
mlir,mlir,memset_zero_1D_f32,0:0,associate_left,1,1,8,5.0,match,15.045,349.701,0,
mlir,mlir,memset_zero_1D_f32,0:0,associate_right,1,1,8,5.0,match,14.122,343.821,0,
mlir,mlir,memset_zero_1D_f32,0:0,commute_all,1,1,8,5.0,match,13.905,376.581,0,
mlir,mlir,memset_zero_1D_f32,0:0,mul_one,1,3,8,5.0,match,20.743,350.759,24,
mlir,mlir,memset_zero_2D,0:0,add_zero,1,3,8,5.0,match,13.906,364.800,8,
mlir,mlir,memset_zero_2D,0:0,associate_left,1,1,8,5.0,match,14.351,378.631,0,
mlir,mlir,memset_zero_2D,0:0,associate_right,1,1,8,5.0,match,13.380,374.014,0,
mlir,mlir,memset_zero_2D,0:0,commute_all,1,1,8,5.0,match,14.097,373.872,0,
mlir,mlir,memset_zero_2D,0:0,mul_one,1,3,8,5.0,match,14.902,384.335,24,
mlir,mlir,memset_zero_2D_f32,0:0,add_zero,1,3,8,5.0,match,15.096,370.176,8,
mlir,mlir,memset_zero_2D_f32,0:0,associate_left,1,1,8,5.0,match,13.400,340.242,0,
mlir,mlir,memset_zero_2D_f32,0:0,associate_right,1,1,8,5.0,match,14.191,351.178,0,
mlir,mlir,memset_zero_2D_f32,0:0,commute_all,1,1,8,5.0,match,13.483,381.594,0,
mlir,mlir,memset_zero_2D_f32,0:0,mul_one,1,3,8,5.0,match,17.595,364.032,24,
mlir,mlir,reduce_sum_axis,0:0,add_zero,3,5,8,5.0,match,14.868,348.791,46,
mlir,mlir,reduce_sum_axis,0:0,associate_left,3,3,8,5.0,match,13.957,332.331,2,
mlir,mlir,reduce_sum_axis,0:0,associate_right,3,3,8,5.0,match,14.452,372.934,2,
mlir,mlir,reduce_sum_axis,0:0,commute_all,3,3,8,5.0,match,19.389,418.961,3,
mlir,mlir,reduce_sum_axis,0:0,mul_one,3,5,8,5.0,match,25.750,449.409,42,
mlir,mlir,whisperExpShiftSum_f32_tensor,0:0,add_zero,4,6,8,5.0,match,16.425,382.029,20,
mlir,mlir,whisperExpShiftSum_f32_tensor,0:0,associate_left,4,4,8,5.0,match,15.906,343.029,0,
mlir,mlir,whisperExpShiftSum_f32_tensor,0:0,associate_right,4,4,8,5.0,match,14.639,341.969,0,
mlir,mlir,whisperExpShiftSum_f32_tensor,0:0,commute_all,4,4,8,5.0,match,14.176,328.241,0,
mlir,mlir,whisperExpShiftSum_f32_tensor,0:0,mul_one,4,6,8,5.0,match,18.605,349.788,20,
mlir,mlir,whisperExpShiftSum_f32_tensor,0:1,add_zero,6,8,8,5.0,match,16.412,342.957,46,
mlir,mlir,whisperExpShiftSum_f32_tensor,0:1,associate_left,6,6,8,5.0,match,14.579,366.041,2,
mlir,mlir,whisperExpShiftSum_f32_tensor,0:1,associate_right,6,6,8,5.0,match,14.157,346.507,2,
mlir,mlir,whisperExpShiftSum_f32_tensor,0:1,commute_all,6,6,8,5.0,match,16.686,343.886,3,
mlir,mlir,whisperExpShiftSum_f32_tensor,0:1,mul_one,6,8,8,5.0,match,16.581,376.822,42,
production,python,bicgstab_update_2out,64:0:0,add_zero,13,15,8,5.0,match,17.503,386.765,125,
production,python,bicgstab_update_2out,64:0:0,associate_left,13,13,8,5.0,match,22.676,393.894,27,
production,python,bicgstab_update_2out,64:0:0,associate_right,13,13,8,5.0,match,24.291,411.922,24,
production,python,bicgstab_update_2out,64:0:0,commute_all,13,13,8,5.0,match,18.886,419.064,32,
production,python,bicgstab_update_2out,64:0:0,mul_one,13,15,8,5.0,match,19.247,427.545,207,
production,python,bicgstab_update_2out,64:0:1,add_zero,9,11,8,5.0,match,18.568,449.417,24,
production,python,bicgstab_update_2out,64:0:1,associate_left,9,9,8,5.0,match,18.768,455.175,4,
production,python,bicgstab_update_2out,64:0:1,associate_right,9,9,8,5.0,match,18.146,448.993,4,
production,python,bicgstab_update_2out,64:0:1,commute_all,9,9,8,5.0,match,16.553,368.423,6,
production,python,bicgstab_update_2out,64:0:1,mul_one,9,11,8,5.0,match,16.786,415.292,24,
production,python,burgers_advection_1D,133:0:0,add_zero,5,7,8,5.0,match,15.144,334.548,29,
production,python,burgers_advection_1D,133:0:0,associate_left,5,5,8,5.0,match,14.994,349.709,9,
production,python,burgers_advection_1D,133:0:0,associate_right,5,5,8,5.0,match,15.126,337.924,12,
production,python,burgers_advection_1D,133:0:0,commute_all,5,5,8,5.0,match,16.190,359.286,12,
production,python,burgers_advection_1D,133:0:0,mul_one,5,7,8,5.0,match,15.405,338.921,89,
production,python,burgers_upwind_flux,134:0:0,add_zero,44,46,8,5.0,match,16.976,355.581,26,
production,python,burgers_upwind_flux,134:0:0,associate_left,44,44,8,5.0,match,15.937,339.927,6,
production,python,burgers_upwind_flux,134:0:0,associate_right,44,44,8,5.0,match,15.915,346.403,6,
production,python,burgers_upwind_flux,134:0:0,commute_all,44,44,8,5.0,match,17.251,351.288,9,
production,python,burgers_upwind_flux,134:0:0,mul_one,44,46,8,5.0,match,20.685,353.997,54,
production,python,centered_sum_squares,61:0:0,add_zero,9,11,8,5.0,match,20.042,374.526,47,
production,python,centered_sum_squares,61:0:0,associate_left,9,9,8,5.0,match,15.135,324.087,3,
production,python,centered_sum_squares,61:0:0,associate_right,9,9,8,5.0,match,14.476,355.342,3,
production,python,centered_sum_squares,61:0:0,commute_all,9,9,8,5.0,match,14.793,400.434,4,
production,python,centered_sum_squares,61:0:0,mul_one,9,11,8,5.0,match,15.368,374.286,53,
production,python,cg_update_3out,63:0:0,add_zero,5,7,8,5.0,match,22.261,431.906,48,
production,python,cg_update_3out,63:0:0,associate_left,5,5,8,5.0,match,14.918,350.579,4,
production,python,cg_update_3out,63:0:0,associate_right,5,5,8,5.0,match,20.328,376.394,4,
production,python,cg_update_3out,63:0:0,commute_all,5,5,8,5.0,match,17.042,358.382,6,
production,python,cg_update_3out,63:0:0,mul_one,5,7,8,5.0,match,15.421,423.590,63,
production,python,cg_update_3out,63:0:1,add_zero,5,7,8,5.0,match,15.234,491.555,22,
production,python,cg_update_3out,63:0:1,associate_left,5,5,8,5.0,match,17.815,414.984,2,
production,python,cg_update_3out,63:0:1,associate_right,5,5,8,5.0,match,19.951,444.547,2,
production,python,cg_update_3out,63:0:1,commute_all,5,5,8,5.0,match,16.890,429.504,3,
production,python,cg_update_3out,63:0:1,mul_one,5,7,8,5.0,match,15.262,404.418,22,
production,python,cg_update_3out,63:0:2,add_zero,9,11,8,5.0,match,20.718,376.512,50,
production,python,cg_update_3out,63:0:2,associate_left,9,9,8,5.0,match,20.121,405.075,6,
production,python,cg_update_3out,63:0:2,associate_right,9,9,8,5.0,match,18.129,419.621,6,
production,python,cg_update_3out,63:0:2,commute_all,9,9,8,5.0,match,17.161,383.152,9,
production,python,cg_update_3out,63:0:2,mul_one,9,11,8,5.0,match,18.134,542.562,65,
production,python,conv3d_11tap_semantic,74:0:0,add_zero,43,45,8,5.0,timeout,,5027.775,,wall timeout after 5.0s
production,python,conv3d_11tap_semantic,74:0:0,associate_left,43,43,8,5.0,timeout,,5027.625,,wall timeout after 5.0s
production,python,conv3d_11tap_semantic,74:0:0,associate_right,43,43,8,5.0,timeout,,5022.075,,wall timeout after 5.0s
production,python,conv3d_11tap_semantic,74:0:0,commute_all,43,43,8,5.0,timeout,,5035.439,,wall timeout after 5.0s
production,python,conv3d_11tap_semantic,74:0:0,mul_one,43,45,8,5.0,timeout,,5027.923,,wall timeout after 5.0s
production,python,copy_input_memref_semantic,155:0:0,add_zero,1,3,8,5.0,match,14.557,356.110,20,
production,python,copy_input_memref_semantic,155:0:0,associate_left,1,1,8,5.0,match,14.892,355.311,0,
production,python,copy_input_memref_semantic,155:0:0,associate_right,1,1,8,5.0,match,13.623,343.968,0,
production,python,copy_input_memref_semantic,155:0:0,commute_all,1,1,8,5.0,match,20.591,382.251,0,
production,python,copy_input_memref_semantic,155:0:0,mul_one,1,3,8,5.0,match,14.249,342.582,20,
production,python,cubSegmentedBitXor_i32,115:0:0,add_zero,1,3,8,5.0,match,14.053,338.783,8,
production,python,cubSegmentedBitXor_i32,115:0:0,associate_left,1,1,8,5.0,match,13.954,378.767,0,
production,python,cubSegmentedBitXor_i32,115:0:0,associate_right,1,1,8,5.0,match,13.514,341.124,0,
production,python,cubSegmentedBitXor_i32,115:0:0,commute_all,1,1,8,5.0,match,15.397,352.260,0,
production,python,cubSegmentedBitXor_i32,115:0:0,mul_one,1,3,8,5.0,match,16.057,358.390,24,
production,python,cubSegmentedBitXor_i32,115:1:0,add_zero,3,5,8,5.0,match,16.983,364.538,20,
production,python,cubSegmentedBitXor_i32,115:1:0,associate_left,3,3,8,5.0,match,16.316,399.589,0,
production,python,cubSegmentedBitXor_i32,115:1:0,associate_right,3,3,8,5.0,match,13.622,362.975,0,
production,python,cubSegmentedBitXor_i32,115:1:0,commute_all,3,3,8,5.0,match,13.767,381.031,0,
production,python,cubSegmentedBitXor_i32,115:1:0,mul_one,3,5,8,5.0,match,14.976,347.451,20,
production,python,cubSegmentedLogicalAnd_i32,113:0:0,add_zero,1,3,8,5.0,match,15.268,332.232,23,
production,python,cubSegmentedLogicalAnd_i32,113:0:0,associate_left,1,1,8,5.0,match,13.042,327.883,0,
production,python,cubSegmentedLogicalAnd_i32,113:0:0,associate_right,1,1,8,5.0,match,12.828,318.379,0,
production,python,cubSegmentedLogicalAnd_i32,113:0:0,commute_all,1,1,8,5.0,match,13.329,339.968,0,
production,python,cubSegmentedLogicalAnd_i32,113:0:0,mul_one,1,3,8,5.0,match,14.760,382.747,8,
production,python,cubSegmentedLogicalAnd_i32,113:1:0,add_zero,8,10,8,5.0,match,16.712,401.794,20,
production,python,cubSegmentedLogicalAnd_i32,113:1:0,associate_left,8,8,8,5.0,match,13.306,320.219,0,
production,python,cubSegmentedLogicalAnd_i32,113:1:0,associate_right,8,8,8,5.0,match,15.036,334.594,0,
production,python,cubSegmentedLogicalAnd_i32,113:1:0,commute_all,8,8,8,5.0,match,14.537,324.645,0,
production,python,cubSegmentedLogicalAnd_i32,113:1:0,mul_one,8,10,8,5.0,match,16.588,325.301,20,
production,python,cubSegmentedLogicalOr_i32,114:0:0,add_zero,1,3,8,5.0,match,20.414,365.968,8,
production,python,cubSegmentedLogicalOr_i32,114:0:0,associate_left,1,1,8,5.0,match,13.783,368.445,0,
production,python,cubSegmentedLogicalOr_i32,114:0:0,associate_right,1,1,8,5.0,match,14.448,354.194,0,
production,python,cubSegmentedLogicalOr_i32,114:0:0,commute_all,1,1,8,5.0,match,18.398,364.592,0,
production,python,cubSegmentedLogicalOr_i32,114:0:0,mul_one,1,3,8,5.0,match,22.026,353.708,24,
production,python,cubSegmentedLogicalOr_i32,114:1:0,add_zero,8,10,8,5.0,match,19.705,397.129,20,
production,python,cubSegmentedLogicalOr_i32,114:1:0,associate_left,8,8,8,5.0,match,15.667,369.336,0,
production,python,cubSegmentedLogicalOr_i32,114:1:0,associate_right,8,8,8,5.0,match,15.329,379.825,0,
production,python,cubSegmentedLogicalOr_i32,114:1:0,commute_all,8,8,8,5.0,match,14.515,341.749,0,
production,python,cubSegmentedLogicalOr_i32,114:1:0,mul_one,8,10,8,5.0,match,16.135,451.339,20,
production,python,cubSegmentedPrefixLogicalAnd_i32,117:0:0,add_zero,1,3,8,5.0,match,25.031,442.554,23,
production,python,cubSegmentedPrefixLogicalAnd_i32,117:0:0,associate_left,1,1,8,5.0,match,14.613,333.115,0,
production,python,cubSegmentedPrefixLogicalAnd_i32,117:0:0,associate_right,1,1,8,5.0,match,15.064,330.497,0,
production,python,cubSegmentedPrefixLogicalAnd_i32,117:0:0,commute_all,1,1,8,5.0,match,13.570,342.473,0,
production,python,cubSegmentedPrefixLogicalAnd_i32,117:0:0,mul_one,1,3,8,5.0,match,13.629,345.816,8,
production,python,cubSegmentedPrefixLogicalAnd_i32,117:1:0,add_zero,10,12,8,5.0,match,16.931,363.157,20,
production,python,cubSegmentedPrefixLogicalAnd_i32,117:1:0,associate_left,10,10,8,5.0,match,20.975,448.577,0,
production,python,cubSegmentedPrefixLogicalAnd_i32,117:1:0,associate_right,10,10,8,5.0,match,16.657,423.585,0,
production,python,cubSegmentedPrefixLogicalAnd_i32,117:1:0,commute_all,10,10,8,5.0,match,14.897,376.570,0,
production,python,cubSegmentedPrefixLogicalAnd_i32,117:1:0,mul_one,10,12,8,5.0,match,16.810,376.163,20,
production,python,cubSegmentedPrefixSum_f32,116:0:0,add_zero,1,3,8,5.0,match,14.267,344.411,8,
production,python,cubSegmentedPrefixSum_f32,116:0:0,associate_left,1,1,8,5.0,match,13.671,352.339,0,
production,python,cubSegmentedPrefixSum_f32,116:0:0,associate_right,1,1,8,5.0,match,14.580,348.252,0,
production,python,cubSegmentedPrefixSum_f32,116:0:0,commute_all,1,1,8,5.0,match,14.165,374.665,0,
production,python,cubSegmentedPrefixSum_f32,116:0:0,mul_one,1,3,8,5.0,match,15.432,361.940,24,
production,python,cubSegmentedPrefixSum_f32,116:1:0,add_zero,8,10,8,5.0,match,15.406,335.695,22,
production,python,cubSegmentedPrefixSum_f32,116:1:0,associate_left,8,8,8,5.0,match,17.494,335.283,2,
production,python,cubSegmentedPrefixSum_f32,116:1:0,associate_right,8,8,8,5.0,match,14.589,349.886,2,
production,python,cubSegmentedPrefixSum_f32,116:1:0,commute_all,8,8,8,5.0,match,24.956,377.524,3,
production,python,cubSegmentedPrefixSum_f32,116:1:0,mul_one,8,10,8,5.0,match,15.544,337.535,22,
production,python,cublasDasum,112:0:0,add_zero,4,6,8,5.0,match,15.240,331.903,46,
production,python,cublasDasum,112:0:0,associate_left,4,4,8,5.0,match,14.040,376.320,2,
production,python,cublasDasum,112:0:0,associate_right,4,4,8,5.0,match,14.387,328.787,2,
production,python,cublasDasum,112:0:0,commute_all,4,4,8,5.0,match,14.858,420.316,3,
production,python,cublasDasum,112:0:0,mul_one,4,6,8,5.0,match,15.406,326.502,42,
production,mlir,cublasDaxpby,47:0:0,add_zero,7,9,8,5.0,match,15.768,356.522,50,
production,mlir,cublasDaxpby,47:0:0,associate_left,7,7,8,5.0,match,15.012,362.915,6,
production,mlir,cublasDaxpby,47:0:0,associate_right,7,7,8,5.0,match,14.457,390.986,6,
production,mlir,cublasDaxpby,47:0:0,commute_all,7,7,8,5.0,match,16.780,355.666,9,
production,mlir,cublasDaxpby,47:0:0,mul_one,7,9,8,5.0,match,18.739,368.191,84,
production,python,cublasDaxpy,49:0:0,add_zero,5,7,8,5.0,match,16.344,338.130,48,
production,python,cublasDaxpy,49:0:0,associate_left,5,5,8,5.0,match,17.082,330.012,4,
production,python,cublasDaxpy,49:0:0,associate_right,5,5,8,5.0,match,20.379,451.036,4,
production,python,cublasDaxpy,49:0:0,commute_all,5,5,8,5.0,match,17.223,369.649,6,
production,python,cublasDaxpy,49:0:0,mul_one,5,7,8,5.0,match,16.781,339.523,63,
production,mlir,cublasDaxpy_unit,126:0:0,add_zero,3,5,8,5.0,match,25.039,382.433,46,
production,mlir,cublasDaxpy_unit,126:0:0,associate_left,3,3,8,5.0,match,13.836,333.138,2,
production,mlir,cublasDaxpy_unit,126:0:0,associate_right,3,3,8,5.0,match,17.770,362.312,2,
production,mlir,cublasDaxpy_unit,126:0:0,commute_all,3,3,8,5.0,match,14.425,326.147,3,
production,mlir,cublasDaxpy_unit,126:0:0,mul_one,3,5,8,5.0,match,15.572,331.164,42,
production,python,cublasDcopy_tensor,50:0:0,add_zero,1,3,8,5.0,match,15.276,338.311,20,
production,python,cublasDcopy_tensor,50:0:0,associate_left,1,1,8,5.0,match,15.849,346.621,0,
production,python,cublasDcopy_tensor,50:0:0,associate_right,1,1,8,5.0,match,19.233,384.970,0,
production,python,cublasDcopy_tensor,50:0:0,commute_all,1,1,8,5.0,match,13.826,334.903,0,
production,python,cublasDcopy_tensor,50:0:0,mul_one,1,3,8,5.0,match,14.709,333.725,20,
production,mlir,cublasDdot,110:0:0,add_zero,5,7,8,5.0,match,17.846,338.594,48,
production,mlir,cublasDdot,110:0:0,associate_left,5,5,8,5.0,match,13.921,368.779,4,
production,mlir,cublasDdot,110:0:0,associate_right,5,5,8,5.0,match,14.185,342.436,4,
production,mlir,cublasDdot,110:0:0,commute_all,5,5,8,5.0,match,14.922,335.693,6,
production,mlir,cublasDdot,110:0:0,mul_one,5,7,8,5.0,match,27.625,345.609,63,
production,mlir,cublasDgeam_scale2D,52:0:0,add_zero,3,5,8,5.0,match,14.986,351.183,22,
production,mlir,cublasDgeam_scale2D,52:0:0,associate_left,3,3,8,5.0,match,14.985,359.131,2,
production,mlir,cublasDgeam_scale2D,52:0:0,associate_right,3,3,8,5.0,match,14.363,341.234,2,
production,mlir,cublasDgeam_scale2D,52:0:0,commute_all,3,3,8,5.0,match,15.154,351.811,3,
production,mlir,cublasDgeam_scale2D,52:0:0,mul_one,3,5,8,5.0,match,16.203,362.074,46,
production,mlir,cublasDgemm,9:0:0,add_zero,3,5,8,5.0,match,14.507,344.625,22,
production,mlir,cublasDgemm,9:0:0,associate_left,3,3,8,5.0,match,14.533,366.174,2,
production,mlir,cublasDgemm,9:0:0,associate_right,3,3,8,5.0,match,14.304,399.067,2,
production,mlir,cublasDgemm,9:0:0,commute_all,3,3,8,5.0,match,14.783,366.298,3,
production,mlir,cublasDgemm,9:0:0,mul_one,3,5,8,5.0,match,14.472,336.000,46,
production,mlir,cublasDgemm,9:1:0,add_zero,7,9,8,5.0,match,15.669,326.996,64,
production,mlir,cublasDgemm,9:1:0,associate_left,7,7,8,5.0,match,17.502,437.823,24,
production,mlir,cublasDgemm,9:1:0,associate_right,7,7,8,5.0,match,15.435,351.617,20,
production,mlir,cublasDgemm,9:1:0,commute_all,7,7,8,5.0,match,15.147,341.367,26,
production,mlir,cublasDgemm,9:1:0,mul_one,7,9,8,5.0,match,17.015,349.589,152,
production,mlir,cublasDgemm_alpha_only,44:0:0,add_zero,7,9,8,5.0,match,17.232,336.198,64,
production,mlir,cublasDgemm_alpha_only,44:0:0,associate_left,7,7,8,5.0,match,15.400,354.850,24,
production,mlir,cublasDgemm_alpha_only,44:0:0,associate_right,7,7,8,5.0,match,20.926,341.344,20,
production,mlir,cublasDgemm_alpha_only,44:0:0,commute_all,7,7,8,5.0,match,15.316,356.261,26,
production,mlir,cublasDgemm_alpha_only,44:0:0,mul_one,7,9,8,5.0,match,27.820,394.932,152,
production,mlir,cublasDgemm_simple,43:0:0,add_zero,5,7,8,5.0,match,17.616,349.860,48,
production,mlir,cublasDgemm_simple,43:0:0,associate_left,5,5,8,5.0,match,15.689,389.302,4,
production,mlir,cublasDgemm_simple,43:0:0,associate_right,5,5,8,5.0,match,16.900,382.975,4,
production,mlir,cublasDgemm_simple,43:0:0,commute_all,5,5,8,5.0,match,15.604,332.023,6,
production,mlir,cublasDgemm_simple,43:0:0,mul_one,5,7,8,5.0,match,25.840,423.094,63,
production,mlir,cublasDgemv,45:0:0,add_zero,5,7,8,5.0,match,15.975,318.520,48,
production,mlir,cublasDgemv,45:0:0,associate_left,5,5,8,5.0,match,14.777,326.986,4,
production,mlir,cublasDgemv,45:0:0,associate_right,5,5,8,5.0,match,15.374,328.652,4,
production,mlir,cublasDgemv,45:0:0,commute_all,5,5,8,5.0,match,15.268,359.966,6,
production,mlir,cublasDgemv,45:0:0,mul_one,5,7,8,5.0,match,18.402,343.734,63,
production,mlir,cublasDgemv_alpha,46:0:0,add_zero,7,9,8,5.0,match,15.518,343.420,64,
production,mlir,cublasDgemv_alpha,46:0:0,associate_left,7,7,8,5.0,match,17.741,330.432,24,
production,mlir,cublasDgemv_alpha,46:0:0,associate_right,7,7,8,5.0,match,24.420,381.815,20,
production,mlir,cublasDgemv_alpha,46:0:0,commute_all,7,7,8,5.0,match,17.131,373.032,26,
production,mlir,cublasDgemv_alpha,46:0:0,mul_one,7,9,8,5.0,match,23.934,402.894,152,
production,mlir,cublasDger_rank2,60:0:0,add_zero,9,11,8,5.0,match,16.320,336.702,130,
production,mlir,cublasDger_rank2,60:0:0,associate_left,9,9,8,5.0,match,14.962,328.872,22,
production,mlir,cublasDger_rank2,60:0:0,associate_right,9,9,8,5.0,match,15.161,394.791,25,
production,mlir,cublasDger_rank2,60:0:0,commute_all,9,9,8,5.0,match,15.020,339.942,29,
production,mlir,cublasDger_rank2,60:0:0,mul_one,9,11,8,5.0,match,16.397,341.839,164,
production,python,cublasDscal,51:0:0,add_zero,3,5,8,5.0,match,22.960,485.736,22,
production,python,cublasDscal,51:0:0,associate_left,3,3,8,5.0,match,15.719,388.866,2,
production,python,cublasDscal,51:0:0,associate_right,3,3,8,5.0,match,13.693,342.011,2,
production,python,cublasDscal,51:0:0,commute_all,3,3,8,5.0,match,16.741,351.849,3,
production,python,cublasDscal,51:0:0,mul_one,3,5,8,5.0,match,16.629,348.156,46,
production,python,cublasDsyr2k,57:0:0,add_zero,6,8,8,5.0,match,15.438,463.977,22,
production,python,cublasDsyr2k,57:0:0,associate_left,6,6,8,5.0,match,20.279,435.877,2,
production,python,cublasDsyr2k,57:0:0,associate_right,6,6,8,5.0,match,16.195,366.159,2,
production,python,cublasDsyr2k,57:0:0,commute_all,6,6,8,5.0,match,18.051,367.375,3,
production,python,cublasDsyr2k,57:0:0,mul_one,6,8,8,5.0,match,26.723,484.530,22,
production,python,cublasDsyr2k,57:1:0,add_zero,16,18,8,5.0,match,17.517,356.087,74,
production,python,cublasDsyr2k,57:1:0,associate_left,16,16,8,5.0,match,17.307,369.355,57,
production,python,cublasDsyr2k,57:1:0,associate_right,16,16,8,5.0,match,17.931,376.531,63,
production,python,cublasDsyr2k,57:1:0,commute_all,16,16,8,5.0,match,17.151,350.407,69,
production,python,cublasDsyr2k,57:1:0,mul_one,16,18,8,5.0,match,16.608,361.498,74,
production,python,cublasDsyrk,58:0:0,add_zero,6,8,8,5.0,match,16.764,353.174,22,
production,python,cublasDsyrk,58:0:0,associate_left,6,6,8,5.0,match,14.100,362.845,2,
production,python,cublasDsyrk,58:0:0,associate_right,6,6,8,5.0,match,14.137,353.153,2,
production,python,cublasDsyrk,58:0:0,commute_all,6,6,8,5.0,match,16.742,378.228,3,
production,python,cublasDsyrk,58:0:0,mul_one,6,8,8,5.0,match,14.832,346.384,22,
production,python,cublasDsyrk,58:1:0,add_zero,10,12,8,5.0,match,17.392,351.702,40,
production,python,cublasDsyrk,58:1:0,associate_left,10,10,8,5.0,match,19.101,369.057,20,
production,python,cublasDsyrk,58:1:0,associate_right,10,10,8,5.0,match,16.607,347.255,24,
production,python,cublasDsyrk,58:1:0,commute_all,10,10,8,5.0,match,16.197,402.005,26,
production,python,cublasDsyrk,58:1:0,mul_one,10,12,8,5.0,match,17.655,370.908,40,
production,python,cublasDtrmm,59:0:0,add_zero,8,10,8,5.0,match,16.029,354.766,24,
production,python,cublasDtrmm,59:0:0,associate_left,8,8,8,5.0,match,15.006,338.378,4,
production,python,cublasDtrmm,59:0:0,associate_right,8,8,8,5.0,match,20.898,393.622,4,
production,python,cublasDtrmm,59:0:0,commute_all,8,8,8,5.0,match,19.052,410.169,6,
production,python,cublasDtrmm,59:0:0,mul_one,8,10,8,5.0,match,16.421,333.894,24,
production,python,cublasGemmFor1x1Conv,7:0:0,add_zero,1,3,8,5.0,match,14.384,346.854,8,
production,python,cublasGemmFor1x1Conv,7:0:0,associate_left,1,1,8,5.0,match,13.333,343.580,0,
production,python,cublasGemmFor1x1Conv,7:0:0,associate_right,1,1,8,5.0,match,13.488,322.450,0,
production,python,cublasGemmFor1x1Conv,7:0:0,commute_all,1,1,8,5.0,match,13.865,337.399,0,
production,python,cublasGemmFor1x1Conv,7:0:0,mul_one,1,3,8,5.0,match,16.006,365.062,24,
production,python,cublasGemmFor1x1Conv,7:1:0,add_zero,5,7,8,5.0,match,16.415,334.711,48,
production,python,cublasGemmFor1x1Conv,7:1:0,associate_left,5,5,8,5.0,match,14.536,327.404,4,
production,python,cublasGemmFor1x1Conv,7:1:0,associate_right,5,5,8,5.0,match,14.912,366.750,4,
production,python,cublasGemmFor1x1Conv,7:1:0,commute_all,5,5,8,5.0,match,15.179,338.214,6,
production,python,cublasGemmFor1x1Conv,7:1:0,mul_one,5,7,8,5.0,match,15.776,337.768,63,
production,python,cublasLtMatmulBiasReluFused,1:0:0,add_zero,1,3,8,5.0,match,14.062,321.378,8,
production,python,cublasLtMatmulBiasReluFused,1:0:0,associate_left,1,1,8,5.0,match,13.382,322.074,0,
production,python,cublasLtMatmulBiasReluFused,1:0:0,associate_right,1,1,8,5.0,match,13.289,349.388,0,
production,python,cublasLtMatmulBiasReluFused,1:0:0,commute_all,1,1,8,5.0,match,15.510,326.584,0,
production,python,cublasLtMatmulBiasReluFused,1:0:0,mul_one,1,3,8,5.0,match,16.042,338.238,24,
production,python,cublasLtMatmulBiasReluFused,1:1:0,add_zero,5,7,8,5.0,match,26.176,467.693,48,
production,python,cublasLtMatmulBiasReluFused,1:1:0,associate_left,5,5,8,5.0,match,24.253,418.577,4,
production,python,cublasLtMatmulBiasReluFused,1:1:0,associate_right,5,5,8,5.0,match,14.404,342.891,4,
production,python,cublasLtMatmulBiasReluFused,1:1:0,commute_all,5,5,8,5.0,match,15.136,351.787,6,
production,python,cublasLtMatmulBiasReluFused,1:1:0,mul_one,5,7,8,5.0,match,15.964,331.583,63,
production,python,cublasLtMatmulBiasReluFused,1:2:0,add_zero,3,5,8,5.0,match,15.399,359.875,46,
production,python,cublasLtMatmulBiasReluFused,1:2:0,associate_left,3,3,8,5.0,match,14.042,336.740,2,
production,python,cublasLtMatmulBiasReluFused,1:2:0,associate_right,3,3,8,5.0,match,23.031,407.803,2,
production,python,cublasLtMatmulBiasReluFused,1:2:0,commute_all,3,3,8,5.0,match,21.919,330.043,3,
production,python,cublasLtMatmulBiasReluFused,1:2:0,mul_one,3,5,8,5.0,match,15.652,339.318,42,
production,python,cublasLtMatmulBiasReluFused,1:3:0,add_zero,6,8,8,5.0,match,16.024,333.907,20,
production,python,cublasLtMatmulBiasReluFused,1:3:0,associate_left,6,6,8,5.0,match,15.344,346.947,0,
production,python,cublasLtMatmulBiasReluFused,1:3:0,associate_right,6,6,8,5.0,match,15.642,355.125,0,
production,python,cublasLtMatmulBiasReluFused,1:3:0,commute_all,6,6,8,5.0,match,14.406,396.610,0,
production,python,cublasLtMatmulBiasReluFused,1:3:0,mul_one,6,8,8,5.0,match,15.010,319.023,20,
production,mlir,cublasSdot,111:0:0,add_zero,5,7,8,5.0,match,16.417,331.191,48,
production,mlir,cublasSdot,111:0:0,associate_left,5,5,8,5.0,match,14.005,335.358,4,
production,mlir,cublasSdot,111:0:0,associate_right,5,5,8,5.0,match,14.650,330.314,4,
production,mlir,cublasSdot,111:0:0,commute_all,5,5,8,5.0,match,24.786,422.630,6,
production,mlir,cublasSdot,111:0:0,mul_one,5,7,8,5.0,match,25.250,371.913,63,
production,mlir,cublasSgemm_broadcast3d_memref,109:0:0,add_zero,5,7,8,5.0,match,15.258,340.582,48,
production,mlir,cublasSgemm_broadcast3d_memref,109:0:0,associate_left,5,5,8,5.0,match,13.897,334.587,4,
production,mlir,cublasSgemm_broadcast3d_memref,109:0:0,associate_right,5,5,8,5.0,match,16.076,339.659,4,
production,mlir,cublasSgemm_broadcast3d_memref,109:0:0,commute_all,5,5,8,5.0,match,17.689,328.719,6,
production,mlir,cublasSgemm_broadcast3d_memref,109:0:0,mul_one,5,7,8,5.0,match,15.743,344.135,63,
production,python,cublasSgemm_nn_zero,14:0:0,add_zero,1,3,8,5.0,match,15.482,351.103,20,
production,python,cublasSgemm_nn_zero,14:0:0,associate_left,1,1,8,5.0,match,14.549,344.758,0,
production,python,cublasSgemm_nn_zero,14:0:0,associate_right,1,1,8,5.0,match,14.369,352.314,0,
production,python,cublasSgemm_nn_zero,14:0:0,commute_all,1,1,8,5.0,match,13.192,325.124,0,
production,python,cublasSgemm_nn_zero,14:0:0,mul_one,1,3,8,5.0,match,25.209,415.044,20,
production,python,cublasSgemm_nn_zero,14:1:0,add_zero,5,7,8,5.0,match,21.088,383.772,48,
production,python,cublasSgemm_nn_zero,14:1:0,associate_left,5,5,8,5.0,match,14.313,340.920,4,
production,python,cublasSgemm_nn_zero,14:1:0,associate_right,5,5,8,5.0,match,15.036,345.313,4,
production,python,cublasSgemm_nn_zero,14:1:0,commute_all,5,5,8,5.0,match,15.286,347.095,6,
production,python,cublasSgemm_nn_zero,14:1:0,mul_one,5,7,8,5.0,match,16.133,394.362,63,
production,python,cublasSgemm_strided_batched_nn_zero,13:0:0,add_zero,1,3,8,5.0,match,14.389,346.398,20,
production,python,cublasSgemm_strided_batched_nn_zero,13:0:0,associate_left,1,1,8,5.0,match,24.172,465.227,0,
production,python,cublasSgemm_strided_batched_nn_zero,13:0:0,associate_right,1,1,8,5.0,match,18.680,368.827,0,
production,python,cublasSgemm_strided_batched_nn_zero,13:0:0,commute_all,1,1,8,5.0,match,13.657,416.085,0,
production,python,cublasSgemm_strided_batched_nn_zero,13:0:0,mul_one,1,3,8,5.0,match,25.327,460.620,20,
production,python,cublasSgemm_strided_batched_nn_zero,13:1:0,add_zero,5,7,8,5.0,match,15.782,365.904,48,
production,python,cublasSgemm_strided_batched_nn_zero,13:1:0,associate_left,5,5,8,5.0,match,14.187,421.974,4,
production,python,cublasSgemm_strided_batched_nn_zero,13:1:0,associate_right,5,5,8,5.0,match,14.142,345.996,4,
production,python,cublasSgemm_strided_batched_nn_zero,13:1:0,commute_all,5,5,8,5.0,match,15.213,362.050,6,
production,python,cublasSgemm_strided_batched_nn_zero,13:1:0,mul_one,5,7,8,5.0,match,22.667,392.092,63,
production,mlir,cudaAdd_f32_tensor,108:0:0,add_zero,3,5,8,5.0,match,14.762,335.075,46,
production,mlir,cudaAdd_f32_tensor,108:0:0,associate_left,3,3,8,5.0,match,14.009,322.487,2,
production,mlir,cudaAdd_f32_tensor,108:0:0,associate_right,3,3,8,5.0,match,14.171,343.832,2,
production,mlir,cudaAdd_f32_tensor,108:0:0,commute_all,3,3,8,5.0,match,14.022,333.098,3,
production,mlir,cudaAdd_f32_tensor,108:0:0,mul_one,3,5,8,5.0,match,15.634,376.098,42,
production,mlir,cudaMaskSelect_f32_tensor,107:0:0,add_zero,13,15,8,5.0,match,15.769,335.721,50,
production,mlir,cudaMaskSelect_f32_tensor,107:0:0,associate_left,13,13,8,5.0,match,14.899,367.071,6,
production,mlir,cudaMaskSelect_f32_tensor,107:0:0,associate_right,13,13,8,5.0,match,14.713,341.903,6,
production,mlir,cudaMaskSelect_f32_tensor,107:0:0,commute_all,13,13,8,5.0,match,25.161,388.462,9,
production,mlir,cudaMaskSelect_f32_tensor,107:0:0,mul_one,13,15,8,5.0,match,16.929,340.792,87,
production,mlir,cudaRopeMulMulAdd_f32_tensor,105:0:0,add_zero,7,9,8,5.0,match,16.133,384.772,50,
production,mlir,cudaRopeMulMulAdd_f32_tensor,105:0:0,associate_left,7,7,8,5.0,match,14.131,364.150,6,
production,mlir,cudaRopeMulMulAdd_f32_tensor,105:0:0,associate_right,7,7,8,5.0,match,14.912,369.955,6,
production,mlir,cudaRopeMulMulAdd_f32_tensor,105:0:0,commute_all,7,7,8,5.0,match,17.191,353.184,9,
production,mlir,cudaRopeMulMulAdd_f32_tensor,105:0:0,mul_one,7,9,8,5.0,match,28.020,530.240,84,
production,mlir,cudaRopeMulMulSub_f32_tensor,104:0:0,add_zero,7,9,8,5.0,match,15.767,384.777,24,
production,mlir,cudaRopeMulMulSub_f32_tensor,104:0:0,associate_left,7,7,8,5.0,match,16.907,382.227,4,
production,mlir,cudaRopeMulMulSub_f32_tensor,104:0:0,associate_right,7,7,8,5.0,match,15.457,380.645,4,
production,mlir,cudaRopeMulMulSub_f32_tensor,104:0:0,commute_all,7,7,8,5.0,match,15.524,352.649,6,
production,mlir,cudaRopeMulMulSub_f32_tensor,104:0:0,mul_one,7,9,8,5.0,match,15.838,384.411,24,
production,mlir,cudaSwiGLU_f32_tensor,106:0:0,add_zero,10,12,8,5.0,match,24.450,375.142,24,
production,mlir,cudaSwiGLU_f32_tensor,106:0:0,associate_left,10,10,8,5.0,match,14.794,366.542,4,
production,mlir,cudaSwiGLU_f32_tensor,106:0:0,associate_right,10,10,8,5.0,match,15.376,357.006,4,
production,mlir,cudaSwiGLU_f32_tensor,106:0:0,commute_all,10,10,8,5.0,match,16.656,365.640,6,
production,mlir,cudaSwiGLU_f32_tensor,106:0:0,mul_one,10,12,8,5.0,match,17.647,364.197,48,
production,mlir,cudnnAddTensor_batched,17:0:0,add_zero,3,5,8,5.0,match,16.539,366.602,46,
production,mlir,cudnnAddTensor_batched,17:0:0,associate_left,3,3,8,5.0,match,14.614,351.275,2,
production,mlir,cudnnAddTensor_batched,17:0:0,associate_right,3,3,8,5.0,match,14.526,346.950,2,
production,mlir,cudnnAddTensor_batched,17:0:0,commute_all,3,3,8,5.0,match,14.455,353.237,3,
production,mlir,cudnnAddTensor_batched,17:0:0,mul_one,3,5,8,5.0,match,15.399,351.122,42,
production,python,cudnnBatchNormalizationForwardInference,16:0:0,add_zero,9,11,8,5.0,match,20.834,400.573,64,
production,python,cudnnBatchNormalizationForwardInference,16:0:0,associate_left,9,9,8,5.0,match,14.916,348.285,20,
production,python,cudnnBatchNormalizationForwardInference,16:0:0,associate_right,9,9,8,5.0,match,15.164,346.095,24,
production,python,cudnnBatchNormalizationForwardInference,16:0:0,commute_all,9,9,8,5.0,match,15.237,329.311,26,
production,python,cudnnBatchNormalizationForwardInference,16:0:0,mul_one,9,11,8,5.0,match,15.805,368.767,150,
production,python,cudnnConvBiasReluAddFwdFused,0:0:0,add_zero,1,3,8,5.0,match,13.569,331.209,8,
production,python,cudnnConvBiasReluAddFwdFused,0:0:0,associate_left,1,1,8,5.0,match,14.189,351.011,0,
production,python,cudnnConvBiasReluAddFwdFused,0:0:0,associate_right,1,1,8,5.0,match,13.415,325.049,0,
production,python,cudnnConvBiasReluAddFwdFused,0:0:0,commute_all,1,1,8,5.0,match,13.085,322.117,0,
production,python,cudnnConvBiasReluAddFwdFused,0:0:0,mul_one,1,3,8,5.0,match,14.382,336.185,24,
production,python,cudnnConvBiasReluAddFwdFused,0:1:0,add_zero,5,7,8,5.0,match,15.151,328.091,48,
production,python,cudnnConvBiasReluAddFwdFused,0:1:0,associate_left,5,5,8,5.0,match,14.315,324.283,4,
production,python,cudnnConvBiasReluAddFwdFused,0:1:0,associate_right,5,5,8,5.0,match,17.725,335.166,4,
production,python,cudnnConvBiasReluAddFwdFused,0:1:0,commute_all,5,5,8,5.0,match,13.770,314.348,6,
production,python,cudnnConvBiasReluAddFwdFused,0:1:0,mul_one,5,7,8,5.0,match,15.790,330.651,63,
production,python,cudnnConvBiasReluAddFwdFused,0:2:0,add_zero,3,5,8,5.0,match,15.279,332.360,46,
production,python,cudnnConvBiasReluAddFwdFused,0:2:0,associate_left,3,3,8,5.0,match,13.644,316.975,2,
production,python,cudnnConvBiasReluAddFwdFused,0:2:0,associate_right,3,3,8,5.0,match,18.250,325.624,2,
production,python,cudnnConvBiasReluAddFwdFused,0:2:0,commute_all,3,3,8,5.0,match,14.586,324.594,3,
production,python,cudnnConvBiasReluAddFwdFused,0:2:0,mul_one,3,5,8,5.0,match,16.658,326.935,42,
production,python,cudnnConvBiasReluAddFwdFused,0:3:0,add_zero,3,5,8,5.0,match,15.693,374.173,46,
production,python,cudnnConvBiasReluAddFwdFused,0:3:0,associate_left,3,3,8,5.0,match,22.721,430.092,2,
production,python,cudnnConvBiasReluAddFwdFused,0:3:0,associate_right,3,3,8,5.0,match,14.949,335.147,2,
production,python,cudnnConvBiasReluAddFwdFused,0:3:0,commute_all,3,3,8,5.0,match,14.388,312.701,3,
production,python,cudnnConvBiasReluAddFwdFused,0:3:0,mul_one,3,5,8,5.0,match,15.368,334.179,42,
production,python,cudnnConvBiasReluAddFwdFused,0:4:0,add_zero,6,8,8,5.0,match,15.559,340.781,20,
production,python,cudnnConvBiasReluAddFwdFused,0:4:0,associate_left,6,6,8,5.0,match,14.437,339.464,0,
production,python,cudnnConvBiasReluAddFwdFused,0:4:0,associate_right,6,6,8,5.0,match,15.315,334.103,0,
production,python,cudnnConvBiasReluAddFwdFused,0:4:0,commute_all,6,6,8,5.0,match,13.735,319.420,0,
production,python,cudnnConvBiasReluAddFwdFused,0:4:0,mul_one,6,8,8,5.0,match,15.385,351.510,20,
production,python,cudnnConvBnReluFwdFused,8:0:0,add_zero,1,3,8,5.0,match,14.604,344.724,8,
production,python,cudnnConvBnReluFwdFused,8:0:0,associate_left,1,1,8,5.0,match,14.830,348.391,0,
production,python,cudnnConvBnReluFwdFused,8:0:0,associate_right,1,1,8,5.0,match,13.221,349.096,0,
production,python,cudnnConvBnReluFwdFused,8:0:0,commute_all,1,1,8,5.0,match,13.748,341.718,0,
production,python,cudnnConvBnReluFwdFused,8:0:0,mul_one,1,3,8,5.0,match,16.008,341.490,24,
production,python,cudnnConvBnReluFwdFused,8:1:0,add_zero,5,7,8,5.0,match,14.848,332.714,48,
production,python,cudnnConvBnReluFwdFused,8:1:0,associate_left,5,5,8,5.0,match,22.777,411.280,4,
production,python,cudnnConvBnReluFwdFused,8:1:0,associate_right,5,5,8,5.0,match,16.499,347.989,4,
production,python,cudnnConvBnReluFwdFused,8:1:0,commute_all,5,5,8,5.0,match,14.982,350.585,6,
production,python,cudnnConvBnReluFwdFused,8:1:0,mul_one,5,7,8,5.0,match,15.268,343.299,63,
production,python,cudnnConvBnReluFwdFused,8:2:0,add_zero,9,11,8,5.0,match,24.528,477.272,64,
production,python,cudnnConvBnReluFwdFused,8:2:0,associate_left,9,9,8,5.0,match,15.993,338.142,20,
production,python,cudnnConvBnReluFwdFused,8:2:0,associate_right,9,9,8,5.0,match,17.492,396.569,24,
production,python,cudnnConvBnReluFwdFused,8:2:0,commute_all,9,9,8,5.0,match,22.346,369.615,26,
production,python,cudnnConvBnReluFwdFused,8:2:0,mul_one,9,11,8,5.0,match,17.743,362.280,150,
production,python,cudnnConvBnReluFwdFused,8:3:0,add_zero,6,8,8,5.0,match,18.369,381.233,20,
production,python,cudnnConvBnReluFwdFused,8:3:0,associate_left,6,6,8,5.0,match,13.819,382.154,0,
production,python,cudnnConvBnReluFwdFused,8:3:0,associate_right,6,6,8,5.0,match,14.561,364.196,0,
production,python,cudnnConvBnReluFwdFused,8:3:0,commute_all,6,6,8,5.0,match,15.242,387.391,0,
production,python,cudnnConvBnReluFwdFused,8:3:0,mul_one,6,8,8,5.0,match,17.189,432.872,20,
production,python,cudnnConvolution2DWindow_f32,11:0:0,add_zero,1,3,8,5.0,match,16.350,376.154,8,
production,python,cudnnConvolution2DWindow_f32,11:0:0,associate_left,1,1,8,5.0,match,19.229,452.028,0,
production,python,cudnnConvolution2DWindow_f32,11:0:0,associate_right,1,1,8,5.0,match,13.700,437.431,0,
production,python,cudnnConvolution2DWindow_f32,11:0:0,commute_all,1,1,8,5.0,match,22.613,488.456,0,
production,python,cudnnConvolution2DWindow_f32,11:0:0,mul_one,1,3,8,5.0,match,24.910,523.349,24,
production,python,cudnnConvolution2DWindow_f32,11:1:0,add_zero,5,7,8,5.0,match,16.216,365.030,48,
production,python,cudnnConvolution2DWindow_f32,11:1:0,associate_left,5,5,8,5.0,match,15.132,347.964,4,
production,python,cudnnConvolution2DWindow_f32,11:1:0,associate_right,5,5,8,5.0,match,13.733,351.726,4,
production,python,cudnnConvolution2DWindow_f32,11:1:0,commute_all,5,5,8,5.0,match,21.532,432.449,6,
production,python,cudnnConvolution2DWindow_f32,11:1:0,mul_one,5,7,8,5.0,match,18.710,415.534,63,
production,python,cudnnConvolution2D_25tap,75:0:0,add_zero,99,101,8,5.0,timeout,,5097.503,,wall timeout after 5.0s
production,python,cudnnConvolution2D_25tap,75:0:0,associate_left,99,99,8,5.0,timeout,,5073.490,,wall timeout after 5.0s
production,python,cudnnConvolution2D_25tap,75:0:0,associate_right,99,99,8,5.0,timeout,,5062.459,,wall timeout after 5.0s
production,python,cudnnConvolution2D_25tap,75:0:0,commute_all,99,99,8,5.0,timeout,,5060.602,,wall timeout after 5.0s
production,python,cudnnConvolution2D_25tap,75:0:0,mul_one,99,101,8,5.0,timeout,,5112.735,,wall timeout after 5.0s
production,python,cudnnConvolution2D_9tap,76:0:0,add_zero,35,37,8,5.0,match,308.726,644.202,1703,
production,python,cudnnConvolution2D_9tap,76:0:0,associate_left,35,35,8,5.0,match,252.492,583.033,1033,
production,python,cudnnConvolution2D_9tap,76:0:0,associate_right,35,35,8,5.0,match,250.588,586.241,762,
production,python,cudnnConvolution2D_9tap,76:0:0,commute_all,35,35,8,5.0,match,257.210,618.367,977,
production,python,cudnnConvolution2D_9tap,76:0:0,mul_one,35,37,8,5.0,match,418.609,749.851,3281,
production,python,cudnnConvolution2D_9tap_tensor,95:0:0,add_zero,35,37,8,5.0,match,325.506,675.264,1703,
production,python,cudnnConvolution2D_9tap_tensor,95:0:0,associate_left,35,35,8,5.0,match,262.562,644.058,1033,
production,python,cudnnConvolution2D_9tap_tensor,95:0:0,associate_right,35,35,8,5.0,match,272.919,615.503,762,
production,python,cudnnConvolution2D_9tap_tensor,95:0:0,commute_all,35,35,8,5.0,match,301.906,646.672,977,
production,python,cudnnConvolution2D_9tap_tensor,95:0:0,mul_one,35,37,8,5.0,match,447.279,865.942,3281,
production,python,cudnnConvolution2D_ntap_tensor,94:0:0,add_zero,1,3,8,5.0,match,16.923,342.571,20,
production,python,cudnnConvolution2D_ntap_tensor,94:0:0,associate_left,1,1,8,5.0,match,13.909,343.909,0,
production,python,cudnnConvolution2D_ntap_tensor,94:0:0,associate_right,1,1,8,5.0,match,13.972,330.988,0,
production,python,cudnnConvolution2D_ntap_tensor,94:0:0,commute_all,1,1,8,5.0,match,13.184,331.908,0,
production,python,cudnnConvolution2D_ntap_tensor,94:0:0,mul_one,1,3,8,5.0,match,15.485,372.232,20,
production,python,cudnnConvolutionFwd_batched,10:0:0,add_zero,1,3,8,5.0,match,14.213,346.425,8,
production,python,cudnnConvolutionFwd_batched,10:0:0,associate_left,1,1,8,5.0,match,14.048,356.864,0,
production,python,cudnnConvolutionFwd_batched,10:0:0,associate_right,1,1,8,5.0,match,15.858,348.191,0,
production,python,cudnnConvolutionFwd_batched,10:0:0,commute_all,1,1,8,5.0,match,13.056,338.848,0,
production,python,cudnnConvolutionFwd_batched,10:0:0,mul_one,1,3,8,5.0,match,14.697,381.623,24,
production,python,cudnnConvolutionFwd_batched,10:1:0,add_zero,5,7,8,5.0,match,15.115,353.852,48,
production,python,cudnnConvolutionFwd_batched,10:1:0,associate_left,5,5,8,5.0,match,14.512,368.043,4,
production,python,cudnnConvolutionFwd_batched,10:1:0,associate_right,5,5,8,5.0,match,15.547,406.810,4,
production,python,cudnnConvolutionFwd_batched,10:1:0,commute_all,5,5,8,5.0,match,15.610,371.249,6,
production,python,cudnnConvolutionFwd_batched,10:1:0,mul_one,5,7,8,5.0,match,26.905,466.775,63,
production,python,cudnnConvolutionFwd_im2col_gemm,6:0:0,add_zero,1,3,8,5.0,match,15.547,361.550,8,
production,python,cudnnConvolutionFwd_im2col_gemm,6:0:0,associate_left,1,1,8,5.0,match,13.793,403.437,0,
production,python,cudnnConvolutionFwd_im2col_gemm,6:0:0,associate_right,1,1,8,5.0,match,13.514,336.925,0,
production,python,cudnnConvolutionFwd_im2col_gemm,6:0:0,commute_all,1,1,8,5.0,match,13.388,354.918,0,
production,python,cudnnConvolutionFwd_im2col_gemm,6:0:0,mul_one,1,3,8,5.0,match,14.468,345.763,24,
production,python,cudnnConvolutionFwd_im2col_gemm,6:1:0,add_zero,1,3,8,5.0,match,14.821,342.753,20,
production,python,cudnnConvolutionFwd_im2col_gemm,6:1:0,associate_left,1,1,8,5.0,match,14.318,359.523,0,
production,python,cudnnConvolutionFwd_im2col_gemm,6:1:0,associate_right,1,1,8,5.0,match,14.877,338.667,0,
production,python,cudnnConvolutionFwd_im2col_gemm,6:1:0,commute_all,1,1,8,5.0,match,18.750,372.019,0,
production,python,cudnnConvolutionFwd_im2col_gemm,6:1:0,mul_one,1,3,8,5.0,match,19.067,431.136,20,
production,python,cudnnConvolutionFwd_im2col_gemm,6:2:0,add_zero,5,7,8,5.0,match,17.678,353.872,48,
production,python,cudnnConvolutionFwd_im2col_gemm,6:2:0,associate_left,5,5,8,5.0,match,13.755,378.797,4,
production,python,cudnnConvolutionFwd_im2col_gemm,6:2:0,associate_right,5,5,8,5.0,match,14.507,341.145,4,
production,python,cudnnConvolutionFwd_im2col_gemm,6:2:0,commute_all,5,5,8,5.0,match,16.270,378.413,6,
production,python,cudnnConvolutionFwd_im2col_gemm,6:2:0,mul_one,5,7,8,5.0,match,15.554,337.794,63,
production,mlir,cudnnMaxPoolFwd_batched,12:0:0,add_zero,6,8,8,5.0,match,16.935,397.421,20,
production,mlir,cudnnMaxPoolFwd_batched,12:0:0,associate_left,6,6,8,5.0,match,13.836,339.311,0,
production,mlir,cudnnMaxPoolFwd_batched,12:0:0,associate_right,6,6,8,5.0,match,16.536,335.834,0,
production,mlir,cudnnMaxPoolFwd_batched,12:0:0,commute_all,6,6,8,5.0,match,21.372,377.504,0,
production,mlir,cudnnMaxPoolFwd_batched,12:0:0,mul_one,6,8,8,5.0,match,18.947,371.544,20,
production,python,cudnnPointwiseAffineRelu_f32,18:0:0,add_zero,14,16,8,5.0,match,15.769,341.821,24,
production,python,cudnnPointwiseAffineRelu_f32,18:0:0,associate_left,14,14,8,5.0,match,15.035,363.815,4,
production,python,cudnnPointwiseAffineRelu_f32,18:0:0,associate_right,14,14,8,5.0,match,14.425,341.666,4,
production,python,cudnnPointwiseAffineRelu_f32,18:0:0,commute_all,14,14,8,5.0,match,15.449,333.562,6,
production,python,cudnnPointwiseAffineRelu_f32,18:0:0,mul_one,14,16,8,5.0,match,20.085,346.275,24,
production,python,cudnnReduceMax_f32,121:0:0,add_zero,6,8,8,5.0,match,15.439,468.873,20,
production,python,cudnnReduceMax_f32,121:0:0,associate_left,6,6,8,5.0,match,16.051,388.907,0,
production,python,cudnnReduceMax_f32,121:0:0,associate_right,6,6,8,5.0,match,15.286,429.520,0,
production,python,cudnnReduceMax_f32,121:0:0,commute_all,6,6,8,5.0,match,25.904,502.180,0,
production,python,cudnnReduceMax_f32,121:0:0,mul_one,6,8,8,5.0,match,19.332,394.611,20,
production,python,cudnnReduceMinMax_f32,118:0:0,add_zero,6,8,8,5.0,match,16.491,342.574,20,
production,python,cudnnReduceMinMax_f32,118:0:0,associate_left,6,6,8,5.0,match,14.131,379.694,0,
production,python,cudnnReduceMinMax_f32,118:0:0,associate_right,6,6,8,5.0,match,16.655,355.203,0,
production,python,cudnnReduceMinMax_f32,118:0:0,commute_all,6,6,8,5.0,match,15.829,336.939,0,
production,python,cudnnReduceMinMax_f32,118:0:0,mul_one,6,8,8,5.0,match,15.854,348.320,20,
production,python,cudnnReduceMinMax_f32,118:0:1,add_zero,6,8,8,5.0,match,27.118,403.297,20,
production,python,cudnnReduceMinMax_f32,118:0:1,associate_left,6,6,8,5.0,match,15.686,347.325,0,
production,python,cudnnReduceMinMax_f32,118:0:1,associate_right,6,6,8,5.0,match,15.223,338.905,0,
production,python,cudnnReduceMinMax_f32,118:0:1,commute_all,6,6,8,5.0,match,14.374,379.605,0,
production,python,cudnnReduceMinMax_f32,118:0:1,mul_one,6,8,8,5.0,match,15.727,352.070,20,
production,python,cudnnReduceMin_f32,120:0:0,add_zero,6,8,8,5.0,match,19.936,341.289,20,
production,python,cudnnReduceMin_f32,120:0:0,associate_left,6,6,8,5.0,match,17.259,411.202,0,
production,python,cudnnReduceMin_f32,120:0:0,associate_right,6,6,8,5.0,match,15.172,363.005,0,
production,python,cudnnReduceMin_f32,120:0:0,commute_all,6,6,8,5.0,match,13.949,342.454,0,
production,python,cudnnReduceMin_f32,120:0:0,mul_one,6,8,8,5.0,match,21.114,384.317,20,
production,python,cudnnReduceProduct_f32,119:0:0,add_zero,3,5,8,5.0,match,14.866,377.165,22,
production,python,cudnnReduceProduct_f32,119:0:0,associate_left,3,3,8,5.0,match,14.500,394.183,2,
production,python,cudnnReduceProduct_f32,119:0:0,associate_right,3,3,8,5.0,match,14.818,348.254,2,
production,python,cudnnReduceProduct_f32,119:0:0,commute_all,3,3,8,5.0,match,15.185,357.349,3,
production,python,cudnnReduceProduct_f32,119:0:0,mul_one,3,5,8,5.0,match,15.501,437.750,46,
production,python,cudnnSoftmaxForward,69:0:0,add_zero,6,8,8,5.0,match,16.082,340.757,20,
production,python,cudnnSoftmaxForward,69:0:0,associate_left,6,6,8,5.0,match,17.503,342.554,0,
production,python,cudnnSoftmaxForward,69:0:0,associate_right,6,6,8,5.0,match,15.380,359.357,0,
production,python,cudnnSoftmaxForward,69:0:0,commute_all,6,6,8,5.0,match,14.548,330.424,0,
production,python,cudnnSoftmaxForward,69:0:0,mul_one,6,8,8,5.0,match,19.324,344.688,20,
production,python,cudnnSoftmaxForward,69:1:0,add_zero,4,6,8,5.0,match,26.409,392.657,20,
production,python,cudnnSoftmaxForward,69:1:0,associate_left,4,4,8,5.0,match,20.733,406.519,0,
production,python,cudnnSoftmaxForward,69:1:0,associate_right,4,4,8,5.0,match,21.627,366.231,0,
production,python,cudnnSoftmaxForward,69:1:0,commute_all,4,4,8,5.0,match,15.231,349.719,0,
production,python,cudnnSoftmaxForward,69:1:0,mul_one,4,6,8,5.0,match,15.282,354.040,20,
production,python,cudnnSoftmaxForward,69:1:1,add_zero,6,8,8,5.0,match,16.586,348.198,46,
production,python,cudnnSoftmaxForward,69:1:1,associate_left,6,6,8,5.0,match,14.439,349.386,2,
production,python,cudnnSoftmaxForward,69:1:1,associate_right,6,6,8,5.0,match,14.698,334.156,2,
production,python,cudnnSoftmaxForward,69:1:1,commute_all,6,6,8,5.0,match,15.024,329.538,3,
production,python,cudnnSoftmaxForward,69:1:1,mul_one,6,8,8,5.0,match,15.167,311.203,42,
production,python,cudnnSoftmaxForward,69:2:0,add_zero,3,5,8,5.0,match,15.542,347.597,20,
production,python,cudnnSoftmaxForward,69:2:0,associate_left,3,3,8,5.0,match,14.006,353.127,0,
production,python,cudnnSoftmaxForward,69:2:0,associate_right,3,3,8,5.0,match,14.823,331.888,0,
production,python,cudnnSoftmaxForward,69:2:0,commute_all,3,3,8,5.0,match,15.066,374.391,0,
production,python,cudnnSoftmaxForward,69:2:0,mul_one,3,5,8,5.0,match,17.878,376.195,20,
production,python,cudnnSoftmaxForwardOut_tensor,71:0:0,add_zero,6,8,8,5.0,match,15.725,321.683,20,
production,python,cudnnSoftmaxForwardOut_tensor,71:0:0,associate_left,6,6,8,5.0,match,15.198,349.101,0,
production,python,cudnnSoftmaxForwardOut_tensor,71:0:0,associate_right,6,6,8,5.0,match,14.468,334.704,0,
production,python,cudnnSoftmaxForwardOut_tensor,71:0:0,commute_all,6,6,8,5.0,match,14.693,340.649,0,
production,python,cudnnSoftmaxForwardOut_tensor,71:0:0,mul_one,6,8,8,5.0,match,15.511,326.123,20,
production,python,cudnnSoftmaxForwardOut_tensor,71:1:0,add_zero,4,6,8,5.0,match,18.040,373.260,20,
production,python,cudnnSoftmaxForwardOut_tensor,71:1:0,associate_left,4,4,8,5.0,match,15.565,352.993,0,
production,python,cudnnSoftmaxForwardOut_tensor,71:1:0,associate_right,4,4,8,5.0,match,20.454,356.877,0,
production,python,cudnnSoftmaxForwardOut_tensor,71:1:0,commute_all,4,4,8,5.0,match,15.041,350.428,0,
production,python,cudnnSoftmaxForwardOut_tensor,71:1:0,mul_one,4,6,8,5.0,match,15.302,331.844,20,
production,python,cudnnSoftmaxForwardOut_tensor,71:1:1,add_zero,6,8,8,5.0,match,18.565,377.450,46,
production,python,cudnnSoftmaxForwardOut_tensor,71:1:1,associate_left,6,6,8,5.0,match,18.618,358.811,2,
production,python,cudnnSoftmaxForwardOut_tensor,71:1:1,associate_right,6,6,8,5.0,match,14.242,392.872,2,
production,python,cudnnSoftmaxForwardOut_tensor,71:1:1,commute_all,6,6,8,5.0,match,17.041,355.736,3,
production,python,cudnnSoftmaxForwardOut_tensor,71:1:1,mul_one,6,8,8,5.0,match,15.901,412.033,42,
production,python,cudnnSoftmaxForwardOut_tensor,71:2:0,add_zero,3,5,8,5.0,match,15.604,401.178,22,
production,python,cudnnSoftmaxForwardOut_tensor,71:2:0,associate_left,3,3,8,5.0,match,17.048,408.316,2,
production,python,cudnnSoftmaxForwardOut_tensor,71:2:0,associate_right,3,3,8,5.0,match,14.992,376.418,2,
production,python,cudnnSoftmaxForwardOut_tensor,71:2:0,commute_all,3,3,8,5.0,match,15.924,376.569,3,
production,python,cudnnSoftmaxForwardOut_tensor,71:2:0,mul_one,3,5,8,5.0,match,15.703,368.283,46,
production,python,cudnnSoftmaxForwardOut_tensor,72:0:0,add_zero,6,8,8,5.0,match,20.761,353.937,20,
production,python,cudnnSoftmaxForwardOut_tensor,72:0:0,associate_left,6,6,8,5.0,match,16.814,343.505,0,
production,python,cudnnSoftmaxForwardOut_tensor,72:0:0,associate_right,6,6,8,5.0,match,15.116,344.117,0,
production,python,cudnnSoftmaxForwardOut_tensor,72:0:0,commute_all,6,6,8,5.0,match,14.897,358.582,0,
production,python,cudnnSoftmaxForwardOut_tensor,72:0:0,mul_one,6,8,8,5.0,match,16.684,369.817,20,
production,python,cudnnSoftmaxForwardOut_tensor,72:1:0,add_zero,4,6,8,5.0,match,16.087,332.101,20,
production,python,cudnnSoftmaxForwardOut_tensor,72:1:0,associate_left,4,4,8,5.0,match,14.336,346.015,0,
production,python,cudnnSoftmaxForwardOut_tensor,72:1:0,associate_right,4,4,8,5.0,match,14.512,335.683,0,
production,python,cudnnSoftmaxForwardOut_tensor,72:1:0,commute_all,4,4,8,5.0,match,14.154,363.878,0,
production,python,cudnnSoftmaxForwardOut_tensor,72:1:0,mul_one,4,6,8,5.0,match,15.108,348.200,20,
production,python,cudnnSoftmaxForwardOut_tensor,72:1:1,add_zero,6,8,8,5.0,match,23.258,405.368,46,
production,python,cudnnSoftmaxForwardOut_tensor,72:1:1,associate_left,6,6,8,5.0,match,22.505,349.760,2,
production,python,cudnnSoftmaxForwardOut_tensor,72:1:1,associate_right,6,6,8,5.0,match,15.190,364.150,2,
production,python,cudnnSoftmaxForwardOut_tensor,72:1:1,commute_all,6,6,8,5.0,match,26.519,362.199,3,
production,python,cudnnSoftmaxForwardOut_tensor,72:1:1,mul_one,6,8,8,5.0,match,19.189,381.399,42,
production,python,cudnnSoftmaxForwardOut_tensor,72:2:0,add_zero,3,5,8,5.0,match,21.391,369.123,20,
production,python,cudnnSoftmaxForwardOut_tensor,72:2:0,associate_left,3,3,8,5.0,match,14.347,365.574,0,
production,python,cudnnSoftmaxForwardOut_tensor,72:2:0,associate_right,3,3,8,5.0,match,16.269,388.344,0,
production,python,cudnnSoftmaxForwardOut_tensor,72:2:0,commute_all,3,3,8,5.0,match,14.928,392.497,0,
production,python,cudnnSoftmaxForwardOut_tensor,72:2:0,mul_one,3,5,8,5.0,match,19.651,377.544,20,
production,python,cudnnSoftmaxForward_tensor,70:0:0,add_zero,6,8,8,5.0,match,15.219,347.880,20,
production,python,cudnnSoftmaxForward_tensor,70:0:0,associate_left,6,6,8,5.0,match,14.819,340.743,0,
production,python,cudnnSoftmaxForward_tensor,70:0:0,associate_right,6,6,8,5.0,match,14.759,414.936,0,
production,python,cudnnSoftmaxForward_tensor,70:0:0,commute_all,6,6,8,5.0,match,14.698,338.423,0,
production,python,cudnnSoftmaxForward_tensor,70:0:0,mul_one,6,8,8,5.0,match,18.133,348.567,20,
production,python,cudnnSoftmaxForward_tensor,70:1:0,add_zero,4,6,8,5.0,match,14.582,330.042,20,
production,python,cudnnSoftmaxForward_tensor,70:1:0,associate_left,4,4,8,5.0,match,14.638,335.566,0,
production,python,cudnnSoftmaxForward_tensor,70:1:0,associate_right,4,4,8,5.0,match,20.613,342.738,0,
production,python,cudnnSoftmaxForward_tensor,70:1:0,commute_all,4,4,8,5.0,match,14.073,342.527,0,
production,python,cudnnSoftmaxForward_tensor,70:1:0,mul_one,4,6,8,5.0,match,16.346,330.077,20,
production,python,cudnnSoftmaxForward_tensor,70:1:1,add_zero,6,8,8,5.0,match,17.907,348.586,46,
production,python,cudnnSoftmaxForward_tensor,70:1:1,associate_left,6,6,8,5.0,match,14.077,325.493,2,
production,python,cudnnSoftmaxForward_tensor,70:1:1,associate_right,6,6,8,5.0,match,20.110,383.797,2,
production,python,cudnnSoftmaxForward_tensor,70:1:1,commute_all,6,6,8,5.0,match,16.048,345.218,3,
production,python,cudnnSoftmaxForward_tensor,70:1:1,mul_one,6,8,8,5.0,match,16.029,360.269,42,
production,python,cudnnSoftmaxForward_tensor,70:2:0,add_zero,3,5,8,5.0,match,15.558,384.418,20,
production,python,cudnnSoftmaxForward_tensor,70:2:0,associate_left,3,3,8,5.0,match,18.801,374.420,0,
production,python,cudnnSoftmaxForward_tensor,70:2:0,associate_right,3,3,8,5.0,match,14.497,335.664,0,
production,python,cudnnSoftmaxForward_tensor,70:2:0,commute_all,3,3,8,5.0,match,19.279,348.519,0,
production,python,cudnnSoftmaxForward_tensor,70:2:0,mul_one,3,5,8,5.0,match,17.283,331.427,20,
production,python,cufftZ2Z_1D_tensor,5:0:0,add_zero,1,3,8,5.0,match,13.863,340.762,8,
production,python,cufftZ2Z_1D_tensor,5:0:0,associate_left,1,1,8,5.0,match,13.341,372.325,0,
production,python,cufftZ2Z_1D_tensor,5:0:0,associate_right,1,1,8,5.0,match,18.801,450.049,0,
production,python,cufftZ2Z_1D_tensor,5:0:0,commute_all,1,1,8,5.0,match,13.507,352.414,0,
production,python,cufftZ2Z_1D_tensor,5:0:0,mul_one,1,3,8,5.0,match,14.859,343.430,24,
production,python,cufftZ2Z_1D_tensor,5:1:0,add_zero,1,3,8,5.0,match,15.328,399.274,20,
production,python,cufftZ2Z_1D_tensor,5:1:0,associate_left,1,1,8,5.0,match,14.097,344.579,0,
production,python,cufftZ2Z_1D_tensor,5:1:0,associate_right,1,1,8,5.0,match,13.585,333.034,0,
production,python,cufftZ2Z_1D_tensor,5:1:0,commute_all,1,1,8,5.0,match,14.632,333.295,0,
production,python,cufftZ2Z_1D_tensor,5:1:0,mul_one,1,3,8,5.0,match,18.348,379.198,20,
production,python,cutensorUnary_abs_f32,38:0:0,add_zero,8,10,8,5.0,match,16.315,328.834,20,
production,python,cutensorUnary_abs_f32,38:0:0,associate_left,8,8,8,5.0,match,13.845,394.733,0,
production,python,cutensorUnary_abs_f32,38:0:0,associate_right,8,8,8,5.0,match,16.801,341.293,0,
production,python,cutensorUnary_abs_f32,38:0:0,commute_all,8,8,8,5.0,match,14.257,336.958,0,
production,python,cutensorUnary_abs_f32,38:0:0,mul_one,8,10,8,5.0,match,15.796,337.506,20,
production,python,cutensorUnary_acos_f32,19:0:0,add_zero,2,4,8,5.0,match,17.507,347.707,20,
production,python,cutensorUnary_acos_f32,19:0:0,associate_left,2,2,8,5.0,match,14.056,366.301,0,
production,python,cutensorUnary_acos_f32,19:0:0,associate_right,2,2,8,5.0,match,14.534,369.046,0,
production,python,cutensorUnary_acos_f32,19:0:0,commute_all,2,2,8,5.0,match,14.332,344.003,0,
production,python,cutensorUnary_acos_f32,19:0:0,mul_one,2,4,8,5.0,match,14.747,366.947,20,
production,python,cutensorUnary_acosh_f32,20:0:0,add_zero,2,4,8,5.0,match,14.717,342.452,20,
production,python,cutensorUnary_acosh_f32,20:0:0,associate_left,2,2,8,5.0,match,14.527,345.325,0,
production,python,cutensorUnary_acosh_f32,20:0:0,associate_right,2,2,8,5.0,match,15.069,336.607,0,
production,python,cutensorUnary_acosh_f32,20:0:0,commute_all,2,2,8,5.0,match,13.555,351.837,0,
production,python,cutensorUnary_acosh_f32,20:0:0,mul_one,2,4,8,5.0,match,27.286,481.392,20,
production,python,cutensorUnary_asin_f32,21:0:0,add_zero,2,4,8,5.0,match,22.031,338.340,20,
production,python,cutensorUnary_asin_f32,21:0:0,associate_left,2,2,8,5.0,match,14.492,471.086,0,
production,python,cutensorUnary_asin_f32,21:0:0,associate_right,2,2,8,5.0,match,13.650,326.830,0,
production,python,cutensorUnary_asin_f32,21:0:0,commute_all,2,2,8,5.0,match,14.135,319.379,0,
production,python,cutensorUnary_asin_f32,21:0:0,mul_one,2,4,8,5.0,match,16.585,382.848,20,
production,python,cutensorUnary_asinh_f32,22:0:0,add_zero,2,4,8,5.0,match,15.674,352.895,20,
production,python,cutensorUnary_asinh_f32,22:0:0,associate_left,2,2,8,5.0,match,22.914,374.007,0,
production,python,cutensorUnary_asinh_f32,22:0:0,associate_right,2,2,8,5.0,match,14.863,337.955,0,
production,python,cutensorUnary_asinh_f32,22:0:0,commute_all,2,2,8,5.0,match,13.805,369.223,0,
production,python,cutensorUnary_asinh_f32,22:0:0,mul_one,2,4,8,5.0,match,21.695,413.805,20,
production,python,cutensorUnary_atan_f32,23:0:0,add_zero,2,4,8,5.0,match,14.569,320.973,20,
production,python,cutensorUnary_atan_f32,23:0:0,associate_left,2,2,8,5.0,match,20.897,394.878,0,
production,python,cutensorUnary_atan_f32,23:0:0,associate_right,2,2,8,5.0,match,13.310,383.443,0,
production,python,cutensorUnary_atan_f32,23:0:0,commute_all,2,2,8,5.0,match,16.225,330.069,0,
production,python,cutensorUnary_atan_f32,23:0:0,mul_one,2,4,8,5.0,match,16.566,355.006,20,
production,python,cutensorUnary_atanh_f32,24:0:0,add_zero,2,4,8,5.0,match,15.402,343.459,20,
production,python,cutensorUnary_atanh_f32,24:0:0,associate_left,2,2,8,5.0,match,15.784,405.139,0,
production,python,cutensorUnary_atanh_f32,24:0:0,associate_right,2,2,8,5.0,match,14.567,330.824,0,
production,python,cutensorUnary_atanh_f32,24:0:0,commute_all,2,2,8,5.0,match,13.802,332.922,0,
production,python,cutensorUnary_atanh_f32,24:0:0,mul_one,2,4,8,5.0,match,14.863,339.069,20,
production,python,cutensorUnary_ceil_f32,25:0:0,add_zero,2,4,8,5.0,match,15.950,350.889,20,
production,python,cutensorUnary_ceil_f32,25:0:0,associate_left,2,2,8,5.0,match,14.107,385.151,0,
production,python,cutensorUnary_ceil_f32,25:0:0,associate_right,2,2,8,5.0,match,15.360,356.716,0,
production,python,cutensorUnary_ceil_f32,25:0:0,commute_all,2,2,8,5.0,match,14.045,351.699,0,
production,python,cutensorUnary_ceil_f32,25:0:0,mul_one,2,4,8,5.0,match,15.529,362.781,20,
production,python,cutensorUnary_cos_f32,26:0:0,add_zero,2,4,8,5.0,match,16.591,352.380,20,
production,python,cutensorUnary_cos_f32,26:0:0,associate_left,2,2,8,5.0,match,13.725,337.939,0,
production,python,cutensorUnary_cos_f32,26:0:0,associate_right,2,2,8,5.0,match,13.887,346.767,0,
production,python,cutensorUnary_cos_f32,26:0:0,commute_all,2,2,8,5.0,match,41.249,502.861,0,
production,python,cutensorUnary_cos_f32,26:0:0,mul_one,2,4,8,5.0,match,23.719,484.902,20,
production,python,cutensorUnary_cosh_f32,27:0:0,add_zero,2,4,8,5.0,match,21.087,400.510,20,
production,python,cutensorUnary_cosh_f32,27:0:0,associate_left,2,2,8,5.0,match,19.838,380.186,0,
production,python,cutensorUnary_cosh_f32,27:0:0,associate_right,2,2,8,5.0,match,14.277,343.289,0,
production,python,cutensorUnary_cosh_f32,27:0:0,commute_all,2,2,8,5.0,match,16.962,385.618,0,
production,python,cutensorUnary_cosh_f32,27:0:0,mul_one,2,4,8,5.0,match,21.053,414.086,20,
production,python,cutensorUnary_exp_f32,28:0:0,add_zero,2,4,8,5.0,match,15.516,355.209,20,
production,python,cutensorUnary_exp_f32,28:0:0,associate_left,2,2,8,5.0,match,13.498,373.936,0,
production,python,cutensorUnary_exp_f32,28:0:0,associate_right,2,2,8,5.0,match,13.126,335.712,0,
production,python,cutensorUnary_exp_f32,28:0:0,commute_all,2,2,8,5.0,match,14.159,373.901,0,
production,python,cutensorUnary_exp_f32,28:0:0,mul_one,2,4,8,5.0,match,14.767,343.862,20,
production,python,cutensorUnary_floor_f32,29:0:0,add_zero,2,4,8,5.0,match,14.549,378.761,20,
production,python,cutensorUnary_floor_f32,29:0:0,associate_left,2,2,8,5.0,match,14.225,373.792,0,
production,python,cutensorUnary_floor_f32,29:0:0,associate_right,2,2,8,5.0,match,13.001,347.055,0,
production,python,cutensorUnary_floor_f32,29:0:0,commute_all,2,2,8,5.0,match,14.730,347.574,0,
production,python,cutensorUnary_floor_f32,29:0:0,mul_one,2,4,8,5.0,match,14.754,334.877,20,
production,python,cutensorUnary_log_f32,30:0:0,add_zero,2,4,8,5.0,match,15.457,330.188,20,
production,python,cutensorUnary_log_f32,30:0:0,associate_left,2,2,8,5.0,match,14.126,321.585,0,
production,python,cutensorUnary_log_f32,30:0:0,associate_right,2,2,8,5.0,match,14.275,335.633,0,
production,python,cutensorUnary_log_f32,30:0:0,commute_all,2,2,8,5.0,match,14.780,356.113,0,
production,python,cutensorUnary_log_f32,30:0:0,mul_one,2,4,8,5.0,match,20.250,399.129,20,
production,python,cutensorUnary_mish_f32,42:0:0,add_zero,6,8,8,5.0,match,16.335,414.097,22,
production,python,cutensorUnary_mish_f32,42:0:0,associate_left,6,6,8,5.0,match,14.132,338.890,2,
production,python,cutensorUnary_mish_f32,42:0:0,associate_right,6,6,8,5.0,match,15.050,365.769,2,
production,python,cutensorUnary_mish_f32,42:0:0,commute_all,6,6,8,5.0,match,15.487,398.378,3,
production,python,cutensorUnary_mish_f32,42:0:0,mul_one,6,8,8,5.0,match,16.545,379.182,46,
production,python,cutensorUnary_neg_f32,36:0:0,add_zero,3,5,8,5.0,match,14.313,314.092,20,
production,python,cutensorUnary_neg_f32,36:0:0,associate_left,3,3,8,5.0,match,16.414,347.839,0,
production,python,cutensorUnary_neg_f32,36:0:0,associate_right,3,3,8,5.0,match,15.856,385.471,0,
production,python,cutensorUnary_neg_f32,36:0:0,commute_all,3,3,8,5.0,match,13.335,314.595,0,
production,python,cutensorUnary_neg_f32,36:0:0,mul_one,3,5,8,5.0,match,14.547,319.685,20,
production,python,cutensorUnary_reciprocal_f32,37:0:0,add_zero,3,5,8,5.0,match,14.462,334.170,20,
production,python,cutensorUnary_reciprocal_f32,37:0:0,associate_left,3,3,8,5.0,match,13.690,330.391,0,
production,python,cutensorUnary_reciprocal_f32,37:0:0,associate_right,3,3,8,5.0,match,15.349,343.478,0,
production,python,cutensorUnary_reciprocal_f32,37:0:0,commute_all,3,3,8,5.0,match,14.245,333.706,0,
production,python,cutensorUnary_reciprocal_f32,37:0:0,mul_one,3,5,8,5.0,match,15.379,324.886,20,
production,python,cutensorUnary_relu_f32,39:0:0,add_zero,6,8,8,5.0,match,17.136,344.174,20,
production,python,cutensorUnary_relu_f32,39:0:0,associate_left,6,6,8,5.0,match,14.393,336.057,0,
production,python,cutensorUnary_relu_f32,39:0:0,associate_right,6,6,8,5.0,match,15.176,363.623,0,
production,python,cutensorUnary_relu_f32,39:0:0,commute_all,6,6,8,5.0,match,14.090,322.756,0,
production,python,cutensorUnary_relu_f32,39:0:0,mul_one,6,8,8,5.0,match,16.200,330.428,20,
production,python,cutensorUnary_sigmoid_f32,40:0:0,add_zero,8,10,8,5.0,match,15.439,324.000,22,
production,python,cutensorUnary_sigmoid_f32,40:0:0,associate_left,8,8,8,5.0,match,14.449,337.271,2,
production,python,cutensorUnary_sigmoid_f32,40:0:0,associate_right,8,8,8,5.0,match,21.690,378.634,2,
production,python,cutensorUnary_sigmoid_f32,40:0:0,commute_all,8,8,8,5.0,match,15.132,334.730,3,
production,python,cutensorUnary_sigmoid_f32,40:0:0,mul_one,8,10,8,5.0,match,18.651,377.199,22,
production,python,cutensorUnary_silu_f32,41:0:0,add_zero,8,10,8,5.0,match,15.951,378.599,22,
production,python,cutensorUnary_silu_f32,41:0:0,associate_left,8,8,8,5.0,match,14.412,332.836,2,
production,python,cutensorUnary_silu_f32,41:0:0,associate_right,8,8,8,5.0,match,15.956,327.001,2,
production,python,cutensorUnary_silu_f32,41:0:0,commute_all,8,8,8,5.0,match,16.271,344.477,3,
production,python,cutensorUnary_silu_f32,41:0:0,mul_one,8,10,8,5.0,match,19.048,366.876,22,
production,python,cutensorUnary_sin_f32,31:0:0,add_zero,2,4,8,5.0,match,25.571,384.200,20,
production,python,cutensorUnary_sin_f32,31:0:0,associate_left,2,2,8,5.0,match,15.529,336.957,0,
production,python,cutensorUnary_sin_f32,31:0:0,associate_right,2,2,8,5.0,match,14.484,338.171,0,
production,python,cutensorUnary_sin_f32,31:0:0,commute_all,2,2,8,5.0,match,19.002,346.428,0,
production,python,cutensorUnary_sin_f32,31:0:0,mul_one,2,4,8,5.0,match,15.431,324.787,20,
production,python,cutensorUnary_sinh_f32,32:0:0,add_zero,2,4,8,5.0,match,15.194,332.745,20,
production,python,cutensorUnary_sinh_f32,32:0:0,associate_left,2,2,8,5.0,match,18.511,351.797,0,
production,python,cutensorUnary_sinh_f32,32:0:0,associate_right,2,2,8,5.0,match,13.862,361.101,0,
production,python,cutensorUnary_sinh_f32,32:0:0,commute_all,2,2,8,5.0,match,14.805,341.903,0,
production,python,cutensorUnary_sinh_f32,32:0:0,mul_one,2,4,8,5.0,match,14.341,383.096,20,
production,python,cutensorUnary_sqrt_f32,33:0:0,add_zero,2,4,8,5.0,match,15.598,335.534,20,
production,python,cutensorUnary_sqrt_f32,33:0:0,associate_left,2,2,8,5.0,match,13.263,332.082,0,
production,python,cutensorUnary_sqrt_f32,33:0:0,associate_right,2,2,8,5.0,match,13.940,322.986,0,
production,python,cutensorUnary_sqrt_f32,33:0:0,commute_all,2,2,8,5.0,match,13.423,345.241,0,
production,python,cutensorUnary_sqrt_f32,33:0:0,mul_one,2,4,8,5.0,match,15.696,321.119,20,
production,python,cutensorUnary_tan_f32,34:0:0,add_zero,2,4,8,5.0,match,15.168,344.125,20,
production,python,cutensorUnary_tan_f32,34:0:0,associate_left,2,2,8,5.0,match,13.441,478.741,0,
production,python,cutensorUnary_tan_f32,34:0:0,associate_right,2,2,8,5.0,match,19.165,354.301,0,
production,python,cutensorUnary_tan_f32,34:0:0,commute_all,2,2,8,5.0,match,13.691,488.094,0,
production,python,cutensorUnary_tan_f32,34:0:0,mul_one,2,4,8,5.0,match,16.132,355.811,20,
production,python,cutensorUnary_tanh_f32,35:0:0,add_zero,2,4,8,5.0,match,14.604,352.423,20,
production,python,cutensorUnary_tanh_f32,35:0:0,associate_left,2,2,8,5.0,match,13.926,339.694,0,
production,python,cutensorUnary_tanh_f32,35:0:0,associate_right,2,2,8,5.0,match,13.891,324.990,0,
production,python,cutensorUnary_tanh_f32,35:0:0,commute_all,2,2,8,5.0,match,14.011,330.957,0,
production,python,cutensorUnary_tanh_f32,35:0:0,mul_one,2,4,8,5.0,match,15.321,343.648,20,
production,python,cutensornetContraction2_f64,15:0:0,add_zero,1,3,8,5.0,match,16.062,354.511,8,
production,python,cutensornetContraction2_f64,15:0:0,associate_left,1,1,8,5.0,match,22.758,453.020,0,
production,python,cutensornetContraction2_f64,15:0:0,associate_right,1,1,8,5.0,match,13.559,325.992,0,
production,python,cutensornetContraction2_f64,15:0:0,commute_all,1,1,8,5.0,match,13.284,365.842,0,
production,python,cutensornetContraction2_f64,15:0:0,mul_one,1,3,8,5.0,match,23.244,460.863,24,
production,python,cutensornetContraction2_f64,15:1:0,add_zero,5,7,8,5.0,match,26.225,491.586,48,
production,python,cutensornetContraction2_f64,15:1:0,associate_left,5,5,8,5.0,match,15.922,339.915,4,
production,python,cutensornetContraction2_f64,15:1:0,associate_right,5,5,8,5.0,match,13.963,372.397,4,
production,python,cutensornetContraction2_f64,15:1:0,commute_all,5,5,8,5.0,match,17.174,416.695,6,
production,python,cutensornetContraction2_f64,15:1:0,mul_one,5,7,8,5.0,match,16.941,476.728,63,
production,python,cutensornetTensorProduct3D_f32_tensor,4:0:0,add_zero,1,3,8,5.0,match,13.574,338.719,8,
production,python,cutensornetTensorProduct3D_f32_tensor,4:0:0,associate_left,1,1,8,5.0,match,14.715,345.775,0,
production,python,cutensornetTensorProduct3D_f32_tensor,4:0:0,associate_right,1,1,8,5.0,match,14.514,359.257,0,
production,python,cutensornetTensorProduct3D_f32_tensor,4:0:0,commute_all,1,1,8,5.0,match,14.240,333.617,0,
production,python,cutensornetTensorProduct3D_f32_tensor,4:0:0,mul_one,1,3,8,5.0,match,18.578,360.054,24,
production,python,cutensornetTensorProduct3D_f32_tensor,4:1:0,add_zero,9,11,8,5.0,match,16.507,352.121,156,
production,python,cutensornetTensorProduct3D_f32_tensor,4:1:0,associate_left,9,9,8,5.0,match,16.113,345.498,112,
production,python,cutensornetTensorProduct3D_f32_tensor,4:1:0,associate_right,9,9,8,5.0,match,15.775,353.636,107,
production,python,cutensornetTensorProduct3D_f32_tensor,4:1:0,commute_all,9,9,8,5.0,match,16.308,366.144,132,
production,python,cutensornetTensorProduct3D_f32_tensor,4:1:0,mul_one,9,11,8,5.0,match,18.480,384.231,398,
production,python,derivative_fourth_order,145:0:0,add_zero,13,15,8,5.0,match,17.765,354.136,26,
production,python,derivative_fourth_order,145:0:0,associate_left,13,13,8,5.0,match,25.666,428.448,6,
production,python,derivative_fourth_order,145:0:0,associate_right,13,13,8,5.0,match,15.927,372.358,6,
production,python,derivative_fourth_order,145:0:0,commute_all,13,13,8,5.0,match,16.255,350.645,9,
production,python,derivative_fourth_order,145:0:0,mul_one,13,15,8,5.0,match,24.693,385.895,26,
production,python,elemwise_add_out_scalar_1D,151:0:0,add_zero,3,5,8,5.0,match,15.441,364.334,46,
production,python,elemwise_add_out_scalar_1D,151:0:0,associate_left,3,3,8,5.0,match,14.395,362.765,2,
production,python,elemwise_add_out_scalar_1D,151:0:0,associate_right,3,3,8,5.0,match,14.260,370.204,2,
production,python,elemwise_add_out_scalar_1D,151:0:0,commute_all,3,3,8,5.0,match,15.809,350.915,3,
production,python,elemwise_add_out_scalar_1D,151:0:0,mul_one,3,5,8,5.0,match,15.327,357.117,42,
production,python,elemwise_add_scalar_1D,55:0:0,add_zero,3,5,8,5.0,match,27.552,510.894,46,
production,python,elemwise_add_scalar_1D,55:0:0,associate_left,3,3,8,5.0,match,19.171,369.925,2,
production,python,elemwise_add_scalar_1D,55:0:0,associate_right,3,3,8,5.0,match,14.795,368.241,2,
production,python,elemwise_add_scalar_1D,55:0:0,commute_all,3,3,8,5.0,match,14.264,345.849,3,
production,python,elemwise_add_scalar_1D,55:0:0,mul_one,3,5,8,5.0,match,15.733,350.434,42,
production,python,elemwise_avg2,128:0:0,add_zero,5,7,8,5.0,match,15.682,353.683,48,
production,python,elemwise_avg2,128:0:0,associate_left,5,5,8,5.0,match,14.228,365.298,12,
production,python,elemwise_avg2,128:0:0,associate_right,5,5,8,5.0,match,14.516,361.064,12,
production,python,elemwise_avg2,128:0:0,commute_all,5,5,8,5.0,match,19.137,379.978,18,
production,python,elemwise_avg2,128:0:0,mul_one,5,7,8,5.0,match,20.041,344.068,115,
production,python,elemwise_axpby_inputs_1D,48:0:0,add_zero,7,9,8,5.0,match,15.274,345.451,50,
production,python,elemwise_axpby_inputs_1D,48:0:0,associate_left,7,7,8,5.0,match,14.755,349.379,6,
production,python,elemwise_axpby_inputs_1D,48:0:0,associate_right,7,7,8,5.0,match,14.369,340.693,6,
production,python,elemwise_axpby_inputs_1D,48:0:0,commute_all,7,7,8,5.0,match,15.541,337.617,9,
production,python,elemwise_axpby_inputs_1D,48:0:0,mul_one,7,9,8,5.0,match,15.269,337.191,84,
production,python,elemwise_div_scalar,157:0:0,add_zero,3,5,8,5.0,match,15.660,333.630,20,
production,python,elemwise_div_scalar,157:0:0,associate_left,3,3,8,5.0,match,14.109,340.759,0,
production,python,elemwise_div_scalar,157:0:0,associate_right,3,3,8,5.0,match,17.921,357.246,0,
production,python,elemwise_div_scalar,157:0:0,commute_all,3,3,8,5.0,match,19.115,377.239,0,
production,python,elemwise_div_scalar,157:0:0,mul_one,3,5,8,5.0,match,15.776,357.434,20,
production,python,elemwise_div_scalar_by_input_1D,56:0:0,add_zero,3,5,8,5.0,match,14.656,351.550,20,
production,python,elemwise_div_scalar_by_input_1D,56:0:0,associate_left,3,3,8,5.0,match,26.420,427.836,0,
production,python,elemwise_div_scalar_by_input_1D,56:0:0,associate_right,3,3,8,5.0,match,23.384,459.395,0,
production,python,elemwise_div_scalar_by_input_1D,56:0:0,commute_all,3,3,8,5.0,match,17.708,351.983,0,
production,python,elemwise_div_scalar_by_input_1D,56:0:0,mul_one,3,5,8,5.0,match,15.835,338.481,20,
production,python,elemwise_fma3,156:0:0,add_zero,5,7,8,5.0,match,15.151,348.247,48,
production,python,elemwise_fma3,156:0:0,associate_left,5,5,8,5.0,match,14.627,362.489,4,
production,python,elemwise_fma3,156:0:0,associate_right,5,5,8,5.0,match,14.661,434.456,4,
production,python,elemwise_fma3,156:0:0,commute_all,5,5,8,5.0,match,14.173,370.078,6,
production,python,elemwise_fma3,156:0:0,mul_one,5,7,8,5.0,match,16.071,370.294,63,
production,python,elemwise_half_diff,129:0:0,add_zero,5,7,8,5.0,match,15.374,364.101,22,
production,python,elemwise_half_diff,129:0:0,associate_left,5,5,8,5.0,match,14.213,342.246,2,
production,python,elemwise_half_diff,129:0:0,associate_right,5,5,8,5.0,match,14.280,384.526,2,
production,python,elemwise_half_diff,129:0:0,commute_all,5,5,8,5.0,match,16.186,345.493,3,
production,python,elemwise_half_diff,129:0:0,mul_one,5,7,8,5.0,match,15.121,340.951,50,
production,python,elemwise_linear_reaction,130:0:0,add_zero,5,7,8,5.0,match,16.394,349.536,22,
production,python,elemwise_linear_reaction,130:0:0,associate_left,5,5,8,5.0,match,15.358,341.216,2,
production,python,elemwise_linear_reaction,130:0:0,associate_right,5,5,8,5.0,match,16.042,339.604,2,
production,python,elemwise_linear_reaction,130:0:0,commute_all,5,5,8,5.0,match,14.936,357.314,3,
production,python,elemwise_linear_reaction,130:0:0,mul_one,5,7,8,5.0,match,15.189,343.881,22,
production,python,elemwise_mul_inputs,127:0:0,add_zero,3,5,8,5.0,match,15.472,349.547,22,
production,python,elemwise_mul_inputs,127:0:0,associate_left,3,3,8,5.0,match,14.165,332.777,2,
production,python,elemwise_mul_inputs,127:0:0,associate_right,3,3,8,5.0,match,18.897,363.287,2,
production,python,elemwise_mul_inputs,127:0:0,commute_all,3,3,8,5.0,match,14.233,338.986,3,
production,python,elemwise_mul_inputs,127:0:0,mul_one,3,5,8,5.0,match,17.591,358.639,46,
production,python,elemwise_mul_inputs_scaled_1D,54:0:0,add_zero,5,7,8,5.0,match,16.316,356.441,38,
production,python,elemwise_mul_inputs_scaled_1D,54:0:0,associate_left,5,5,8,5.0,match,21.082,390.462,18,
production,python,elemwise_mul_inputs_scaled_1D,54:0:0,associate_right,5,5,8,5.0,match,21.350,369.426,21,
production,python,elemwise_mul_inputs_scaled_1D,54:0:0,commute_all,5,5,8,5.0,match,15.262,360.316,23,
production,python,elemwise_mul_inputs_scaled_1D,54:0:0,mul_one,5,7,8,5.0,match,17.389,351.353,119,
production,python,elemwise_scale_input_1D,53:0:0,add_zero,3,5,8,5.0,match,17.907,395.663,22,
production,python,elemwise_scale_input_1D,53:0:0,associate_left,3,3,8,5.0,match,13.842,367.492,2,
production,python,elemwise_scale_input_1D,53:0:0,associate_right,3,3,8,5.0,match,18.801,380.652,2,
production,python,elemwise_scale_input_1D,53:0:0,commute_all,3,3,8,5.0,match,19.309,366.355,3,
production,python,elemwise_scale_input_1D,53:0:0,mul_one,3,5,8,5.0,match,17.319,355.090,46,
production,python,elemwise_select_inputs,136:0:0,add_zero,4,6,8,5.0,match,15.340,343.913,20,
production,python,elemwise_select_inputs,136:0:0,associate_left,4,4,8,5.0,match,13.971,345.697,0,
production,python,elemwise_select_inputs,136:0:0,associate_right,4,4,8,5.0,match,16.011,330.942,0,
production,python,elemwise_select_inputs,136:0:0,commute_all,4,4,8,5.0,match,14.000,336.155,0,
production,python,elemwise_select_inputs,136:0:0,mul_one,4,6,8,5.0,match,14.840,344.607,20,
production,python,elemwise_select_mul_or_zero,154:0:0,add_zero,6,8,8,5.0,match,16.055,368.393,22,
production,python,elemwise_select_mul_or_zero,154:0:0,associate_left,6,6,8,5.0,match,18.757,341.583,2,
production,python,elemwise_select_mul_or_zero,154:0:0,associate_right,6,6,8,5.0,match,14.719,372.307,2,
production,python,elemwise_select_mul_or_zero,154:0:0,commute_all,6,6,8,5.0,match,14.968,390.820,3,
production,python,elemwise_select_mul_or_zero,154:0:0,mul_one,6,8,8,5.0,match,17.355,354.157,22,
production,python,elemwise_sub_from_out,159:0:0,add_zero,3,5,8,5.0,match,15.299,327.150,20,
production,python,elemwise_sub_from_out,159:0:0,associate_left,3,3,8,5.0,match,15.736,360.993,0,
production,python,elemwise_sub_from_out,159:0:0,associate_right,3,3,8,5.0,match,13.240,312.374,0,
production,python,elemwise_sub_from_out,159:0:0,commute_all,3,3,8,5.0,match,14.733,379.673,0,
production,python,elemwise_sub_from_out,159:0:0,mul_one,3,5,8,5.0,match,16.504,387.908,20,
production,python,elemwise_sub_inputs,158:0:0,add_zero,3,5,8,5.0,match,15.959,385.317,20,
production,python,elemwise_sub_inputs,158:0:0,associate_left,3,3,8,5.0,match,15.138,376.825,0,
production,python,elemwise_sub_inputs,158:0:0,associate_right,3,3,8,5.0,match,22.379,442.871,0,
production,python,elemwise_sub_inputs,158:0:0,commute_all,3,3,8,5.0,match,13.797,344.255,0,
production,python,elemwise_sub_inputs,158:0:0,mul_one,3,5,8,5.0,match,17.151,380.714,20,
production,python,exasp2_neg_div,150:0:0,add_zero,5,7,8,5.0,match,16.412,352.226,20,
production,python,exasp2_neg_div,150:0:0,associate_left,5,5,8,5.0,match,14.299,331.487,0,
production,python,exasp2_neg_div,150:0:0,associate_right,5,5,8,5.0,match,15.517,347.886,0,
production,python,exasp2_neg_div,150:0:0,commute_all,5,5,8,5.0,match,14.641,349.850,0,
production,python,exasp2_neg_div,150:0:0,mul_one,5,7,8,5.0,match,15.896,337.533,20,
production,python,exasp2_normalize_dense,149:0:0,add_zero,14,16,8,5.0,match,16.939,377.126,22,
production,python,exasp2_normalize_dense,149:0:0,associate_left,14,14,8,5.0,match,14.635,349.040,2,
production,python,exasp2_normalize_dense,149:0:0,associate_right,14,14,8,5.0,match,15.984,361.877,2,
production,python,exasp2_normalize_dense,149:0:0,commute_all,14,14,8,5.0,match,15.831,361.448,3,
production,python,exasp2_normalize_dense,149:0:0,mul_one,14,16,8,5.0,match,16.134,367.092,22,
production,python,exasp2_select_square,153:0:0,add_zero,8,10,8,5.0,match,18.643,385.287,22,
production,python,exasp2_select_square,153:0:0,associate_left,8,8,8,5.0,match,15.690,356.017,2,
production,python,exasp2_select_square,153:0:0,associate_right,8,8,8,5.0,match,15.915,340.363,2,
production,python,exasp2_select_square,153:0:0,commute_all,8,8,8,5.0,match,20.191,380.764,3,
production,python,exasp2_select_square,153:0:0,mul_one,8,10,8,5.0,match,23.152,429.551,22,
production,python,exasp2_update_2x_minus_x2,152:0:0,add_zero,5,7,8,5.0,match,15.444,394.412,22,
production,python,exasp2_update_2x_minus_x2,152:0:0,associate_left,5,5,8,5.0,match,14.850,357.889,2,
production,python,exasp2_update_2x_minus_x2,152:0:0,associate_right,5,5,8,5.0,match,17.085,409.859,2,
production,python,exasp2_update_2x_minus_x2,152:0:0,commute_all,5,5,8,5.0,match,18.786,359.541,3,
production,python,exasp2_update_2x_minus_x2,152:0:0,mul_one,5,7,8,5.0,match,21.358,510.351,22,
production,python,fdtd_E_update,90:0:0,add_zero,11,13,8,5.0,match,16.398,384.111,24,
production,python,fdtd_E_update,90:0:0,associate_left,11,11,8,5.0,match,15.627,337.278,4,
production,python,fdtd_E_update,90:0:0,associate_right,11,11,8,5.0,match,14.589,377.820,4,
production,python,fdtd_E_update,90:0:0,commute_all,11,11,8,5.0,match,27.960,388.006,6,
production,python,fdtd_E_update,90:0:0,mul_one,11,13,8,5.0,match,16.222,369.248,24,
production,python,fdtd_E_update_tensor,97:0:0,add_zero,11,13,8,5.0,match,20.239,386.919,24,
production,python,fdtd_E_update_tensor,97:0:0,associate_left,11,11,8,5.0,match,16.845,340.498,4,
production,python,fdtd_E_update_tensor,97:0:0,associate_right,11,11,8,5.0,match,14.063,329.362,4,
production,python,fdtd_E_update_tensor,97:0:0,commute_all,11,11,8,5.0,match,17.887,390.183,6,
production,python,fdtd_E_update_tensor,97:0:0,mul_one,11,13,8,5.0,match,15.775,363.964,24,
production,python,fdtd_update_2in,93:0:0,add_zero,7,9,8,5.0,match,17.551,347.352,22,
production,python,fdtd_update_2in,93:0:0,associate_left,7,7,8,5.0,match,14.372,362.642,2,
production,python,fdtd_update_2in,93:0:0,associate_right,7,7,8,5.0,match,14.674,363.955,2,
production,python,fdtd_update_2in,93:0:0,commute_all,7,7,8,5.0,match,16.146,353.398,3,
production,python,fdtd_update_2in,93:0:0,mul_one,7,9,8,5.0,match,16.077,344.969,22,
production,python,fdtd_update_2in_tensor,100:0:0,add_zero,7,9,8,5.0,match,17.481,399.112,22,
production,python,fdtd_update_2in_tensor,100:0:0,associate_left,7,7,8,5.0,match,17.261,372.133,2,
production,python,fdtd_update_2in_tensor,100:0:0,associate_right,7,7,8,5.0,match,14.992,349.194,2,
production,python,fdtd_update_2in_tensor,100:0:0,commute_all,7,7,8,5.0,match,14.815,315.825,3,
production,python,fdtd_update_2in_tensor,100:0:0,mul_one,7,9,8,5.0,match,16.375,319.727,22,
production,python,fv4_flux,146:0:0,add_zero,15,17,8,5.0,match,17.098,388.378,28,
production,python,fv4_flux,146:0:0,associate_left,15,15,8,5.0,match,16.203,361.411,8,
production,python,fv4_flux,146:0:0,associate_right,15,15,8,5.0,match,18.412,383.727,8,
production,python,fv4_flux,146:0:0,commute_all,15,15,8,5.0,match,16.765,366.874,12,
production,python,fv4_flux,146:0:0,mul_one,15,17,8,5.0,match,20.776,379.794,28,
production,python,heat_3d_7pt,89:0:0,add_zero,31,33,8,5.0,match,47.930,390.217,1699,
production,python,heat_3d_7pt,89:0:0,associate_left,31,31,8,5.0,match,33.505,353.718,823,
production,python,heat_3d_7pt,89:0:0,associate_right,31,31,8,5.0,match,33.311,335.880,872,
production,python,heat_3d_7pt,89:0:0,commute_all,31,31,8,5.0,match,36.741,344.701,1058,
production,python,heat_3d_7pt,89:0:0,mul_one,31,33,8,5.0,match,69.065,452.263,2722,
production,python,heat_3d_7pt_tensor,96:0:0,add_zero,31,33,8,5.0,match,48.641,399.925,1699,
production,python,heat_3d_7pt_tensor,96:0:0,associate_left,31,31,8,5.0,match,36.293,372.708,823,
production,python,heat_3d_7pt_tensor,96:0:0,associate_right,31,31,8,5.0,match,42.918,420.701,872,
production,python,heat_3d_7pt_tensor,96:0:0,commute_all,31,31,8,5.0,match,37.842,449.468,1058,
production,python,heat_3d_7pt_tensor,96:0:0,mul_one,31,33,8,5.0,match,55.683,382.866,2722,
production,python,hpgmg_apply_op_27pt_tensor,3:0:0,add_zero,3,5,8,5.0,match,15.099,323.637,22,
production,python,hpgmg_apply_op_27pt_tensor,3:0:0,associate_left,3,3,8,5.0,match,16.003,352.851,2,
production,python,hpgmg_apply_op_27pt_tensor,3:0:0,associate_right,3,3,8,5.0,match,13.762,320.951,2,
production,python,hpgmg_apply_op_27pt_tensor,3:0:0,commute_all,3,3,8,5.0,match,14.187,316.525,3,
production,python,hpgmg_apply_op_27pt_tensor,3:0:0,mul_one,3,5,8,5.0,match,16.412,328.822,46,
production,python,hpgmg_apply_op_27pt_tensor,3:1:0,add_zero,1,3,8,5.0,match,15.603,327.611,20,
production,python,hpgmg_apply_op_27pt_tensor,3:1:0,associate_left,1,1,8,5.0,match,13.708,340.960,0,
production,python,hpgmg_apply_op_27pt_tensor,3:1:0,associate_right,1,1,8,5.0,match,14.173,323.789,0,
production,python,hpgmg_apply_op_27pt_tensor,3:1:0,commute_all,1,1,8,5.0,match,14.657,334.751,0,
production,python,hpgmg_apply_op_27pt_tensor,3:1:0,mul_one,1,3,8,5.0,match,14.445,323.513,20,
production,python,hpgmg_apply_op_27pt_tensor,3:2:0,add_zero,1,3,8,5.0,match,15.309,329.458,20,
production,python,hpgmg_apply_op_27pt_tensor,3:2:0,associate_left,1,1,8,5.0,match,13.910,366.774,0,
production,python,hpgmg_apply_op_27pt_tensor,3:2:0,associate_right,1,1,8,5.0,match,17.332,344.168,0,
production,python,hpgmg_apply_op_27pt_tensor,3:2:0,commute_all,1,1,8,5.0,match,13.517,319.986,0,
production,python,hpgmg_apply_op_27pt_tensor,3:2:0,mul_one,1,3,8,5.0,match,14.810,329.875,20,
production,python,hpgmg_apply_op_27pt_tensor,3:3:0,add_zero,5,7,8,5.0,match,16.849,418.102,48,
production,python,hpgmg_apply_op_27pt_tensor,3:3:0,associate_left,5,5,8,5.0,match,14.027,356.400,4,
production,python,hpgmg_apply_op_27pt_tensor,3:3:0,associate_right,5,5,8,5.0,match,15.198,340.552,4,
production,python,hpgmg_apply_op_27pt_tensor,3:3:0,commute_all,5,5,8,5.0,match,16.811,367.781,6,
production,python,hpgmg_apply_op_27pt_tensor,3:3:0,mul_one,5,7,8,5.0,match,15.029,352.870,63,
production,python,hpgmg_apply_op_7pt_tensor,80:0:0,add_zero,21,23,8,5.0,match,17.360,351.405,52,
production,python,hpgmg_apply_op_7pt_tensor,80:0:0,associate_left,21,21,8,5.0,match,14.966,326.856,8,
production,python,hpgmg_apply_op_7pt_tensor,80:0:0,associate_right,21,21,8,5.0,match,14.516,344.067,8,
production,python,hpgmg_apply_op_7pt_tensor,80:0:0,commute_all,21,21,8,5.0,match,16.164,351.477,12,
production,python,hpgmg_apply_op_7pt_tensor,80:0:0,mul_one,21,23,8,5.0,match,27.066,380.824,118,
production,python,hpgmg_color_vector_3D,148:0:0,add_zero,14,16,8,5.0,match,16.926,349.031,38,
production,python,hpgmg_color_vector_3D,148:0:0,associate_left,14,14,8,5.0,match,16.805,370.362,18,
production,python,hpgmg_color_vector_3D,148:0:0,associate_right,14,14,8,5.0,match,16.950,354.418,21,
production,python,hpgmg_color_vector_3D,148:0:0,commute_all,14,14,8,5.0,match,16.516,357.855,23,
production,python,hpgmg_color_vector_3D,148:0:0,mul_one,14,16,8,5.0,match,20.696,355.901,119,
production,python,hpgmg_gsrb_smooth_7pt_tensor,77:0:0,add_zero,30,32,8,5.0,match,16.853,350.990,32,
production,python,hpgmg_gsrb_smooth_7pt_tensor,77:0:0,associate_left,30,30,8,5.0,match,16.948,349.475,12,
production,python,hpgmg_gsrb_smooth_7pt_tensor,77:0:0,associate_right,30,30,8,5.0,match,15.788,359.594,12,
production,python,hpgmg_gsrb_smooth_7pt_tensor,77:0:0,commute_all,30,30,8,5.0,match,19.138,358.963,18,
production,python,hpgmg_gsrb_smooth_7pt_tensor,77:0:0,mul_one,30,32,8,5.0,match,19.826,359.885,32,
production,python,hpgmg_interpolation_p1,85:0:0,add_zero,35,37,8,5.0,match,307.780,625.780,1703,
production,python,hpgmg_interpolation_p1,85:0:0,associate_left,35,35,8,5.0,match,304.117,697.450,1033,
production,python,hpgmg_interpolation_p1,85:0:0,associate_right,35,35,8,5.0,match,251.819,572.599,762,
production,python,hpgmg_interpolation_p1,85:0:0,commute_all,35,35,8,5.0,match,305.255,640.586,977,
production,python,hpgmg_interpolation_p1,85:0:0,mul_one,35,37,8,5.0,match,403.583,715.741,3244,
production,python,hpgmg_interpolation_p2,86:0:0,add_zero,17,19,8,5.0,match,46.762,409.047,1994,
production,python,hpgmg_interpolation_p2,86:0:0,associate_left,17,17,8,5.0,match,39.231,448.358,1374,
production,python,hpgmg_interpolation_p2,86:0:0,associate_right,17,17,8,5.0,match,46.812,451.752,1378,
production,python,hpgmg_interpolation_p2,86:0:0,commute_all,17,17,8,5.0,match,44.843,359.568,1511,
production,python,hpgmg_interpolation_p2,86:0:0,mul_one,17,19,8,5.0,match,57.146,372.052,3095,
production,python,hpgmg_jacobi_smooth_7pt_tensor,78:0:0,add_zero,29,31,8,5.0,match,23.247,366.368,366,
production,python,hpgmg_jacobi_smooth_7pt_tensor,78:0:0,associate_left,29,29,8,5.0,match,15.565,323.746,28,
production,python,hpgmg_jacobi_smooth_7pt_tensor,78:0:0,associate_right,29,29,8,5.0,match,16.127,328.499,32,
production,python,hpgmg_jacobi_smooth_7pt_tensor,78:0:0,commute_all,29,29,8,5.0,match,17.841,341.457,38,
production,python,hpgmg_jacobi_smooth_7pt_tensor,78:0:0,mul_one,29,31,8,5.0,match,17.346,339.677,210,
production,python,hpgmg_random_vector_3D,147:0:0,add_zero,5,7,8,5.0,match,15.747,381.588,51,
production,python,hpgmg_random_vector_3D,147:0:0,associate_left,5,5,8,5.0,match,15.024,345.114,4,
production,python,hpgmg_random_vector_3D,147:0:0,associate_right,5,5,8,5.0,match,17.472,373.733,4,
production,python,hpgmg_random_vector_3D,147:0:0,commute_all,5,5,8,5.0,match,14.722,349.579,6,
production,python,hpgmg_random_vector_3D,147:0:0,mul_one,5,7,8,5.0,match,15.271,347.452,69,
production,python,hpgmg_residual_7pt_tensor,79:0:0,add_zero,23,25,8,5.0,match,16.245,338.617,28,
production,python,hpgmg_residual_7pt_tensor,79:0:0,associate_left,23,23,8,5.0,match,15.133,341.687,8,
production,python,hpgmg_residual_7pt_tensor,79:0:0,associate_right,23,23,8,5.0,match,15.240,342.877,8,
production,python,hpgmg_residual_7pt_tensor,79:0:0,commute_all,23,23,8,5.0,match,16.563,345.913,12,
production,python,hpgmg_residual_7pt_tensor,79:0:0,mul_one,23,25,8,5.0,match,16.528,348.305,28,
production,python,hpgmg_restriction_cell_tensor,87:0:0,add_zero,17,19,8,5.0,match,200.323,514.522,2697,
production,python,hpgmg_restriction_cell_tensor,87:0:0,associate_left,17,17,8,5.0,match,157.212,466.117,2156,
production,python,hpgmg_restriction_cell_tensor,87:0:0,associate_right,17,17,8,5.0,match,193.774,521.840,2096,
production,python,hpgmg_restriction_cell_tensor,87:0:0,commute_all,17,17,8,5.0,match,170.546,482.353,1943,
production,python,hpgmg_restriction_cell_tensor,87:0:0,mul_one,17,19,8,5.0,match,241.629,550.726,3385,
production,python,hpgmg_restriction_face_tensor,88:0:0,add_zero,9,11,8,5.0,match,16.864,320.976,557,
production,python,hpgmg_restriction_face_tensor,88:0:0,associate_left,9,9,8,5.0,match,16.579,435.995,334,
production,python,hpgmg_restriction_face_tensor,88:0:0,associate_right,9,9,8,5.0,match,16.203,342.781,298,
production,python,hpgmg_restriction_face_tensor,88:0:0,commute_all,9,9,8,5.0,match,25.614,376.308,375,
production,python,hpgmg_restriction_face_tensor,88:0:0,mul_one,9,11,8,5.0,match,18.814,336.775,863,
production,python,hypar_euler1d_flux,68:0:0,add_zero,1,3,8,5.0,match,15.076,377.948,20,
production,python,hypar_euler1d_flux,68:0:0,associate_left,1,1,8,5.0,match,14.458,371.084,0,
production,python,hypar_euler1d_flux,68:0:0,associate_right,1,1,8,5.0,match,13.677,356.172,0,
production,python,hypar_euler1d_flux,68:0:0,commute_all,1,1,8,5.0,match,17.512,358.307,0,
production,python,hypar_euler1d_flux,68:0:0,mul_one,1,3,8,5.0,match,15.101,348.300,20,
production,python,hypar_euler1d_flux,68:0:1,add_zero,21,23,8,5.0,match,17.950,366.805,115,
production,python,hypar_euler1d_flux,68:0:1,associate_left,21,21,8,5.0,match,18.811,385.149,71,
production,python,hypar_euler1d_flux,68:0:1,associate_right,21,21,8,5.0,match,22.809,394.275,68,
production,python,hypar_euler1d_flux,68:0:1,commute_all,21,21,8,5.0,match,24.222,361.095,87,
production,python,hypar_euler1d_flux,68:0:1,mul_one,21,23,8,5.0,match,20.292,372.950,315,
production,python,hypar_euler1d_flux,68:0:2,add_zero,21,23,8,5.0,match,16.653,334.422,128,
production,python,hypar_euler1d_flux,68:0:2,associate_left,21,21,8,5.0,match,17.279,380.925,92,
production,python,hypar_euler1d_flux,68:0:2,associate_right,21,21,8,5.0,match,17.724,368.739,91,
production,python,hypar_euler1d_flux,68:0:2,commute_all,21,21,8,5.0,match,18.059,369.787,117,
production,python,hypar_euler1d_flux,68:0:2,mul_one,21,23,8,5.0,match,20.586,394.299,417,
production,python,hypar_euler2d_flux_x,66:0:0,add_zero,1,3,8,5.0,match,14.423,317.170,20,
production,python,hypar_euler2d_flux_x,66:0:0,associate_left,1,1,8,5.0,match,13.991,357.541,0,
production,python,hypar_euler2d_flux_x,66:0:0,associate_right,1,1,8,5.0,match,13.373,323.029,0,
production,python,hypar_euler2d_flux_x,66:0:0,commute_all,1,1,8,5.0,match,13.206,344.444,0,
production,python,hypar_euler2d_flux_x,66:0:0,mul_one,1,3,8,5.0,match,15.979,370.901,20,
production,python,hypar_euler2d_flux_x,66:0:1,add_zero,29,31,8,5.0,match,25.550,403.444,193,
production,python,hypar_euler2d_flux_x,66:0:1,associate_left,29,29,8,5.0,match,29.038,391.261,149,
production,python,hypar_euler2d_flux_x,66:0:1,associate_right,29,29,8,5.0,match,21.017,398.717,178,
production,python,hypar_euler2d_flux_x,66:0:1,commute_all,29,29,8,5.0,match,18.184,332.547,201,
production,python,hypar_euler2d_flux_x,66:0:1,mul_one,29,31,8,5.0,match,21.233,348.310,636,
production,python,hypar_euler2d_flux_x,66:0:2,add_zero,5,7,8,5.0,match,14.744,360.031,22,
production,python,hypar_euler2d_flux_x,66:0:2,associate_left,5,5,8,5.0,match,14.584,338.823,2,
production,python,hypar_euler2d_flux_x,66:0:2,associate_right,5,5,8,5.0,match,13.834,390.523,2,
production,python,hypar_euler2d_flux_x,66:0:2,commute_all,5,5,8,5.0,match,16.200,433.175,3,
production,python,hypar_euler2d_flux_x,66:0:2,mul_one,5,7,8,5.0,match,16.201,344.547,46,
production,python,hypar_euler2d_flux_x,66:0:3,add_zero,29,31,8,5.0,match,18.297,338.473,206,
production,python,hypar_euler2d_flux_x,66:0:3,associate_left,29,29,8,5.0,match,16.698,385.496,170,
production,python,hypar_euler2d_flux_x,66:0:3,associate_right,29,29,8,5.0,match,19.427,356.588,201,
production,python,hypar_euler2d_flux_x,66:0:3,commute_all,29,29,8,5.0,match,19.537,405.266,231,
production,python,hypar_euler2d_flux_x,66:0:3,mul_one,29,31,8,5.0,match,20.515,377.412,738,
production,python,hypar_euler2d_flux_y,67:0:0,add_zero,1,3,8,5.0,match,14.916,327.905,20,
production,python,hypar_euler2d_flux_y,67:0:0,associate_left,1,1,8,5.0,match,12.943,315.995,0,
production,python,hypar_euler2d_flux_y,67:0:0,associate_right,1,1,8,5.0,match,23.516,438.474,0,
production,python,hypar_euler2d_flux_y,67:0:0,commute_all,1,1,8,5.0,match,13.537,333.688,0,
production,python,hypar_euler2d_flux_y,67:0:0,mul_one,1,3,8,5.0,match,15.028,450.407,20,
production,python,hypar_euler2d_flux_y,67:0:1,add_zero,5,7,8,5.0,match,14.673,346.880,22,
production,python,hypar_euler2d_flux_y,67:0:1,associate_left,5,5,8,5.0,match,15.863,362.210,2,
production,python,hypar_euler2d_flux_y,67:0:1,associate_right,5,5,8,5.0,match,15.476,362.021,2,
production,python,hypar_euler2d_flux_y,67:0:1,commute_all,5,5,8,5.0,match,19.204,370.558,3,
production,python,hypar_euler2d_flux_y,67:0:1,mul_one,5,7,8,5.0,match,15.462,352.393,46,
production,python,hypar_euler2d_flux_y,67:0:2,add_zero,29,31,8,5.0,match,18.970,355.011,193,
production,python,hypar_euler2d_flux_y,67:0:2,associate_left,29,29,8,5.0,match,18.268,349.560,149,
production,python,hypar_euler2d_flux_y,67:0:2,associate_right,29,29,8,5.0,match,18.141,373.472,178,
production,python,hypar_euler2d_flux_y,67:0:2,commute_all,29,29,8,5.0,match,24.107,388.657,201,
production,python,hypar_euler2d_flux_y,67:0:2,mul_one,29,31,8,5.0,match,21.071,369.149,636,
production,python,hypar_euler2d_flux_y,67:0:3,add_zero,29,31,8,5.0,match,18.043,345.278,206,
production,python,hypar_euler2d_flux_y,67:0:3,associate_left,29,29,8,5.0,match,17.532,367.534,170,
production,python,hypar_euler2d_flux_y,67:0:3,associate_right,29,29,8,5.0,match,25.372,409.061,201,
production,python,hypar_euler2d_flux_y,67:0:3,commute_all,29,29,8,5.0,match,18.617,371.480,231,
production,python,hypar_euler2d_flux_y,67:0:3,mul_one,29,31,8,5.0,match,21.200,367.027,738,
production,python,hypar_generalized_minmod_limiter,140:0:0,add_zero,379,381,8,5.0,match,23.357,429.718,522,
production,python,hypar_generalized_minmod_limiter,140:0:0,associate_left,379,379,8,5.0,match,28.555,450.686,549,
production,python,hypar_generalized_minmod_limiter,140:0:0,associate_right,379,379,8,5.0,match,24.708,415.272,504,
production,python,hypar_generalized_minmod_limiter,140:0:0,commute_all,379,379,8,5.0,match,29.567,439.868,566,
production,python,hypar_generalized_minmod_limiter,140:0:0,mul_one,379,381,8,5.0,match,23.866,449.645,522,
production,python,hypar_llf_flux_2D,132:0:0,add_zero,11,13,8,5.0,match,21.217,348.301,26,
production,python,hypar_llf_flux_2D,132:0:0,associate_left,11,11,8,5.0,match,14.752,365.699,6,
production,python,hypar_llf_flux_2D,132:0:0,associate_right,11,11,8,5.0,match,14.907,340.902,6,
production,python,hypar_llf_flux_2D,132:0:0,commute_all,11,11,8,5.0,match,15.616,344.818,9,
production,python,hypar_llf_flux_2D,132:0:0,mul_one,11,13,8,5.0,match,15.586,349.731,54,
production,python,hypar_minmod_limiter,137:0:0,add_zero,27,29,8,5.0,match,21.836,359.563,22,
production,python,hypar_minmod_limiter,137:0:0,associate_left,27,27,8,5.0,match,15.362,365.129,2,
production,python,hypar_minmod_limiter,137:0:0,associate_right,27,27,8,5.0,match,15.487,352.430,2,
production,python,hypar_minmod_limiter,137:0:0,commute_all,27,27,8,5.0,match,16.886,344.313,3,
production,python,hypar_minmod_limiter,137:0:0,mul_one,27,29,8,5.0,match,17.737,342.534,22,
production,python,hypar_muscl_minmod_interp,141:0:0,add_zero,51,53,8,5.0,match,17.040,427.140,24,
production,python,hypar_muscl_minmod_interp,141:0:0,associate_left,51,51,8,5.0,match,16.353,369.109,4,
production,python,hypar_muscl_minmod_interp,141:0:0,associate_right,51,51,8,5.0,match,15.725,464.235,4,
production,python,hypar_muscl_minmod_interp,141:0:0,commute_all,51,51,8,5.0,match,25.558,375.043,6,
production,python,hypar_muscl_minmod_interp,141:0:0,mul_one,51,53,8,5.0,match,18.284,383.641,24,
production,python,hypar_reaction_update,131:0:0,add_zero,5,7,8,5.0,match,15.319,328.536,22,
production,python,hypar_reaction_update,131:0:0,associate_left,5,5,8,5.0,match,16.004,330.980,2,
production,python,hypar_reaction_update,131:0:0,associate_right,5,5,8,5.0,match,15.700,344.300,2,
production,python,hypar_reaction_update,131:0:0,commute_all,5,5,8,5.0,match,14.910,333.337,3,
production,python,hypar_reaction_update,131:0:0,mul_one,5,7,8,5.0,match,15.741,345.165,22,
production,python,hypar_reaction_update,131:0:1,add_zero,15,17,8,5.0,match,15.774,358.433,52,
production,python,hypar_reaction_update,131:0:1,associate_left,15,15,8,5.0,match,15.522,368.556,8,
production,python,hypar_reaction_update,131:0:1,associate_right,15,15,8,5.0,match,14.886,339.474,8,
production,python,hypar_reaction_update,131:0:1,commute_all,15,15,8,5.0,match,21.085,473.974,12,
production,python,hypar_reaction_update,131:0:1,mul_one,15,17,8,5.0,match,17.291,336.173,95,
production,python,hypar_superbee_limiter,139:0:0,add_zero,321,323,8,5.0,match,19.539,414.357,26,
production,python,hypar_superbee_limiter,139:0:0,associate_left,321,321,8,5.0,match,17.685,437.238,6,
production,python,hypar_superbee_limiter,139:0:0,associate_right,321,321,8,5.0,match,18.461,415.601,6,
production,python,hypar_superbee_limiter,139:0:0,commute_all,321,321,8,5.0,match,23.091,431.700,9,
production,python,hypar_superbee_limiter,139:0:0,mul_one,321,323,8,5.0,match,20.452,447.200,26,
production,python,hypar_upwind_select_const,135:0:0,add_zero,6,8,8,5.0,match,16.247,345.314,20,
production,python,hypar_upwind_select_const,135:0:0,associate_left,6,6,8,5.0,match,15.029,352.929,0,
production,python,hypar_upwind_select_const,135:0:0,associate_right,6,6,8,5.0,match,13.464,332.307,0,
production,python,hypar_upwind_select_const,135:0:0,commute_all,6,6,8,5.0,match,16.261,348.588,0,
production,python,hypar_upwind_select_const,135:0:0,mul_one,6,8,8,5.0,match,16.467,347.913,20,
production,python,hypar_upwind_var_flux,142:0:0,add_zero,64,66,8,5.0,match,19.398,404.642,26,
production,python,hypar_upwind_var_flux,142:0:0,associate_left,64,64,8,5.0,match,19.938,423.247,6,
production,python,hypar_upwind_var_flux,142:0:0,associate_right,64,64,8,5.0,match,18.462,378.325,6,
production,python,hypar_upwind_var_flux,142:0:0,commute_all,64,64,8,5.0,match,30.949,401.511,9,
production,python,hypar_upwind_var_flux,142:0:0,mul_one,64,66,8,5.0,match,19.292,406.966,26,
production,python,hypar_vanleer_limiter,138:0:0,add_zero,16,18,8,5.0,match,15.493,319.017,41,
production,python,hypar_vanleer_limiter,138:0:0,associate_left,16,16,8,5.0,match,14.713,326.886,21,
production,python,hypar_vanleer_limiter,138:0:0,associate_right,16,16,8,5.0,match,16.646,359.830,24,
production,python,hypar_vanleer_limiter,138:0:0,commute_all,16,16,8,5.0,match,15.729,342.511,28,
production,python,hypar_vanleer_limiter,138:0:0,mul_one,16,18,8,5.0,match,16.674,338.237,41,
production,python,hypar_weno_interp5,143:0:0,add_zero,45,47,8,5.0,match,21.421,349.712,168,
production,python,hypar_weno_interp5,143:0:0,associate_left,45,45,8,5.0,match,19.856,367.640,60,
production,python,hypar_weno_interp5,143:0:0,associate_right,45,45,8,5.0,match,18.560,422.710,66,
production,python,hypar_weno_interp5,143:0:0,commute_all,45,45,8,5.0,match,26.452,359.132,82,
production,python,hypar_weno_interp5,143:0:0,mul_one,45,47,8,5.0,match,20.015,362.485,234,
production,python,hypar_weno_weights_js,65:0:0,add_zero,319,321,8,5.0,timeout,,5073.982,,wall timeout after 5.0s
production,python,hypar_weno_weights_js,65:0:0,associate_left,319,319,8,5.0,timeout,,5079.995,,wall timeout after 5.0s
production,python,hypar_weno_weights_js,65:0:0,associate_right,319,319,8,5.0,timeout,,5073.924,,wall timeout after 5.0s
production,python,hypar_weno_weights_js,65:0:0,commute_all,319,319,8,5.0,timeout,,5086.732,,wall timeout after 5.0s
production,python,hypar_weno_weights_js,65:0:0,mul_one,319,321,8,5.0,timeout,,5073.038,,wall timeout after 5.0s
production,python,hypar_weno_weights_js,65:0:1,add_zero,295,297,8,5.0,timeout,,5084.300,,wall timeout after 5.0s
production,python,hypar_weno_weights_js,65:0:1,associate_left,295,295,8,5.0,timeout,,5075.074,,wall timeout after 5.0s
production,python,hypar_weno_weights_js,65:0:1,associate_right,295,295,8,5.0,timeout,,5076.077,,wall timeout after 5.0s
production,python,hypar_weno_weights_js,65:0:1,commute_all,295,295,8,5.0,timeout,,5086.661,,wall timeout after 5.0s
production,python,hypar_weno_weights_js,65:0:1,mul_one,295,297,8,5.0,timeout,,5071.018,,wall timeout after 5.0s
production,python,hypar_weno_weights_js,65:0:2,add_zero,319,321,8,5.0,timeout,,5092.476,,wall timeout after 5.0s
production,python,hypar_weno_weights_js,65:0:2,associate_left,319,319,8,5.0,timeout,,5078.799,,wall timeout after 5.0s
production,python,hypar_weno_weights_js,65:0:2,associate_right,319,319,8,5.0,timeout,,5067.409,,wall timeout after 5.0s
production,python,hypar_weno_weights_js,65:0:2,commute_all,319,319,8,5.0,timeout,,5079.334,,wall timeout after 5.0s
production,python,hypar_weno_weights_js,65:0:2,mul_one,319,321,8,5.0,timeout,,5066.874,,wall timeout after 5.0s
production,python,interp_fourth_order_central,144:0:0,add_zero,15,17,8,5.0,match,16.742,369.351,42,
production,python,interp_fourth_order_central,144:0:0,associate_left,15,15,8,5.0,match,16.043,388.978,22,
production,python,interp_fourth_order_central,144:0:0,associate_right,15,15,8,5.0,match,17.338,372.318,25,
production,python,interp_fourth_order_central,144:0:0,commute_all,15,15,8,5.0,match,18.543,391.909,29,
production,python,interp_fourth_order_central,144:0:0,mul_one,15,17,8,5.0,match,16.299,384.626,42,
production,python,jacobi_1d_3pt,92:0:0,add_zero,7,9,8,5.0,match,17.474,363.566,151,
production,python,jacobi_1d_3pt,92:0:0,associate_left,7,7,8,5.0,match,18.220,376.050,73,
production,python,jacobi_1d_3pt,92:0:0,associate_right,7,7,8,5.0,match,16.691,360.254,72,
production,python,jacobi_1d_3pt,92:0:0,commute_all,7,7,8,5.0,match,16.536,373.346,86,
production,python,jacobi_1d_3pt,92:0:0,mul_one,7,9,8,5.0,match,17.558,338.706,304,
production,python,jacobi_1d_3pt_tensor,99:0:0,add_zero,7,9,8,5.0,match,21.236,378.084,151,
production,python,jacobi_1d_3pt_tensor,99:0:0,associate_left,7,7,8,5.0,match,15.375,365.062,73,
production,python,jacobi_1d_3pt_tensor,99:0:0,associate_right,7,7,8,5.0,match,15.164,319.305,72,
production,python,jacobi_1d_3pt_tensor,99:0:0,commute_all,7,7,8,5.0,match,16.226,371.971,86,
production,python,jacobi_1d_3pt_tensor,99:0:0,mul_one,7,9,8,5.0,match,17.220,365.296,304,
production,python,jacobi_2d_5pt,91:0:0,add_zero,11,13,8,5.0,match,21.170,370.518,888,
production,python,jacobi_2d_5pt,91:0:0,associate_left,11,11,8,5.0,match,20.128,421.266,1145,
production,python,jacobi_2d_5pt,91:0:0,associate_right,11,11,8,5.0,match,27.210,369.013,983,
production,python,jacobi_2d_5pt,91:0:0,commute_all,11,11,8,5.0,match,21.492,367.124,1240,
production,python,jacobi_2d_5pt,91:0:0,mul_one,11,13,8,5.0,match,22.804,358.475,1788,
production,python,jacobi_2d_5pt_tensor,98:0:0,add_zero,11,13,8,5.0,match,19.905,349.536,888,
production,python,jacobi_2d_5pt_tensor,98:0:0,associate_left,11,11,8,5.0,match,18.223,334.432,1145,
production,python,jacobi_2d_5pt_tensor,98:0:0,associate_right,11,11,8,5.0,match,19.909,351.245,983,
production,python,jacobi_2d_5pt_tensor,98:0:0,commute_all,11,11,8,5.0,match,19.251,366.515,1240,
production,python,jacobi_2d_5pt_tensor,98:0:0,mul_one,11,13,8,5.0,match,22.214,352.882,1788,
production,python,memset_const_1D,162:0:0,add_zero,1,3,8,5.0,match,16.127,483.870,20,
production,python,memset_const_1D,162:0:0,associate_left,1,1,8,5.0,match,14.250,371.987,0,
production,python,memset_const_1D,162:0:0,associate_right,1,1,8,5.0,match,13.839,334.000,0,
production,python,memset_const_1D,162:0:0,commute_all,1,1,8,5.0,match,13.540,337.183,0,
production,python,memset_const_1D,162:0:0,mul_one,1,3,8,5.0,match,15.740,358.065,20,
production,python,memset_const_2D,163:0:0,add_zero,1,3,8,5.0,match,14.932,371.338,20,
production,python,memset_const_2D,163:0:0,associate_left,1,1,8,5.0,match,16.353,360.139,0,
production,python,memset_const_2D,163:0:0,associate_right,1,1,8,5.0,match,15.356,369.558,0,
production,python,memset_const_2D,163:0:0,commute_all,1,1,8,5.0,match,14.752,433.669,0,
production,python,memset_const_2D,163:0:0,mul_one,1,3,8,5.0,match,15.483,381.766,20,
production,mlir,memset_zero_1D,160:0:0,add_zero,1,3,8,5.0,match,17.716,349.183,8,
production,mlir,memset_zero_1D,160:0:0,associate_left,1,1,8,5.0,match,13.994,389.934,0,
production,mlir,memset_zero_1D,160:0:0,associate_right,1,1,8,5.0,match,13.338,353.061,0,
production,mlir,memset_zero_1D,160:0:0,commute_all,1,1,8,5.0,match,17.205,366.262,0,
production,mlir,memset_zero_1D,160:0:0,mul_one,1,3,8,5.0,match,16.202,396.080,24,
production,mlir,memset_zero_2D,161:0:0,add_zero,1,3,8,5.0,match,21.448,402.233,8,
production,mlir,memset_zero_2D,161:0:0,associate_left,1,1,8,5.0,match,14.492,444.650,0,
production,mlir,memset_zero_2D,161:0:0,associate_right,1,1,8,5.0,match,14.416,405.576,0,
production,mlir,memset_zero_2D,161:0:0,commute_all,1,1,8,5.0,match,13.603,394.114,0,
production,mlir,memset_zero_2D,161:0:0,mul_one,1,3,8,5.0,match,15.805,339.244,24,
production,python,miniamr_average_7pt_tensor,84:0:0,add_zero,15,17,8,5.0,match,35.009,359.059,731,
production,python,miniamr_average_7pt_tensor,84:0:0,associate_left,15,15,8,5.0,match,32.401,354.815,711,
production,python,miniamr_average_7pt_tensor,84:0:0,associate_right,15,15,8,5.0,match,33.088,356.091,968,
production,python,miniamr_average_7pt_tensor,84:0:0,commute_all,15,15,8,5.0,match,37.095,344.121,785,
production,python,miniamr_average_7pt_tensor,84:0:0,mul_one,15,17,8,5.0,match,32.828,364.538,731,
production,python,miniamr_directional_stencil_tensor,83:0:0,add_zero,17,19,8,5.0,match,20.037,335.478,468,
production,python,miniamr_directional_stencil_tensor,83:0:0,associate_left,17,17,8,5.0,match,16.000,312.077,128,
production,python,miniamr_directional_stencil_tensor,83:0:0,associate_right,17,17,8,5.0,match,17.127,321.402,135,
production,python,miniamr_directional_stencil_tensor,83:0:0,commute_all,17,17,8,5.0,match,16.923,317.987,162,
production,python,miniamr_directional_stencil_tensor,83:0:0,mul_one,17,19,8,5.0,match,19.303,322.792,535,
production,python,miniamr_pointwise_update_tensor,81:0:0,add_zero,11,13,8,5.0,match,24.979,440.030,452,
production,python,miniamr_pointwise_update_tensor,81:0:0,associate_left,11,11,8,5.0,match,17.965,392.768,8,
production,python,miniamr_pointwise_update_tensor,81:0:0,associate_right,11,11,8,5.0,match,14.865,359.038,8,
production,python,miniamr_pointwise_update_tensor,81:0:0,commute_all,11,11,8,5.0,match,19.150,345.570,12,
production,python,miniamr_pointwise_update_tensor,81:0:0,mul_one,11,13,8,5.0,match,16.526,343.224,84,
production,python,miniamr_weighted_27pt_tensor,2:0:0,add_zero,1,3,8,5.0,match,14.056,344.024,8,
production,python,miniamr_weighted_27pt_tensor,2:0:0,associate_left,1,1,8,5.0,match,13.607,332.406,0,
production,python,miniamr_weighted_27pt_tensor,2:0:0,associate_right,1,1,8,5.0,match,14.200,384.948,0,
production,python,miniamr_weighted_27pt_tensor,2:0:0,commute_all,1,1,8,5.0,match,14.945,368.876,0,
production,python,miniamr_weighted_27pt_tensor,2:0:0,mul_one,1,3,8,5.0,match,14.436,356.791,24,
production,python,miniamr_weighted_27pt_tensor,2:1:0,add_zero,1,3,8,5.0,match,24.723,375.929,20,
production,python,miniamr_weighted_27pt_tensor,2:1:0,associate_left,1,1,8,5.0,match,16.061,345.213,0,
production,python,miniamr_weighted_27pt_tensor,2:1:0,associate_right,1,1,8,5.0,match,14.303,339.524,0,
production,python,miniamr_weighted_27pt_tensor,2:1:0,commute_all,1,1,8,5.0,match,13.511,335.213,0,
production,python,miniamr_weighted_27pt_tensor,2:1:0,mul_one,1,3,8,5.0,match,14.750,309.176,20,
production,python,miniamr_weighted_27pt_tensor,2:2:0,add_zero,1,3,8,5.0,match,15.036,319.825,20,
production,python,miniamr_weighted_27pt_tensor,2:2:0,associate_left,1,1,8,5.0,match,12.875,318.659,0,
production,python,miniamr_weighted_27pt_tensor,2:2:0,associate_right,1,1,8,5.0,match,14.898,363.218,0,
production,python,miniamr_weighted_27pt_tensor,2:2:0,commute_all,1,1,8,5.0,match,15.017,332.047,0,
production,python,miniamr_weighted_27pt_tensor,2:2:0,mul_one,1,3,8,5.0,match,16.188,347.010,20,
production,python,miniamr_weighted_27pt_tensor,2:3:0,add_zero,5,7,8,5.0,match,14.592,327.693,48,
production,python,miniamr_weighted_27pt_tensor,2:3:0,associate_left,5,5,8,5.0,match,14.629,321.185,4,
production,python,miniamr_weighted_27pt_tensor,2:3:0,associate_right,5,5,8,5.0,match,14.278,317.425,4,
production,python,miniamr_weighted_27pt_tensor,2:3:0,commute_all,5,5,8,5.0,match,14.732,323.519,6,
production,python,miniamr_weighted_27pt_tensor,2:3:0,mul_one,5,7,8,5.0,match,14.650,317.746,63,
production,python,miniamr_weighted_7pt_tensor,82:0:0,add_zero,19,21,8,5.0,match,24.023,359.318,686,
production,python,miniamr_weighted_7pt_tensor,82:0:0,associate_left,19,19,8,5.0,match,21.372,341.306,503,
production,python,miniamr_weighted_7pt_tensor,82:0:0,associate_right,19,19,8,5.0,match,21.782,335.367,755,
production,python,miniamr_weighted_7pt_tensor,82:0:0,commute_all,19,19,8,5.0,match,22.785,347.870,844,
production,python,miniamr_weighted_7pt_tensor,82:0:0,mul_one,19,21,8,5.0,match,21.638,350.619,590,
production,python,reduce_max_abs_1D,122:0:0,add_zero,20,22,8,5.0,match,29.777,518.764,20,
production,python,reduce_max_abs_1D,122:0:0,associate_left,20,20,8,5.0,match,15.372,361.219,0,
production,python,reduce_max_abs_1D,122:0:0,associate_right,20,20,8,5.0,match,14.950,352.184,0,
production,python,reduce_max_abs_1D,122:0:0,commute_all,20,20,8,5.0,match,16.284,389.866,0,
production,python,reduce_max_abs_1D,122:0:0,mul_one,20,22,8,5.0,match,20.477,377.151,20,
production,python,reduce_scaled_square_diff_1D,62:0:0,add_zero,11,13,8,5.0,match,15.819,349.212,56,
production,python,reduce_scaled_square_diff_1D,62:0:0,associate_left,11,11,8,5.0,match,21.980,389.902,12,
production,python,reduce_scaled_square_diff_1D,62:0:0,associate_right,11,11,8,5.0,match,24.976,383.764,16,
production,python,reduce_scaled_square_diff_1D,62:0:0,commute_all,11,11,8,5.0,match,16.829,347.372,17,
production,python,reduce_scaled_square_diff_1D,62:0:0,mul_one,11,13,8,5.0,match,22.083,378.594,105,
production,python,reduce_sum_1D,123:0:0,add_zero,3,5,8,5.0,match,15.350,370.120,46,
production,python,reduce_sum_1D,123:0:0,associate_left,3,3,8,5.0,match,14.792,336.338,2,
production,python,reduce_sum_1D,123:0:0,associate_right,3,3,8,5.0,match,16.293,398.708,2,
production,python,reduce_sum_1D,123:0:0,commute_all,3,3,8,5.0,match,22.191,495.010,3,
production,python,reduce_sum_1D,123:0:0,mul_one,3,5,8,5.0,match,15.534,378.293,42,
production,python,reduce_sum_axis,125:0:0,add_zero,3,5,8,5.0,match,16.739,337.863,46,
production,python,reduce_sum_axis,125:0:0,associate_left,3,3,8,5.0,match,14.059,343.762,2,
production,python,reduce_sum_axis,125:0:0,associate_right,3,3,8,5.0,match,15.542,430.852,2,
production,python,reduce_sum_axis,125:0:0,commute_all,3,3,8,5.0,match,15.051,340.707,3,
production,python,reduce_sum_axis,125:0:0,mul_one,3,5,8,5.0,match,16.899,343.822,42,
production,python,reduce_weighted_sum_1D,124:0:0,add_zero,5,7,8,5.0,match,22.482,364.181,48,
production,python,reduce_weighted_sum_1D,124:0:0,associate_left,5,5,8,5.0,match,14.840,340.117,4,
production,python,reduce_weighted_sum_1D,124:0:0,associate_right,5,5,8,5.0,match,14.005,358.684,4,
production,python,reduce_weighted_sum_1D,124:0:0,commute_all,5,5,8,5.0,match,15.003,353.580,6,
production,python,reduce_weighted_sum_1D,124:0:0,mul_one,5,7,8,5.0,match,15.564,442.434,63,
production,python,tensor_copy_2D,103:0:0,add_zero,1,3,8,5.0,match,17.282,355.636,20,
production,python,tensor_copy_2D,103:0:0,associate_left,1,1,8,5.0,match,14.687,347.293,0,
production,python,tensor_copy_2D,103:0:0,associate_right,1,1,8,5.0,match,14.250,364.479,0,
production,python,tensor_copy_2D,103:0:0,commute_all,1,1,8,5.0,match,13.866,348.724,0,
production,python,tensor_copy_2D,103:0:0,mul_one,1,3,8,5.0,match,20.558,379.142,20,
production,python,tensor_copy_3D,102:0:0,add_zero,1,3,8,5.0,match,15.488,446.173,20,
production,python,tensor_copy_3D,102:0:0,associate_left,1,1,8,5.0,match,13.906,359.949,0,
production,python,tensor_copy_3D,102:0:0,associate_right,1,1,8,5.0,match,15.574,342.435,0,
production,python,tensor_copy_3D,102:0:0,commute_all,1,1,8,5.0,match,15.752,344.964,0,
production,python,tensor_copy_3D,102:0:0,mul_one,1,3,8,5.0,match,16.754,353.469,20,
production,python,tensor_copy_6D,101:0:0,add_zero,1,3,8,5.0,match,14.410,322.411,20,
production,python,tensor_copy_6D,101:0:0,associate_left,1,1,8,5.0,match,13.274,322.465,0,
production,python,tensor_copy_6D,101:0:0,associate_right,1,1,8,5.0,match,16.445,335.208,0,
production,python,tensor_copy_6D,101:0:0,commute_all,1,1,8,5.0,match,13.713,347.037,0,
production,python,tensor_copy_6D,101:0:0,mul_one,1,3,8,5.0,match,14.600,372.779,20,
production,mlir,whisperExpShiftSum_f32_tensor,73:0:0,add_zero,4,6,8,5.0,match,16.227,373.568,20,
production,mlir,whisperExpShiftSum_f32_tensor,73:0:0,associate_left,4,4,8,5.0,match,19.806,430.498,0,
production,mlir,whisperExpShiftSum_f32_tensor,73:0:0,associate_right,4,4,8,5.0,match,14.145,377.318,0,
production,mlir,whisperExpShiftSum_f32_tensor,73:0:0,commute_all,4,4,8,5.0,match,19.096,354.118,0,
production,mlir,whisperExpShiftSum_f32_tensor,73:0:0,mul_one,4,6,8,5.0,match,16.854,361.675,20,
production,mlir,whisperExpShiftSum_f32_tensor,73:0:1,add_zero,6,8,8,5.0,match,16.106,322.920,46,
production,mlir,whisperExpShiftSum_f32_tensor,73:0:1,associate_left,6,6,8,5.0,match,15.599,357.932,2,
production,mlir,whisperExpShiftSum_f32_tensor,73:0:1,associate_right,6,6,8,5.0,match,14.314,347.382,2,
production,mlir,whisperExpShiftSum_f32_tensor,73:0:1,commute_all,6,6,8,5.0,match,16.616,390.572,3,
production,mlir,whisperExpShiftSum_f32_tensor,73:0:1,mul_one,6,8,8,5.0,match,17.202,325.240,42,
